2025-10-17 11:07:06-INFO-[main.py:28]--------------------------启动数据分析系统-------------------------
2025-10-17 11:07:06-INFO-[file_utils.py:39]-paths.yaml 生成成功: C:\Users\17584\Documents\ALearning\Project\tools\DataProcess\config\paths.yaml
2025-10-17 11:07:06-INFO-[tdms_reader_frequency.py:37]-配置文件加载成功: C:\Users\17584\Documents\ALearning\Project\tools\DataProcess\config\paths.yaml
2025-10-17 11:07:06-INFO-[tdms_reader_frequency.py:158]-输入数据目录: D:/Lab/process/2025.6.20/time
2025-10-17 11:07:06-INFO-[tdms_reader_frequency.py:159]-输出目录: D:/Lab/process/2025.6.20/frequency
2025-10-17 11:07:06-INFO-[tdms_reader_frequency.py:172]-找到 164 个CSV文件
2025-10-17 11:07:06-INFO-[tdms_reader_frequency.py:175]-开始处理文件...
2025-10-17 11:07:06-INFO-[tdms_reader_frequency.py:72]-开始处理文件: D:/Lab/process/2025.6.20/time\30hz\20250620205455.361056.csv
2025-10-17 11:07:07-INFO-[tdms_reader_frequency.py:76]-成功读取文件: 20250620205455.361056.csv, 数据长度: 200000
2025-10-17 11:07:07-INFO-[tdms_reader_frequency.py:86]-处理文件: 20250620205455.361056.csv, 通道数: 16
2025-10-17 11:07:09-INFO-[tdms_reader_frequency.py:132]-  已写入 99999/99999 行FFT数据
2025-10-17 11:07:09-INFO-[tdms_reader_frequency.py:134]-已处理: 20250620205455.361056.csv -> D:/Lab/process/2025.6.20/frequency\30hz\FFT_20250620205455.361056.csv
2025-10-17 11:07:09-INFO-[tdms_reader_frequency.py:72]-开始处理文件: D:/Lab/process/2025.6.20/time\30hz\20250620205458.257609.csv
2025-10-17 11:07:09-INFO-[tdms_reader_frequency.py:76]-成功读取文件: 20250620205458.257609.csv, 数据长度: 200000
2025-10-17 11:07:09-INFO-[tdms_reader_frequency.py:86]-处理文件: 20250620205458.257609.csv, 通道数: 16
2025-10-17 11:07:11-INFO-[tdms_reader_frequency.py:132]-  已写入 99999/99999 行FFT数据
2025-10-17 11:07:11-INFO-[tdms_reader_frequency.py:134]-已处理: 20250620205458.257609.csv -> D:/Lab/process/2025.6.20/frequency\30hz\FFT_20250620205458.257609.csv
2025-10-17 11:07:11-INFO-[tdms_reader_frequency.py:72]-开始处理文件: D:/Lab/process/2025.6.20/time\30hz\20250620205501.157457.csv
2025-10-17 11:07:11-INFO-[tdms_reader_frequency.py:76]-成功读取文件: 20250620205501.157457.csv, 数据长度: 200000
2025-10-17 11:07:11-INFO-[tdms_reader_frequency.py:86]-处理文件: 20250620205501.157457.csv, 通道数: 16
2025-10-17 11:07:13-INFO-[tdms_reader_frequency.py:132]-  已写入 99999/99999 行FFT数据
2025-10-17 11:07:13-INFO-[tdms_reader_frequency.py:134]-已处理: 20250620205501.157457.csv -> D:/Lab/process/2025.6.20/frequency\30hz\FFT_20250620205501.157457.csv
2025-10-17 11:07:13-INFO-[tdms_reader_frequency.py:72]-开始处理文件: D:/Lab/process/2025.6.20/time\30hz\20250620205504.026487.csv
2025-10-17 11:07:13-INFO-[tdms_reader_frequency.py:76]-成功读取文件: 20250620205504.026487.csv, 数据长度: 200000
2025-10-17 11:07:13-INFO-[tdms_reader_frequency.py:86]-处理文件: 20250620205504.026487.csv, 通道数: 16
2025-10-17 11:07:15-INFO-[tdms_reader_frequency.py:132]-  已写入 99999/99999 行FFT数据
2025-10-17 11:07:15-INFO-[tdms_reader_frequency.py:134]-已处理: 20250620205504.026487.csv -> D:/Lab/process/2025.6.20/frequency\30hz\FFT_20250620205504.026487.csv
2025-10-17 11:07:15-INFO-[tdms_reader_frequency.py:72]-开始处理文件: D:/Lab/process/2025.6.20/time\30hz\20250620205506.866113.csv
2025-10-17 11:07:15-INFO-[tdms_reader_frequency.py:76]-成功读取文件: 20250620205506.866113.csv, 数据长度: 200000
2025-10-17 11:07:15-INFO-[tdms_reader_frequency.py:86]-处理文件: 20250620205506.866113.csv, 通道数: 16
2025-10-17 11:07:17-INFO-[tdms_reader_frequency.py:132]-  已写入 99999/99999 行FFT数据
2025-10-17 11:07:17-INFO-[tdms_reader_frequency.py:134]-已处理: 20250620205506.866113.csv -> D:/Lab/process/2025.6.20/frequency\30hz\FFT_20250620205506.866113.csv
2025-10-17 11:07:17-INFO-[tdms_reader_frequency.py:72]-开始处理文件: D:/Lab/process/2025.6.20/time\30hz\20250620205509.740417.csv
2025-10-17 11:07:17-INFO-[tdms_reader_frequency.py:76]-成功读取文件: 20250620205509.740417.csv, 数据长度: 200000
2025-10-17 11:07:17-INFO-[tdms_reader_frequency.py:86]-处理文件: 20250620205509.740417.csv, 通道数: 16
2025-10-17 11:07:19-INFO-[tdms_reader_frequency.py:132]-  已写入 99999/99999 行FFT数据
2025-10-17 11:07:19-INFO-[tdms_reader_frequency.py:134]-已处理: 20250620205509.740417.csv -> D:/Lab/process/2025.6.20/frequency\30hz\FFT_20250620205509.740417.csv
2025-10-17 11:07:19-INFO-[tdms_reader_frequency.py:72]-开始处理文件: D:/Lab/process/2025.6.20/time\30hz\20250620205512.593425.csv
2025-10-17 11:07:19-INFO-[tdms_reader_frequency.py:76]-成功读取文件: 20250620205512.593425.csv, 数据长度: 200000
2025-10-17 11:07:19-INFO-[tdms_reader_frequency.py:86]-处理文件: 20250620205512.593425.csv, 通道数: 16
2025-10-17 11:07:21-INFO-[tdms_reader_frequency.py:132]-  已写入 99999/99999 行FFT数据
2025-10-17 11:07:21-INFO-[tdms_reader_frequency.py:134]-已处理: 20250620205512.593425.csv -> D:/Lab/process/2025.6.20/frequency\30hz\FFT_20250620205512.593425.csv
2025-10-17 11:07:21-INFO-[tdms_reader_frequency.py:72]-开始处理文件: D:/Lab/process/2025.6.20/time\30hz\20250620205515.474232.csv
2025-10-17 11:07:21-INFO-[tdms_reader_frequency.py:76]-成功读取文件: 20250620205515.474232.csv, 数据长度: 200000
2025-10-17 11:07:21-INFO-[tdms_reader_frequency.py:86]-处理文件: 20250620205515.474232.csv, 通道数: 16
2025-10-17 11:07:23-INFO-[tdms_reader_frequency.py:132]-  已写入 99999/99999 行FFT数据
2025-10-17 11:07:23-INFO-[tdms_reader_frequency.py:134]-已处理: 20250620205515.474232.csv -> D:/Lab/process/2025.6.20/frequency\30hz\FFT_20250620205515.474232.csv
2025-10-17 11:07:23-INFO-[tdms_reader_frequency.py:72]-开始处理文件: D:/Lab/process/2025.6.20/time\30hz\20250620205518.349068.csv
2025-10-17 11:07:23-INFO-[tdms_reader_frequency.py:76]-成功读取文件: 20250620205518.349068.csv, 数据长度: 200000
2025-10-17 11:07:23-INFO-[tdms_reader_frequency.py:86]-处理文件: 20250620205518.349068.csv, 通道数: 16
2025-10-17 11:07:25-INFO-[tdms_reader_frequency.py:132]-  已写入 99999/99999 行FFT数据
2025-10-17 11:07:25-INFO-[tdms_reader_frequency.py:134]-已处理: 20250620205518.349068.csv -> D:/Lab/process/2025.6.20/frequency\30hz\FFT_20250620205518.349068.csv
2025-10-17 11:07:25-INFO-[tdms_reader_frequency.py:72]-开始处理文件: D:/Lab/process/2025.6.20/time\30hz\20250620205521.206456.csv
2025-10-17 11:07:25-INFO-[tdms_reader_frequency.py:76]-成功读取文件: 20250620205521.206456.csv, 数据长度: 200000
2025-10-17 11:07:25-INFO-[tdms_reader_frequency.py:86]-处理文件: 20250620205521.206456.csv, 通道数: 16
2025-10-17 11:07:27-INFO-[tdms_reader_frequency.py:132]-  已写入 99999/99999 行FFT数据
2025-10-17 11:07:27-INFO-[tdms_reader_frequency.py:134]-已处理: 20250620205521.206456.csv -> D:/Lab/process/2025.6.20/frequency\30hz\FFT_20250620205521.206456.csv
2025-10-17 11:07:27-INFO-[tdms_reader_frequency.py:72]-开始处理文件: D:/Lab/process/2025.6.20/time\30hz\20250620205524.067070.csv
2025-10-17 11:07:27-INFO-[tdms_reader_frequency.py:76]-成功读取文件: 20250620205524.067070.csv, 数据长度: 200000
2025-10-17 11:07:27-INFO-[tdms_reader_frequency.py:86]-处理文件: 20250620205524.067070.csv, 通道数: 16
2025-10-17 11:07:29-INFO-[tdms_reader_frequency.py:132]-  已写入 99999/99999 行FFT数据
2025-10-17 11:07:29-INFO-[tdms_reader_frequency.py:134]-已处理: 20250620205524.067070.csv -> D:/Lab/process/2025.6.20/frequency\30hz\FFT_20250620205524.067070.csv
2025-10-17 11:07:29-INFO-[tdms_reader_frequency.py:72]-开始处理文件: D:/Lab/process/2025.6.20/time\30hz\20250620205526.960472.csv
2025-10-17 11:07:29-INFO-[tdms_reader_frequency.py:76]-成功读取文件: 20250620205526.960472.csv, 数据长度: 200000
2025-10-17 11:07:29-INFO-[tdms_reader_frequency.py:86]-处理文件: 20250620205526.960472.csv, 通道数: 16
2025-10-17 11:07:31-INFO-[tdms_reader_frequency.py:132]-  已写入 99999/99999 行FFT数据
2025-10-17 11:07:31-INFO-[tdms_reader_frequency.py:134]-已处理: 20250620205526.960472.csv -> D:/Lab/process/2025.6.20/frequency\30hz\FFT_20250620205526.960472.csv
2025-10-17 11:07:31-INFO-[tdms_reader_frequency.py:72]-开始处理文件: D:/Lab/process/2025.6.20/time\30hz\20250620205529.836771.csv
2025-10-17 11:07:31-INFO-[tdms_reader_frequency.py:76]-成功读取文件: 20250620205529.836771.csv, 数据长度: 200000
2025-10-17 11:07:31-INFO-[tdms_reader_frequency.py:86]-处理文件: 20250620205529.836771.csv, 通道数: 16
2025-10-17 11:07:33-INFO-[tdms_reader_frequency.py:132]-  已写入 99999/99999 行FFT数据
2025-10-17 11:07:33-INFO-[tdms_reader_frequency.py:134]-已处理: 20250620205529.836771.csv -> D:/Lab/process/2025.6.20/frequency\30hz\FFT_20250620205529.836771.csv
2025-10-17 11:07:33-INFO-[tdms_reader_frequency.py:72]-开始处理文件: D:/Lab/process/2025.6.20/time\30hz\20250620205532.720182.csv
2025-10-17 11:07:33-INFO-[tdms_reader_frequency.py:76]-成功读取文件: 20250620205532.720182.csv, 数据长度: 200000
2025-10-17 11:07:33-INFO-[tdms_reader_frequency.py:86]-处理文件: 20250620205532.720182.csv, 通道数: 16
2025-10-17 11:07:35-INFO-[tdms_reader_frequency.py:132]-  已写入 99999/99999 行FFT数据
2025-10-17 11:07:35-INFO-[tdms_reader_frequency.py:134]-已处理: 20250620205532.720182.csv -> D:/Lab/process/2025.6.20/frequency\30hz\FFT_20250620205532.720182.csv
2025-10-17 11:07:35-INFO-[tdms_reader_frequency.py:72]-开始处理文件: D:/Lab/process/2025.6.20/time\30hz\20250620205535.616021.csv
2025-10-17 11:07:35-INFO-[tdms_reader_frequency.py:76]-成功读取文件: 20250620205535.616021.csv, 数据长度: 200000
2025-10-17 11:07:35-INFO-[tdms_reader_frequency.py:86]-处理文件: 20250620205535.616021.csv, 通道数: 16
2025-10-17 11:07:37-INFO-[tdms_reader_frequency.py:132]-  已写入 99999/99999 行FFT数据
2025-10-17 11:07:37-INFO-[tdms_reader_frequency.py:134]-已处理: 20250620205535.616021.csv -> D:/Lab/process/2025.6.20/frequency\30hz\FFT_20250620205535.616021.csv
2025-10-17 11:07:37-INFO-[tdms_reader_frequency.py:72]-开始处理文件: D:/Lab/process/2025.6.20/time\30hz\20250620205538.511375.csv
2025-10-17 11:07:37-INFO-[tdms_reader_frequency.py:76]-成功读取文件: 20250620205538.511375.csv, 数据长度: 200000
2025-10-17 11:07:37-INFO-[tdms_reader_frequency.py:86]-处理文件: 20250620205538.511375.csv, 通道数: 16
2025-10-17 11:07:39-INFO-[tdms_reader_frequency.py:132]-  已写入 99999/99999 行FFT数据
2025-10-17 11:07:39-INFO-[tdms_reader_frequency.py:134]-已处理: 20250620205538.511375.csv -> D:/Lab/process/2025.6.20/frequency\30hz\FFT_20250620205538.511375.csv
2025-10-17 11:07:39-INFO-[tdms_reader_frequency.py:72]-开始处理文件: D:/Lab/process/2025.6.20/time\30hz\20250620205541.382788.csv
2025-10-17 11:07:39-INFO-[tdms_reader_frequency.py:76]-成功读取文件: 20250620205541.382788.csv, 数据长度: 200000
2025-10-17 11:07:39-INFO-[tdms_reader_frequency.py:86]-处理文件: 20250620205541.382788.csv, 通道数: 16
2025-10-17 11:07:41-INFO-[tdms_reader_frequency.py:132]-  已写入 99999/99999 行FFT数据
2025-10-17 11:07:41-INFO-[tdms_reader_frequency.py:134]-已处理: 20250620205541.382788.csv -> D:/Lab/process/2025.6.20/frequency\30hz\FFT_20250620205541.382788.csv
2025-10-17 11:07:41-INFO-[tdms_reader_frequency.py:72]-开始处理文件: D:/Lab/process/2025.6.20/time\30hz\20250620205544.253550.csv
2025-10-17 11:07:42-INFO-[tdms_reader_frequency.py:76]-成功读取文件: 20250620205544.253550.csv, 数据长度: 200000
2025-10-17 11:07:42-INFO-[tdms_reader_frequency.py:86]-处理文件: 20250620205544.253550.csv, 通道数: 16
2025-10-17 11:07:43-INFO-[tdms_reader_frequency.py:132]-  已写入 99999/99999 行FFT数据
2025-10-17 11:07:43-INFO-[tdms_reader_frequency.py:134]-已处理: 20250620205544.253550.csv -> D:/Lab/process/2025.6.20/frequency\30hz\FFT_20250620205544.253550.csv
2025-10-17 11:07:43-INFO-[tdms_reader_frequency.py:72]-开始处理文件: D:/Lab/process/2025.6.20/time\30hz\20250620205547.172719.csv
2025-10-17 11:07:44-INFO-[tdms_reader_frequency.py:76]-成功读取文件: 20250620205547.172719.csv, 数据长度: 200000
2025-10-17 11:07:44-INFO-[tdms_reader_frequency.py:86]-处理文件: 20250620205547.172719.csv, 通道数: 16
2025-10-17 11:07:45-INFO-[tdms_reader_frequency.py:132]-  已写入 99999/99999 行FFT数据
2025-10-17 11:07:45-INFO-[tdms_reader_frequency.py:134]-已处理: 20250620205547.172719.csv -> D:/Lab/process/2025.6.20/frequency\30hz\FFT_20250620205547.172719.csv
2025-10-17 11:07:45-INFO-[tdms_reader_frequency.py:72]-开始处理文件: D:/Lab/process/2025.6.20/time\30hz\20250620205550.074166.csv
2025-10-17 11:07:46-INFO-[tdms_reader_frequency.py:76]-成功读取文件: 20250620205550.074166.csv, 数据长度: 200000
2025-10-17 11:07:46-INFO-[tdms_reader_frequency.py:86]-处理文件: 20250620205550.074166.csv, 通道数: 16
2025-10-17 11:07:47-INFO-[tdms_reader_frequency.py:132]-  已写入 99999/99999 行FFT数据
2025-10-17 11:07:47-INFO-[tdms_reader_frequency.py:134]-已处理: 20250620205550.074166.csv -> D:/Lab/process/2025.6.20/frequency\30hz\FFT_20250620205550.074166.csv
2025-10-17 11:07:47-INFO-[tdms_reader_frequency.py:72]-开始处理文件: D:/Lab/process/2025.6.20/time\30hz\20250620205552.959105.csv
2025-10-17 11:07:48-INFO-[tdms_reader_frequency.py:76]-成功读取文件: 20250620205552.959105.csv, 数据长度: 200000
2025-10-17 11:07:48-INFO-[tdms_reader_frequency.py:86]-处理文件: 20250620205552.959105.csv, 通道数: 16
2025-10-17 11:07:49-INFO-[tdms_reader_frequency.py:132]-  已写入 99999/99999 行FFT数据
2025-10-17 11:07:49-INFO-[tdms_reader_frequency.py:134]-已处理: 20250620205552.959105.csv -> D:/Lab/process/2025.6.20/frequency\30hz\FFT_20250620205552.959105.csv
2025-10-17 11:07:49-INFO-[tdms_reader_frequency.py:72]-开始处理文件: D:/Lab/process/2025.6.20/time\30hz\20250620205555.848733.csv
2025-10-17 11:07:50-INFO-[tdms_reader_frequency.py:76]-成功读取文件: 20250620205555.848733.csv, 数据长度: 200000
2025-10-17 11:07:50-INFO-[tdms_reader_frequency.py:86]-处理文件: 20250620205555.848733.csv, 通道数: 16
2025-10-17 11:07:51-INFO-[tdms_reader_frequency.py:132]-  已写入 99999/99999 行FFT数据
2025-10-17 11:07:51-INFO-[tdms_reader_frequency.py:134]-已处理: 20250620205555.848733.csv -> D:/Lab/process/2025.6.20/frequency\30hz\FFT_20250620205555.848733.csv
2025-10-17 11:07:51-INFO-[tdms_reader_frequency.py:72]-开始处理文件: D:/Lab/process/2025.6.20/time\30hz\20250620205558.740427.csv
2025-10-17 11:07:52-INFO-[tdms_reader_frequency.py:76]-成功读取文件: 20250620205558.740427.csv, 数据长度: 200000
2025-10-17 11:07:52-INFO-[tdms_reader_frequency.py:86]-处理文件: 20250620205558.740427.csv, 通道数: 16
2025-10-17 11:07:53-INFO-[tdms_reader_frequency.py:132]-  已写入 99999/99999 行FFT数据
2025-10-17 11:07:53-INFO-[tdms_reader_frequency.py:134]-已处理: 20250620205558.740427.csv -> D:/Lab/process/2025.6.20/frequency\30hz\FFT_20250620205558.740427.csv
2025-10-17 11:07:53-INFO-[tdms_reader_frequency.py:72]-开始处理文件: D:/Lab/process/2025.6.20/time\30hz\20250620205601.429140.csv
2025-10-17 11:07:54-INFO-[tdms_reader_frequency.py:76]-成功读取文件: 20250620205601.429140.csv, 数据长度: 200000
2025-10-17 11:07:54-INFO-[tdms_reader_frequency.py:86]-处理文件: 20250620205601.429140.csv, 通道数: 16
2025-10-17 11:07:57-INFO-[tdms_reader_frequency.py:132]-  已写入 99999/99999 行FFT数据
2025-10-17 11:07:57-INFO-[tdms_reader_frequency.py:134]-已处理: 20250620205601.429140.csv -> D:/Lab/process/2025.6.20/frequency\30hz\FFT_20250620205601.429140.csv
2025-10-17 11:07:57-INFO-[tdms_reader_frequency.py:72]-开始处理文件: D:/Lab/process/2025.6.20/time\50hz\20250620203943.117518.csv
2025-10-17 11:07:57-INFO-[tdms_reader_frequency.py:76]-成功读取文件: 20250620203943.117518.csv, 数据长度: 200000
2025-10-17 11:07:57-INFO-[tdms_reader_frequency.py:86]-处理文件: 20250620203943.117518.csv, 通道数: 16
2025-10-17 11:08:01-INFO-[tdms_reader_frequency.py:132]-  已写入 99999/99999 行FFT数据
2025-10-17 11:08:01-INFO-[tdms_reader_frequency.py:134]-已处理: 20250620203943.117518.csv -> D:/Lab/process/2025.6.20/frequency\50hz\FFT_20250620203943.117518.csv
2025-10-17 11:08:01-INFO-[tdms_reader_frequency.py:72]-开始处理文件: D:/Lab/process/2025.6.20/time\50hz\20250620203946.014336.csv
2025-10-17 11:08:01-INFO-[tdms_reader_frequency.py:76]-成功读取文件: 20250620203946.014336.csv, 数据长度: 200000
2025-10-17 11:08:01-INFO-[tdms_reader_frequency.py:86]-处理文件: 20250620203946.014336.csv, 通道数: 16
2025-10-17 11:08:04-INFO-[tdms_reader_frequency.py:132]-  已写入 99999/99999 行FFT数据
2025-10-17 11:08:04-INFO-[tdms_reader_frequency.py:134]-已处理: 20250620203946.014336.csv -> D:/Lab/process/2025.6.20/frequency\50hz\FFT_20250620203946.014336.csv
2025-10-17 11:08:04-INFO-[tdms_reader_frequency.py:72]-开始处理文件: D:/Lab/process/2025.6.20/time\50hz\20250620203948.997384.csv
2025-10-17 11:08:05-INFO-[tdms_reader_frequency.py:76]-成功读取文件: 20250620203948.997384.csv, 数据长度: 200000
2025-10-17 11:08:05-INFO-[tdms_reader_frequency.py:86]-处理文件: 20250620203948.997384.csv, 通道数: 16
2025-10-17 11:08:08-INFO-[tdms_reader_frequency.py:132]-  已写入 99999/99999 行FFT数据
2025-10-17 11:08:08-INFO-[tdms_reader_frequency.py:134]-已处理: 20250620203948.997384.csv -> D:/Lab/process/2025.6.20/frequency\50hz\FFT_20250620203948.997384.csv
2025-10-17 11:08:08-INFO-[tdms_reader_frequency.py:72]-开始处理文件: D:/Lab/process/2025.6.20/time\50hz\20250620203951.928351.csv
2025-10-17 11:08:08-INFO-[tdms_reader_frequency.py:76]-成功读取文件: 20250620203951.928351.csv, 数据长度: 200000
2025-10-17 11:08:08-INFO-[tdms_reader_frequency.py:86]-处理文件: 20250620203951.928351.csv, 通道数: 16
2025-10-17 11:08:12-INFO-[tdms_reader_frequency.py:132]-  已写入 99999/99999 行FFT数据
2025-10-17 11:08:12-INFO-[tdms_reader_frequency.py:134]-已处理: 20250620203951.928351.csv -> D:/Lab/process/2025.6.20/frequency\50hz\FFT_20250620203951.928351.csv
2025-10-17 11:08:12-INFO-[tdms_reader_frequency.py:72]-开始处理文件: D:/Lab/process/2025.6.20/time\50hz\20250620203954.838344.csv
2025-10-17 11:08:12-INFO-[tdms_reader_frequency.py:76]-成功读取文件: 20250620203954.838344.csv, 数据长度: 200000
2025-10-17 11:08:12-INFO-[tdms_reader_frequency.py:86]-处理文件: 20250620203954.838344.csv, 通道数: 16
2025-10-17 11:08:15-INFO-[tdms_reader_frequency.py:132]-  已写入 99999/99999 行FFT数据
2025-10-17 11:08:15-INFO-[tdms_reader_frequency.py:134]-已处理: 20250620203954.838344.csv -> D:/Lab/process/2025.6.20/frequency\50hz\FFT_20250620203954.838344.csv
2025-10-17 11:08:15-INFO-[tdms_reader_frequency.py:72]-开始处理文件: D:/Lab/process/2025.6.20/time\50hz\20250620203957.759340.csv
2025-10-17 11:08:16-INFO-[tdms_reader_frequency.py:76]-成功读取文件: 20250620203957.759340.csv, 数据长度: 200000
2025-10-17 11:08:16-INFO-[tdms_reader_frequency.py:86]-处理文件: 20250620203957.759340.csv, 通道数: 16
2025-10-17 11:08:19-INFO-[tdms_reader_frequency.py:132]-  已写入 99999/99999 行FFT数据
2025-10-17 11:08:19-INFO-[tdms_reader_frequency.py:134]-已处理: 20250620203957.759340.csv -> D:/Lab/process/2025.6.20/frequency\50hz\FFT_20250620203957.759340.csv
2025-10-17 11:08:19-INFO-[tdms_reader_frequency.py:72]-开始处理文件: D:/Lab/process/2025.6.20/time\50hz\20250620204000.623816.csv
2025-10-17 11:08:19-INFO-[tdms_reader_frequency.py:76]-成功读取文件: 20250620204000.623816.csv, 数据长度: 200000
2025-10-17 11:08:19-INFO-[tdms_reader_frequency.py:86]-处理文件: 20250620204000.623816.csv, 通道数: 16
2025-10-17 11:08:23-INFO-[tdms_reader_frequency.py:132]-  已写入 99999/99999 行FFT数据
2025-10-17 11:08:23-INFO-[tdms_reader_frequency.py:134]-已处理: 20250620204000.623816.csv -> D:/Lab/process/2025.6.20/frequency\50hz\FFT_20250620204000.623816.csv
2025-10-17 11:08:23-INFO-[tdms_reader_frequency.py:72]-开始处理文件: D:/Lab/process/2025.6.20/time\50hz\20250620204003.597035.csv
2025-10-17 11:08:23-INFO-[tdms_reader_frequency.py:76]-成功读取文件: 20250620204003.597035.csv, 数据长度: 200000
2025-10-17 11:08:23-INFO-[tdms_reader_frequency.py:86]-处理文件: 20250620204003.597035.csv, 通道数: 16
2025-10-17 11:08:27-INFO-[tdms_reader_frequency.py:132]-  已写入 99999/99999 行FFT数据
2025-10-17 11:08:27-INFO-[tdms_reader_frequency.py:134]-已处理: 20250620204003.597035.csv -> D:/Lab/process/2025.6.20/frequency\50hz\FFT_20250620204003.597035.csv
2025-10-17 11:08:27-INFO-[tdms_reader_frequency.py:72]-开始处理文件: D:/Lab/process/2025.6.20/time\50hz\20250620204006.502835.csv
2025-10-17 11:08:27-INFO-[tdms_reader_frequency.py:76]-成功读取文件: 20250620204006.502835.csv, 数据长度: 200000
2025-10-17 11:08:27-INFO-[tdms_reader_frequency.py:86]-处理文件: 20250620204006.502835.csv, 通道数: 16
2025-10-17 11:08:30-INFO-[tdms_reader_frequency.py:132]-  已写入 99999/99999 行FFT数据
2025-10-17 11:08:30-INFO-[tdms_reader_frequency.py:134]-已处理: 20250620204006.502835.csv -> D:/Lab/process/2025.6.20/frequency\50hz\FFT_20250620204006.502835.csv
2025-10-17 11:08:30-INFO-[tdms_reader_frequency.py:72]-开始处理文件: D:/Lab/process/2025.6.20/time\50hz\20250620204009.381570.csv
2025-10-17 11:08:31-INFO-[tdms_reader_frequency.py:76]-成功读取文件: 20250620204009.381570.csv, 数据长度: 200000
2025-10-17 11:08:31-INFO-[tdms_reader_frequency.py:86]-处理文件: 20250620204009.381570.csv, 通道数: 16
2025-10-17 11:08:34-INFO-[tdms_reader_frequency.py:132]-  已写入 99999/99999 行FFT数据
2025-10-17 11:08:34-INFO-[tdms_reader_frequency.py:134]-已处理: 20250620204009.381570.csv -> D:/Lab/process/2025.6.20/frequency\50hz\FFT_20250620204009.381570.csv
2025-10-17 11:08:34-INFO-[tdms_reader_frequency.py:72]-开始处理文件: D:/Lab/process/2025.6.20/time\50hz\20250620204012.290275.csv
2025-10-17 11:08:35-INFO-[tdms_reader_frequency.py:76]-成功读取文件: 20250620204012.290275.csv, 数据长度: 200000
2025-10-17 11:08:35-INFO-[tdms_reader_frequency.py:86]-处理文件: 20250620204012.290275.csv, 通道数: 16
2025-10-17 11:08:38-INFO-[tdms_reader_frequency.py:132]-  已写入 99999/99999 行FFT数据
2025-10-17 11:08:38-INFO-[tdms_reader_frequency.py:134]-已处理: 20250620204012.290275.csv -> D:/Lab/process/2025.6.20/frequency\50hz\FFT_20250620204012.290275.csv
2025-10-17 11:08:38-INFO-[tdms_reader_frequency.py:72]-开始处理文件: D:/Lab/process/2025.6.20/time\50hz\20250620204015.172895.csv
2025-10-17 11:08:38-INFO-[tdms_reader_frequency.py:76]-成功读取文件: 20250620204015.172895.csv, 数据长度: 200000
2025-10-17 11:08:38-INFO-[tdms_reader_frequency.py:86]-处理文件: 20250620204015.172895.csv, 通道数: 16
2025-10-17 11:08:42-INFO-[tdms_reader_frequency.py:132]-  已写入 99999/99999 行FFT数据
2025-10-17 11:08:42-INFO-[tdms_reader_frequency.py:134]-已处理: 20250620204015.172895.csv -> D:/Lab/process/2025.6.20/frequency\50hz\FFT_20250620204015.172895.csv
2025-10-17 11:08:42-INFO-[tdms_reader_frequency.py:72]-开始处理文件: D:/Lab/process/2025.6.20/time\50hz\20250620204018.073789.csv
2025-10-17 11:08:42-INFO-[tdms_reader_frequency.py:76]-成功读取文件: 20250620204018.073789.csv, 数据长度: 200000
2025-10-17 11:08:42-INFO-[tdms_reader_frequency.py:86]-处理文件: 20250620204018.073789.csv, 通道数: 16
2025-10-17 11:08:46-INFO-[tdms_reader_frequency.py:132]-  已写入 99999/99999 行FFT数据
2025-10-17 11:08:46-INFO-[tdms_reader_frequency.py:134]-已处理: 20250620204018.073789.csv -> D:/Lab/process/2025.6.20/frequency\50hz\FFT_20250620204018.073789.csv
2025-10-17 11:08:46-INFO-[tdms_reader_frequency.py:72]-开始处理文件: D:/Lab/process/2025.6.20/time\50hz\20250620204020.965725.csv
2025-10-17 11:08:46-INFO-[tdms_reader_frequency.py:76]-成功读取文件: 20250620204020.965725.csv, 数据长度: 200000
2025-10-17 11:08:46-INFO-[tdms_reader_frequency.py:86]-处理文件: 20250620204020.965725.csv, 通道数: 16
2025-10-17 11:08:49-INFO-[tdms_reader_frequency.py:132]-  已写入 99999/99999 行FFT数据
2025-10-17 11:08:49-INFO-[tdms_reader_frequency.py:134]-已处理: 20250620204020.965725.csv -> D:/Lab/process/2025.6.20/frequency\50hz\FFT_20250620204020.965725.csv
2025-10-17 11:08:49-INFO-[tdms_reader_frequency.py:72]-开始处理文件: D:/Lab/process/2025.6.20/time\50hz\20250620204023.874951.csv
2025-10-17 11:08:50-INFO-[tdms_reader_frequency.py:76]-成功读取文件: 20250620204023.874951.csv, 数据长度: 200000
2025-10-17 11:08:50-INFO-[tdms_reader_frequency.py:86]-处理文件: 20250620204023.874951.csv, 通道数: 16
2025-10-17 11:08:52-INFO-[tdms_reader_frequency.py:132]-  已写入 99999/99999 行FFT数据
2025-10-17 11:08:52-INFO-[tdms_reader_frequency.py:134]-已处理: 20250620204023.874951.csv -> D:/Lab/process/2025.6.20/frequency\50hz\FFT_20250620204023.874951.csv
2025-10-17 11:08:52-INFO-[tdms_reader_frequency.py:72]-开始处理文件: D:/Lab/process/2025.6.20/time\50hz\20250620204026.769314.csv
2025-10-17 11:08:52-INFO-[tdms_reader_frequency.py:76]-成功读取文件: 20250620204026.769314.csv, 数据长度: 200000
2025-10-17 11:08:52-INFO-[tdms_reader_frequency.py:86]-处理文件: 20250620204026.769314.csv, 通道数: 16
2025-10-17 11:08:54-INFO-[tdms_reader_frequency.py:132]-  已写入 99999/99999 行FFT数据
2025-10-17 11:08:54-INFO-[tdms_reader_frequency.py:134]-已处理: 20250620204026.769314.csv -> D:/Lab/process/2025.6.20/frequency\50hz\FFT_20250620204026.769314.csv
2025-10-17 11:08:54-INFO-[tdms_reader_frequency.py:72]-开始处理文件: D:/Lab/process/2025.6.20/time\50hz\20250620204029.679945.csv
2025-10-17 11:08:54-INFO-[tdms_reader_frequency.py:76]-成功读取文件: 20250620204029.679945.csv, 数据长度: 200000
2025-10-17 11:08:54-INFO-[tdms_reader_frequency.py:86]-处理文件: 20250620204029.679945.csv, 通道数: 16
2025-10-17 11:08:56-INFO-[tdms_reader_frequency.py:132]-  已写入 99999/99999 行FFT数据
2025-10-17 11:08:56-INFO-[tdms_reader_frequency.py:134]-已处理: 20250620204029.679945.csv -> D:/Lab/process/2025.6.20/frequency\50hz\FFT_20250620204029.679945.csv
2025-10-17 11:08:56-INFO-[tdms_reader_frequency.py:72]-开始处理文件: D:/Lab/process/2025.6.20/time\50hz\20250620204032.660249.csv
2025-10-17 11:08:56-INFO-[tdms_reader_frequency.py:76]-成功读取文件: 20250620204032.660249.csv, 数据长度: 200000
2025-10-17 11:08:56-INFO-[tdms_reader_frequency.py:86]-处理文件: 20250620204032.660249.csv, 通道数: 16
2025-10-17 11:08:58-INFO-[tdms_reader_frequency.py:132]-  已写入 99999/99999 行FFT数据
2025-10-17 11:08:58-INFO-[tdms_reader_frequency.py:134]-已处理: 20250620204032.660249.csv -> D:/Lab/process/2025.6.20/frequency\50hz\FFT_20250620204032.660249.csv
2025-10-17 11:08:58-INFO-[tdms_reader_frequency.py:72]-开始处理文件: D:/Lab/process/2025.6.20/time\50hz\20250620204035.578939.csv
2025-10-17 11:08:58-INFO-[tdms_reader_frequency.py:76]-成功读取文件: 20250620204035.578939.csv, 数据长度: 200000
2025-10-17 11:08:58-INFO-[tdms_reader_frequency.py:86]-处理文件: 20250620204035.578939.csv, 通道数: 16
2025-10-17 11:09:00-INFO-[tdms_reader_frequency.py:132]-  已写入 99999/99999 行FFT数据
2025-10-17 11:09:00-INFO-[tdms_reader_frequency.py:134]-已处理: 20250620204035.578939.csv -> D:/Lab/process/2025.6.20/frequency\50hz\FFT_20250620204035.578939.csv
2025-10-17 11:09:00-INFO-[tdms_reader_frequency.py:72]-开始处理文件: D:/Lab/process/2025.6.20/time\50hz\20250620204038.547364.csv
2025-10-17 11:09:00-INFO-[tdms_reader_frequency.py:76]-成功读取文件: 20250620204038.547364.csv, 数据长度: 200000
2025-10-17 11:09:00-INFO-[tdms_reader_frequency.py:86]-处理文件: 20250620204038.547364.csv, 通道数: 16
2025-10-17 11:09:02-INFO-[tdms_reader_frequency.py:132]-  已写入 99999/99999 行FFT数据
2025-10-17 11:09:02-INFO-[tdms_reader_frequency.py:134]-已处理: 20250620204038.547364.csv -> D:/Lab/process/2025.6.20/frequency\50hz\FFT_20250620204038.547364.csv
2025-10-17 11:09:02-INFO-[tdms_reader_frequency.py:72]-开始处理文件: D:/Lab/process/2025.6.20/time\50hz\20250620204041.503131.csv
2025-10-17 11:09:02-INFO-[tdms_reader_frequency.py:76]-成功读取文件: 20250620204041.503131.csv, 数据长度: 200000
2025-10-17 11:09:02-INFO-[tdms_reader_frequency.py:86]-处理文件: 20250620204041.503131.csv, 通道数: 16
2025-10-17 11:09:04-INFO-[tdms_reader_frequency.py:132]-  已写入 99999/99999 行FFT数据
2025-10-17 11:09:04-INFO-[tdms_reader_frequency.py:134]-已处理: 20250620204041.503131.csv -> D:/Lab/process/2025.6.20/frequency\50hz\FFT_20250620204041.503131.csv
2025-10-17 11:09:04-INFO-[tdms_reader_frequency.py:72]-开始处理文件: D:/Lab/process/2025.6.20/time\50hz\20250620204044.399715.csv
2025-10-17 11:09:05-INFO-[tdms_reader_frequency.py:76]-成功读取文件: 20250620204044.399715.csv, 数据长度: 200000
2025-10-17 11:09:05-INFO-[tdms_reader_frequency.py:86]-处理文件: 20250620204044.399715.csv, 通道数: 16
2025-10-17 11:09:06-INFO-[tdms_reader_frequency.py:132]-  已写入 99999/99999 行FFT数据
2025-10-17 11:09:06-INFO-[tdms_reader_frequency.py:134]-已处理: 20250620204044.399715.csv -> D:/Lab/process/2025.6.20/frequency\50hz\FFT_20250620204044.399715.csv
2025-10-17 11:09:06-INFO-[tdms_reader_frequency.py:72]-开始处理文件: D:/Lab/process/2025.6.20/time\50hz\20250620204047.316458.csv
2025-10-17 11:09:07-INFO-[tdms_reader_frequency.py:76]-成功读取文件: 20250620204047.316458.csv, 数据长度: 200000
2025-10-17 11:09:07-INFO-[tdms_reader_frequency.py:86]-处理文件: 20250620204047.316458.csv, 通道数: 16
2025-10-17 11:09:09-INFO-[tdms_reader_frequency.py:132]-  已写入 99999/99999 行FFT数据
2025-10-17 11:09:09-INFO-[tdms_reader_frequency.py:134]-已处理: 20250620204047.316458.csv -> D:/Lab/process/2025.6.20/frequency\50hz\FFT_20250620204047.316458.csv
2025-10-17 11:09:09-INFO-[tdms_reader_frequency.py:72]-开始处理文件: D:/Lab/process/2025.6.20/time\back\20250620194612.368512.csv
2025-10-17 11:09:09-INFO-[tdms_reader_frequency.py:76]-成功读取文件: 20250620194612.368512.csv, 数据长度: 200000
2025-10-17 11:09:09-INFO-[tdms_reader_frequency.py:86]-处理文件: 20250620194612.368512.csv, 通道数: 16
2025-10-17 11:09:11-INFO-[tdms_reader_frequency.py:132]-  已写入 99999/99999 行FFT数据
2025-10-17 11:09:11-INFO-[tdms_reader_frequency.py:134]-已处理: 20250620194612.368512.csv -> D:/Lab/process/2025.6.20/frequency\back\FFT_20250620194612.368512.csv
2025-10-17 11:09:11-INFO-[tdms_reader_frequency.py:72]-开始处理文件: D:/Lab/process/2025.6.20/time\back\20250620194615.280443.csv
2025-10-17 11:09:11-INFO-[tdms_reader_frequency.py:76]-成功读取文件: 20250620194615.280443.csv, 数据长度: 200000
2025-10-17 11:09:11-INFO-[tdms_reader_frequency.py:86]-处理文件: 20250620194615.280443.csv, 通道数: 16
2025-10-17 11:09:13-INFO-[tdms_reader_frequency.py:132]-  已写入 99999/99999 行FFT数据
2025-10-17 11:09:13-INFO-[tdms_reader_frequency.py:134]-已处理: 20250620194615.280443.csv -> D:/Lab/process/2025.6.20/frequency\back\FFT_20250620194615.280443.csv
2025-10-17 11:09:13-INFO-[tdms_reader_frequency.py:72]-开始处理文件: D:/Lab/process/2025.6.20/time\back\20250620194618.181950.csv
2025-10-17 11:09:13-INFO-[tdms_reader_frequency.py:76]-成功读取文件: 20250620194618.181950.csv, 数据长度: 200000
2025-10-17 11:09:13-INFO-[tdms_reader_frequency.py:86]-处理文件: 20250620194618.181950.csv, 通道数: 16
2025-10-17 11:09:15-INFO-[tdms_reader_frequency.py:132]-  已写入 99999/99999 行FFT数据
2025-10-17 11:09:15-INFO-[tdms_reader_frequency.py:134]-已处理: 20250620194618.181950.csv -> D:/Lab/process/2025.6.20/frequency\back\FFT_20250620194618.181950.csv
2025-10-17 11:09:15-INFO-[tdms_reader_frequency.py:72]-开始处理文件: D:/Lab/process/2025.6.20/time\back\20250620194621.140929.csv
2025-10-17 11:09:15-INFO-[tdms_reader_frequency.py:76]-成功读取文件: 20250620194621.140929.csv, 数据长度: 200000
2025-10-17 11:09:15-INFO-[tdms_reader_frequency.py:86]-处理文件: 20250620194621.140929.csv, 通道数: 16
2025-10-17 11:09:17-INFO-[tdms_reader_frequency.py:132]-  已写入 99999/99999 行FFT数据
2025-10-17 11:09:17-INFO-[tdms_reader_frequency.py:134]-已处理: 20250620194621.140929.csv -> D:/Lab/process/2025.6.20/frequency\back\FFT_20250620194621.140929.csv
2025-10-17 11:09:17-INFO-[tdms_reader_frequency.py:72]-开始处理文件: D:/Lab/process/2025.6.20/time\back\20250620194624.055741.csv
2025-10-17 11:09:18-INFO-[tdms_reader_frequency.py:76]-成功读取文件: 20250620194624.055741.csv, 数据长度: 200000
2025-10-17 11:09:18-INFO-[tdms_reader_frequency.py:86]-处理文件: 20250620194624.055741.csv, 通道数: 16
2025-10-17 11:09:21-INFO-[tdms_reader_frequency.py:132]-  已写入 99999/99999 行FFT数据
2025-10-17 11:09:21-INFO-[tdms_reader_frequency.py:134]-已处理: 20250620194624.055741.csv -> D:/Lab/process/2025.6.20/frequency\back\FFT_20250620194624.055741.csv
2025-10-17 11:09:21-INFO-[tdms_reader_frequency.py:72]-开始处理文件: D:/Lab/process/2025.6.20/time\back\20250620194626.920608.csv
2025-10-17 11:09:22-INFO-[tdms_reader_frequency.py:76]-成功读取文件: 20250620194626.920608.csv, 数据长度: 200000
2025-10-17 11:09:22-INFO-[tdms_reader_frequency.py:86]-处理文件: 20250620194626.920608.csv, 通道数: 16
2025-10-17 11:09:25-INFO-[tdms_reader_frequency.py:132]-  已写入 99999/99999 行FFT数据
2025-10-17 11:09:25-INFO-[tdms_reader_frequency.py:134]-已处理: 20250620194626.920608.csv -> D:/Lab/process/2025.6.20/frequency\back\FFT_20250620194626.920608.csv
2025-10-17 11:09:25-INFO-[tdms_reader_frequency.py:72]-开始处理文件: D:/Lab/process/2025.6.20/time\back\20250620194629.813220.csv
2025-10-17 11:09:26-INFO-[tdms_reader_frequency.py:76]-成功读取文件: 20250620194629.813220.csv, 数据长度: 200000
2025-10-17 11:09:26-INFO-[tdms_reader_frequency.py:86]-处理文件: 20250620194629.813220.csv, 通道数: 16
2025-10-17 11:09:29-INFO-[tdms_reader_frequency.py:132]-  已写入 99999/99999 行FFT数据
2025-10-17 11:09:29-INFO-[tdms_reader_frequency.py:134]-已处理: 20250620194629.813220.csv -> D:/Lab/process/2025.6.20/frequency\back\FFT_20250620194629.813220.csv
2025-10-17 11:09:29-INFO-[tdms_reader_frequency.py:72]-开始处理文件: D:/Lab/process/2025.6.20/time\back\20250620194632.691684.csv
2025-10-17 11:09:30-INFO-[tdms_reader_frequency.py:76]-成功读取文件: 20250620194632.691684.csv, 数据长度: 200000
2025-10-17 11:09:30-INFO-[tdms_reader_frequency.py:86]-处理文件: 20250620194632.691684.csv, 通道数: 16
2025-10-17 11:09:33-INFO-[tdms_reader_frequency.py:132]-  已写入 99999/99999 行FFT数据
2025-10-17 11:09:33-INFO-[tdms_reader_frequency.py:134]-已处理: 20250620194632.691684.csv -> D:/Lab/process/2025.6.20/frequency\back\FFT_20250620194632.691684.csv
2025-10-17 11:09:33-INFO-[tdms_reader_frequency.py:72]-开始处理文件: D:/Lab/process/2025.6.20/time\back\20250620194635.587857.csv
2025-10-17 11:09:33-INFO-[tdms_reader_frequency.py:76]-成功读取文件: 20250620194635.587857.csv, 数据长度: 200000
2025-10-17 11:09:33-INFO-[tdms_reader_frequency.py:86]-处理文件: 20250620194635.587857.csv, 通道数: 16
2025-10-17 11:09:37-INFO-[tdms_reader_frequency.py:132]-  已写入 99999/99999 行FFT数据
2025-10-17 11:09:37-INFO-[tdms_reader_frequency.py:134]-已处理: 20250620194635.587857.csv -> D:/Lab/process/2025.6.20/frequency\back\FFT_20250620194635.587857.csv
2025-10-17 11:09:37-INFO-[tdms_reader_frequency.py:72]-开始处理文件: D:/Lab/process/2025.6.20/time\back\20250620194638.548843.csv
2025-10-17 11:09:37-INFO-[tdms_reader_frequency.py:76]-成功读取文件: 20250620194638.548843.csv, 数据长度: 200000
2025-10-17 11:09:37-INFO-[tdms_reader_frequency.py:86]-处理文件: 20250620194638.548843.csv, 通道数: 16
2025-10-17 11:09:40-INFO-[tdms_reader_frequency.py:132]-  已写入 99999/99999 行FFT数据
2025-10-17 11:09:40-INFO-[tdms_reader_frequency.py:134]-已处理: 20250620194638.548843.csv -> D:/Lab/process/2025.6.20/frequency\back\FFT_20250620194638.548843.csv
2025-10-17 11:09:40-INFO-[tdms_reader_frequency.py:72]-开始处理文件: D:/Lab/process/2025.6.20/time\back\20250620194641.451865.csv
2025-10-17 11:09:41-INFO-[tdms_reader_frequency.py:76]-成功读取文件: 20250620194641.451865.csv, 数据长度: 200000
2025-10-17 11:09:41-INFO-[tdms_reader_frequency.py:86]-处理文件: 20250620194641.451865.csv, 通道数: 16
2025-10-17 11:09:44-INFO-[tdms_reader_frequency.py:132]-  已写入 99999/99999 行FFT数据
2025-10-17 11:09:44-INFO-[tdms_reader_frequency.py:134]-已处理: 20250620194641.451865.csv -> D:/Lab/process/2025.6.20/frequency\back\FFT_20250620194641.451865.csv
2025-10-17 11:09:44-INFO-[tdms_reader_frequency.py:72]-开始处理文件: D:/Lab/process/2025.6.20/time\back\20250620194644.379134.csv
2025-10-17 11:09:44-INFO-[tdms_reader_frequency.py:76]-成功读取文件: 20250620194644.379134.csv, 数据长度: 200000
2025-10-17 11:09:44-INFO-[tdms_reader_frequency.py:86]-处理文件: 20250620194644.379134.csv, 通道数: 16
2025-10-17 11:10:04-INFO-[main.py:28]--------------------------启动数据分析系统-------------------------
2025-10-17 11:10:04-INFO-[file_utils.py:39]-paths.yaml 生成成功: C:\Users\17584\Documents\ALearning\Project\tools\DataProcess\config\paths.yaml
2025-10-17 11:10:04-INFO-[tdms_reader_frequency.py:19]-配置文件加载成功: C:\Users\17584\Documents\ALearning\Project\tools\DataProcess\config\paths.yaml
2025-10-17 11:10:04-INFO-[tdms_reader_frequency.py:170]-输入数据目录: D:/Lab/process/2025.6.20/time
2025-10-17 11:10:04-INFO-[tdms_reader_frequency.py:171]-输出目录: D:/Lab/process/2025.6.20/frequency
2025-10-17 11:10:04-INFO-[tdms_reader_frequency.py:184]-找到 164 个CSV文件
2025-10-17 11:10:04-INFO-[tdms_reader_frequency.py:187]-开始并行处理文件...
2025-10-17 11:10:07-INFO-[tdms_reader_frequency.py:54]-开始处理文件: D:/Lab/process/2025.6.20/time\30hz\20250620205455.361056.csv
2025-10-17 11:10:07-ERROR-[tdms_reader_frequency.py:136]-处理文件 20250620205455.361056.csv 时出错: name 'json' is not defined
2025-10-17 11:10:07-ERROR-[tdms_reader_frequency.py:138]-Traceback (most recent call last):
  File "C:\Users\17584\Documents\ALearning\Project\tools\DataProcess\src\data_io\tdms_reader_frequency.py", line 60, in process_csv_file
    metadata = json.load(f)
NameError: name 'json' is not defined

2025-10-17 11:10:07-INFO-[tdms_reader_frequency.py:54]-开始处理文件: D:/Lab/process/2025.6.20/time\30hz\20250620205458.257609.csv
2025-10-17 11:10:07-ERROR-[tdms_reader_frequency.py:136]-处理文件 20250620205458.257609.csv 时出错: name 'json' is not defined
2025-10-17 11:10:07-ERROR-[tdms_reader_frequency.py:138]-Traceback (most recent call last):
  File "C:\Users\17584\Documents\ALearning\Project\tools\DataProcess\src\data_io\tdms_reader_frequency.py", line 60, in process_csv_file
    metadata = json.load(f)
NameError: name 'json' is not defined

2025-10-17 11:10:07-INFO-[tdms_reader_frequency.py:54]-开始处理文件: D:/Lab/process/2025.6.20/time\30hz\20250620205501.157457.csv
2025-10-17 11:10:07-ERROR-[tdms_reader_frequency.py:136]-处理文件 20250620205501.157457.csv 时出错: name 'json' is not defined
2025-10-17 11:10:07-ERROR-[tdms_reader_frequency.py:138]-Traceback (most recent call last):
  File "C:\Users\17584\Documents\ALearning\Project\tools\DataProcess\src\data_io\tdms_reader_frequency.py", line 60, in process_csv_file
    metadata = json.load(f)
NameError: name 'json' is not defined

2025-10-17 11:10:07-INFO-[tdms_reader_frequency.py:54]-开始处理文件: D:/Lab/process/2025.6.20/time\30hz\20250620205504.026487.csv
2025-10-17 11:10:07-ERROR-[tdms_reader_frequency.py:136]-处理文件 20250620205504.026487.csv 时出错: name 'json' is not defined
2025-10-17 11:10:07-ERROR-[tdms_reader_frequency.py:138]-Traceback (most recent call last):
  File "C:\Users\17584\Documents\ALearning\Project\tools\DataProcess\src\data_io\tdms_reader_frequency.py", line 60, in process_csv_file
    metadata = json.load(f)
NameError: name 'json' is not defined

2025-10-17 11:10:07-INFO-[tdms_reader_frequency.py:54]-开始处理文件: D:/Lab/process/2025.6.20/time\30hz\20250620205506.866113.csv
2025-10-17 11:10:07-ERROR-[tdms_reader_frequency.py:136]-处理文件 20250620205506.866113.csv 时出错: name 'json' is not defined
2025-10-17 11:10:07-INFO-[tdms_reader_frequency.py:54]-开始处理文件: D:/Lab/process/2025.6.20/time\30hz\20250620205509.740417.csv
2025-10-17 11:10:07-ERROR-[tdms_reader_frequency.py:138]-Traceback (most recent call last):
  File "C:\Users\17584\Documents\ALearning\Project\tools\DataProcess\src\data_io\tdms_reader_frequency.py", line 60, in process_csv_file
    metadata = json.load(f)
NameError: name 'json' is not defined

2025-10-17 11:10:07-ERROR-[tdms_reader_frequency.py:136]-处理文件 20250620205509.740417.csv 时出错: name 'json' is not defined
2025-10-17 11:10:07-ERROR-[tdms_reader_frequency.py:138]-Traceback (most recent call last):
  File "C:\Users\17584\Documents\ALearning\Project\tools\DataProcess\src\data_io\tdms_reader_frequency.py", line 60, in process_csv_file
    metadata = json.load(f)
NameError: name 'json' is not defined

2025-10-17 11:10:07-INFO-[tdms_reader_frequency.py:54]-开始处理文件: D:/Lab/process/2025.6.20/time\30hz\20250620205512.593425.csv
2025-10-17 11:10:07-ERROR-[tdms_reader_frequency.py:136]-处理文件 20250620205512.593425.csv 时出错: name 'json' is not defined
2025-10-17 11:10:07-INFO-[tdms_reader_frequency.py:54]-开始处理文件: D:/Lab/process/2025.6.20/time\30hz\20250620205515.474232.csv
2025-10-17 11:10:07-ERROR-[tdms_reader_frequency.py:136]-处理文件 20250620205515.474232.csv 时出错: name 'json' is not defined
\Project\tools\DataProcess\src\data_io\tdms_reader_frequency.py", line 60, in process_csv_file
    metadata = json.load(f)
NameError: name 'json' is not defined

2025-10-17 11:10:07-ERROR-[tdms_reader_frequency.py:138]-Traceback (most recent call last):
  File "C:\Users\17584\Documents\ALearning\Project\tools\DataProcess\src\data_io\tdms_reader_frequency.py", line 60, in process_csv_file
    metadata = json.load(f)
NameError: name 'json' is not defined

2025-10-17 11:10:07-INFO-[tdms_reader_frequency.py:54]-开始处理文件: D:/Lab/process/2025.6.20/time\30hz\20250620205518.349068.csv
2025-10-17 11:10:07-ERROR-[tdms_reader_frequency.py:136]-处理文件 20250620205518.349068.csv 时出错: name 'json' is not defined
2025-10-17 11:10:07-ERROR-[tdms_reader_frequency.py:138]-Traceback (most recent call last):
  File "C:\Users\17584\Documents\ALearning\Project\tools\DataProcess\src\data_io\tdms_reader_frequency.py", line 60, in process_csv_file
    metadata = json.load(f)
NameError: name 'json' is not defined

2025-10-17 11:10:07-INFO-[tdms_reader_frequency.py:54]-开始处理文件: D:/Lab/process/2025.6.20/time\30hz\20250620205521.206456.csv
2025-10-17 11:10:07-ERROR-[tdms_reader_frequency.py:136]-处理文件 20250620205521.206456.csv 时出错: name 'json' is not defined
2025-10-17 11:10:07-ERROR-[tdms_reader_frequency.py:138]-Traceback (most recent call last):
  File "C:\Users\17584\Documents\ALearning\Project\tools\DataProcess\src\data_io\tdms_reader_frequency.py", line 60, in process_csv_file
    metadata = json.load(f)
NameError: name 'json' is not defined

2025-10-17 11:10:07-INFO-[tdms_reader_frequency.py:54]-开始处理文件: D:/Lab/process/2025.6.20/time\30hz\20250620205524.067070.csv
2025-10-17 11:10:07-ERROR-[tdms_reader_frequency.py:136]-处理文件 20250620205524.067070.csv 时出错: name 'json' is not defined
2025-10-17 11:10:07-ERROR-[tdms_reader_frequency.py:138]-Traceback (most recent call last):
  File "C:\Users\17584\Documents\ALearning\Project\tools\DataProcess\src\data_io\tdms_reader_frequency.py", line 60, in process_csv_file
    metadata = json.load(f)
NameError: name 'json' is not defined

2025-10-17 11:10:07-INFO-[tdms_reader_frequency.py:54]-开始处理文件: D:/Lab/process/2025.6.20/time\30hz\20250620205526.960472.csv
2025-10-17 11:10:07-ERROR-[tdms_reader_frequency.py:136]-处理文件 20250620205526.960472.csv 时出错: name 'json' is not defined
2025-10-17 11:10:07-ERROR-[tdms_reader_frequency.py:138]-Traceback (most recent call last):
  File "C:\Users\17584\Documents\ALearning\Project\tools\DataProcess\src\data_io\tdms_reader_frequency.py", line 60, in process_csv_file
    metadata = json.load(f)
NameError: name 'json' is not defined

2025-10-17 11:10:07-INFO-[tdms_reader_frequency.py:54]-开始处理文件: D:/Lab/process/2025.6.20/time\30hz\20250620205529.836771.csv
2025-10-17 11:10:07-ERROR-[tdms_reader_frequency.py:136]-处理文件 20250620205529.836771.csv 时出错: name 'json' is not defined
2025-10-17 11:10:07-INFO-[tdms_reader_frequency.py:54]-开始处理文件: D:/Lab/process/2025.6.20/time\30hz\20250620205532.720182.csv
2025-10-17 11:10:07-ERROR-[tdms_reader_frequency.py:138]-Traceback (most recent call last):
  File "C:\Users\17584\Documents\ALearning\Project\tools\DataProcess\src\data_io\tdms_reader_frequency.py", line 60, in process_csv_file
    metadata = json.load(f)
NameError: name 'json' is not defined

2025-10-17 11:10:07-ERROR-[tdms_reader_frequency.py:136]-处理文件 20250620205532.720182.csv 时出错: name 'json' is not defined
2025-10-17 11:10:07-ERROR-[tdms_reader_frequency.py:138]-Traceback (most recent call last):
  File "C:\Users\17584\Documents\ALearning\Project\tools\DataProcess\src\data_io\tdms_reader_frequency.py", line 60, in process_csv_file
    metadata = json.load(f)
NameError: name 'json' is not defined

2025-10-17 11:10:07-INFO-[tdms_reader_frequency.py:54]-开始处理文件: D:/Lab/process/2025.6.20/time\30hz\20250620205535.616021.csv
2025-10-17 11:10:07-ERROR-[tdms_reader_frequency.py:136]-处理文件 20250620205538.511375.csv 时出错: name 'json' is not defined
2025-10-17 11:10:07-ERROR-[tdms_reader_frequency.py:136]-处理文件 20250620205535.616021.csv 时出错: name 'json' is not defined
2025-10-17 11:10:07-ERROR-[tdms_reader_frequency.py:138]-Traceback (most recent call last):
  File "C:\Users\17584\Documents\ALearning\Project\tools\DataProcess\src\data_io\tdms_reader_frequency.py", line 60, in process_csv_file
    metadata = json.load(f)
NameError: name 'json' is not defined

2025-10-17 11:10:07-ERROR-[tdms_reader_frequency.py:138]-Traceback (most recent call last):
  File "C:\Users\17584\Documents\ALearning\Project\tools\DataProcess\src\data_io\tdms_reader_frequency.py", line 60, in process_csv_file
    metadata = json.load(f)
NameError: name 'json' is not defined

2025-10-17 11:10:07-INFO-[tdms_reader_frequency.py:54]-开始处理文件: D:/Lab/process/2025.6.20/time\30hz\20250620205541.382788.csv
2025-10-17 11:10:07-ERROR-[tdms_reader_frequency.py:136]-处理文件 20250620205541.382788.csv 时出错: name 'json' is not defined
2025-10-17 11:10:07-INFO-[tdms_reader_frequency.py:54]-开始处理文件: D:/Lab/process/2025.6.20/time\30hz\20250620205544.253550.csv
2025-10-17 11:10:07-ERROR-[tdms_reader_frequency.py:138]-Traceback (most recent call last):
  File "C:\Users\17584\Documents\ALearning\Project\tools\DataProcess\src\data_io\tdms_reader_frequency.py", line 60, in process_csv_file
    metadata = json.load(f)
NameError: name 'json' is not defined

2025-10-17 11:10:07-ERROR-[tdms_reader_frequency.py:136]-处理文件 20250620205544.253550.csv 时出错: name 'json' is not defined
2025-10-17 11:10:07-ERROR-[tdms_reader_frequency.py:138]-Traceback (most recent call last):
  File "C:\Users\17584\Documents\ALearning\Project\tools\DataProcess\src\data_io\tdms_reader_frequency.py", line 60, in process_csv_file
    metadata = json.load(f)
NameError: name 'json' is not defined

2025-10-17 11:10:07-INFO-[tdms_reader_frequency.py:54]-开始处理文件: D:/Lab/process/2025.6.20/time\30hz\20250620205547.172719.csv
2025-10-17 11:10:07-INFO-[tdms_reader_frequency.py:54]-开始处理文件: D:/Lab/process/2025.6.20/time\30hz\20250620205550.074166.csv
2025-10-17 11:10:07-ERROR-[tdms_reader_frequency.py:136]-处理文件 20250620205547.172719.csv 时出错: name 'json' is not defined
2025-10-17 11:10:07-ERROR-[tdms_reader_frequency.py:138]-Traceback (most recent call last):
  File "C:\Users\17584\Documents\ALearning\Project\tools\DataProcess\src\data_io\tdms_reader_frequency.py", line 60, in process_csv_file
    metadata = json.load(f)
NameError: name 'json' is not defined

2025-10-17 11:10:07-ERROR-[tdms_reader_frequency.py:136]-处理文件 20250620205550.074166.csv 时出错: name 'json' is not defined
2025-10-17 11:10:07-ERROR-[tdms_reader_frequency.py:138]-Traceback (most recent call last):
  File "C:\Users\17584\Documents\ALearning\Project\tools\DataProcess\src\data_io\tdms_reader_frequency.py", line 60, in process_csv_file
    metadata = json.load(f)
NameError: name 'json' is not defined

2025-10-17 11:10:07-INFO-[tdms_reader_frequency.py:54]-开始处理文件: D:/Lab/process/2025.6.20/time\30hz\20250620205552.959105.csv
2025-10-17 11:10:07-ERROR-[tdms_reader_frequency.py:136]-处理文件 20250620205552.959105.csv 时出错: name 'json' is not defined
2025-10-17 11:10:07-INFO-[tdms_reader_frequency.py:54]-开始处理文件: D:/Lab/process/2025.6.20/time\30hz\20250620205555.848733.csv
2025-10-17 11:10:07-ERROR-[tdms_reader_frequency.py:138]-Traceback (most recent call last):
  File "C:\Users\17584\Documents\ALearning\Project\tools\DataProcess\src\data_io\tdms_reader_frequency.py", line 60, in process_csv_file
    metadata = json.load(f)
NameError: name 'json' is not defined

2025-10-17 11:10:07-ERROR-[tdms_reader_frequency.py:136]-处理文件 20250620205555.848733.csv 时出错: name 'json' is not defined
2025-10-17 11:10:07-ERROR-[tdms_reader_frequency.py:138]-Traceback (most recent call last):
  File "C:\Users\17584\Documents\ALearning\Project\tools\DataProcess\src\data_io\tdms_reader_frequency.py", line 60, in process_csv_file
    metadata = json.load(f)
NameError: name 'json' is not defined

2025-10-17 11:10:07-INFO-[tdms_reader_frequency.py:54]-开始处理文件: D:/Lab/process/2025.6.20/time\30hz\20250620205558.740427.csv
2025-10-17 11:10:07-ERROR-[tdms_reader_frequency.py:136]-处理文件 20250620205558.740427.csv 时出错: name 'json' is not defined
2025-10-17 11:10:07-ERROR-[tdms_reader_frequency.py:138]-Traceback (most recent call last):
  File "C:\Users\17584\Documents\ALearning\Project\tools\DataProcess\src\data_io\tdms_reader_frequency.py", line 60, in process_csv_file
    metadata = json.load(f)
NameError: name 'json' is not defined

2025-10-17 11:10:07-INFO-[tdms_reader_frequency.py:54]-开始处理文件: D:/Lab/process/2025.6.20/time\30hz\20250620205601.429140.csv
2025-10-17 11:10:07-ERROR-[tdms_reader_frequency.py:136]-处理文件 20250620205601.429140.csv 时出错: name 'json' is not defined
2025-10-17 11:10:07-ERROR-[tdms_reader_frequency.py:138]-Traceback (most recent call last):
  File "C:\Users\17584\Documents\ALearning\Project\tools\DataProcess\src\data_io\tdms_reader_frequency.py", line 60, in process_csv_file
    metadata = json.load(f)
NameError: name 'json' is not defined

2025-10-17 11:10:07-INFO-[tdms_reader_frequency.py:54]-开始处理文件: D:/Lab/process/2025.6.20/time\50hz\20250620203943.117518.csv
2025-10-17 11:10:07-ERROR-[tdms_reader_frequency.py:136]-处理文件 20250620203943.117518.csv 时出错: name 'json' is not defined
2025-10-17 11:10:07-ERROR-[tdms_reader_frequency.py:138]-Traceback (most recent call last):
  File "C:\Users\17584\Documents\ALearning\Project\tools\DataProcess\src\data_io\tdms_reader_frequency.py", line 60, in process_csv_file
    metadata = json.load(f)
NameError: name 'json' is not defined

2025-10-17 11:10:07-INFO-[tdms_reader_frequency.py:54]-开始处理文件: D:/Lab/process/2025.6.20/time\50hz\20250620203946.014336.csv
2025-10-17 11:10:07-ERROR-[tdms_reader_frequency.py:136]-处理文件 20250620203946.014336.csv 时出错: name 'json' is not defined
2025-10-17 11:10:07-ERROR-[tdms_reader_frequency.py:138]-Traceback (most recent call last):
  File "C:\Users\17584\Documents\ALearning\Project\tools\DataProcess\src\data_io\tdms_reader_frequency.py", line 60, in process_csv_file
    metadata = json.load(f)
NameError: name 'json' is not defined

2025-10-17 11:10:07-INFO-[tdms_reader_frequency.py:54]-开始处理文件: D:/Lab/process/2025.6.20/time\50hz\20250620203948.997384.csv
2025-10-17 11:10:07-ERROR-[tdms_reader_frequency.py:136]-处理文件 20250620203948.997384.csv 时出错: name 'json' is not defined
2025-10-17 11:10:07-ERROR-[tdms_reader_frequency.py:138]-Traceback (most recent call last):
  File "C:\Users\17584\Documents\ALearning\Project\tools\DataProcess\src\data_io\tdms_reader_frequency.py", line 60, in process_csv_file
    metadata = json.load(f)
NameError: name 'json' is not defined

2025-10-17 11:10:07-INFO-[tdms_reader_frequency.py:54]-开始处理文件: D:/Lab/process/2025.6.20/time\50hz\20250620203951.928351.csv
2025-10-17 11:10:07-ERROR-[tdms_reader_frequency.py:136]-处理文件 20250620203951.928351.csv 时出错: name 'json' is not defined
2025-10-17 11:10:07-ERROR-[tdms_reader_frequency.py:138]-Traceback (most recent call last):
  File "C:\Users\17584\Documents\ALearning\Project\tools\DataProcess\src\data_io\tdms_reader_frequency.py", line 60, in process_csv_file
    metadata = json.load(f)
NameError: name 'json' is not defined

2025-10-17 11:10:07-INFO-[tdms_reader_frequency.py:54]-开始处理文件: D:/Lab/process/2025.6.20/time\50hz\20250620203954.838344.csv
2025-10-17 11:10:07-ERROR-[tdms_reader_frequency.py:136]-处理文件 20250620203954.838344.csv 时出错: name 'json' is not defined
2025-10-17 11:10:07-ERROR-[tdms_reader_frequency.py:138]-Traceback (most recent call last):
  File "C:\Users\17584\Documents\ALearning\Project\tools\DataProcess\src\data_io\tdms_reader_frequency.py", line 60, in process_csv_file
    metadata = json.load(f)
NameError: name 'json' is not defined

2025-10-17 11:10:07-INFO-[tdms_reader_frequency.py:54]-开始处理文件: D:/Lab/process/2025.6.20/time\50hz\20250620203957.759340.csv
2025-10-17 11:10:07-ERROR-[tdms_reader_frequency.py:136]-处理文件 20250620203957.759340.csv 时出错: name 'json' is not defined
2025-10-17 11:10:07-ERROR-[tdms_reader_frequency.py:138]-Traceback (most recent call last):
  File "C:\Users\17584\Documents\ALearning\Project\tools\DataProcess\src\data_io\tdms_reader_frequency.py", line 60, in process_csv_file
    metadata = json.load(f)
NameError: name 'json' is not defined

2025-10-17 11:10:07-INFO-[tdms_reader_frequency.py:54]-开始处理文件: D:/Lab/process/2025.6.20/time\50hz\20250620204000.623816.csv
2025-10-17 11:10:07-ERROR-[tdms_reader_frequency.py:136]-处理文件 20250620204000.623816.csv 时出错: name 'json' is not defined
2025-10-17 11:10:07-ERROR-[tdms_reader_frequency.py:138]-Traceback (most recent call last):
  File "C:\Users\17584\Documents\ALearning\Project\tools\DataProcess\src\data_io\tdms_reader_frequency.py", line 60, in process_csv_file
    metadata = json.load(f)
NameError: name 'json' is not defined

2025-10-17 11:10:07-INFO-[tdms_reader_frequency.py:54]-开始处理文件: D:/Lab/process/2025.6.20/time\50hz\20250620204003.597035.csv
2025-10-17 11:10:07-ERROR-[tdms_reader_frequency.py:136]-处理文件 20250620204003.597035.csv 时出错: name 'json' is not defined
2025-10-17 11:10:07-ERROR-[tdms_reader_frequency.py:138]-Traceback (most recent call last):
  File "C:\Users\17584\Documents\ALearning\Project\tools\DataProcess\src\data_io\tdms_reader_frequency.py", line 60, in process_csv_file
    metadata = json.load(f)
NameError: name 'json' is not defined

2025-10-17 11:10:07-INFO-[tdms_reader_frequency.py:54]-开始处理文件: D:/Lab/process/2025.6.20/time\50hz\20250620204006.502835.csv
2025-10-17 11:10:07-ERROR-[tdms_reader_frequency.py:136]-处理文件 20250620204006.502835.csv 时出错: name 'json' is not defined
2025-10-17 11:10:07-ERROR-[tdms_reader_frequency.py:138]-Traceback (most recent call last):
  File "C:\Users\17584\Documents\ALearning\Project\tools\DataProcess\src\data_io\tdms_reader_frequency.py", line 60, in process_csv_file
    metadata = json.load(f)
NameError: name 'json' is not defined

2025-10-17 11:10:07-INFO-[tdms_reader_frequency.py:54]-开始处理文件: D:/Lab/process/2025.6.20/time\50hz\20250620204009.381570.csv
2025-10-17 11:10:07-ERROR-[tdms_reader_frequency.py:136]-处理文件 20250620204009.381570.csv 时出错: name 'json' is not defined
2025-10-17 11:10:07-ERROR-[tdms_reader_frequency.py:138]-Traceback (most recent call last):
  File "C:\Users\17584\Documents\ALearning\Project\tools\DataProcess\src\data_io\tdms_reader_frequency.py", line 60, in process_csv_file
    metadata = json.load(f)
NameError: name 'json' is not defined

2025-10-17 11:10:07-INFO-[tdms_reader_frequency.py:54]-开始处理文件: D:/Lab/process/2025.6.20/time\50hz\20250620204012.290275.csv
2025-10-17 11:10:07-ERROR-[tdms_reader_frequency.py:136]-处理文件 20250620204012.290275.csv 时出错: name 'json' is not defined
2025-10-17 11:10:07-ERROR-[tdms_reader_frequency.py:138]-Traceback (most recent call last):
  File "C:\Users\17584\Documents\ALearning\Project\tools\DataProcess\src\data_io\tdms_reader_frequency.py", line 60, in process_csv_file
    metadata = json.load(f)
NameError: name 'json' is not defined

2025-10-17 11:10:07-INFO-[tdms_reader_frequency.py:54]-开始处理文件: D:/Lab/process/2025.6.20/time\50hz\20250620204015.172895.csv
2025-10-17 11:10:07-ERROR-[tdms_reader_frequency.py:136]-处理文件 20250620204015.172895.csv 时出错: name 'json' is not defined
2025-10-17 11:10:07-ERROR-[tdms_reader_frequency.py:138]-Traceback (most recent call last):
  File "C:\Users\17584\Documents\ALearning\Project\tools\DataProcess\src\data_io\tdms_reader_frequency.py", line 60, in process_csv_file
    metadata = json.load(f)
NameError: name 'json' is not defined

2025-10-17 11:10:07-INFO-[tdms_reader_frequency.py:54]-开始处理文件: D:/Lab/process/2025.6.20/time\50hz\20250620204018.073789.csv
2025-10-17 11:10:07-ERROR-[tdms_reader_frequency.py:136]-处理文件 20250620204018.073789.csv 时出错: name 'json' is not defined
2025-10-17 11:10:07-ERROR-[tdms_reader_frequency.py:138]-Traceback (most recent call last):
  File "C:\Users\17584\Documents\ALearning\Project\tools\DataProcess\src\data_io\tdms_reader_frequency.py", line 60, in process_csv_file
    metadata = json.load(f)
NameError: name 'json' is not defined

2025-10-17 11:10:07-INFO-[tdms_reader_frequency.py:54]-开始处理文件: D:/Lab/process/2025.6.20/time\50hz\20250620204020.965725.csv
2025-10-17 11:10:07-ERROR-[tdms_reader_frequency.py:136]-处理文件 20250620204020.965725.csv 时出错: name 'json' is not defined
2025-10-17 11:10:07-ERROR-[tdms_reader_frequency.py:138]-Traceback (most recent call last):
  File "C:\Users\17584\Documents\ALearning\Project\tools\DataProcess\src\data_io\tdms_reader_frequency.py", line 60, in process_csv_file
    metadata = json.load(f)
NameError: name 'json' is not defined

2025-10-17 11:10:07-INFO-[tdms_reader_frequency.py:54]-开始处理文件: D:/Lab/process/2025.6.20/time\50hz\20250620204023.874951.csv
2025-10-17 11:10:07-ERROR-[tdms_reader_frequency.py:136]-处理文件 20250620204023.874951.csv 时出错: name 'json' is not defined
2025-10-17 11:10:07-ERROR-[tdms_reader_frequency.py:138]-Traceback (most recent call last):
  File "C:\Users\17584\Documents\ALearning\Project\tools\DataProcess\src\data_io\tdms_reader_frequency.py", line 60, in process_csv_file
    metadata = json.load(f)
NameError: name 'json' is not defined

2025-10-17 11:10:07-INFO-[tdms_reader_frequency.py:54]-开始处理文件: D:/Lab/process/2025.6.20/time\50hz\20250620204026.769314.csv
2025-10-17 11:10:07-ERROR-[tdms_reader_frequency.py:136]-处理文件 20250620204026.769314.csv 时出错: name 'json' is not defined
2025-10-17 11:10:07-ERROR-[tdms_reader_frequency.py:138]-Traceback (most recent call last):
  File "C:\Users\17584\Documents\ALearning\Project\tools\DataProcess\src\data_io\tdms_reader_frequency.py", line 60, in process_csv_file
    metadata = json.load(f)
NameError: name 'json' is not defined

2025-10-17 11:10:07-INFO-[tdms_reader_frequency.py:54]-开始处理文件: D:/Lab/process/2025.6.20/time\50hz\20250620204029.679945.csv
2025-10-17 11:10:07-ERROR-[tdms_reader_frequency.py:136]-处理文件 20250620204029.679945.csv 时出错: name 'json' is not defined
2025-10-17 11:10:07-ERROR-[tdms_reader_frequency.py:138]-Traceback (most recent call last):
  File "C:\Users\17584\Documents\ALearning\Project\tools\DataProcess\src\data_io\tdms_reader_frequency.py", line 60, in process_csv_file
    metadata = json.load(f)
NameError: name 'json' is not defined

2025-10-17 11:10:07-INFO-[tdms_reader_frequency.py:54]-开始处理文件: D:/Lab/process/2025.6.20/time\50hz\20250620204032.660249.csv
2025-10-17 11:10:07-ERROR-[tdms_reader_frequency.py:136]-处理文件 20250620204032.660249.csv 时出错: name 'json' is not defined
2025-10-17 11:10:07-ERROR-[tdms_reader_frequency.py:138]-Traceback (most recent call last):
  File "C:\Users\17584\Documents\ALearning\Project\tools\DataProcess\src\data_io\tdms_reader_frequency.py", line 60, in process_csv_file
    metadata = json.load(f)
NameError: name 'json' is not defined

2025-10-17 11:10:07-INFO-[tdms_reader_frequency.py:54]-开始处理文件: D:/Lab/process/2025.6.20/time\50hz\20250620204035.578939.csv
2025-10-17 11:10:07-ERROR-[tdms_reader_frequency.py:136]-处理文件 20250620204035.578939.csv 时出错: name 'json' is not defined
2025-10-17 11:10:07-ERROR-[tdms_reader_frequency.py:138]-Traceback (most recent call last):
  File "C:\Users\17584\Documents\ALearning\Project\tools\DataProcess\src\data_io\tdms_reader_frequency.py", line 60, in process_csv_file
    metadata = json.load(f)
NameError: name 'json' is not defined

2025-10-17 11:10:07-INFO-[tdms_reader_frequency.py:54]-开始处理文件: D:/Lab/process/2025.6.20/time\50hz\20250620204038.547364.csv
2025-10-17 11:10:07-ERROR-[tdms_reader_frequency.py:136]-处理文件 20250620204038.547364.csv 时出错: name 'json' is not defined
2025-10-17 11:10:07-ERROR-[tdms_reader_frequency.py:138]-Traceback (most recent call last):
  File "C:\Users\17584\Documents\ALearning\Project\tools\DataProcess\src\data_io\tdms_reader_frequency.py", line 60, in process_csv_file
    metadata = json.load(f)
NameError: name 'json' is not defined

2025-10-17 11:10:07-INFO-[tdms_reader_frequency.py:54]-开始处理文件: D:/Lab/process/2025.6.20/time\50hz\20250620204041.503131.csv
2025-10-17 11:10:07-INFO-[tdms_reader_frequency.py:54]-开始处理文件: D:/Lab/process/2025.6.20/time\50hz\20250620204044.399715.csv
2025-10-17 11:10:07-ERROR-[tdms_reader_frequency.py:136]-处理文件 20250620204041.503131.csv 时出错: name 'json' is not defined
2025-10-17 11:10:07-ERROR-[tdms_reader_frequency.py:136]-处理文件 20250620204044.399715.csv 时出错: name 'json' is not defined
2025-10-17 11:10:07-ERROR-[tdms_reader_frequency.py:138]-Traceback (most recent call last):
  File "C:\Users\17584\Documents\ALearning\Project\tools\DataProcess\src\data_io\tdms_reader_frequency.py", line 60, in process_csv_file
    metadata = json.load(f)
NameError: name 'json' is not defined

2025-10-17 11:10:07-ERROR-[tdms_reader_frequency.py:138]-Traceback (most recent call last):
  File "C:\Users\17584\Documents\ALearning\Project\tools\DataProcess\src\data_io\tdms_reader_frequency.py", line 60, in process_csv_file
    metadata = json.load(f)
NameError: name 'json' is not defined

2025-10-17 11:10:07-INFO-[tdms_reader_frequency.py:54]-开始处理文件: D:/Lab/process/2025.6.20/time\back\20250620194612.368512.csv
2025-10-17 11:10:07-INFO-[tdms_reader_frequency.py:54]-开始处理文件: D:/Lab/process/2025.6.20/time\50hz\20250620204047.316458.csv
2025-10-17 11:10:07-ERROR-[tdms_reader_frequency.py:136]-处理文件 20250620194612.368512.csv 时出错: name 'json' is not defined
2025-10-17 11:10:07-ERROR-[tdms_reader_frequency.py:138]-Traceback (most recent call last):
  File "C:\Users\17584\Documents\ALearning\Project\tools\DataProcess\src\data_io\tdms_reader_frequency.py", line 60, in process_csv_file
    metadata = json.load(f)
NameError: name 'json' is not defined

2025-10-17 11:10:07-ERROR-[tdms_reader_frequency.py:138]-Traceback (most recent call last):
  File "C:\Users\17584\Documents\ALearning\Project\tools\DataProcess\src\data_io\tdms_reader_frequency.py", line 60, in process_csv_file
    metadata = json.load(f)
NameError: name 'json' is not defined

2025-10-17 11:10:07-INFO-[tdms_reader_frequency.py:54]-开始处理文件: D:/Lab/process/2025.6.20/time\back\20250620194615.280443.csv
2025-10-17 11:10:07-INFO-[tdms_reader_frequency.py:54]-开始处理文件: D:/Lab/process/2025.6.20/time\back\20250620194618.181950.csv
2025-10-17 11:10:07-ERROR-[tdms_reader_frequency.py:136]-处理文件 20250620194615.280443.csv 时出错: name 'json' is not defined
2025-10-17 11:10:07-ERROR-[tdms_reader_frequency.py:136]-处理文件 20250620194618.181950.csv 时出错: name 'json' is not defined
2025-10-17 11:10:07-ERROR-[tdms_reader_frequency.py:138]-Traceback (most recent call last):
  File "C:\Users\17584\Documents\ALearning\Project\tools\DataProcess\src\data_io\tdms_reader_frequency.py", line 60, in process_csv_file
    metadata = json.load(f)
NameError: name 'json' is not defined

2025-10-17 11:10:07-ERROR-[tdms_reader_frequency.py:138]-Traceback (most recent call last):
  File "C:\Users\17584\Documents\ALearning\Project\tools\DataProcess\src\data_io\tdms_reader_frequency.py", line 60, in process_csv_file
    metadata = json.load(f)
NameError: name 'json' is not defined

2025-10-17 11:10:07-INFO-[tdms_reader_frequency.py:54]-开始处理文件: D:/Lab/process/2025.6.20/time\back\20250620194621.140929.csv
2025-10-17 11:10:07-INFO-[tdms_reader_frequency.py:54]-开始处理文件: D:/Lab/process/2025.6.20/time\back\20250620194624.055741.csv
2025-10-17 11:10:07-ERROR-[tdms_reader_frequency.py:136]-处理文件 20250620194621.140929.csv 时出错: name 'json' is not defined
2025-10-17 11:10:07-ERROR-[tdms_reader_frequency.py:136]-处理文件 20250620194624.055741.csv 时出错: name 'json' is not defined
2025-10-17 11:10:07-ERROR-[tdms_reader_frequency.py:138]-Traceback (most recent call last):
  File "C:\Users\17584\Documents\ALearning\Project\tools\DataProcess\src\data_io\tdms_reader_frequency.py", line 60, in process_csv_file
    metadata = json.load(f)
NameError: name 'json' is not defined

2025-10-17 11:10:07-ERROR-[tdms_reader_frequency.py:138]-Traceback (most recent call last):
  File "C:\Users\17584\Documents\ALearning\Project\tools\DataProcess\src\data_io\tdms_reader_frequency.py", line 60, in process_csv_file
    metadata = json.load(f)
NameError: name 'json' is not defined

2025-10-17 11:10:07-INFO-[tdms_reader_frequency.py:54]-开始处理文件: D:/Lab/process/2025.6.20/time\back\20250620194626.920608.csv
2025-10-17 11:10:07-INFO-[tdms_reader_frequency.py:54]-开始处理文件: D:/Lab/process/2025.6.20/time\back\20250620194629.813220.csv
2025-10-17 11:10:07-ERROR-[tdms_reader_frequency.py:136]-处理文件 20250620194626.920608.csv 时出错: name 'json' is not defined
2025-10-17 11:10:07-ERROR-[tdms_reader_frequency.py:136]-处理文件 20250620194629.813220.csv 时出错: name 'json' is not defined
2025-10-17 11:10:07-ERROR-[tdms_reader_frequency.py:138]-Traceback (most recent call last):
  File "C:\Users\17584\Documents\ALearning\Project\tools\DataProcess\src\data_io\tdms_reader_frequency.py", line 60, in process_csv_file
    metadata = json.load(f)
NameError: name 'json' is not defined

2025-10-17 11:10:07-ERROR-[tdms_reader_frequency.py:138]-Traceback (most recent call last):
  File "C:\Users\17584\Documents\ALearning\Project\tools\DataProcess\src\data_io\tdms_reader_frequency.py", line 60, in process_csv_file
    metadata = json.load(f)
NameError: name 'json' is not defined

2025-10-17 11:10:07-INFO-[tdms_reader_frequency.py:54]-开始处理文件: D:/Lab/process/2025.6.20/time\back\20250620194632.691684.csv
2025-10-17 11:10:07-INFO-[tdms_reader_frequency.py:54]-开始处理文件: D:/Lab/process/2025.6.20/time\back\20250620194635.587857.csv
2025-10-17 11:10:07-ERROR-[tdms_reader_frequency.py:136]-处理文件 20250620194632.691684.csv 时出错: name 'json' is not defined
2025-10-17 11:10:07-ERROR-[tdms_reader_frequency.py:136]-处理文件 20250620194635.587857.csv 时出错: name 'json' is not defined
2025-10-17 11:10:07-ERROR-[tdms_reader_frequency.py:138]-Traceback (most recent call last):
  File "C:\Users\17584\Documents\ALearning\Project\tools\DataProcess\src\data_io\tdms_reader_frequency.py", line 60, in process_csv_file
    metadata = json.load(f)
NameError: name 'json' is not defined

2025-10-17 11:10:07-ERROR-[tdms_reader_frequency.py:138]-Traceback (most recent call last):
  File "C:\Users\17584\Documents\ALearning\Project\tools\DataProcess\src\data_io\tdms_reader_frequency.py", line 60, in process_csv_file
    metadata = json.load(f)
NameError: name 'json' is not defined

2025-10-17 11:10:07-INFO-[tdms_reader_frequency.py:54]-开始处理文件: D:/Lab/process/2025.6.20/time\back\20250620194641.451865.csv
2025-10-17 11:10:07-INFO-[tdms_reader_frequency.py:54]-开始处理文件: D:/Lab/process/2025.6.20/time\back\20250620194638.548843.csv
2025-10-17 11:10:07-ERROR-[tdms_reader_frequency.py:136]-处理文件 20250620194641.451865.csv 时出错: name 'json' is not defined
2025-10-17 11:10:07-ERROR-[tdms_reader_frequency.py:136]-处理文件 20250620194638.548843.csv 时出错: name 'json' is not defined
2025-10-17 11:10:07-ERROR-[tdms_reader_frequency.py:138]-Traceback (most recent call last):
  File "C:\Users\17584\Documents\ALearning\Project\tools\DataProcess\src\data_io\tdms_reader_frequency.py", line 60, in process_csv_file
    metadata = json.load(f)
NameError: name 'json' is not defined

2025-10-17 11:10:07-ERROR-[tdms_reader_frequency.py:138]-Traceback (most recent call last):
  File "C:\Users\17584\Documents\ALearning\Project\tools\DataProcess\src\data_io\tdms_reader_frequency.py", line 60, in process_csv_file
    metadata = json.load(f)
NameError: name 'json' is not defined

2025-10-17 11:10:07-INFO-[tdms_reader_frequency.py:54]-开始处理文件: D:/Lab/process/2025.6.20/time\back\20250620194644.379134.csv
2025-10-17 11:10:07-INFO-[tdms_reader_frequency.py:54]-开始处理文件: D:/Lab/process/2025.6.20/time\back\20250620194647.302328.csv
2025-10-17 11:10:07-ERROR-[tdms_reader_frequency.py:136]-处理文件 20250620194644.379134.csv 时出错: name 'json' is not defined
2025-10-17 11:10:07-ERROR-[tdms_reader_frequency.py:136]-处理文件 20250620194647.302328.csv 时出错: name 'json' is not defined
2025-10-17 11:10:07-ERROR-[tdms_reader_frequency.py:138]-Traceback (most recent call last):
  File "C:\Users\17584\Documents\ALearning\Project\tools\DataProcess\src\data_io\tdms_reader_frequency.py", line 60, in process_csv_file
    metadata = json.load(f)
NameError: name 'json' is not defined

2025-10-17 11:10:07-ERROR-[tdms_reader_frequency.py:138]-Traceback (most recent call last):
  File "C:\Users\17584\Documents\ALearning\Project\tools\DataProcess\src\data_io\tdms_reader_frequency.py", line 60, in process_csv_file
    metadata = json.load(f)
NameError: name 'json' is not defined

2025-10-17 11:10:07-INFO-[tdms_reader_frequency.py:54]-开始处理文件: D:/Lab/process/2025.6.20/time\back\20250620194650.211108.csv
2025-10-17 11:10:07-INFO-[tdms_reader_frequency.py:54]-开始处理文件: D:/Lab/process/2025.6.20/time\back\20250620194653.136268.csv
2025-10-17 11:10:07-ERROR-[tdms_reader_frequency.py:136]-处理文件 20250620194650.211108.csv 时出错: name 'json' is not defined
2025-10-17 11:10:07-ERROR-[tdms_reader_frequency.py:136]-处理文件 20250620194653.136268.csv 时出错: name 'json' is not defined
\Project\tools\DataProcess\src\data_io\tdms_reader_frequency.py", line 60, in process_csv_file
    metadata = json.load(f)
NameError: name 'json' is not defined

2025-10-17 11:10:07-ERROR-[tdms_reader_frequency.py:138]-Traceback (most recent call last):
  File "C:\Users\17584\Documents\ALearning\Project\tools\DataProcess\src\data_io\tdms_reader_frequency.py", line 60, in process_csv_file
    metadata = json.load(f)
NameError: name 'json' is not defined

2025-10-17 11:10:07-INFO-[tdms_reader_frequency.py:54]-开始处理文件: D:/Lab/process/2025.6.20/time\back\20250620194656.041305.csv
2025-10-17 11:10:07-ERROR-[tdms_reader_frequency.py:136]-处理文件 20250620194656.041305.csv 时出错: name 'json' is not defined
2025-10-17 11:10:07-ERROR-[tdms_reader_frequency.py:138]-Traceback (most recent call last):
  File "C:\Users\17584\Documents\ALearning\Project\tools\DataProcess\src\data_io\tdms_reader_frequency.py", line 60, in process_csv_file
    metadata = json.load(f)
NameError: name 'json' is not defined

2025-10-17 11:10:07-INFO-[tdms_reader_frequency.py:54]-开始处理文件: D:/Lab/process/2025.6.20/time\back\20250620194659.052610.csv
2025-10-17 11:10:07-INFO-[tdms_reader_frequency.py:54]-开始处理文件: D:/Lab/process/2025.6.20/time\back\20250620194702.006214.csv
2025-10-17 11:10:07-ERROR-[tdms_reader_frequency.py:136]-处理文件 20250620194659.052610.csv 时出错: name 'json' is not defined
2025-10-17 11:10:07-ERROR-[tdms_reader_frequency.py:136]-处理文件 20250620194702.006214.csv 时出错: name 'json' is not defined
2025-10-17 11:10:07-ERROR-[tdms_reader_frequency.py:138]-Traceback (most recent call last):
  File "C:\Users\17584\Documents\ALearning\Project\tools\DataProcess\src\data_io\tdms_reader_frequency.py", line 60, in process_csv_file
    metadata = json.load(f)
NameError: name 'json' is not defined

2025-10-17 11:10:07-ERROR-[tdms_reader_frequency.py:138]-Traceback (most recent call last):
  File "C:\Users\17584\Documents\ALearning\Project\tools\DataProcess\src\data_io\tdms_reader_frequency.py", line 60, in process_csv_file
    metadata = json.load(f)
NameError: name 'json' is not defined

2025-10-17 11:10:07-INFO-[tdms_reader_frequency.py:54]-开始处理文件: D:/Lab/process/2025.6.20/time\back\20250620194704.911499.csv
2025-10-17 11:10:07-ERROR-[tdms_reader_frequency.py:136]-处理文件 20250620194704.911499.csv 时出错: name 'json' is not defined
2025-10-17 11:10:07-ERROR-[tdms_reader_frequency.py:138]-Traceback (most recent call last):
  File "C:\Users\17584\Documents\ALearning\Project\tools\DataProcess\src\data_io\tdms_reader_frequency.py", line 60, in process_csv_file
    metadata = json.load(f)
NameError: name 'json' is not defined

2025-10-17 11:10:07-INFO-[tdms_reader_frequency.py:54]-开始处理文件: D:/Lab/process/2025.6.20/time\back\20250620194710.704633.csv
2025-10-17 11:10:07-INFO-[tdms_reader_frequency.py:54]-开始处理文件: D:/Lab/process/2025.6.20/time\back\20250620194707.790523.csv
2025-10-17 11:10:07-ERROR-[tdms_reader_frequency.py:136]-处理文件 20250620194710.704633.csv 时出错: name 'json' is not defined
2025-10-17 11:10:07-ERROR-[tdms_reader_frequency.py:136]-处理文件 20250620194707.790523.csv 时出错: name 'json' is not defined
2025-10-17 11:10:07-ERROR-[tdms_reader_frequency.py:138]-Traceback (most recent call last):
  File "C:\Users\17584\Documents\ALearning\Project\tools\DataProcess\src\data_io\tdms_reader_frequency.py", line 60, in process_csv_file
    metadata = json.load(f)
NameError: name 'json' is not defined

2025-10-17 11:10:07-ERROR-[tdms_reader_frequency.py:138]-Traceback (most recent call last):
  File "C:\Users\17584\Documents\ALearning\Project\tools\DataProcess\src\data_io\tdms_reader_frequency.py", line 60, in process_csv_file
    metadata = json.load(f)
NameError: name 'json' is not defined

2025-10-17 11:10:07-INFO-[tdms_reader_frequency.py:54]-开始处理文件: D:/Lab/process/2025.6.20/time\back\20250620194713.610034.csv
2025-10-17 11:10:07-ERROR-[tdms_reader_frequency.py:136]-处理文件 20250620194713.610034.csv 时出错: name 'json' is not defined
2025-10-17 11:10:07-ERROR-[tdms_reader_frequency.py:138]-Traceback (most recent call last):
  File "C:\Users\17584\Documents\ALearning\Project\tools\DataProcess\src\data_io\tdms_reader_frequency.py", line 60, in process_csv_file
    metadata = json.load(f)
NameError: name 'json' is not defined

2025-10-17 11:10:07-INFO-[tdms_reader_frequency.py:54]-开始处理文件: D:/Lab/process/2025.6.20/time\back\20250620194719.443004.csv
2025-10-17 11:10:07-INFO-[tdms_reader_frequency.py:54]-开始处理文件: D:/Lab/process/2025.6.20/time\back\20250620194716.530521.csv
2025-10-17 11:10:07-ERROR-[tdms_reader_frequency.py:136]-处理文件 20250620194719.443004.csv 时出错: name 'json' is not defined
2025-10-17 11:10:07-ERROR-[tdms_reader_frequency.py:136]-处理文件 20250620194716.530521.csv 时出错: name 'json' is not defined
2025-10-17 11:10:07-ERROR-[tdms_reader_frequency.py:138]-Traceback (most recent call last):
  File "C:\Users\17584\Documents\ALearning\Project\tools\DataProcess\src\data_io\tdms_reader_frequency.py", line 60, in process_csv_file
    metadata = json.load(f)
NameError: name 'json' is not defined

2025-10-17 11:10:07-ERROR-[tdms_reader_frequency.py:138]-Traceback (most recent call last):
  File "C:\Users\17584\Documents\ALearning\Project\tools\DataProcess\src\data_io\tdms_reader_frequency.py", line 60, in process_csv_file
    metadata = json.load(f)
NameError: name 'json' is not defined

2025-10-17 11:10:07-INFO-[tdms_reader_frequency.py:54]-开始处理文件: D:/Lab/process/2025.6.20/time\back\20250620194722.345550.csv
2025-10-17 11:10:07-ERROR-[tdms_reader_frequency.py:136]-处理文件 20250620194722.345550.csv 时出错: name 'json' is not defined
2025-10-17 11:10:07-ERROR-[tdms_reader_frequency.py:138]-Traceback (most recent call last):
  File "C:\Users\17584\Documents\ALearning\Project\tools\DataProcess\src\data_io\tdms_reader_frequency.py", line 60, in process_csv_file
    metadata = json.load(f)
NameError: name 'json' is not defined

2025-10-17 11:10:07-INFO-[tdms_reader_frequency.py:54]-开始处理文件: D:/Lab/process/2025.6.20/time\back\20250620194728.134972.csv
2025-10-17 11:10:07-INFO-[tdms_reader_frequency.py:54]-开始处理文件: D:/Lab/process/2025.6.20/time\back\20250620194725.240403.csv
2025-10-17 11:10:07-ERROR-[tdms_reader_frequency.py:136]-处理文件 20250620194728.134972.csv 时出错: name 'json' is not defined
2025-10-17 11:10:07-ERROR-[tdms_reader_frequency.py:136]-处理文件 20250620194725.240403.csv 时出错: name 'json' is not defined
2025-10-17 11:10:07-ERROR-[tdms_reader_frequency.py:138]-Traceback (most recent call last):
  File "C:\Users\17584\Documents\ALearning\Project\tools\DataProcess\src\data_io\tdms_reader_frequency.py", line 60, in process_csv_file
    metadata = json.load(f)
NameError: name 'json' is not defined

2025-10-17 11:10:07-ERROR-[tdms_reader_frequency.py:138]-Traceback (most recent call last):
  File "C:\Users\17584\Documents\ALearning\Project\tools\DataProcess\src\data_io\tdms_reader_frequency.py", line 60, in process_csv_file
    metadata = json.load(f)
NameError: name 'json' is not defined

2025-10-17 11:10:07-INFO-[tdms_reader_frequency.py:54]-开始处理文件: D:/Lab/process/2025.6.20/time\back\20250620194731.069696.csv
2025-10-17 11:10:07-ERROR-[tdms_reader_frequency.py:136]-处理文件 20250620194731.069696.csv 时出错: name 'json' is not defined
2025-10-17 11:10:07-ERROR-[tdms_reader_frequency.py:138]-Traceback (most recent call last):
  File "C:\Users\17584\Documents\ALearning\Project\tools\DataProcess\src\data_io\tdms_reader_frequency.py", line 60, in process_csv_file
    metadata = json.load(f)
NameError: name 'json' is not defined

2025-10-17 11:10:07-INFO-[tdms_reader_frequency.py:54]-开始处理文件: D:/Lab/process/2025.6.20/time\back\20250620194734.001919.csv
2025-10-17 11:10:07-INFO-[tdms_reader_frequency.py:54]-开始处理文件: D:/Lab/process/2025.6.20/time\backwatering\20250620193734.678390.csv
2025-10-17 11:10:07-ERROR-[tdms_reader_frequency.py:136]-处理文件 20250620194734.001919.csv 时出错: name 'json' is not defined
2025-10-17 11:10:07-ERROR-[tdms_reader_frequency.py:136]-处理文件 20250620193734.678390.csv 时出错: name 'json' is not defined
2025-10-17 11:10:07-ERROR-[tdms_reader_frequency.py:138]-Traceback (most recent call last):
  File "C:\Users\17584\Documents\ALearning\Project\tools\DataProcess\src\data_io\tdms_reader_frequency.py", line 60, in process_csv_file
    metadata = json.load(f)
NameError: name 'json' is not defined

2025-10-17 11:10:07-ERROR-[tdms_reader_frequency.py:138]-Traceback (most recent call last):
  File "C:\Users\17584\Documents\ALearning\Project\tools\DataProcess\src\data_io\tdms_reader_frequency.py", line 60, in process_csv_file
    metadata = json.load(f)
NameError: name 'json' is not defined

2025-10-17 11:10:07-INFO-[tdms_reader_frequency.py:54]-开始处理文件: D:/Lab/process/2025.6.20/time\backwatering\20250620193737.643558.csv
2025-10-17 11:10:07-ERROR-[tdms_reader_frequency.py:136]-处理文件 20250620193737.643558.csv 时出错: name 'json' is not defined
2025-10-17 11:10:07-ERROR-[tdms_reader_frequency.py:138]-Traceback (most recent call last):
  File "C:\Users\17584\Documents\ALearning\Project\tools\DataProcess\src\data_io\tdms_reader_frequency.py", line 60, in process_csv_file
    metadata = json.load(f)
NameError: name 'json' is not defined

2025-10-17 11:10:07-INFO-[tdms_reader_frequency.py:54]-开始处理文件: D:/Lab/process/2025.6.20/time\backwatering\20250620193743.417335.csv
2025-10-17 11:10:07-INFO-[tdms_reader_frequency.py:54]-开始处理文件: D:/Lab/process/2025.6.20/time\backwatering\20250620193740.545447.csv
2025-10-17 11:10:07-ERROR-[tdms_reader_frequency.py:136]-处理文件 20250620193743.417335.csv 时出错: name 'json' is not defined
2025-10-17 11:10:07-ERROR-[tdms_reader_frequency.py:138]-Traceback (most recent call last):
  File "C:\Users\17584\Documents\ALearning\Project\tools\DataProcess\src\data_io\tdms_reader_frequency.py", line 60, in process_csv_file
    metadata = json.load(f)
NameError: name 'json' is not defined

2025-10-17 11:10:07-ERROR-[tdms_reader_frequency.py:136]-处理文件 20250620193740.545447.csv 时出错: name 'json' is not defined
2025-10-17 11:10:07-INFO-[tdms_reader_frequency.py:54]-开始处理文件: D:/Lab/process/2025.6.20/time\backwatering\20250620193746.344677.csv
ools\DataProcess\src\data_io\tdms_reader_frequency.py", line 60, in process_csv_file
    metadata = json.load(f)
NameError: name 'json' is not defined

2025-10-17 11:10:07-ERROR-[tdms_reader_frequency.py:136]-处理文件 20250620193746.344677.csv 时出错: name 'json' is not defined
2025-10-17 11:10:07-ERROR-[tdms_reader_frequency.py:138]-Traceback (most recent call last):
  File "C:\Users\17584\Documents\ALearning\Project\tools\DataProcess\src\data_io\tdms_reader_frequency.py", line 60, in process_csv_file
    metadata = json.load(f)
NameError: name 'json' is not defined

2025-10-17 11:10:07-INFO-[tdms_reader_frequency.py:54]-开始处理文件: D:/Lab/process/2025.6.20/time\backwatering\20250620193752.182714.csv
2025-10-17 11:10:07-INFO-[tdms_reader_frequency.py:54]-开始处理文件: D:/Lab/process/2025.6.20/time\backwatering\20250620193749.270337.csv
2025-10-17 11:10:07-ERROR-[tdms_reader_frequency.py:136]-处理文件 20250620193752.182714.csv 时出错: name 'json' is not defined
2025-10-17 11:10:07-ERROR-[tdms_reader_frequency.py:136]-处理文件 20250620193749.270337.csv 时出错: name 'json' is not defined
2025-10-17 11:10:07-ERROR-[tdms_reader_frequency.py:138]-Traceback (most recent call last):
  File "C:\Users\17584\Documents\ALearning\Project\tools\DataProcess\src\data_io\tdms_reader_frequency.py", line 60, in process_csv_file
    metadata = json.load(f)
NameError: name 'json' is not defined

2025-10-17 11:10:07-INFO-[tdms_reader_frequency.py:54]-开始处理文件: D:/Lab/process/2025.6.20/time\backwatering\20250620193755.071010.csv
2025-10-17 11:10:07-ERROR-[tdms_reader_frequency.py:138]-Traceback (most recent call last):
  File "C:\Users\17584\Documents\ALearning\Project\tools\DataProcess\src\data_io\tdms_reader_frequency.py", line 60, in process_csv_file
    metadata = json.load(f)
NameError: name 'json' is not defined

2025-10-17 11:10:07-ERROR-[tdms_reader_frequency.py:136]-处理文件 20250620193755.071010.csv 时出错: name 'json' is not defined
2025-10-17 11:10:07-ERROR-[tdms_reader_frequency.py:138]-Traceback (most recent call last):
  File "C:\Users\17584\Documents\ALearning\Project\tools\DataProcess\src\data_io\tdms_reader_frequency.py", line 60, in process_csv_file
    metadata = json.load(f)
NameError: name 'json' is not defined

2025-10-17 11:10:07-INFO-[tdms_reader_frequency.py:54]-开始处理文件: D:/Lab/process/2025.6.20/time\backwatering\20250620193757.946475.csv
2025-10-17 11:10:07-INFO-[tdms_reader_frequency.py:54]-开始处理文件: D:/Lab/process/2025.6.20/time\backwatering\20250620193800.664447.csv
2025-10-17 11:10:07-ERROR-[tdms_reader_frequency.py:136]-处理文件 20250620193757.946475.csv 时出错: name 'json' is not defined
2025-10-17 11:10:07-ERROR-[tdms_reader_frequency.py:136]-处理文件 20250620193800.664447.csv 时出错: name 'json' is not defined
2025-10-17 11:10:07-ERROR-[tdms_reader_frequency.py:138]-Traceback (most recent call last):
  File "C:\Users\17584\Documents\ALearning\Project\tools\DataProcess\src\data_io\tdms_reader_frequency.py", line 60, in process_csv_file
    metadata = json.load(f)
NameError: name 'json' is not defined

2025-10-17 11:10:07-INFO-[tdms_reader_frequency.py:54]-开始处理文件: D:/Lab/process/2025.6.20/time\backwatering\20250620193803.575523.csv
2025-10-17 11:10:07-ERROR-[tdms_reader_frequency.py:138]-Traceback (most recent call last):
  File "C:\Users\17584\Documents\ALearning\Project\tools\DataProcess\src\data_io\tdms_reader_frequency.py", line 60, in process_csv_file
    metadata = json.load(f)
NameError: name 'json' is not defined

2025-10-17 11:10:07-ERROR-[tdms_reader_frequency.py:136]-处理文件 20250620193803.575523.csv 时出错: name 'json' is not defined
2025-10-17 11:10:07-ERROR-[tdms_reader_frequency.py:138]-Traceback (most recent call last):
  File "C:\Users\17584\Documents\ALearning\Project\tools\DataProcess\src\data_io\tdms_reader_frequency.py", line 60, in process_csv_file
    metadata = json.load(f)
NameError: name 'json' is not defined

2025-10-17 11:10:07-INFO-[tdms_reader_frequency.py:54]-开始处理文件: D:/Lab/process/2025.6.20/time\backwatering\20250620193809.385131.csv
2025-10-17 11:10:07-INFO-[tdms_reader_frequency.py:54]-开始处理文件: D:/Lab/process/2025.6.20/time\backwatering\20250620193806.499762.csv
2025-10-17 11:10:07-ERROR-[tdms_reader_frequency.py:136]-处理文件 20250620193809.385131.csv 时出错: name 'json' is not defined
2025-10-17 11:10:07-ERROR-[tdms_reader_frequency.py:136]-处理文件 20250620193806.499762.csv 时出错: name 'json' is not defined
2025-10-17 11:10:07-ERROR-[tdms_reader_frequency.py:138]-Traceback (most recent call last):
  File "C:\Users\17584\Documents\ALearning\Project\tools\DataProcess\src\data_io\tdms_reader_frequency.py", line 60, in process_csv_file
    metadata = json.load(f)
NameError: name 'json' is not defined

2025-10-17 11:10:07-INFO-[tdms_reader_frequency.py:54]-开始处理文件: D:/Lab/process/2025.6.20/time\backwatering\20250620193812.362895.csv
2025-10-17 11:10:07-ERROR-[tdms_reader_frequency.py:138]-Traceback (most recent call last):
  File "C:\Users\17584\Documents\ALearning\Project\tools\DataProcess\src\data_io\tdms_reader_frequency.py", line 60, in process_csv_file
    metadata = json.load(f)
NameError: name 'json' is not defined

2025-10-17 11:10:07-ERROR-[tdms_reader_frequency.py:136]-处理文件 20250620193812.362895.csv 时出错: name 'json' is not defined
2025-10-17 11:10:07-ERROR-[tdms_reader_frequency.py:138]-Traceback (most recent call last):
  File "C:\Users\17584\Documents\ALearning\Project\tools\DataProcess\src\data_io\tdms_reader_frequency.py", line 60, in process_csv_file
    metadata = json.load(f)
NameError: name 'json' is not defined

2025-10-17 11:10:07-INFO-[tdms_reader_frequency.py:54]-开始处理文件: D:/Lab/process/2025.6.20/time\backwatering\20250620193815.303531.csv
2025-10-17 11:10:07-INFO-[tdms_reader_frequency.py:54]-开始处理文件: D:/Lab/process/2025.6.20/time\backwatering\20250620193818.229423.csv
2025-10-17 11:10:07-ERROR-[tdms_reader_frequency.py:136]-处理文件 20250620193815.303531.csv 时出错: name 'json' is not defined
2025-10-17 11:10:07-ERROR-[tdms_reader_frequency.py:136]-处理文件 20250620193818.229423.csv 时出错: name 'json' is not defined
2025-10-17 11:10:07-ERROR-[tdms_reader_frequency.py:138]-Traceback (most recent call last):
  File "C:\Users\17584\Documents\ALearning\Project\tools\DataProcess\src\data_io\tdms_reader_frequency.py", line 60, in process_csv_file
    metadata = json.load(f)
NameError: name 'json' is not defined

2025-10-17 11:10:07-INFO-[tdms_reader_frequency.py:54]-开始处理文件: D:/Lab/process/2025.6.20/time\backwatering\20250620193821.140393.csv
2025-10-17 11:10:07-ERROR-[tdms_reader_frequency.py:138]-Traceback (most recent call last):
  File "C:\Users\17584\Documents\ALearning\Project\tools\DataProcess\src\data_io\tdms_reader_frequency.py", line 60, in process_csv_file
    metadata = json.load(f)
NameError: name 'json' is not defined

2025-10-17 11:10:07-ERROR-[tdms_reader_frequency.py:136]-处理文件 20250620193821.140393.csv 时出错: name 'json' is not defined
2025-10-17 11:10:07-ERROR-[tdms_reader_frequency.py:138]-Traceback (most recent call last):
  File "C:\Users\17584\Documents\ALearning\Project\tools\DataProcess\src\data_io\tdms_reader_frequency.py", line 60, in process_csv_file
    metadata = json.load(f)
NameError: name 'json' is not defined

2025-10-17 11:10:07-INFO-[tdms_reader_frequency.py:54]-开始处理文件: D:/Lab/process/2025.6.20/time\backwatering\20250620193824.039435.csv
2025-10-17 11:10:07-INFO-[tdms_reader_frequency.py:54]-开始处理文件: D:/Lab/process/2025.6.20/time\backwatering\20250620193827.003131.csv
2025-10-17 11:10:07-ERROR-[tdms_reader_frequency.py:136]-处理文件 20250620193827.003131.csv 时出错: name 'json' is not defined
2025-10-17 11:10:07-ERROR-[tdms_reader_frequency.py:136]-处理文件 20250620193824.039435.csv 时出错: name 'json' is not defined
2025-10-17 11:10:07-INFO-[tdms_reader_frequency.py:54]-开始处理文件: D:/Lab/process/2025.6.20/time\backwatering\20250620193829.938352.csv
2025-10-17 11:10:07-ERROR-[tdms_reader_frequency.py:138]-Traceback (most recent call last):
  File "C:\Users\17584\Documents\ALearning\Project\tools\DataProcess\src\data_io\tdms_reader_frequency.py", line 60, in process_csv_file
    metadata = json.load(f)
NameError: name 'json' is not defined

2025-10-17 11:10:07-ERROR-[tdms_reader_frequency.py:138]-Traceback (most recent call last):
  File "C:\Users\17584\Documents\ALearning\Project\tools\DataProcess\src\data_io\tdms_reader_frequency.py", line 60, in process_csv_file
    metadata = json.load(f)
NameError: name 'json' is not defined

2025-10-17 11:10:07-ERROR-[tdms_reader_frequency.py:136]-处理文件 20250620193829.938352.csv 时出错: name 'json' is not defined
2025-10-17 11:10:07-ERROR-[tdms_reader_frequency.py:138]-Traceback (most recent call last):
  File "C:\Users\17584\Documents\ALearning\Project\tools\DataProcess\src\data_io\tdms_reader_frequency.py", line 60, in process_csv_file
    metadata = json.load(f)
NameError: name 'json' is not defined

2025-10-17 11:10:07-INFO-[tdms_reader_frequency.py:54]-开始处理文件: D:/Lab/process/2025.6.20/time\backwatering\20250620193835.769193.csv
2025-10-17 11:10:07-INFO-[tdms_reader_frequency.py:54]-开始处理文件: D:/Lab/process/2025.6.20/time\backwatering\20250620193838.664452.csv
2025-10-17 11:10:07-ERROR-[tdms_reader_frequency.py:136]-处理文件 20250620193835.769193.csv 时出错: name 'json' is not defined
2025-10-17 11:10:07-ERROR-[tdms_reader_frequency.py:136]-处理文件 20250620193832.870292.csv 时出错: name 'json' is not defined
2025-10-17 11:10:07-ERROR-[tdms_reader_frequency.py:138]-Traceback (most recent call last):
  File "C:\Users\17584\Documents\ALearning\Project\tools\DataProcess\src\data_io\tdms_reader_frequency.py", line 60, in process_csv_file
    metadata = json.load(f)
NameError: name 'json' is not defined

2025-10-17 11:10:07-ERROR-[tdms_reader_frequency.py:138]-Traceback (most recent call last):
  File "C:\Users\17584\Documents\ALearning\Project\tools\DataProcess\src\data_io\tdms_reader_frequency.py", line 60, in process_csv_file
    metadata = json.load(f)
NameError: name 'json' is not defined

2025-10-17 11:10:07-INFO-[tdms_reader_frequency.py:54]-开始处理文件: D:/Lab/process/2025.6.20/time\backwatering\20250620193841.584246.csv
2025-10-17 11:10:07-INFO-[tdms_reader_frequency.py:54]-开始处理文件: D:/Lab/process/2025.6.20/time\backwatering\20250620193847.466852.csv
2025-10-17 11:10:07-ERROR-[tdms_reader_frequency.py:136]-处理文件 20250620193841.584246.csv 时出错: name 'json' is not defined
2025-10-17 11:10:07-INFO-[tdms_reader_frequency.py:54]-开始处理文件: D:/Lab/process/2025.6.20/time\backwatering\20250620193844.533171.csv
2025-10-17 11:10:07-ERROR-[tdms_reader_frequency.py:136]-处理文件 20250620193847.466852.csv 时出错: name 'json' is not defined
\Project\tools\DataProcess\src\data_io\tdms_reader_frequency.py", line 60, in process_csv_file
    metadata = json.load(f)
NameError: name 'json' is not defined

2025-10-17 11:10:07-ERROR-[tdms_reader_frequency.py:136]-处理文件 20250620193844.533171.csv 时出错: name 'json' is not defined
2025-10-17 11:10:07-ERROR-[tdms_reader_frequency.py:138]-Traceback (most recent call last):
  File "C:\Users\17584\Documents\ALearning\Project\tools\DataProcess\src\data_io\tdms_reader_frequency.py", line 60, in process_csv_file
    metadata = json.load(f)
NameError: name 'json' is not defined

2025-10-17 11:10:07-ERROR-[tdms_reader_frequency.py:138]-Traceback (most recent call last):
  File "C:\Users\17584\Documents\ALearning\Project\tools\DataProcess\src\data_io\tdms_reader_frequency.py", line 60, in process_csv_file
    metadata = json.load(f)
NameError: name 'json' is not defined

2025-10-17 11:10:07-INFO-[tdms_reader_frequency.py:54]-开始处理文件: D:/Lab/process/2025.6.20/time\backwatering\20250620193850.400394.csv
2025-10-17 11:10:07-INFO-[tdms_reader_frequency.py:54]-开始处理文件: D:/Lab/process/2025.6.20/time\backwatering\20250620193856.225711.csv
2025-10-17 11:10:07-INFO-[tdms_reader_frequency.py:54]-开始处理文件: D:/Lab/process/2025.6.20/time\backwatering\20250620193853.345024.csv
2025-10-17 11:10:07-ERROR-[tdms_reader_frequency.py:136]-处理文件 20250620193850.400394.csv 时出错: name 'json' is not defined
2025-10-17 11:10:07-ERROR-[tdms_reader_frequency.py:136]-处理文件 20250620193856.225711.csv 时出错: name 'json' is not defined
2025-10-17 11:10:07-ERROR-[tdms_reader_frequency.py:138]-Traceback (most recent call last):
  File "C:\Users\17584\Documents\ALearning\Project\tools\DataProcess\src\data_io\tdms_reader_frequency.py", line 60, in process_csv_file
    metadata = json.load(f)
NameError: name 'json' is not defined

2025-10-17 11:10:07-ERROR-[tdms_reader_frequency.py:136]-处理文件 20250620193853.345024.csv 时出错: name 'json' is not defined
2025-10-17 11:10:07-ERROR-[tdms_reader_frequency.py:138]-Traceback (most recent call last):
  File "C:\Users\17584\Documents\ALearning\Project\tools\DataProcess\src\data_io\tdms_reader_frequency.py", line 60, in process_csv_file
    metadata = json.load(f)
NameError: name 'json' is not defined

2025-10-17 11:10:07-ERROR-[tdms_reader_frequency.py:138]-Traceback (most recent call last):
  File "C:\Users\17584\Documents\ALearning\Project\tools\DataProcess\src\data_io\tdms_reader_frequency.py", line 60, in process_csv_file
    metadata = json.load(f)
NameError: name 'json' is not defined

2025-10-17 11:10:07-INFO-[tdms_reader_frequency.py:54]-开始处理文件: D:/Lab/process/2025.6.20/time\backwatering\20250620193859.168055.csv
2025-10-17 11:10:07-ERROR-[tdms_reader_frequency.py:136]-处理文件 20250620193859.168055.csv 时出错: name 'json' is not defined
2025-10-17 11:10:07-INFO-[tdms_reader_frequency.py:54]-开始处理文件: D:/Lab/process/2025.6.20/time\backwatering\20250620193905.056522.csv
2025-10-17 11:10:07-INFO-[tdms_reader_frequency.py:54]-开始处理文件: D:/Lab/process/2025.6.20/time\backwatering\20250620193902.126579.csv
2025-10-17 11:10:07-ERROR-[tdms_reader_frequency.py:138]-Traceback (most recent call last):
  File "C:\Users\17584\Documents\ALearning\Project\tools\DataProcess\src\data_io\tdms_reader_frequency.py", line 60, in process_csv_file
    metadata = json.load(f)
NameError: name 'json' is not defined

2025-10-17 11:10:07-ERROR-[tdms_reader_frequency.py:136]-处理文件 20250620193905.056522.csv 时出错: name 'json' is not defined
2025-10-17 11:10:07-ERROR-[tdms_reader_frequency.py:136]-处理文件 20250620193902.126579.csv 时出错: name 'json' is not defined
2025-10-17 11:10:07-ERROR-[tdms_reader_frequency.py:138]-Traceback (most recent call last):
  File "C:\Users\17584\Documents\ALearning\Project\tools\DataProcess\src\data_io\tdms_reader_frequency.py", line 60, in process_csv_file
    metadata = json.load(f)
NameError: name 'json' is not defined

2025-10-17 11:10:07-ERROR-[tdms_reader_frequency.py:138]-Traceback (most recent call last):
  File "C:\Users\17584\Documents\ALearning\Project\tools\DataProcess\src\data_io\tdms_reader_frequency.py", line 60, in process_csv_file
    metadata = json.load(f)
NameError: name 'json' is not defined

2025-10-17 11:10:07-INFO-[tdms_reader_frequency.py:54]-开始处理文件: D:/Lab/process/2025.6.20/time\backwatering\20250620193907.982947.csv
2025-10-17 11:10:07-ERROR-[tdms_reader_frequency.py:136]-处理文件 20250620193907.982947.csv 时出错: name 'json' is not defined
2025-10-17 11:10:07-INFO-[tdms_reader_frequency.py:54]-开始处理文件: D:/Lab/process/2025.6.20/time\backwatering\20250620193910.873333.csv
2025-10-17 11:10:07-INFO-[tdms_reader_frequency.py:54]-开始处理文件: D:/Lab/process/2025.6.20/time\backwatering\20250620193913.800929.csv
2025-10-17 11:10:07-ERROR-[tdms_reader_frequency.py:138]-Traceback (most recent call last):
  File "C:\Users\17584\Documents\ALearning\Project\tools\DataProcess\src\data_io\tdms_reader_frequency.py", line 60, in process_csv_file
    metadata = json.load(f)
NameError: name 'json' is not defined

2025-10-17 11:10:07-ERROR-[tdms_reader_frequency.py:136]-处理文件 20250620193910.873333.csv 时出错: name 'json' is not defined
2025-10-17 11:10:07-ERROR-[tdms_reader_frequency.py:136]-处理文件 20250620193913.800929.csv 时出错: name 'json' is not defined
2025-10-17 11:10:07-ERROR-[tdms_reader_frequency.py:138]-Traceback (most recent call last):
  File "C:\Users\17584\Documents\ALearning\Project\tools\DataProcess\src\data_io\tdms_reader_frequency.py", line 60, in process_csv_file
    metadata = json.load(f)
NameError: name 'json' is not defined

2025-10-17 11:10:07-ERROR-[tdms_reader_frequency.py:138]-Traceback (most recent call last):
  File "C:\Users\17584\Documents\ALearning\Project\tools\DataProcess\src\data_io\tdms_reader_frequency.py", line 60, in process_csv_file
    metadata = json.load(f)
NameError: name 'json' is not defined

2025-10-17 11:10:07-INFO-[tdms_reader_frequency.py:54]-开始处理文件: D:/Lab/process/2025.6.20/time\backwatering\20250620193916.714522.csv
2025-10-17 11:10:07-ERROR-[tdms_reader_frequency.py:136]-处理文件 20250620193916.714522.csv 时出错: name 'json' is not defined
2025-10-17 11:10:07-INFO-[tdms_reader_frequency.py:54]-开始处理文件: D:/Lab/process/2025.6.20/time\backwatering\20250620193919.648442.csv
2025-10-17 11:10:07-ERROR-[tdms_reader_frequency.py:138]-Traceback (most recent call last):
  File "C:\Users\17584\Documents\ALearning\Project\tools\DataProcess\src\data_io\tdms_reader_frequency.py", line 60, in process_csv_file
    metadata = json.load(f)
NameError: name 'json' is not defined

2025-10-17 11:10:07-ERROR-[tdms_reader_frequency.py:136]-处理文件 20250620193919.648442.csv 时出错: name 'json' is not defined
2025-10-17 11:10:07-INFO-[tdms_reader_frequency.py:54]-开始处理文件: D:/Lab/process/2025.6.20/time\backwatering\20250620193922.601949.csv
2025-10-17 11:10:07-ERROR-[tdms_reader_frequency.py:138]-Traceback (most recent call last):
  File "C:\Users\17584\Documents\ALearning\Project\tools\DataProcess\src\data_io\tdms_reader_frequency.py", line 60, in process_csv_file
    metadata = json.load(f)
NameError: name 'json' is not defined

2025-10-17 11:10:07-ERROR-[tdms_reader_frequency.py:136]-处理文件 20250620193922.601949.csv 时出错: name 'json' is not defined
2025-10-17 11:10:07-ERROR-[tdms_reader_frequency.py:138]-Traceback (most recent call last):
  File "C:\Users\17584\Documents\ALearning\Project\tools\DataProcess\src\data_io\tdms_reader_frequency.py", line 60, in process_csv_file
    metadata = json.load(f)
NameError: name 'json' is not defined

2025-10-17 11:10:07-INFO-[tdms_reader_frequency.py:54]-开始处理文件: D:/Lab/process/2025.6.20/time\backwatering\20250620193925.583770.csv
2025-10-17 11:10:07-ERROR-[tdms_reader_frequency.py:136]-处理文件 20250620193925.583770.csv 时出错: name 'json' is not defined
2025-10-17 11:10:07-INFO-[tdms_reader_frequency.py:54]-开始处理文件: D:/Lab/process/2025.6.20/time\backwatering\20250620193928.513572.csv
2025-10-17 11:10:07-ERROR-[tdms_reader_frequency.py:138]-Traceback (most recent call last):
  File "C:\Users\17584\Documents\ALearning\Project\tools\DataProcess\src\data_io\tdms_reader_frequency.py", line 60, in process_csv_file
    metadata = json.load(f)
NameError: name 'json' is not defined

2025-10-17 11:10:07-ERROR-[tdms_reader_frequency.py:136]-处理文件 20250620193928.513572.csv 时出错: name 'json' is not defined
2025-10-17 11:10:07-INFO-[tdms_reader_frequency.py:54]-开始处理文件: D:/Lab/process/2025.6.20/time\backwatering\20250620193931.418785.csv
2025-10-17 11:10:07-INFO-[tdms_reader_frequency.py:54]-开始处理文件: D:/Lab/process/2025.6.20/time\backwatering\20250620194609.324848.csv
2025-10-17 11:10:07-ERROR-[tdms_reader_frequency.py:136]-处理文件 20250620193931.418785.csv 时出错: name 'json' is not defined
2025-10-17 11:10:07-ERROR-[tdms_reader_frequency.py:136]-处理文件 20250620194609.324848.csv 时出错: name 'json' is not defined
2025-10-17 11:10:07-ERROR-[tdms_reader_frequency.py:138]-Traceback (most recent call last):
  File "C:\Users\17584\Documents\ALearning\Project\tools\DataProcess\src\data_io\tdms_reader_frequency.py", line 60, in process_csv_file
    metadata = json.load(f)
NameError: name 'json' is not defined

2025-10-17 11:10:07-ERROR-[tdms_reader_frequency.py:138]-Traceback (most recent call last):
  File "C:\Users\17584\Documents\ALearning\Project\tools\DataProcess\src\data_io\tdms_reader_frequency.py", line 60, in process_csv_file
    metadata = json.load(f)
NameError: name 'json' is not defined

2025-10-17 11:10:07-ERROR-[tdms_reader_frequency.py:138]-Traceback (most recent call last):
  File "C:\Users\17584\Documents\ALearning\Project\tools\DataProcess\src\data_io\tdms_reader_frequency.py", line 60, in process_csv_file
    metadata = json.load(f)
NameError: name 'json' is not defined

2025-10-17 11:10:07-INFO-[tdms_reader_frequency.py:54]-开始处理文件: D:/Lab/process/2025.6.20/time\stopdirtyback\20250620203652.803200.csv
2025-10-17 11:10:07-ERROR-[tdms_reader_frequency.py:136]-处理文件 20250620203652.803200.csv 时出错: name 'json' is not defined
2025-10-17 11:10:07-ERROR-[tdms_reader_frequency.py:138]-Traceback (most recent call last):
  File "C:\Users\17584\Documents\ALearning\Project\tools\DataProcess\src\data_io\tdms_reader_frequency.py", line 60, in process_csv_file
    metadata = json.load(f)
NameError: name 'json' is not defined

2025-10-17 11:10:07-INFO-[tdms_reader_frequency.py:54]-开始处理文件: D:/Lab/process/2025.6.20/time\stopdirtyback\20250620203658.518572.csv
2025-10-17 11:10:07-INFO-[tdms_reader_frequency.py:54]-开始处理文件: D:/Lab/process/2025.6.20/time\stopdirtyback\20250620203655.750625.csv
2025-10-17 11:10:07-INFO-[tdms_reader_frequency.py:54]-开始处理文件: D:/Lab/process/2025.6.20/time\stopdirtyback\20250620203701.532839.csv
2025-10-17 11:10:07-ERROR-[tdms_reader_frequency.py:136]-处理文件 20250620203701.532839.csv 时出错: name 'json' is not defined
2025-10-17 11:10:07-ERROR-[tdms_reader_frequency.py:136]-处理文件 20250620203658.518572.csv 时出错: name 'json' is not defined
2025-10-17 11:10:07-ERROR-[tdms_reader_frequency.py:136]-处理文件 20250620203655.750625.csv 时出错: name 'json' is not defined
2025-10-17 11:10:07-ERROR-[tdms_reader_frequency.py:138]-Traceback (most recent call last):
  File "C:\Users\17584\Documents\ALearning\Project\tools\DataProcess\src\data_io\tdms_reader_frequency.py", line 60, in process_csv_file
    metadata = json.load(f)
NameError: name 'json' is not defined

2025-10-17 11:10:07-ERROR-[tdms_reader_frequency.py:138]-Traceback (most recent call last):
  File "C:\Users\17584\Documents\ALearning\Project\tools\DataProcess\src\data_io\tdms_reader_frequency.py", line 60, in process_csv_file
    metadata = json.load(f)
NameError: name 'json' is not defined

2025-10-17 11:10:07-INFO-[tdms_reader_frequency.py:54]-开始处理文件: D:/Lab/process/2025.6.20/time\stopdirtyback\20250620203704.513334.csv
2025-10-17 11:10:07-ERROR-[tdms_reader_frequency.py:138]-Traceback (most recent call last):
  File "C:\Users\17584\Documents\ALearning\Project\tools\DataProcess\src\data_io\tdms_reader_frequency.py", line 60, in process_csv_file
    metadata = json.load(f)
NameError: name 'json' is not defined

2025-10-17 11:10:07-ERROR-[tdms_reader_frequency.py:136]-处理文件 20250620203704.513334.csv 时出错: name 'json' is not defined
2025-10-17 11:10:07-INFO-[tdms_reader_frequency.py:54]-开始处理文件: D:/Lab/process/2025.6.20/time\stopdirtyback\20250620203707.478189.csv
2025-10-17 11:10:07-ERROR-[tdms_reader_frequency.py:138]-Traceback (most recent call last):
  File "C:\Users\17584\Documents\ALearning\Project\tools\DataProcess\src\data_io\tdms_reader_frequency.py", line 60, in process_csv_file
    metadata = json.load(f)
NameError: name 'json' is not defined

2025-10-17 11:10:07-ERROR-[tdms_reader_frequency.py:136]-处理文件 20250620203707.478189.csv 时出错: name 'json' is not defined
2025-10-17 11:10:07-ERROR-[tdms_reader_frequency.py:138]-Traceback (most recent call last):
  File "C:\Users\17584\Documents\ALearning\Project\tools\DataProcess\src\data_io\tdms_reader_frequency.py", line 60, in process_csv_file
    metadata = json.load(f)
NameError: name 'json' is not defined

2025-10-17 11:10:07-INFO-[tdms_reader_frequency.py:54]-开始处理文件: D:/Lab/process/2025.6.20/time\stopdirtyback\20250620203710.409991.csv
2025-10-17 11:10:07-ERROR-[tdms_reader_frequency.py:136]-处理文件 20250620203710.409991.csv 时出错: name 'json' is not defined
2025-10-17 11:10:07-INFO-[tdms_reader_frequency.py:54]-开始处理文件: D:/Lab/process/2025.6.20/time\stopdirtyback\20250620203713.390256.csv
2025-10-17 11:10:07-INFO-[tdms_reader_frequency.py:54]-开始处理文件: D:/Lab/process/2025.6.20/time\stopdirtyback\20250620203716.299159.csv
2025-10-17 11:10:07-ERROR-[tdms_reader_frequency.py:138]-Traceback (most recent call last):
  File "C:\Users\17584\Documents\ALearning\Project\tools\DataProcess\src\data_io\tdms_reader_frequency.py", line 60, in process_csv_file
    metadata = json.load(f)
NameError: name 'json' is not defined

2025-10-17 11:10:07-ERROR-[tdms_reader_frequency.py:136]-处理文件 20250620203713.390256.csv 时出错: name 'json' is not defined
2025-10-17 11:10:07-ERROR-[tdms_reader_frequency.py:136]-处理文件 20250620203716.299159.csv 时出错: name 'json' is not defined
2025-10-17 11:10:07-ERROR-[tdms_reader_frequency.py:138]-Traceback (most recent call last):
  File "C:\Users\17584\Documents\ALearning\Project\tools\DataProcess\src\data_io\tdms_reader_frequency.py", line 60, in process_csv_file
    metadata = json.load(f)
NameError: name 'json' is not defined

2025-10-17 11:10:07-ERROR-[tdms_reader_frequency.py:138]-Traceback (most recent call last):
  File "C:\Users\17584\Documents\ALearning\Project\tools\DataProcess\src\data_io\tdms_reader_frequency.py", line 60, in process_csv_file
    metadata = json.load(f)
NameError: name 'json' is not defined

2025-10-17 11:10:07-INFO-[tdms_reader_frequency.py:54]-开始处理文件: D:/Lab/process/2025.6.20/time\stopdirtyback\20250620203719.208527.csv
2025-10-17 11:10:07-INFO-[tdms_reader_frequency.py:54]-开始处理文件: D:/Lab/process/2025.6.20/time\stopdirtyback\20250620203722.132566.csv
2025-10-17 11:10:07-ERROR-[tdms_reader_frequency.py:136]-处理文件 20250620203719.208527.csv 时出错: name 'json' is not defined
2025-10-17 11:10:07-ERROR-[tdms_reader_frequency.py:136]-处理文件 20250620203722.132566.csv 时出错: name 'json' is not defined
2025-10-17 11:10:07-ERROR-[tdms_reader_frequency.py:138]-Traceback (most recent call last):
  File "C:\Users\17584\Documents\ALearning\Project\tools\DataProcess\src\data_io\tdms_reader_frequency.py", line 60, in process_csv_file
    metadata = json.load(f)
NameError: name 'json' is not defined

2025-10-17 11:10:07-ERROR-[tdms_reader_frequency.py:138]-Traceback (most recent call last):
  File "C:\Users\17584\Documents\ALearning\Project\tools\DataProcess\src\data_io\tdms_reader_frequency.py", line 60, in process_csv_file
    metadata = json.load(f)
NameError: name 'json' is not defined

2025-10-17 11:10:07-INFO-[tdms_reader_frequency.py:54]-开始处理文件: D:/Lab/process/2025.6.20/time\stopdirtyback\20250620203725.055667.csv
2025-10-17 11:10:07-INFO-[tdms_reader_frequency.py:54]-开始处理文件: D:/Lab/process/2025.6.20/time\stopdirtyback\20250620203727.976887.csv
2025-10-17 11:10:07-INFO-[tdms_reader_frequency.py:54]-开始处理文件: D:/Lab/process/2025.6.20/time\stopdirtyback\20250620203730.949081.csv
2025-10-17 11:10:07-ERROR-[tdms_reader_frequency.py:136]-处理文件 20250620203725.055667.csv 时出错: name 'json' is not defined
2025-10-17 11:10:07-ERROR-[tdms_reader_frequency.py:136]-处理文件 20250620203727.976887.csv 时出错: name 'json' is not defined
2025-10-17 11:10:07-ERROR-[tdms_reader_frequency.py:136]-处理文件 20250620203730.949081.csv 时出错: name 'json' is not defined
2025-10-17 11:10:07-ERROR-[tdms_reader_frequency.py:138]-Traceback (most recent call last):
  File "C:\Users\17584\Documents\ALearning\Project\tools\DataProcess\src\data_io\tdms_reader_frequency.py", line 60, in process_csv_file
    metadata = json.load(f)
NameError: name 'json' is not defined

2025-10-17 11:10:07-ERROR-[tdms_reader_frequency.py:138]-Traceback (most recent call last):
  File "C:\Users\17584\Documents\ALearning\Project\tools\DataProcess\src\data_io\tdms_reader_frequency.py", line 60, in process_csv_file
    metadata = json.load(f)
NameError: name 'json' is not defined

2025-10-17 11:10:07-ERROR-[tdms_reader_frequency.py:138]-Traceback (most recent call last):
  File "C:\Users\17584\Documents\ALearning\Project\tools\DataProcess\src\data_io\tdms_reader_frequency.py", line 60, in process_csv_file
    metadata = json.load(f)
NameError: name 'json' is not defined

2025-10-17 11:10:07-INFO-[tdms_reader_frequency.py:54]-开始处理文件: D:/Lab/process/2025.6.20/time\stopdirtyback\20250620203733.850068.csv
2025-10-17 11:10:07-INFO-[tdms_reader_frequency.py:54]-开始处理文件: D:/Lab/process/2025.6.20/time\stopdirtyback\20250620203736.809154.csv
2025-10-17 11:10:07-ERROR-[tdms_reader_frequency.py:136]-处理文件 20250620203733.850068.csv 时出错: name 'json' is not defined
2025-10-17 11:10:07-ERROR-[tdms_reader_frequency.py:136]-处理文件 20250620203736.809154.csv 时出错: name 'json' is not defined
2025-10-17 11:10:07-ERROR-[tdms_reader_frequency.py:138]-Traceback (most recent call last):
  File "C:\Users\17584\Documents\ALearning\Project\tools\DataProcess\src\data_io\tdms_reader_frequency.py", line 60, in process_csv_file
    metadata = json.load(f)
NameError: name 'json' is not defined

2025-10-17 11:10:07-ERROR-[tdms_reader_frequency.py:138]-Traceback (most recent call last):
  File "C:\Users\17584\Documents\ALearning\Project\tools\DataProcess\src\data_io\tdms_reader_frequency.py", line 60, in process_csv_file
    metadata = json.load(f)
NameError: name 'json' is not defined

2025-10-17 11:10:07-INFO-[tdms_reader_frequency.py:54]-开始处理文件: D:/Lab/process/2025.6.20/time\stopdirtyback\20250620203742.636087.csv
2025-10-17 11:10:07-INFO-[tdms_reader_frequency.py:54]-开始处理文件: D:/Lab/process/2025.6.20/time\stopdirtyback\20250620203745.567957.csv
2025-10-17 11:10:07-ERROR-[tdms_reader_frequency.py:136]-处理文件 20250620203742.636087.csv 时出错: name 'json' is not defined
2025-10-17 11:10:07-ERROR-[tdms_reader_frequency.py:136]-处理文件 20250620203745.567957.csv 时出错: name 'json' is not defined
2025-10-17 11:10:07-ERROR-[tdms_reader_frequency.py:138]-Traceback (most recent call last):
  File "C:\Users\17584\Documents\ALearning\Project\tools\DataProcess\src\data_io\tdms_reader_frequency.py", line 60, in process_csv_file
    metadata = json.load(f)
NameError: name 'json' is not defined

2025-10-17 11:10:07-ERROR-[tdms_reader_frequency.py:138]-Traceback (most recent call last):
  File "C:\Users\17584\Documents\ALearning\Project\tools\DataProcess\src\data_io\tdms_reader_frequency.py", line 60, in process_csv_file
    metadata = json.load(f)
NameError: name 'json' is not defined

2025-10-17 11:10:07-ERROR-[tdms_reader_frequency.py:138]-Traceback (most recent call last):
  File "C:\Users\17584\Documents\ALearning\Project\tools\DataProcess\src\data_io\tdms_reader_frequency.py", line 60, in process_csv_file
    metadata = json.load(f)
NameError: name 'json' is not defined

2025-10-17 11:10:07-INFO-[tdms_reader_frequency.py:54]-开始处理文件: D:/Lab/process/2025.6.20/time\stopdirtyback\20250620203751.394046.csv
2025-10-17 11:10:07-INFO-[tdms_reader_frequency.py:54]-开始处理文件: D:/Lab/process/2025.6.20/time\stopdirtyback\20250620203748.493319.csv
2025-10-17 11:10:07-ERROR-[tdms_reader_frequency.py:136]-处理文件 20250620203748.493319.csv 时出错: name 'json' is not defined
2025-10-17 11:10:07-ERROR-[tdms_reader_frequency.py:138]-Traceback (most recent call last):
  File "C:\Users\17584\Documents\ALearning\Project\tools\DataProcess\src\data_io\tdms_reader_frequency.py", line 60, in process_csv_file
    metadata = json.load(f)
NameError: name 'json' is not defined

2025-10-17 11:10:07-ERROR-[tdms_reader_frequency.py:138]-Traceback (most recent call last):
  File "C:\Users\17584\Documents\ALearning\Project\tools\DataProcess\src\data_io\tdms_reader_frequency.py", line 60, in process_csv_file
    metadata = json.load(f)
NameError: name 'json' is not defined

2025-10-17 11:10:07-INFO-[tdms_reader_frequency.py:54]-开始处理文件: D:/Lab/process/2025.6.20/time\stopdirtyback\20250620203754.381011.csv
2025-10-17 11:10:07-ERROR-[tdms_reader_frequency.py:136]-处理文件 20250620203754.381011.csv 时出错: name 'json' is not defined
2025-10-17 11:10:07-ERROR-[tdms_reader_frequency.py:138]-Traceback (most recent call last):
  File "C:\Users\17584\Documents\ALearning\Project\tools\DataProcess\src\data_io\tdms_reader_frequency.py", line 60, in process_csv_file
    metadata = json.load(f)
NameError: name 'json' is not defined

2025-10-17 11:10:07-INFO-[tdms_reader_frequency.py:54]-开始处理文件: D:/Lab/process/2025.6.20/time\stopdirtyback\20250620203757.355624.csv
2025-10-17 11:10:07-INFO-[tdms_reader_frequency.py:54]-开始处理文件: D:/Lab/process/2025.6.20/time\stopdirtyback\20250620203800.231357.csv
2025-10-17 11:10:07-INFO-[tdms_reader_frequency.py:54]-开始处理文件: D:/Lab/process/2025.6.20/time\test\20250620193223.119184.csv
2025-10-17 11:10:07-ERROR-[tdms_reader_frequency.py:136]-处理文件 20250620203757.355624.csv 时出错: name 'json' is not defined
2025-10-17 11:10:07-ERROR-[tdms_reader_frequency.py:136]-处理文件 20250620203800.231357.csv 时出错: name 'json' is not defined
2025-10-17 11:10:07-ERROR-[tdms_reader_frequency.py:136]-处理文件 20250620193223.119184.csv 时出错: name 'json' is not defined
2025-10-17 11:10:07-ERROR-[tdms_reader_frequency.py:138]-Traceback (most recent call last):
  File "C:\Users\17584\Documents\ALearning\Project\tools\DataProcess\src\data_io\tdms_reader_frequency.py", line 60, in process_csv_file
    metadata = json.load(f)
NameError: name 'json' is not defined

2025-10-17 11:10:07-ERROR-[tdms_reader_frequency.py:138]-Traceback (most recent call last):
  File "C:\Users\17584\Documents\ALearning\Project\tools\DataProcess\src\data_io\tdms_reader_frequency.py", line 60, in process_csv_file
    metadata = json.load(f)
NameError: name 'json' is not defined

2025-10-17 11:10:07-INFO-[tdms_reader_frequency.py:54]-开始处理文件: D:/Lab/process/2025.6.20/time\test\20250620193226.144821.csv
2025-10-17 11:10:07-ERROR-[tdms_reader_frequency.py:138]-Traceback (most recent call last):
  File "C:\Users\17584\Documents\ALearning\Project\tools\DataProcess\src\data_io\tdms_reader_frequency.py", line 60, in process_csv_file
    metadata = json.load(f)
NameError: name 'json' is not defined

2025-10-17 11:10:07-ERROR-[tdms_reader_frequency.py:136]-处理文件 20250620193229.092219.csv 时出错: name 'json' is not defined
2025-10-17 11:10:07-ERROR-[tdms_reader_frequency.py:136]-处理文件 20250620193226.144821.csv 时出错: name 'json' is not defined
2025-10-17 11:10:07-ERROR-[tdms_reader_frequency.py:138]-Traceback (most recent call last):
  File "C:\Users\17584\Documents\ALearning\Project\tools\DataProcess\src\data_io\tdms_reader_frequency.py", line 60, in process_csv_file
    metadata = json.load(f)
NameError: name 'json' is not defined

2025-10-17 11:10:07-ERROR-[tdms_reader_frequency.py:138]-Traceback (most recent call last):
  File "C:\Users\17584\Documents\ALearning\Project\tools\DataProcess\src\data_io\tdms_reader_frequency.py", line 60, in process_csv_file
    metadata = json.load(f)
NameError: name 'json' is not defined

2025-10-17 11:10:07-INFO-[tdms_reader_frequency.py:54]-开始处理文件: D:/Lab/process/2025.6.20/time\test\20250620193232.047310.csv
2025-10-17 11:10:07-ERROR-[tdms_reader_frequency.py:136]-处理文件 20250620193232.047310.csv 时出错: name 'json' is not defined
2025-10-17 11:10:07-ERROR-[tdms_reader_frequency.py:138]-Traceback (most recent call last):
  File "C:\Users\17584\Documents\ALearning\Project\tools\DataProcess\src\data_io\tdms_reader_frequency.py", line 60, in process_csv_file
    metadata = json.load(f)
NameError: name 'json' is not defined

2025-10-17 11:10:07-INFO-[tdms_reader_frequency.py:54]-开始处理文件: D:/Lab/process/2025.6.20/time\test\20250620193234.988384.csv
2025-10-17 11:10:07-INFO-[tdms_reader_frequency.py:54]-开始处理文件: D:/Lab/process/2025.6.20/time\test\20250620193237.935547.csv
2025-10-17 11:10:07-ERROR-[tdms_reader_frequency.py:136]-处理文件 20250620193234.988384.csv 时出错: name 'json' is not defined
2025-10-17 11:10:07-INFO-[tdms_reader_frequency.py:54]-开始处理文件: D:/Lab/process/2025.6.20/time\test\20250620193240.864516.csv
2025-10-17 11:10:07-ERROR-[tdms_reader_frequency.py:138]-Traceback (most recent call last):
  File "C:\Users\17584\Documents\ALearning\Project\tools\DataProcess\src\data_io\tdms_reader_frequency.py", line 60, in process_csv_file
    metadata = json.load(f)
NameError: name 'json' is not defined

2025-10-17 11:10:07-ERROR-[tdms_reader_frequency.py:136]-处理文件 20250620193237.935547.csv 时出错: name 'json' is not defined
2025-10-17 11:10:07-ERROR-[tdms_reader_frequency.py:136]-处理文件 20250620193240.864516.csv 时出错: name 'json' is not defined
2025-10-17 11:10:07-INFO-[tdms_reader_frequency.py:54]-开始处理文件: D:/Lab/process/2025.6.20/time\test\20250620193243.809867.csv
2025-10-17 11:10:07-ERROR-[tdms_reader_frequency.py:138]-Traceback (most recent call last):
  File "C:\Users\17584\Documents\ALearning\Project\tools\DataProcess\src\data_io\tdms_reader_frequency.py", line 60, in process_csv_file
    metadata = json.load(f)
NameError: name 'json' is not defined

2025-10-17 11:10:07-INFO-[tdms_reader_frequency.py:54]-开始处理文件: D:/Lab/process/2025.6.20/time\test\20250620193246.763908.csv
2025-10-17 11:10:07-ERROR-[tdms_reader_frequency.py:138]-Traceback (most recent call last):
  File "C:\Users\17584\Documents\ALearning\Project\tools\DataProcess\src\data_io\tdms_reader_frequency.py", line 60, in process_csv_file
    metadata = json.load(f)
NameError: name 'json' is not defined

2025-10-17 11:10:07-ERROR-[tdms_reader_frequency.py:136]-处理文件 20250620193243.809867.csv 时出错: name 'json' is not defined
2025-10-17 11:10:07-ERROR-[tdms_reader_frequency.py:136]-处理文件 20250620193246.763908.csv 时出错: name 'json' is not defined
2025-10-17 11:10:07-ERROR-[tdms_reader_frequency.py:138]-Traceback (most recent call last):
  File "C:\Users\17584\Documents\ALearning\Project\tools\DataProcess\src\data_io\tdms_reader_frequency.py", line 60, in process_csv_file
    metadata = json.load(f)
NameError: name 'json' is not defined

2025-10-17 11:10:07-INFO-[tdms_reader_frequency.py:54]-开始处理文件: D:/Lab/process/2025.6.20/time\test\20250620193249.732466.csv
2025-10-17 11:10:07-ERROR-[tdms_reader_frequency.py:138]-Traceback (most recent call last):
  File "C:\Users\17584\Documents\ALearning\Project\tools\DataProcess\src\data_io\tdms_reader_frequency.py", line 60, in process_csv_file
    metadata = json.load(f)
NameError: name 'json' is not defined

2025-10-17 11:10:07-ERROR-[tdms_reader_frequency.py:136]-处理文件 20250620193249.732466.csv 时出错: name 'json' is not defined
2025-10-17 11:10:07-ERROR-[tdms_reader_frequency.py:138]-Traceback (most recent call last):
  File "C:\Users\17584\Documents\ALearning\Project\tools\DataProcess\src\data_io\tdms_reader_frequency.py", line 60, in process_csv_file
    metadata = json.load(f)
NameError: name 'json' is not defined

2025-10-17 11:10:07-INFO-[tdms_reader_frequency.py:54]-开始处理文件: D:/Lab/process/2025.6.20/time\test\20250620193252.662583.csv
2025-10-17 11:10:07-INFO-[tdms_reader_frequency.py:54]-开始处理文件: D:/Lab/process/2025.6.20/time\test\20250620193255.616210.csv
2025-10-17 11:10:07-ERROR-[tdms_reader_frequency.py:136]-处理文件 20250620193252.662583.csv 时出错: name 'json' is not defined
2025-10-17 11:10:07-INFO-[tdms_reader_frequency.py:54]-开始处理文件: D:/Lab/process/2025.6.20/time\test\20250620193258.574172.csv
2025-10-17 11:10:07-ERROR-[tdms_reader_frequency.py:136]-处理文件 20250620193255.616210.csv 时出错: name 'json' is not defined
2025-10-17 11:10:07-ERROR-[tdms_reader_frequency.py:138]-Traceback (most recent call last):
  File "C:\Users\17584\Documents\ALearning\Project\tools\DataProcess\src\data_io\tdms_reader_frequency.py", line 60, in process_csv_file
    metadata = json.load(f)
NameError: name 'json' is not defined

2025-10-17 11:10:07-INFO-[tdms_reader_frequency.py:54]-开始处理文件: D:/Lab/process/2025.6.20/time\test\20250620193301.508846.csv
2025-10-17 11:10:07-ERROR-[tdms_reader_frequency.py:136]-处理文件 20250620193258.574172.csv 时出错: name 'json' is not defined
2025-10-17 11:10:07-ERROR-[tdms_reader_frequency.py:138]-Traceback (most recent call last):
  File "C:\Users\17584\Documents\ALearning\Project\tools\DataProcess\src\data_io\tdms_reader_frequency.py", line 60, in process_csv_file
    metadata = json.load(f)
NameError: name 'json' is not defined

2025-10-17 11:10:07-ERROR-[tdms_reader_frequency.py:136]-处理文件 20250620193301.508846.csv 时出错: name 'json' is not defined

2025-10-17 11:10:07-ERROR-[tdms_reader_frequency.py:138]-Traceback (most recent call last):
  File "C:\Users\17584\Documents\ALearning\Project\tools\DataProcess\src\data_io\tdms_reader_frequency.py", line 60, in process_csv_file
    metadata = json.load(f)
NameError: name 'json' is not defined

2025-10-17 11:10:07-ERROR-[tdms_reader_frequency.py:138]-Traceback (most recent call last):
  File "C:\Users\17584\Documents\ALearning\Project\tools\DataProcess\src\data_io\tdms_reader_frequency.py", line 60, in process_csv_file
    metadata = json.load(f)
NameError: name 'json' is not defined

2025-10-17 11:10:07-INFO-[tdms_reader_frequency.py:54]-开始处理文件: D:/Lab/process/2025.6.20/time\test\20250620193307.430461.csv
2025-10-17 11:10:07-ERROR-[tdms_reader_frequency.py:136]-处理文件 20250620193304.484258.csv 时出错: name 'json' is not defined
2025-10-17 11:10:07-ERROR-[tdms_reader_frequency.py:136]-处理文件 20250620193307.430461.csv 时出错: name 'json' is not defined
2025-10-17 11:10:07-ERROR-[tdms_reader_frequency.py:138]-Traceback (most recent call last):
  File "C:\Users\17584\Documents\ALearning\Project\tools\DataProcess\src\data_io\tdms_reader_frequency.py", line 60, in process_csv_file
    metadata = json.load(f)
NameError: name 'json' is not defined

2025-10-17 11:10:07-ERROR-[tdms_reader_frequency.py:138]-Traceback (most recent call last):
  File "C:\Users\17584\Documents\ALearning\Project\tools\DataProcess\src\data_io\tdms_reader_frequency.py", line 60, in process_csv_file
    metadata = json.load(f)
NameError: name 'json' is not defined

2025-10-17 11:10:08-INFO-[tdms_reader_frequency.py:54]-开始处理文件: D:/Lab/process/2025.6.20/time\test\20250620193310.390563.csv
2025-10-17 11:10:08-INFO-[tdms_reader_frequency.py:54]-开始处理文件: D:/Lab/process/2025.6.20/time\test\20250620193313.360571.csv
2025-10-17 11:10:08-ERROR-[tdms_reader_frequency.py:136]-处理文件 20250620193310.390563.csv 时出错: name 'json' is not defined
2025-10-17 11:10:08-ERROR-[tdms_reader_frequency.py:136]-处理文件 20250620193313.360571.csv 时出错: name 'json' is not defined
2025-10-17 11:10:08-ERROR-[tdms_reader_frequency.py:138]-Traceback (most recent call last):
  File "C:\Users\17584\Documents\ALearning\Project\tools\DataProcess\src\data_io\tdms_reader_frequency.py", line 60, in process_csv_file
    metadata = json.load(f)
NameError: name 'json' is not defined

2025-10-17 11:10:08-ERROR-[tdms_reader_frequency.py:138]-Traceback (most recent call last):
  File "C:\Users\17584\Documents\ALearning\Project\tools\DataProcess\src\data_io\tdms_reader_frequency.py", line 60, in process_csv_file
    metadata = json.load(f)
NameError: name 'json' is not defined

2025-10-17 11:10:08-INFO-[tdms_reader_frequency.py:54]-开始处理文件: D:/Lab/process/2025.6.20/time\test\20250620193316.385404.csv
2025-10-17 11:10:08-INFO-[tdms_reader_frequency.py:54]-开始处理文件: D:/Lab/process/2025.6.20/time\test\20250620193319.359090.csv
2025-10-17 11:10:08-ERROR-[tdms_reader_frequency.py:136]-处理文件 20250620193316.385404.csv 时出错: name 'json' is not defined
2025-10-17 11:10:08-INFO-[tdms_reader_frequency.py:54]-开始处理文件: D:/Lab/process/2025.6.20/time\test\20250620193322.349448.csv
2025-10-17 11:10:08-ERROR-[tdms_reader_frequency.py:138]-Traceback (most recent call last):
  File "C:\Users\17584\Documents\ALearning\Project\tools\DataProcess\src\data_io\tdms_reader_frequency.py", line 60, in process_csv_file
    metadata = json.load(f)
NameError: name 'json' is not defined

2025-10-17 11:10:08-INFO-[tdms_reader_frequency.py:54]-开始处理文件: D:/Lab/process/2025.6.20/time\test\20250620193325.269995.csv
2025-10-17 11:10:08-ERROR-[tdms_reader_frequency.py:136]-处理文件 20250620193322.349448.csv 时出错: name 'json' is not defined
2025-10-17 11:10:08-ERROR-[tdms_reader_frequency.py:138]-Traceback (most recent call last):
  File "C:\Users\17584\Documents\ALearning\Project\tools\DataProcess\src\data_io\tdms_reader_frequency.py", line 60, in process_csv_file
    metadata = json.load(f)
NameError: name 'json' is not defined

2025-10-17 11:10:08-ERROR-[tdms_reader_frequency.py:138]-Traceback (most recent call last):
  File "C:\Users\17584\Documents\ALearning\Project\tools\DataProcess\src\data_io\tdms_reader_frequency.py", line 60, in process_csv_file
    metadata = json.load(f)
NameError: name 'json' is not defined

2025-10-17 11:10:08-ERROR-[tdms_reader_frequency.py:136]-处理文件 20250620193325.269995.csv 时出错: name 'json' is not defined
2025-10-17 11:10:08-ERROR-[tdms_reader_frequency.py:138]-Traceback (most recent call last):
  File "C:\Users\17584\Documents\ALearning\Project\tools\DataProcess\src\data_io\tdms_reader_frequency.py", line 60, in process_csv_file
    metadata = json.load(f)
NameError: name 'json' is not defined

2025-10-17 11:10:08-INFO-[tdms_reader_frequency.py:190]-所有文件处理完成
2025-10-17 11:10:08-INFO-[main.py:60]------------------------------执行完成-----------------------------
2025-10-17 11:10:21-INFO-[main.py:28]--------------------------启动数据分析系统-------------------------
2025-10-17 11:10:21-INFO-[file_utils.py:39]-paths.yaml 生成成功: C:\Users\17584\Documents\ALearning\Project\tools\DataProcess\config\paths.yaml
2025-10-17 11:10:21-INFO-[tdms_reader_frequency.py:20]-配置文件加载成功: C:\Users\17584\Documents\ALearning\Project\tools\DataProcess\config\paths.yaml
2025-10-17 11:10:21-INFO-[tdms_reader_frequency.py:171]-输入数据目录: D:/Lab/process/2025.6.20/time
2025-10-17 11:10:21-INFO-[tdms_reader_frequency.py:172]-输出目录: D:/Lab/process/2025.6.20/frequency
2025-10-17 11:10:21-INFO-[tdms_reader_frequency.py:185]-找到 164 个CSV文件
2025-10-17 11:10:21-INFO-[tdms_reader_frequency.py:188]-开始并行处理文件...
2025-10-17 11:10:24-INFO-[tdms_reader_frequency.py:55]-开始处理文件: D:/Lab/process/2025.6.20/time\30hz\20250620205455.361056.csv
2025-10-17 11:10:24-INFO-[tdms_reader_frequency.py:63]-使用元数据采样率: 199999.99999999997 Hz
2025-10-17 11:10:24-INFO-[tdms_reader_frequency.py:55]-开始处理文件: D:/Lab/process/2025.6.20/time\30hz\20250620205458.257609.csv
2025-10-17 11:10:24-INFO-[tdms_reader_frequency.py:63]-使用元数据采样率: 199999.99999999997 Hz
2025-10-17 11:10:24-INFO-[tdms_reader_frequency.py:55]-开始处理文件: D:/Lab/process/2025.6.20/time\30hz\20250620205501.157457.csv
2025-10-17 11:10:24-INFO-[tdms_reader_frequency.py:63]-使用元数据采样率: 199999.99999999997 Hz
2025-10-17 11:10:24-INFO-[tdms_reader_frequency.py:55]-开始处理文件: D:/Lab/process/2025.6.20/time\30hz\20250620205504.026487.csv
2025-10-17 11:10:24-INFO-[tdms_reader_frequency.py:63]-使用元数据采样率: 199999.99999999997 Hz
2025-10-17 11:10:24-INFO-[tdms_reader_frequency.py:55]-开始处理文件: D:/Lab/process/2025.6.20/time\30hz\20250620205506.866113.csv
2025-10-17 11:10:24-INFO-[tdms_reader_frequency.py:63]-使用元数据采样率: 199999.99999999997 Hz
2025-10-17 11:10:24-INFO-[tdms_reader_frequency.py:55]-开始处理文件: D:/Lab/process/2025.6.20/time\30hz\20250620205509.740417.csv
2025-10-17 11:10:24-INFO-[tdms_reader_frequency.py:63]-使用元数据采样率: 199999.99999999997 Hz
2025-10-17 11:10:24-INFO-[tdms_reader_frequency.py:55]-开始处理文件: D:/Lab/process/2025.6.20/time\30hz\20250620205512.593425.csv
2025-10-17 11:10:24-INFO-[tdms_reader_frequency.py:63]-使用元数据采样率: 199999.99999999997 Hz
2025-10-17 11:10:24-INFO-[tdms_reader_frequency.py:55]-开始处理文件: D:/Lab/process/2025.6.20/time\30hz\20250620205515.474232.csv
2025-10-17 11:10:24-INFO-[tdms_reader_frequency.py:55]-开始处理文件: D:/Lab/process/2025.6.20/time\30hz\20250620205518.349068.csv
2025-10-17 11:10:24-INFO-[tdms_reader_frequency.py:63]-使用元数据采样率: 199999.99999999997 Hz
2025-10-17 11:10:24-INFO-[tdms_reader_frequency.py:63]-使用元数据采样率: 199999.99999999997 Hz
2025-10-17 11:10:24-INFO-[tdms_reader_frequency.py:55]-开始处理文件: D:/Lab/process/2025.6.20/time\30hz\20250620205521.206456.csv
2025-10-17 11:10:24-INFO-[tdms_reader_frequency.py:63]-使用元数据采样率: 199999.99999999997 Hz
2025-10-17 11:10:24-INFO-[tdms_reader_frequency.py:55]-开始处理文件: D:/Lab/process/2025.6.20/time\30hz\20250620205526.960472.csv
2025-10-17 11:10:24-INFO-[tdms_reader_frequency.py:55]-开始处理文件: D:/Lab/process/2025.6.20/time\30hz\20250620205524.067070.csv
2025-10-17 11:10:24-INFO-[tdms_reader_frequency.py:63]-使用元数据采样率: 199999.99999999997 Hz
2025-10-17 11:10:24-INFO-[tdms_reader_frequency.py:70]-成功读取文件: 20250620205455.361056.csv, 数据长度: 200000
2025-10-17 11:10:24-INFO-[tdms_reader_frequency.py:80]-处理文件: 20250620205455.361056.csv, 通道数: 16
2025-10-17 11:10:25-INFO-[tdms_reader_frequency.py:70]-成功读取文件: 20250620205458.257609.csv, 数据长度: 200000
2025-10-17 11:10:25-INFO-[tdms_reader_frequency.py:80]-处理文件: 20250620205458.257609.csv, 通道数: 16
2025-10-17 11:10:25-INFO-[tdms_reader_frequency.py:55]-开始处理文件: D:/Lab/process/2025.6.20/time\30hz\20250620205529.836771.csv
2025-10-17 11:10:25-INFO-[tdms_reader_frequency.py:63]-使用元数据采样率: 199999.99999999997 Hz
2025-10-17 11:10:25-INFO-[tdms_reader_frequency.py:70]-成功读取文件: 20250620205501.157457.csv, 数据长度: 200000
2025-10-17 11:10:25-INFO-[tdms_reader_frequency.py:80]-处理文件: 20250620205501.157457.csv, 通道数: 16
2025-10-17 11:10:25-INFO-[tdms_reader_frequency.py:70]-成功读取文件: 20250620205504.026487.csv, 数据长度: 200000
2025-10-17 11:10:25-INFO-[tdms_reader_frequency.py:80]-处理文件: 20250620205504.026487.csv, 通道数: 16
2025-10-17 11:10:25-INFO-[tdms_reader_frequency.py:55]-开始处理文件: D:/Lab/process/2025.6.20/time\30hz\20250620205532.720182.csv
2025-10-17 11:10:25-INFO-[tdms_reader_frequency.py:63]-使用元数据采样率: 199999.99999999997 Hz
2025-10-17 11:10:25-INFO-[tdms_reader_frequency.py:55]-开始处理文件: D:/Lab/process/2025.6.20/time\30hz\20250620205535.616021.csv
2025-10-17 11:10:25-INFO-[tdms_reader_frequency.py:63]-使用元数据采样率: 199999.99999999997 Hz
2025-10-17 11:10:25-INFO-[tdms_reader_frequency.py:55]-开始处理文件: D:/Lab/process/2025.6.20/time\30hz\20250620205538.511375.csv
2025-10-17 11:10:25-INFO-[tdms_reader_frequency.py:63]-使用元数据采样率: 199999.99999999997 Hz
2025-10-17 11:10:25-INFO-[tdms_reader_frequency.py:55]-开始处理文件: D:/Lab/process/2025.6.20/time\30hz\20250620205541.382788.csv
2025-10-17 11:10:25-INFO-[tdms_reader_frequency.py:63]-使用元数据采样率: 199999.99999999997 Hz
2025-10-17 11:10:25-INFO-[tdms_reader_frequency.py:55]-开始处理文件: D:/Lab/process/2025.6.20/time\30hz\20250620205544.253550.csv
2025-10-17 11:10:25-INFO-[tdms_reader_frequency.py:63]-使用元数据采样率: 199999.99999999997 Hz
2025-10-17 11:10:25-INFO-[tdms_reader_frequency.py:55]-开始处理文件: D:/Lab/process/2025.6.20/time\30hz\20250620205547.172719.csv
2025-10-17 11:10:25-INFO-[tdms_reader_frequency.py:63]-使用元数据采样率: 199999.99999999997 Hz
2025-10-17 11:10:25-INFO-[tdms_reader_frequency.py:55]-开始处理文件: D:/Lab/process/2025.6.20/time\30hz\20250620205550.074166.csv
2025-10-17 11:10:25-INFO-[tdms_reader_frequency.py:55]-开始处理文件: D:/Lab/process/2025.6.20/time\30hz\20250620205552.959105.csv
2025-10-17 11:10:25-INFO-[tdms_reader_frequency.py:63]-使用元数据采样率: 199999.99999999997 Hz
2025-10-17 11:10:25-INFO-[tdms_reader_frequency.py:63]-使用元数据采样率: 199999.99999999997 Hz
2025-10-17 11:10:25-INFO-[tdms_reader_frequency.py:55]-开始处理文件: D:/Lab/process/2025.6.20/time\30hz\20250620205558.740427.csv
2025-10-17 11:10:25-INFO-[tdms_reader_frequency.py:63]-使用元数据采样率: 199999.99999999997 Hz
2025-10-17 11:10:25-INFO-[tdms_reader_frequency.py:55]-开始处理文件: D:/Lab/process/2025.6.20/time\30hz\20250620205601.429140.csv
2025-10-17 11:10:25-INFO-[tdms_reader_frequency.py:63]-使用元数据采样率: 199999.99999999997 Hz
2025-10-17 11:10:25-INFO-[tdms_reader_frequency.py:63]-使用元数据采样率: 199999.99999999997 Hz
2025-10-17 11:10:25-INFO-[tdms_reader_frequency.py:55]-开始处理文件: D:/Lab/process/2025.6.20/time\50hz\20250620203946.014336.csv
2025-10-17 11:10:25-INFO-[tdms_reader_frequency.py:55]-开始处理文件: D:/Lab/process/2025.6.20/time\50hz\20250620203943.117518.csv
2025-10-17 11:10:25-INFO-[tdms_reader_frequency.py:63]-使用元数据采样率: 199999.99999999997 Hz
2025-10-17 11:10:25-INFO-[tdms_reader_frequency.py:63]-使用元数据采样率: 199999.99999999997 Hz
2025-10-17 11:10:25-INFO-[tdms_reader_frequency.py:55]-开始处理文件: D:/Lab/process/2025.6.20/time\50hz\20250620203948.997384.csv
2025-10-17 11:10:25-INFO-[tdms_reader_frequency.py:63]-使用元数据采样率: 199999.99999999997 Hz
2025-10-17 11:10:25-INFO-[tdms_reader_frequency.py:70]-成功读取文件: 20250620205512.593425.csv, 数据长度: 200000
2025-10-17 11:10:25-INFO-[tdms_reader_frequency.py:80]-处理文件: 20250620205512.593425.csv, 通道数: 16
2025-10-17 11:10:25-INFO-[tdms_reader_frequency.py:70]-成功读取文件: 20250620205509.740417.csv, 数据长度: 200000
2025-10-17 11:10:25-INFO-[tdms_reader_frequency.py:80]-处理文件: 20250620205509.740417.csv, 通道数: 16
2025-10-17 11:10:25-INFO-[tdms_reader_frequency.py:55]-开始处理文件: D:/Lab/process/2025.6.20/time\50hz\20250620203951.928351.csv
2025-10-17 11:10:25-INFO-[tdms_reader_frequency.py:63]-使用元数据采样率: 199999.99999999997 Hz
2025-10-17 11:10:25-INFO-[tdms_reader_frequency.py:70]-成功读取文件: 20250620205506.866113.csv, 数据长度: 200000
2025-10-17 11:10:25-INFO-[tdms_reader_frequency.py:80]-处理文件: 20250620205506.866113.csv, 通道数: 16
2025-10-17 11:10:25-INFO-[tdms_reader_frequency.py:70]-成功读取文件: 20250620205518.349068.csv, 数据长度: 200000
2025-10-17 11:10:25-INFO-[tdms_reader_frequency.py:80]-处理文件: 20250620205518.349068.csv, 通道数: 16
2025-10-17 11:10:25-INFO-[tdms_reader_frequency.py:70]-成功读取文件: 20250620205515.474232.csv, 数据长度: 200000
2025-10-17 11:10:25-INFO-[tdms_reader_frequency.py:80]-处理文件: 20250620205515.474232.csv, 通道数: 16
2025-10-17 11:10:25-INFO-[tdms_reader_frequency.py:70]-成功读取文件: 20250620205521.206456.csv, 数据长度: 200000
2025-10-17 11:10:25-INFO-[tdms_reader_frequency.py:80]-处理文件: 20250620205521.206456.csv, 通道数: 16
2025-10-17 11:10:25-INFO-[tdms_reader_frequency.py:70]-成功读取文件: 20250620205524.067070.csv, 数据长度: 200000
2025-10-17 11:10:25-INFO-[tdms_reader_frequency.py:80]-处理文件: 20250620205524.067070.csv, 通道数: 16
2025-10-17 11:10:25-INFO-[tdms_reader_frequency.py:70]-成功读取文件: 20250620205526.960472.csv, 数据长度: 200000
2025-10-17 11:10:25-INFO-[tdms_reader_frequency.py:80]-处理文件: 20250620205526.960472.csv, 通道数: 16
2025-10-17 11:10:25-INFO-[tdms_reader_frequency.py:70]-成功读取文件: 20250620205529.836771.csv, 数据长度: 200000
2025-10-17 11:10:25-INFO-[tdms_reader_frequency.py:80]-处理文件: 20250620205529.836771.csv, 通道数: 16
2025-10-17 11:10:25-INFO-[tdms_reader_frequency.py:70]-成功读取文件: 20250620205532.720182.csv, 数据长度: 200000
2025-10-17 11:10:25-INFO-[tdms_reader_frequency.py:80]-处理文件: 20250620205532.720182.csv, 通道数: 16
2025-10-17 11:10:25-INFO-[tdms_reader_frequency.py:70]-成功读取文件: 20250620205547.172719.csv, 数据长度: 200000
2025-10-17 11:10:26-INFO-[tdms_reader_frequency.py:70]-成功读取文件: 20250620205541.382788.csv, 数据长度: 200000
2025-10-17 11:10:26-INFO-[tdms_reader_frequency.py:80]-处理文件: 20250620205547.172719.csv, 通道数: 16
2025-10-17 11:10:26-INFO-[tdms_reader_frequency.py:70]-成功读取文件: 20250620205535.616021.csv, 数据长度: 200000
2025-10-17 11:10:26-INFO-[tdms_reader_frequency.py:80]-处理文件: 20250620205541.382788.csv, 通道数: 16
2025-10-17 11:10:26-INFO-[tdms_reader_frequency.py:70]-成功读取文件: 20250620205538.511375.csv, 数据长度: 200000
2025-10-17 11:10:26-INFO-[tdms_reader_frequency.py:80]-处理文件: 20250620205535.616021.csv, 通道数: 16
2025-10-17 11:10:26-INFO-[tdms_reader_frequency.py:70]-成功读取文件: 20250620205544.253550.csv, 数据长度: 200000
2025-10-17 11:10:26-INFO-[tdms_reader_frequency.py:80]-处理文件: 20250620205544.253550.csv, 通道数: 16
2025-10-17 11:10:26-INFO-[tdms_reader_frequency.py:70]-成功读取文件: 20250620203943.117518.csv, 数据长度: 200000
2025-10-17 11:10:26-INFO-[tdms_reader_frequency.py:80]-处理文件: 20250620203943.117518.csv, 通道数: 16
2025-10-17 11:10:26-INFO-[tdms_reader_frequency.py:70]-成功读取文件: 20250620205552.959105.csv, 数据长度: 200000
2025-10-17 11:10:26-INFO-[tdms_reader_frequency.py:80]-处理文件: 20250620205552.959105.csv, 通道数: 16
2025-10-17 11:10:26-INFO-[tdms_reader_frequency.py:70]-成功读取文件: 20250620203948.997384.csv, 数据长度: 200000
2025-10-17 11:10:26-INFO-[tdms_reader_frequency.py:80]-处理文件: 20250620203948.997384.csv, 通道数: 16
2025-10-17 11:10:26-INFO-[tdms_reader_frequency.py:70]-成功读取文件: 20250620203946.014336.csv, 数据长度: 200000
2025-10-17 11:10:26-INFO-[tdms_reader_frequency.py:80]-处理文件: 20250620203946.014336.csv, 通道数: 16
2025-10-17 11:10:26-INFO-[tdms_reader_frequency.py:70]-成功读取文件: 20250620205555.848733.csv, 数据长度: 200000
2025-10-17 11:10:26-INFO-[tdms_reader_frequency.py:80]-处理文件: 20250620205555.848733.csv, 通道数: 16
2025-10-17 11:10:26-INFO-[tdms_reader_frequency.py:70]-成功读取文件: 20250620205601.429140.csv, 数据长度: 200000
2025-10-17 11:10:26-INFO-[tdms_reader_frequency.py:70]-成功读取文件: 20250620203951.928351.csv, 数据长度: 200000
2025-10-17 11:10:26-INFO-[tdms_reader_frequency.py:70]-成功读取文件: 20250620205558.740427.csv, 数据长度: 200000
2025-10-17 11:10:26-INFO-[tdms_reader_frequency.py:80]-处理文件: 20250620205601.429140.csv, 通道数: 16
2025-10-17 11:10:26-INFO-[tdms_reader_frequency.py:80]-处理文件: 20250620205558.740427.csv, 通道数: 16
2025-10-17 11:10:26-INFO-[tdms_reader_frequency.py:80]-处理文件: 20250620203951.928351.csv, 通道数: 16
2025-10-17 11:10:26-INFO-[tdms_reader_frequency.py:70]-成功读取文件: 20250620205550.074166.csv, 数据长度: 200000
2025-10-17 11:10:26-INFO-[tdms_reader_frequency.py:80]-处理文件: 20250620205550.074166.csv, 通道数: 16
2025-10-17 11:10:30-INFO-[tdms_reader_frequency.py:126]-  已写入 99999/99999 行FFT数据
2025-10-17 11:10:30-INFO-[tdms_reader_frequency.py:128]-已处理: 20250620205455.361056.csv -> D:/Lab/process/2025.6.20/frequency\30hz\FFT_20250620205455.361056.csv
2025-10-17 11:10:30-INFO-[tdms_reader_frequency.py:126]-  已写入 99999/99999 行FFT数据
2025-10-17 11:10:30-INFO-[tdms_reader_frequency.py:128]-已处理: 20250620205501.157457.csv -> D:/Lab/process/2025.6.20/frequency\30hz\FFT_20250620205501.157457.csv
2025-10-17 11:10:30-INFO-[tdms_reader_frequency.py:55]-开始处理文件: D:/Lab/process/2025.6.20/time\50hz\20250620203954.838344.csv
2025-10-17 11:10:30-INFO-[tdms_reader_frequency.py:63]-使用元数据采样率: 199999.99999999997 Hz
2025-10-17 11:10:30-INFO-[tdms_reader_frequency.py:126]-  已写入 99999/99999 行FFT数据
2025-10-17 11:10:30-INFO-[tdms_reader_frequency.py:128]-已处理: 20250620205458.257609.csv -> D:/Lab/process/2025.6.20/frequency\30hz\FFT_20250620205458.257609.csv
2025-10-17 11:10:30-INFO-[tdms_reader_frequency.py:55]-开始处理文件: D:/Lab/process/2025.6.20/time\50hz\20250620203957.759340.csv
2025-10-17 11:10:30-INFO-[tdms_reader_frequency.py:63]-使用元数据采样率: 199999.99999999997 Hz
2025-10-17 11:10:30-INFO-[tdms_reader_frequency.py:55]-开始处理文件: D:/Lab/process/2025.6.20/time\50hz\20250620204000.623816.csv
2025-10-17 11:10:30-INFO-[tdms_reader_frequency.py:63]-使用元数据采样率: 199999.99999999997 Hz
2025-10-17 11:10:30-INFO-[tdms_reader_frequency.py:126]-  已写入 99999/99999 行FFT数据
2025-10-17 11:10:30-INFO-[tdms_reader_frequency.py:128]-已处理: 20250620205512.593425.csv -> D:/Lab/process/2025.6.20/frequency\30hz\FFT_20250620205512.593425.csv
2025-10-17 11:10:30-INFO-[tdms_reader_frequency.py:126]-  已写入 99999/99999 行FFT数据
2025-10-17 11:10:30-INFO-[tdms_reader_frequency.py:128]-已处理: 20250620205504.026487.csv -> D:/Lab/process/2025.6.20/frequency\30hz\FFT_20250620205504.026487.csv
2025-10-17 11:10:30-INFO-[tdms_reader_frequency.py:55]-开始处理文件: D:/Lab/process/2025.6.20/time\50hz\20250620204003.597035.csv
2025-10-17 11:10:30-INFO-[tdms_reader_frequency.py:63]-使用元数据采样率: 199999.99999999997 Hz
2025-10-17 11:10:30-INFO-[tdms_reader_frequency.py:55]-开始处理文件: D:/Lab/process/2025.6.20/time\50hz\20250620204006.502835.csv
2025-10-17 11:10:30-INFO-[tdms_reader_frequency.py:63]-使用元数据采样率: 199999.99999999997 Hz
2025-10-17 11:10:30-INFO-[tdms_reader_frequency.py:126]-  已写入 99999/99999 行FFT数据
2025-10-17 11:10:30-INFO-[tdms_reader_frequency.py:128]-已处理: 20250620205509.740417.csv -> D:/Lab/process/2025.6.20/frequency\30hz\FFT_20250620205509.740417.csv
2025-10-17 11:10:30-INFO-[tdms_reader_frequency.py:126]-  已写入 99999/99999 行FFT数据
2025-10-17 11:10:30-INFO-[tdms_reader_frequency.py:128]-已处理: 20250620205506.866113.csv -> D:/Lab/process/2025.6.20/frequency\30hz\FFT_20250620205506.866113.csv
2025-10-17 11:10:30-INFO-[tdms_reader_frequency.py:55]-开始处理文件: D:/Lab/process/2025.6.20/time\50hz\20250620204009.381570.csv
2025-10-17 11:10:30-INFO-[tdms_reader_frequency.py:63]-使用元数据采样率: 199999.99999999997 Hz
2025-10-17 11:10:30-INFO-[tdms_reader_frequency.py:55]-开始处理文件: D:/Lab/process/2025.6.20/time\50hz\20250620204012.290275.csv
2025-10-17 11:10:30-INFO-[tdms_reader_frequency.py:63]-使用元数据采样率: 199999.99999999997 Hz
2025-10-17 11:10:30-INFO-[tdms_reader_frequency.py:126]-  已写入 99999/99999 行FFT数据
2025-10-17 11:10:30-INFO-[tdms_reader_frequency.py:128]-已处理: 20250620205518.349068.csv -> D:/Lab/process/2025.6.20/frequency\30hz\FFT_20250620205518.349068.csv
2025-10-17 11:10:30-INFO-[tdms_reader_frequency.py:70]-成功读取文件: 20250620203954.838344.csv, 数据长度: 200000
2025-10-17 11:10:30-INFO-[tdms_reader_frequency.py:55]-开始处理文件: D:/Lab/process/2025.6.20/time\50hz\20250620204015.172895.csv
2025-10-17 11:10:30-INFO-[tdms_reader_frequency.py:80]-处理文件: 20250620203954.838344.csv, 通道数: 16
2025-10-17 11:10:30-INFO-[tdms_reader_frequency.py:63]-使用元数据采样率: 199999.99999999997 Hz
2025-10-17 11:10:30-INFO-[tdms_reader_frequency.py:70]-成功读取文件: 20250620203957.759340.csv, 数据长度: 200000
2025-10-17 11:10:30-INFO-[tdms_reader_frequency.py:70]-成功读取文件: 20250620204000.623816.csv, 数据长度: 200000
2025-10-17 11:10:30-INFO-[tdms_reader_frequency.py:80]-处理文件: 20250620203957.759340.csv, 通道数: 16
2025-10-17 11:10:30-INFO-[tdms_reader_frequency.py:80]-处理文件: 20250620204000.623816.csv, 通道数: 16
2025-10-17 11:10:30-INFO-[tdms_reader_frequency.py:126]-  已写入 99999/99999 行FFT数据
2025-10-17 11:10:30-INFO-[tdms_reader_frequency.py:128]-已处理: 20250620205521.206456.csv -> D:/Lab/process/2025.6.20/frequency\30hz\FFT_20250620205521.206456.csv
2025-10-17 11:10:30-INFO-[tdms_reader_frequency.py:126]-  已写入 99999/99999 行FFT数据
2025-10-17 11:10:30-INFO-[tdms_reader_frequency.py:128]-已处理: 20250620205515.474232.csv -> D:/Lab/process/2025.6.20/frequency\30hz\FFT_20250620205515.474232.csv
2025-10-17 11:10:31-INFO-[tdms_reader_frequency.py:126]-  已写入 99999/99999 行FFT数据
2025-10-17 11:10:31-INFO-[tdms_reader_frequency.py:128]-已处理: 20250620205526.960472.csv -> D:/Lab/process/2025.6.20/frequency\30hz\FFT_20250620205526.960472.csv
2025-10-17 11:10:31-INFO-[tdms_reader_frequency.py:55]-开始处理文件: D:/Lab/process/2025.6.20/time\50hz\20250620204018.073789.csv
2025-10-17 11:10:31-INFO-[tdms_reader_frequency.py:63]-使用元数据采样率: 199999.99999999997 Hz
2025-10-17 11:10:31-INFO-[tdms_reader_frequency.py:55]-开始处理文件: D:/Lab/process/2025.6.20/time\50hz\20250620204020.965725.csv
2025-10-17 11:10:31-INFO-[tdms_reader_frequency.py:63]-使用元数据采样率: 199999.99999999997 Hz
2025-10-17 11:10:31-INFO-[tdms_reader_frequency.py:55]-开始处理文件: D:/Lab/process/2025.6.20/time\50hz\20250620204023.874951.csv
2025-10-17 11:10:31-INFO-[tdms_reader_frequency.py:63]-使用元数据采样率: 199999.99999999997 Hz
2025-10-17 11:10:31-INFO-[tdms_reader_frequency.py:126]-  已写入 99999/99999 行FFT数据
2025-10-17 11:10:31-INFO-[tdms_reader_frequency.py:126]-  已写入 99999/99999 行FFT数据
2025-10-17 11:10:31-INFO-[tdms_reader_frequency.py:128]-已处理: 20250620205524.067070.csv -> D:/Lab/process/2025.6.20/frequency\30hz\FFT_20250620205524.067070.csv
2025-10-17 11:10:31-INFO-[tdms_reader_frequency.py:128]-已处理: 20250620205529.836771.csv -> D:/Lab/process/2025.6.20/frequency\30hz\FFT_20250620205529.836771.csv
2025-10-17 11:10:31-INFO-[tdms_reader_frequency.py:55]-开始处理文件: D:/Lab/process/2025.6.20/time\50hz\20250620204026.769314.csv
2025-10-17 11:10:31-INFO-[tdms_reader_frequency.py:63]-使用元数据采样率: 199999.99999999997 Hz
2025-10-17 11:10:31-INFO-[tdms_reader_frequency.py:55]-开始处理文件: D:/Lab/process/2025.6.20/time\50hz\20250620204029.679945.csv
2025-10-17 11:10:31-INFO-[tdms_reader_frequency.py:126]-  已写入 99999/99999 行FFT数据
2025-10-17 11:10:31-INFO-[tdms_reader_frequency.py:63]-使用元数据采样率: 199999.99999999997 Hz
2025-10-17 11:10:31-INFO-[tdms_reader_frequency.py:128]-已处理: 20250620205532.720182.csv -> D:/Lab/process/2025.6.20/frequency\30hz\FFT_20250620205532.720182.csv
2025-10-17 11:10:31-INFO-[tdms_reader_frequency.py:55]-开始处理文件: D:/Lab/process/2025.6.20/time\50hz\20250620204032.660249.csv
2025-10-17 11:10:31-INFO-[tdms_reader_frequency.py:63]-使用元数据采样率: 199999.99999999997 Hz
2025-10-17 11:10:31-INFO-[tdms_reader_frequency.py:70]-成功读取文件: 20250620204003.597035.csv, 数据长度: 200000
2025-10-17 11:10:31-INFO-[tdms_reader_frequency.py:80]-处理文件: 20250620204003.597035.csv, 通道数: 16
2025-10-17 11:10:31-INFO-[tdms_reader_frequency.py:126]-  已写入 99999/99999 行FFT数据
2025-10-17 11:10:31-INFO-[tdms_reader_frequency.py:128]-已处理: 20250620205538.511375.csv -> D:/Lab/process/2025.6.20/frequency\30hz\FFT_20250620205538.511375.csv
2025-10-17 11:10:31-INFO-[tdms_reader_frequency.py:126]-  已写入 99999/99999 行FFT数据
2025-10-17 11:10:31-INFO-[tdms_reader_frequency.py:128]-已处理: 20250620205541.382788.csv -> D:/Lab/process/2025.6.20/frequency\30hz\FFT_20250620205541.382788.csv
2025-10-17 11:10:31-INFO-[tdms_reader_frequency.py:126]-  已写入 99999/99999 行FFT数据
2025-10-17 11:10:31-INFO-[tdms_reader_frequency.py:128]-已处理: 20250620205535.616021.csv -> D:/Lab/process/2025.6.20/frequency\30hz\FFT_20250620205535.616021.csv
2025-10-17 11:10:31-INFO-[tdms_reader_frequency.py:70]-成功读取文件: 20250620204006.502835.csv, 数据长度: 200000
2025-10-17 11:10:31-INFO-[tdms_reader_frequency.py:80]-处理文件: 20250620204006.502835.csv, 通道数: 16
2025-10-17 11:10:31-INFO-[tdms_reader_frequency.py:70]-成功读取文件: 20250620204009.381570.csv, 数据长度: 200000
2025-10-17 11:10:31-INFO-[tdms_reader_frequency.py:80]-处理文件: 20250620204009.381570.csv, 通道数: 16
2025-10-17 11:10:31-INFO-[tdms_reader_frequency.py:126]-  已写入 99999/99999 行FFT数据
2025-10-17 11:10:31-INFO-[tdms_reader_frequency.py:128]-已处理: 20250620205552.959105.csv -> D:/Lab/process/2025.6.20/frequency\30hz\FFT_20250620205552.959105.csv
2025-10-17 11:10:31-INFO-[tdms_reader_frequency.py:126]-  已写入 99999/99999 行FFT数据
2025-10-17 11:10:31-INFO-[tdms_reader_frequency.py:55]-开始处理文件: D:/Lab/process/2025.6.20/time\50hz\20250620204035.578939.csv
2025-10-17 11:10:31-INFO-[tdms_reader_frequency.py:128]-已处理: 20250620205544.253550.csv -> D:/Lab/process/2025.6.20/frequency\30hz\FFT_20250620205544.253550.csv
2025-10-17 11:10:31-INFO-[tdms_reader_frequency.py:63]-使用元数据采样率: 199999.99999999997 Hz
2025-10-17 11:10:31-INFO-[tdms_reader_frequency.py:126]-  已写入 99999/99999 行FFT数据
2025-10-17 11:10:31-INFO-[tdms_reader_frequency.py:128]-已处理: 20250620205547.172719.csv -> D:/Lab/process/2025.6.20/frequency\30hz\FFT_20250620205547.172719.csv
2025-10-17 11:10:31-INFO-[tdms_reader_frequency.py:55]-开始处理文件: D:/Lab/process/2025.6.20/time\50hz\20250620204038.547364.csv
2025-10-17 11:10:31-INFO-[tdms_reader_frequency.py:70]-成功读取文件: 20250620204012.290275.csv, 数据长度: 200000
2025-10-17 11:10:31-INFO-[tdms_reader_frequency.py:63]-使用元数据采样率: 199999.99999999997 Hz
2025-10-17 11:10:31-INFO-[tdms_reader_frequency.py:80]-处理文件: 20250620204012.290275.csv, 通道数: 16
2025-10-17 11:10:31-INFO-[tdms_reader_frequency.py:55]-开始处理文件: D:/Lab/process/2025.6.20/time\50hz\20250620204041.503131.csv
2025-10-17 11:10:31-INFO-[tdms_reader_frequency.py:63]-使用元数据采样率: 199999.99999999997 Hz
2025-10-17 11:10:31-INFO-[tdms_reader_frequency.py:126]-  已写入 99999/99999 行FFT数据
2025-10-17 11:10:31-INFO-[tdms_reader_frequency.py:126]-  已写入 99999/99999 行FFT数据
2025-10-17 11:10:31-INFO-[tdms_reader_frequency.py:128]-已处理: 20250620203943.117518.csv -> D:/Lab/process/2025.6.20/frequency\50hz\FFT_20250620203943.117518.csv
2025-10-17 11:10:31-INFO-[tdms_reader_frequency.py:126]-  已写入 99999/99999 行FFT数据
2025-10-17 11:10:31-INFO-[tdms_reader_frequency.py:128]-已处理: 20250620205601.429140.csv -> D:/Lab/process/2025.6.20/frequency\30hz\FFT_20250620205601.429140.csv
2025-10-17 11:10:31-INFO-[tdms_reader_frequency.py:55]-开始处理文件: D:/Lab/process/2025.6.20/time\50hz\20250620204044.399715.csv
2025-10-17 11:10:31-INFO-[tdms_reader_frequency.py:128]-已处理: 20250620205555.848733.csv -> D:/Lab/process/2025.6.20/frequency\30hz\FFT_20250620205555.848733.csv
2025-10-17 11:10:31-INFO-[tdms_reader_frequency.py:55]-开始处理文件: D:/Lab/process/2025.6.20/time\50hz\20250620204047.316458.csv
2025-10-17 11:10:31-INFO-[tdms_reader_frequency.py:126]-  已写入 99999/99999 行FFT数据
2025-10-17 11:10:31-INFO-[tdms_reader_frequency.py:55]-开始处理文件: D:/Lab/process/2025.6.20/time\back\20250620194612.368512.csv
2025-10-17 11:10:31-INFO-[tdms_reader_frequency.py:63]-使用元数据采样率: 199999.99999999997 Hz
2025-10-17 11:10:31-INFO-[tdms_reader_frequency.py:128]-已处理: 20250620203946.014336.csv -> D:/Lab/process/2025.6.20/frequency\50hz\FFT_20250620203946.014336.csv
2025-10-17 11:10:31-INFO-[tdms_reader_frequency.py:63]-使用元数据采样率: 199999.99999999997 Hz
2025-10-17 11:10:31-INFO-[tdms_reader_frequency.py:63]-使用元数据采样率: 199999.99999999997 Hz
2025-10-17 11:10:31-INFO-[tdms_reader_frequency.py:70]-成功读取文件: 20250620204015.172895.csv, 数据长度: 200000
2025-10-17 11:10:31-INFO-[tdms_reader_frequency.py:80]-处理文件: 20250620204015.172895.csv, 通道数: 16
2025-10-17 11:10:31-INFO-[tdms_reader_frequency.py:55]-开始处理文件: D:/Lab/process/2025.6.20/time\back\20250620194615.280443.csv
2025-10-17 11:10:31-INFO-[tdms_reader_frequency.py:63]-使用元数据采样率: 199999.99999999997 Hz
2025-10-17 11:10:31-INFO-[tdms_reader_frequency.py:55]-开始处理文件: D:/Lab/process/2025.6.20/time\back\20250620194618.181950.csv
2025-10-17 11:10:31-INFO-[tdms_reader_frequency.py:63]-使用元数据采样率: 199999.99999999997 Hz
2025-10-17 11:10:31-INFO-[tdms_reader_frequency.py:55]-开始处理文件: D:/Lab/process/2025.6.20/time\back\20250620194621.140929.csv
2025-10-17 11:10:31-INFO-[tdms_reader_frequency.py:126]-  已写入 99999/99999 行FFT数据
2025-10-17 11:10:31-INFO-[tdms_reader_frequency.py:63]-使用元数据采样率: 199999.99999999997 Hz
2025-10-17 11:10:31-INFO-[tdms_reader_frequency.py:55]-开始处理文件: D:/Lab/process/2025.6.20/time\back\20250620194624.055741.csv
2025-10-17 11:10:31-INFO-[tdms_reader_frequency.py:128]-已处理: 20250620203948.997384.csv -> D:/Lab/process/2025.6.20/frequency\50hz\FFT_20250620203948.997384.csv
2025-10-17 11:10:31-INFO-[tdms_reader_frequency.py:63]-使用元数据采样率: 199999.99999999997 Hz
2025-10-17 11:10:31-INFO-[tdms_reader_frequency.py:126]-  已写入 99999/99999 行FFT数据
2025-10-17 11:10:31-INFO-[tdms_reader_frequency.py:128]-已处理: 20250620205550.074166.csv -> D:/Lab/process/2025.6.20/frequency\30hz\FFT_20250620205550.074166.csv
2025-10-17 11:10:31-INFO-[tdms_reader_frequency.py:126]-  已写入 99999/99999 行FFT数据
2025-10-17 11:10:31-INFO-[tdms_reader_frequency.py:128]-已处理: 20250620205558.740427.csv -> D:/Lab/process/2025.6.20/frequency\30hz\FFT_20250620205558.740427.csv
2025-10-17 11:10:31-INFO-[tdms_reader_frequency.py:126]-  已写入 99999/99999 行FFT数据
2025-10-17 11:10:31-INFO-[tdms_reader_frequency.py:128]-已处理: 20250620203951.928351.csv -> D:/Lab/process/2025.6.20/frequency\50hz\FFT_20250620203951.928351.csv
2025-10-17 11:10:31-INFO-[tdms_reader_frequency.py:55]-开始处理文件: D:/Lab/process/2025.6.20/time\back\20250620194626.920608.csv
2025-10-17 11:10:31-INFO-[tdms_reader_frequency.py:63]-使用元数据采样率: 199999.99999999997 Hz
2025-10-17 11:10:31-INFO-[tdms_reader_frequency.py:55]-开始处理文件: D:/Lab/process/2025.6.20/time\back\20250620194629.813220.csv
2025-10-17 11:10:31-INFO-[tdms_reader_frequency.py:63]-使用元数据采样率: 199999.99999999997 Hz
2025-10-17 11:10:31-INFO-[tdms_reader_frequency.py:55]-开始处理文件: D:/Lab/process/2025.6.20/time\back\20250620194632.691684.csv
2025-10-17 11:10:31-INFO-[tdms_reader_frequency.py:63]-使用元数据采样率: 199999.99999999997 Hz
2025-10-17 11:10:31-INFO-[tdms_reader_frequency.py:70]-成功读取文件: 20250620204018.073789.csv, 数据长度: 200000
2025-10-17 11:10:31-INFO-[tdms_reader_frequency.py:80]-处理文件: 20250620204018.073789.csv, 通道数: 16
2025-10-17 11:10:31-INFO-[tdms_reader_frequency.py:70]-成功读取文件: 20250620204020.965725.csv, 数据长度: 200000
2025-10-17 11:10:31-INFO-[tdms_reader_frequency.py:80]-处理文件: 20250620204020.965725.csv, 通道数: 16
2025-10-17 11:10:31-INFO-[tdms_reader_frequency.py:70]-成功读取文件: 20250620204023.874951.csv, 数据长度: 200000
2025-10-17 11:10:31-INFO-[tdms_reader_frequency.py:55]-开始处理文件: D:/Lab/process/2025.6.20/time\back\20250620194635.587857.csv
2025-10-17 11:10:31-INFO-[tdms_reader_frequency.py:80]-处理文件: 20250620204023.874951.csv, 通道数: 16
2025-10-17 11:10:31-INFO-[tdms_reader_frequency.py:63]-使用元数据采样率: 199999.99999999997 Hz
2025-10-17 11:10:31-INFO-[tdms_reader_frequency.py:70]-成功读取文件: 20250620204026.769314.csv, 数据长度: 200000
2025-10-17 11:10:31-INFO-[tdms_reader_frequency.py:80]-处理文件: 20250620204026.769314.csv, 通道数: 16
2025-10-17 11:10:31-INFO-[tdms_reader_frequency.py:70]-成功读取文件: 20250620204032.660249.csv, 数据长度: 200000
2025-10-17 11:10:31-INFO-[tdms_reader_frequency.py:80]-处理文件: 20250620204032.660249.csv, 通道数: 16
2025-10-17 11:10:31-INFO-[tdms_reader_frequency.py:70]-成功读取文件: 20250620204029.679945.csv, 数据长度: 200000
2025-10-17 11:10:31-INFO-[tdms_reader_frequency.py:80]-处理文件: 20250620204029.679945.csv, 通道数: 16
2025-10-17 11:10:32-INFO-[tdms_reader_frequency.py:70]-成功读取文件: 20250620204035.578939.csv, 数据长度: 200000
2025-10-17 11:10:32-INFO-[tdms_reader_frequency.py:80]-处理文件: 20250620204035.578939.csv, 通道数: 16
2025-10-17 11:10:32-INFO-[tdms_reader_frequency.py:70]-成功读取文件: 20250620204038.547364.csv, 数据长度: 200000
2025-10-17 11:10:32-INFO-[tdms_reader_frequency.py:80]-处理文件: 20250620204038.547364.csv, 通道数: 16
2025-10-17 11:10:32-INFO-[tdms_reader_frequency.py:70]-成功读取文件: 20250620204047.316458.csv, 数据长度: 200000
2025-10-17 11:10:32-INFO-[tdms_reader_frequency.py:80]-处理文件: 20250620204047.316458.csv, 通道数: 16
2025-10-17 11:10:32-INFO-[tdms_reader_frequency.py:70]-成功读取文件: 20250620204041.503131.csv, 数据长度: 200000
2025-10-17 11:10:32-INFO-[tdms_reader_frequency.py:70]-成功读取文件: 20250620194612.368512.csv, 数据长度: 200000
2025-10-17 11:10:32-INFO-[tdms_reader_frequency.py:80]-处理文件: 20250620204041.503131.csv, 通道数: 16
2025-10-17 11:10:32-INFO-[tdms_reader_frequency.py:80]-处理文件: 20250620194612.368512.csv, 通道数: 16
2025-10-17 11:10:32-INFO-[tdms_reader_frequency.py:70]-成功读取文件: 20250620194624.055741.csv, 数据长度: 200000
2025-10-17 11:10:32-INFO-[tdms_reader_frequency.py:80]-处理文件: 20250620194624.055741.csv, 通道数: 16
2025-10-17 11:10:32-INFO-[tdms_reader_frequency.py:70]-成功读取文件: 20250620194618.181950.csv, 数据长度: 200000
2025-10-17 11:10:32-INFO-[tdms_reader_frequency.py:80]-处理文件: 20250620194618.181950.csv, 通道数: 16
2025-10-17 11:10:32-INFO-[tdms_reader_frequency.py:70]-成功读取文件: 20250620204044.399715.csv, 数据长度: 200000
2025-10-17 11:10:32-INFO-[tdms_reader_frequency.py:80]-处理文件: 20250620204044.399715.csv, 通道数: 16
2025-10-17 11:10:32-INFO-[tdms_reader_frequency.py:70]-成功读取文件: 20250620194621.140929.csv, 数据长度: 200000
2025-10-17 11:10:32-INFO-[tdms_reader_frequency.py:70]-成功读取文件: 20250620194615.280443.csv, 数据长度: 200000
2025-10-17 11:10:32-INFO-[tdms_reader_frequency.py:80]-处理文件: 20250620194621.140929.csv, 通道数: 16
2025-10-17 11:10:32-INFO-[tdms_reader_frequency.py:70]-成功读取文件: 20250620194626.920608.csv, 数据长度: 200000
2025-10-17 11:10:32-INFO-[tdms_reader_frequency.py:80]-处理文件: 20250620194615.280443.csv, 通道数: 16
2025-10-17 11:10:32-INFO-[tdms_reader_frequency.py:80]-处理文件: 20250620194626.920608.csv, 通道数: 16
2025-10-17 11:10:32-INFO-[tdms_reader_frequency.py:70]-成功读取文件: 20250620194629.813220.csv, 数据长度: 200000
2025-10-17 11:10:32-INFO-[tdms_reader_frequency.py:80]-处理文件: 20250620194629.813220.csv, 通道数: 16
2025-10-17 11:10:32-INFO-[tdms_reader_frequency.py:70]-成功读取文件: 20250620194632.691684.csv, 数据长度: 200000
2025-10-17 11:10:32-INFO-[tdms_reader_frequency.py:80]-处理文件: 20250620194632.691684.csv, 通道数: 16
2025-10-17 11:10:32-INFO-[tdms_reader_frequency.py:70]-成功读取文件: 20250620194635.587857.csv, 数据长度: 200000
2025-10-17 11:10:32-INFO-[tdms_reader_frequency.py:80]-处理文件: 20250620194635.587857.csv, 通道数: 16
2025-10-17 11:10:35-INFO-[tdms_reader_frequency.py:126]-  已写入 99999/99999 行FFT数据
2025-10-17 11:10:35-INFO-[tdms_reader_frequency.py:128]-已处理: 20250620203957.759340.csv -> D:/Lab/process/2025.6.20/frequency\50hz\FFT_20250620203957.759340.csv
2025-10-17 11:10:35-INFO-[tdms_reader_frequency.py:126]-  已写入 99999/99999 行FFT数据
2025-10-17 11:10:35-INFO-[tdms_reader_frequency.py:128]-已处理: 20250620203954.838344.csv -> D:/Lab/process/2025.6.20/frequency\50hz\FFT_20250620203954.838344.csv
2025-10-17 11:10:35-INFO-[tdms_reader_frequency.py:55]-开始处理文件: D:/Lab/process/2025.6.20/time\back\20250620194638.548843.csv
2025-10-17 11:10:35-INFO-[tdms_reader_frequency.py:63]-使用元数据采样率: 199999.99999999997 Hz
2025-10-17 11:10:35-INFO-[tdms_reader_frequency.py:126]-  已写入 99999/99999 行FFT数据
2025-10-17 11:10:35-INFO-[tdms_reader_frequency.py:128]-已处理: 20250620204000.623816.csv -> D:/Lab/process/2025.6.20/frequency\50hz\FFT_20250620204000.623816.csv
2025-10-17 11:10:35-INFO-[tdms_reader_frequency.py:55]-开始处理文件: D:/Lab/process/2025.6.20/time\back\20250620194641.451865.csv
2025-10-17 11:10:35-INFO-[tdms_reader_frequency.py:63]-使用元数据采样率: 199999.99999999997 Hz
2025-10-17 11:10:36-INFO-[tdms_reader_frequency.py:55]-开始处理文件: D:/Lab/process/2025.6.20/time\back\20250620194644.379134.csv
2025-10-17 11:10:36-INFO-[tdms_reader_frequency.py:63]-使用元数据采样率: 199999.99999999997 Hz
2025-10-17 11:10:36-INFO-[tdms_reader_frequency.py:126]-  已写入 99999/99999 行FFT数据
2025-10-17 11:10:36-INFO-[tdms_reader_frequency.py:128]-已处理: 20250620204003.597035.csv -> D:/Lab/process/2025.6.20/frequency\50hz\FFT_20250620204003.597035.csv
2025-10-17 11:10:36-INFO-[tdms_reader_frequency.py:55]-开始处理文件: D:/Lab/process/2025.6.20/time\back\20250620194647.302328.csv
2025-10-17 11:10:36-INFO-[tdms_reader_frequency.py:63]-使用元数据采样率: 199999.99999999997 Hz
2025-10-17 11:10:36-INFO-[tdms_reader_frequency.py:126]-  已写入 99999/99999 行FFT数据
2025-10-17 11:10:36-INFO-[tdms_reader_frequency.py:128]-已处理: 20250620204009.381570.csv -> D:/Lab/process/2025.6.20/frequency\50hz\FFT_20250620204009.381570.csv
2025-10-17 11:10:36-INFO-[tdms_reader_frequency.py:70]-成功读取文件: 20250620194641.451865.csv, 数据长度: 200000
2025-10-17 11:10:36-INFO-[tdms_reader_frequency.py:80]-处理文件: 20250620194641.451865.csv, 通道数: 16
2025-10-17 11:10:36-INFO-[tdms_reader_frequency.py:70]-成功读取文件: 20250620194638.548843.csv, 数据长度: 200000
2025-10-17 11:10:36-INFO-[tdms_reader_frequency.py:55]-开始处理文件: D:/Lab/process/2025.6.20/time\back\20250620194650.211108.csv
2025-10-17 11:10:36-INFO-[tdms_reader_frequency.py:80]-处理文件: 20250620194638.548843.csv, 通道数: 16
2025-10-17 11:10:36-INFO-[tdms_reader_frequency.py:63]-使用元数据采样率: 199999.99999999997 Hz
2025-10-17 11:10:36-INFO-[tdms_reader_frequency.py:126]-  已写入 99999/99999 行FFT数据
2025-10-17 11:10:36-INFO-[tdms_reader_frequency.py:128]-已处理: 20250620204015.172895.csv -> D:/Lab/process/2025.6.20/frequency\50hz\FFT_20250620204015.172895.csv
2025-10-17 11:10:36-INFO-[tdms_reader_frequency.py:126]-  已写入 99999/99999 行FFT数据
2025-10-17 11:10:36-INFO-[tdms_reader_frequency.py:70]-成功读取文件: 20250620194644.379134.csv, 数据长度: 200000
2025-10-17 11:10:36-INFO-[tdms_reader_frequency.py:80]-处理文件: 20250620194644.379134.csv, 通道数: 16
2025-10-17 11:10:36-INFO-[tdms_reader_frequency.py:128]-已处理: 20250620204012.290275.csv -> D:/Lab/process/2025.6.20/frequency\50hz\FFT_20250620204012.290275.csv
2025-10-17 11:10:36-INFO-[tdms_reader_frequency.py:55]-开始处理文件: D:/Lab/process/2025.6.20/time\back\20250620194653.136268.csv
2025-10-17 11:10:36-INFO-[tdms_reader_frequency.py:55]-开始处理文件: D:/Lab/process/2025.6.20/time\back\20250620194656.041305.csv
2025-10-17 11:10:36-INFO-[tdms_reader_frequency.py:63]-使用元数据采样率: 199999.99999999997 Hz
2025-10-17 11:10:36-INFO-[tdms_reader_frequency.py:63]-使用元数据采样率: 199999.99999999997 Hz
2025-10-17 11:10:36-INFO-[tdms_reader_frequency.py:126]-  已写入 99999/99999 行FFT数据
2025-10-17 11:10:36-INFO-[tdms_reader_frequency.py:128]-已处理: 20250620204006.502835.csv -> D:/Lab/process/2025.6.20/frequency\50hz\FFT_20250620204006.502835.csv
2025-10-17 11:10:36-INFO-[tdms_reader_frequency.py:55]-开始处理文件: D:/Lab/process/2025.6.20/time\back\20250620194659.052610.csv
2025-10-17 11:10:36-INFO-[tdms_reader_frequency.py:63]-使用元数据采样率: 199999.99999999997 Hz
2025-10-17 11:10:36-INFO-[tdms_reader_frequency.py:126]-  已写入 99999/99999 行FFT数据
2025-10-17 11:10:36-INFO-[tdms_reader_frequency.py:128]-已处理: 20250620204018.073789.csv -> D:/Lab/process/2025.6.20/frequency\50hz\FFT_20250620204018.073789.csv
2025-10-17 11:10:36-INFO-[tdms_reader_frequency.py:126]-  已写入 99999/99999 行FFT数据
2025-10-17 11:10:36-INFO-[tdms_reader_frequency.py:128]-已处理: 20250620204023.874951.csv -> D:/Lab/process/2025.6.20/frequency\50hz\FFT_20250620204023.874951.csv
2025-10-17 11:10:36-INFO-[tdms_reader_frequency.py:55]-开始处理文件: D:/Lab/process/2025.6.20/time\back\20250620194702.006214.csv
2025-10-17 11:10:36-INFO-[tdms_reader_frequency.py:63]-使用元数据采样率: 199999.99999999997 Hz
2025-10-17 11:10:36-INFO-[tdms_reader_frequency.py:126]-  已写入 99999/99999 行FFT数据
2025-10-17 11:10:36-INFO-[tdms_reader_frequency.py:128]-已处理: 20250620204020.965725.csv -> D:/Lab/process/2025.6.20/frequency\50hz\FFT_20250620204020.965725.csv
2025-10-17 11:10:36-INFO-[tdms_reader_frequency.py:55]-开始处理文件: D:/Lab/process/2025.6.20/time\back\20250620194704.911499.csv
2025-10-17 11:10:36-INFO-[tdms_reader_frequency.py:63]-使用元数据采样率: 199999.99999999997 Hz
2025-10-17 11:10:36-INFO-[tdms_reader_frequency.py:55]-开始处理文件: D:/Lab/process/2025.6.20/time\back\20250620194707.790523.csv
2025-10-17 11:10:36-INFO-[tdms_reader_frequency.py:63]-使用元数据采样率: 199999.99999999997 Hz
2025-10-17 11:10:36-INFO-[tdms_reader_frequency.py:70]-成功读取文件: 20250620194647.302328.csv, 数据长度: 200000
2025-10-17 11:10:36-INFO-[tdms_reader_frequency.py:80]-处理文件: 20250620194647.302328.csv, 通道数: 16
2025-10-17 11:10:36-INFO-[tdms_reader_frequency.py:126]-  已写入 99999/99999 行FFT数据
2025-10-17 11:10:36-INFO-[tdms_reader_frequency.py:128]-已处理: 20250620204029.679945.csv -> D:/Lab/process/2025.6.20/frequency\50hz\FFT_20250620204029.679945.csv
2025-10-17 11:10:37-INFO-[tdms_reader_frequency.py:126]-  已写入 99999/99999 行FFT数据
2025-10-17 11:10:37-INFO-[tdms_reader_frequency.py:128]-已处理: 20250620204032.660249.csv -> D:/Lab/process/2025.6.20/frequency\50hz\FFT_20250620204032.660249.csv
2025-10-17 11:10:37-INFO-[tdms_reader_frequency.py:70]-成功读取文件: 20250620194650.211108.csv, 数据长度: 200000
2025-10-17 11:10:37-INFO-[tdms_reader_frequency.py:80]-处理文件: 20250620194650.211108.csv, 通道数: 16
2025-10-17 11:10:37-INFO-[tdms_reader_frequency.py:126]-  已写入 99999/99999 行FFT数据
2025-10-17 11:10:37-INFO-[tdms_reader_frequency.py:128]-已处理: 20250620204026.769314.csv -> D:/Lab/process/2025.6.20/frequency\50hz\FFT_20250620204026.769314.csv
2025-10-17 11:10:37-INFO-[tdms_reader_frequency.py:55]-开始处理文件: D:/Lab/process/2025.6.20/time\back\20250620194710.704633.csv
2025-10-17 11:10:37-INFO-[tdms_reader_frequency.py:63]-使用元数据采样率: 199999.99999999997 Hz
2025-10-17 11:10:37-INFO-[tdms_reader_frequency.py:55]-开始处理文件: D:/Lab/process/2025.6.20/time\back\20250620194713.610034.csv
2025-10-17 11:10:37-INFO-[tdms_reader_frequency.py:63]-使用元数据采样率: 199999.99999999997 Hz
2025-10-17 11:10:37-INFO-[tdms_reader_frequency.py:70]-成功读取文件: 20250620194653.136268.csv, 数据长度: 200000
2025-10-17 11:10:37-INFO-[tdms_reader_frequency.py:80]-处理文件: 20250620194653.136268.csv, 通道数: 16
2025-10-17 11:10:37-INFO-[tdms_reader_frequency.py:70]-成功读取文件: 20250620194656.041305.csv, 数据长度: 200000
2025-10-17 11:10:37-INFO-[tdms_reader_frequency.py:80]-处理文件: 20250620194656.041305.csv, 通道数: 16
2025-10-17 11:10:37-INFO-[tdms_reader_frequency.py:70]-成功读取文件: 20250620194659.052610.csv, 数据长度: 200000
2025-10-17 11:10:37-INFO-[tdms_reader_frequency.py:80]-处理文件: 20250620194659.052610.csv, 通道数: 16
2025-10-17 11:10:37-INFO-[tdms_reader_frequency.py:55]-开始处理文件: D:/Lab/process/2025.6.20/time\back\20250620194716.530521.csv
2025-10-17 11:10:37-INFO-[tdms_reader_frequency.py:63]-使用元数据采样率: 199999.99999999997 Hz
2025-10-17 11:10:37-INFO-[tdms_reader_frequency.py:126]-  已写入 99999/99999 行FFT数据
2025-10-17 11:10:37-INFO-[tdms_reader_frequency.py:128]-已处理: 20250620204047.316458.csv -> D:/Lab/process/2025.6.20/frequency\50hz\FFT_20250620204047.316458.csv
2025-10-17 11:10:37-INFO-[tdms_reader_frequency.py:126]-  已写入 99999/99999 行FFT数据
2025-10-17 11:10:37-INFO-[tdms_reader_frequency.py:128]-已处理: 20250620204038.547364.csv -> D:/Lab/process/2025.6.20/frequency\50hz\FFT_20250620204038.547364.csv
2025-10-17 11:10:37-INFO-[tdms_reader_frequency.py:126]-  已写入 99999/99999 行FFT数据
2025-10-17 11:10:37-INFO-[tdms_reader_frequency.py:128]-已处理: 20250620194624.055741.csv -> D:/Lab/process/2025.6.20/frequency\back\FFT_20250620194624.055741.csv
2025-10-17 11:10:37-INFO-[tdms_reader_frequency.py:55]-开始处理文件: D:/Lab/process/2025.6.20/time\back\20250620194719.443004.csv
2025-10-17 11:10:37-INFO-[tdms_reader_frequency.py:126]-  已写入 99999/99999 行FFT数据
2025-10-17 11:10:37-INFO-[tdms_reader_frequency.py:55]-开始处理文件: D:/Lab/process/2025.6.20/time\back\20250620194722.345550.csv
2025-10-17 11:10:37-INFO-[tdms_reader_frequency.py:128]-已处理: 20250620204035.578939.csv -> D:/Lab/process/2025.6.20/frequency\50hz\FFT_20250620204035.578939.csv
2025-10-17 11:10:37-INFO-[tdms_reader_frequency.py:63]-使用元数据采样率: 199999.99999999997 Hz
2025-10-17 11:10:37-INFO-[tdms_reader_frequency.py:63]-使用元数据采样率: 199999.99999999997 Hz
2025-10-17 11:10:37-INFO-[tdms_reader_frequency.py:126]-  已写入 99999/99999 行FFT数据
2025-10-17 11:10:37-INFO-[tdms_reader_frequency.py:128]-已处理: 20250620204041.503131.csv -> D:/Lab/process/2025.6.20/frequency\50hz\FFT_20250620204041.503131.csv
2025-10-17 11:10:37-INFO-[tdms_reader_frequency.py:55]-开始处理文件: D:/Lab/process/2025.6.20/time\back\20250620194725.240403.csv
2025-10-17 11:10:37-INFO-[tdms_reader_frequency.py:63]-使用元数据采样率: 199999.99999999997 Hz
2025-10-17 11:10:37-INFO-[tdms_reader_frequency.py:126]-  已写入 99999/99999 行FFT数据
2025-10-17 11:10:37-INFO-[tdms_reader_frequency.py:126]-  已写入 99999/99999 行FFT数据
2025-10-17 11:10:37-INFO-[tdms_reader_frequency.py:128]-已处理: 20250620194615.280443.csv -> D:/Lab/process/2025.6.20/frequency\back\FFT_20250620194615.280443.csv
2025-10-17 11:10:37-INFO-[tdms_reader_frequency.py:128]-已处理: 20250620204044.399715.csv -> D:/Lab/process/2025.6.20/frequency\50hz\FFT_20250620204044.399715.csv
2025-10-17 11:10:37-INFO-[tdms_reader_frequency.py:55]-开始处理文件: D:/Lab/process/2025.6.20/time\back\20250620194728.134972.csv
2025-10-17 11:10:37-INFO-[tdms_reader_frequency.py:126]-  已写入 99999/99999 行FFT数据
2025-10-17 11:10:37-INFO-[tdms_reader_frequency.py:55]-开始处理文件: D:/Lab/process/2025.6.20/time\back\20250620194731.069696.csv
2025-10-17 11:10:37-INFO-[tdms_reader_frequency.py:63]-使用元数据采样率: 199999.99999999997 Hz
2025-10-17 11:10:37-INFO-[tdms_reader_frequency.py:128]-已处理: 20250620194612.368512.csv -> D:/Lab/process/2025.6.20/frequency\back\FFT_20250620194612.368512.csv
2025-10-17 11:10:37-INFO-[tdms_reader_frequency.py:126]-  已写入 99999/99999 行FFT数据
2025-10-17 11:10:37-INFO-[tdms_reader_frequency.py:128]-已处理: 20250620194618.181950.csv -> D:/Lab/process/2025.6.20/frequency\back\FFT_20250620194618.181950.csv
2025-10-17 11:10:37-INFO-[tdms_reader_frequency.py:55]-开始处理文件: D:/Lab/process/2025.6.20/time\back\20250620194734.001919.csv
2025-10-17 11:10:37-INFO-[tdms_reader_frequency.py:63]-使用元数据采样率: 199999.99999999997 Hz
2025-10-17 11:10:37-INFO-[tdms_reader_frequency.py:63]-使用元数据采样率: 199999.99999999997 Hz
2025-10-17 11:10:37-INFO-[tdms_reader_frequency.py:55]-开始处理文件: D:/Lab/process/2025.6.20/time\backwatering\20250620193734.678390.csv
2025-10-17 11:10:37-INFO-[tdms_reader_frequency.py:55]-开始处理文件: D:/Lab/process/2025.6.20/time\backwatering\20250620193737.643558.csv
2025-10-17 11:10:37-INFO-[tdms_reader_frequency.py:70]-成功读取文件: 20250620194702.006214.csv, 数据长度: 200000
2025-10-17 11:10:37-INFO-[tdms_reader_frequency.py:80]-处理文件: 20250620194702.006214.csv, 通道数: 16
2025-10-17 11:10:37-INFO-[tdms_reader_frequency.py:63]-使用元数据采样率: 199999.99999999997 Hz
2025-10-17 11:10:37-INFO-[tdms_reader_frequency.py:63]-使用元数据采样率: 199999.99999999997 Hz
2025-10-17 11:10:37-INFO-[tdms_reader_frequency.py:126]-  已写入 99999/99999 行FFT数据
2025-10-17 11:10:37-INFO-[tdms_reader_frequency.py:128]-已处理: 20250620194629.813220.csv -> D:/Lab/process/2025.6.20/frequency\back\FFT_20250620194629.813220.csv
2025-10-17 11:10:37-INFO-[tdms_reader_frequency.py:126]-  已写入 99999/99999 行FFT数据
2025-10-17 11:10:37-INFO-[tdms_reader_frequency.py:126]-  已写入 99999/99999 行FFT数据
2025-10-17 11:10:37-INFO-[tdms_reader_frequency.py:55]-开始处理文件: D:/Lab/process/2025.6.20/time\backwatering\20250620193740.545447.csv
2025-10-17 11:10:37-INFO-[tdms_reader_frequency.py:128]-已处理: 20250620194632.691684.csv -> D:/Lab/process/2025.6.20/frequency\back\FFT_20250620194632.691684.csv
2025-10-17 11:10:37-INFO-[tdms_reader_frequency.py:128]-已处理: 20250620194626.920608.csv -> D:/Lab/process/2025.6.20/frequency\back\FFT_20250620194626.920608.csv
2025-10-17 11:10:37-INFO-[tdms_reader_frequency.py:63]-使用元数据采样率: 199999.99999999997 Hz
2025-10-17 11:10:37-INFO-[tdms_reader_frequency.py:70]-成功读取文件: 20250620194707.790523.csv, 数据长度: 200000
2025-10-17 11:10:37-INFO-[tdms_reader_frequency.py:80]-处理文件: 20250620194707.790523.csv, 通道数: 16
2025-10-17 11:10:37-INFO-[tdms_reader_frequency.py:70]-成功读取文件: 20250620194704.911499.csv, 数据长度: 200000
2025-10-17 11:10:37-INFO-[tdms_reader_frequency.py:80]-处理文件: 20250620194704.911499.csv, 通道数: 16
2025-10-17 11:10:37-INFO-[tdms_reader_frequency.py:55]-开始处理文件: D:/Lab/process/2025.6.20/time\backwatering\20250620193743.417335.csv
2025-10-17 11:10:37-INFO-[tdms_reader_frequency.py:126]-  已写入 99999/99999 行FFT数据
2025-10-17 11:10:37-INFO-[tdms_reader_frequency.py:128]-已处理: 20250620194621.140929.csv -> D:/Lab/process/2025.6.20/frequency\back\FFT_20250620194621.140929.csv
2025-10-17 11:10:37-INFO-[tdms_reader_frequency.py:63]-使用元数据采样率: 199999.99999999997 Hz
2025-10-17 11:10:37-INFO-[tdms_reader_frequency.py:55]-开始处理文件: D:/Lab/process/2025.6.20/time\backwatering\20250620193746.344677.csv
2025-10-17 11:10:37-INFO-[tdms_reader_frequency.py:63]-使用元数据采样率: 199999.99999999997 Hz
2025-10-17 11:10:37-INFO-[tdms_reader_frequency.py:55]-开始处理文件: D:/Lab/process/2025.6.20/time\backwatering\20250620193749.270337.csv
2025-10-17 11:10:37-INFO-[tdms_reader_frequency.py:63]-使用元数据采样率: 199999.99999999997 Hz
2025-10-17 11:10:37-INFO-[tdms_reader_frequency.py:126]-  已写入 99999/99999 行FFT数据
2025-10-17 11:10:37-INFO-[tdms_reader_frequency.py:128]-已处理: 20250620194635.587857.csv -> D:/Lab/process/2025.6.20/frequency\back\FFT_20250620194635.587857.csv
2025-10-17 11:10:37-INFO-[tdms_reader_frequency.py:55]-开始处理文件: D:/Lab/process/2025.6.20/time\backwatering\20250620193752.182714.csv
2025-10-17 11:10:37-INFO-[tdms_reader_frequency.py:63]-使用元数据采样率: 199999.99999999997 Hz
2025-10-17 11:10:37-INFO-[tdms_reader_frequency.py:55]-开始处理文件: D:/Lab/process/2025.6.20/time\backwatering\20250620193755.071010.csv
2025-10-17 11:10:37-INFO-[tdms_reader_frequency.py:63]-使用元数据采样率: 199999.99999999997 Hz
2025-10-17 11:10:37-INFO-[tdms_reader_frequency.py:70]-成功读取文件: 20250620194713.610034.csv, 数据长度: 200000
2025-10-17 11:10:37-INFO-[tdms_reader_frequency.py:80]-处理文件: 20250620194713.610034.csv, 通道数: 16
2025-10-17 11:10:37-INFO-[tdms_reader_frequency.py:70]-成功读取文件: 20250620194710.704633.csv, 数据长度: 200000
2025-10-17 11:10:37-INFO-[tdms_reader_frequency.py:80]-处理文件: 20250620194710.704633.csv, 通道数: 16
2025-10-17 11:10:37-INFO-[tdms_reader_frequency.py:70]-成功读取文件: 20250620194716.530521.csv, 数据长度: 200000
2025-10-17 11:10:37-INFO-[tdms_reader_frequency.py:80]-处理文件: 20250620194716.530521.csv, 通道数: 16
2025-10-17 11:10:37-INFO-[tdms_reader_frequency.py:70]-成功读取文件: 20250620194722.345550.csv, 数据长度: 200000
2025-10-17 11:10:37-INFO-[tdms_reader_frequency.py:80]-处理文件: 20250620194722.345550.csv, 通道数: 16
2025-10-17 11:10:37-INFO-[tdms_reader_frequency.py:70]-成功读取文件: 20250620194719.443004.csv, 数据长度: 200000
2025-10-17 11:10:37-INFO-[tdms_reader_frequency.py:80]-处理文件: 20250620194719.443004.csv, 通道数: 16
2025-10-17 11:10:37-INFO-[tdms_reader_frequency.py:70]-成功读取文件: 20250620194725.240403.csv, 数据长度: 200000
2025-10-17 11:10:38-INFO-[tdms_reader_frequency.py:80]-处理文件: 20250620194725.240403.csv, 通道数: 16
2025-10-17 11:10:38-INFO-[tdms_reader_frequency.py:70]-成功读取文件: 20250620194734.001919.csv, 数据长度: 200000
2025-10-17 11:10:38-INFO-[tdms_reader_frequency.py:80]-处理文件: 20250620194734.001919.csv, 通道数: 16
2025-10-17 11:10:38-INFO-[tdms_reader_frequency.py:70]-成功读取文件: 20250620194728.134972.csv, 数据长度: 200000
2025-10-17 11:10:38-INFO-[tdms_reader_frequency.py:80]-处理文件: 20250620194728.134972.csv, 通道数: 16
2025-10-17 11:10:38-INFO-[tdms_reader_frequency.py:70]-成功读取文件: 20250620193734.678390.csv, 数据长度: 200000
2025-10-17 11:10:38-INFO-[tdms_reader_frequency.py:80]-处理文件: 20250620193734.678390.csv, 通道数: 16
2025-10-17 11:10:38-INFO-[tdms_reader_frequency.py:70]-成功读取文件: 20250620193743.417335.csv, 数据长度: 200000
2025-10-17 11:10:38-INFO-[tdms_reader_frequency.py:80]-处理文件: 20250620193743.417335.csv, 通道数: 16
2025-10-17 11:10:38-INFO-[tdms_reader_frequency.py:70]-成功读取文件: 20250620194731.069696.csv, 数据长度: 200000
2025-10-17 11:10:38-INFO-[tdms_reader_frequency.py:80]-处理文件: 20250620194731.069696.csv, 通道数: 16
2025-10-17 11:10:38-INFO-[tdms_reader_frequency.py:70]-成功读取文件: 20250620193737.643558.csv, 数据长度: 200000
2025-10-17 11:10:38-INFO-[tdms_reader_frequency.py:80]-处理文件: 20250620193737.643558.csv, 通道数: 16
2025-10-17 11:10:38-INFO-[tdms_reader_frequency.py:70]-成功读取文件: 20250620193740.545447.csv, 数据长度: 200000
2025-10-17 11:10:38-INFO-[tdms_reader_frequency.py:80]-处理文件: 20250620193740.545447.csv, 通道数: 16
2025-10-17 11:10:38-INFO-[tdms_reader_frequency.py:70]-成功读取文件: 20250620193749.270337.csv, 数据长度: 200000
2025-10-17 11:10:38-INFO-[tdms_reader_frequency.py:80]-处理文件: 20250620193749.270337.csv, 通道数: 16
2025-10-17 11:10:38-INFO-[tdms_reader_frequency.py:70]-成功读取文件: 20250620193752.182714.csv, 数据长度: 200000
2025-10-17 11:10:38-INFO-[tdms_reader_frequency.py:80]-处理文件: 20250620193752.182714.csv, 通道数: 16
2025-10-17 11:10:38-INFO-[tdms_reader_frequency.py:70]-成功读取文件: 20250620193746.344677.csv, 数据长度: 200000
2025-10-17 11:10:38-INFO-[tdms_reader_frequency.py:80]-处理文件: 20250620193746.344677.csv, 通道数: 16
2025-10-17 11:10:38-INFO-[tdms_reader_frequency.py:70]-成功读取文件: 20250620193755.071010.csv, 数据长度: 200000
2025-10-17 11:10:38-INFO-[tdms_reader_frequency.py:80]-处理文件: 20250620193755.071010.csv, 通道数: 16
2025-10-17 11:10:41-INFO-[tdms_reader_frequency.py:126]-  已写入 99999/99999 行FFT数据
2025-10-17 11:10:41-INFO-[tdms_reader_frequency.py:126]-  已写入 99999/99999 行FFT数据
2025-10-17 11:10:41-INFO-[tdms_reader_frequency.py:128]-已处理: 20250620194641.451865.csv -> D:/Lab/process/2025.6.20/frequency\back\FFT_20250620194641.451865.csv
2025-10-17 11:10:41-INFO-[tdms_reader_frequency.py:128]-已处理: 20250620194644.379134.csv -> D:/Lab/process/2025.6.20/frequency\back\FFT_20250620194644.379134.csv
2025-10-17 11:10:41-INFO-[tdms_reader_frequency.py:55]-开始处理文件: D:/Lab/process/2025.6.20/time\backwatering\20250620193757.946475.csv
2025-10-17 11:10:41-INFO-[tdms_reader_frequency.py:63]-使用元数据采样率: 199999.99999999997 Hz
2025-10-17 11:10:41-INFO-[tdms_reader_frequency.py:55]-开始处理文件: D:/Lab/process/2025.6.20/time\backwatering\20250620193800.664447.csv
2025-10-17 11:10:41-INFO-[tdms_reader_frequency.py:63]-使用元数据采样率: 199999.99999999997 Hz
2025-10-17 11:10:41-INFO-[tdms_reader_frequency.py:126]-  已写入 99999/99999 行FFT数据
2025-10-17 11:10:41-INFO-[tdms_reader_frequency.py:128]-已处理: 20250620194638.548843.csv -> D:/Lab/process/2025.6.20/frequency\back\FFT_20250620194638.548843.csv
2025-10-17 11:10:41-INFO-[tdms_reader_frequency.py:55]-开始处理文件: D:/Lab/process/2025.6.20/time\backwatering\20250620193803.575523.csv
2025-10-17 11:10:41-INFO-[tdms_reader_frequency.py:63]-使用元数据采样率: 199999.99999999997 Hz
2025-10-17 11:10:41-INFO-[tdms_reader_frequency.py:126]-  已写入 99999/99999 行FFT数据
2025-10-17 11:10:41-INFO-[tdms_reader_frequency.py:128]-已处理: 20250620194647.302328.csv -> D:/Lab/process/2025.6.20/frequency\back\FFT_20250620194647.302328.csv
2025-10-17 11:10:41-INFO-[tdms_reader_frequency.py:55]-开始处理文件: D:/Lab/process/2025.6.20/time\backwatering\20250620193806.499762.csv
2025-10-17 11:10:41-INFO-[tdms_reader_frequency.py:63]-使用元数据采样率: 199999.99999999997 Hz
2025-10-17 11:10:42-INFO-[tdms_reader_frequency.py:70]-成功读取文件: 20250620193757.946475.csv, 数据长度: 200000
2025-10-17 11:10:42-INFO-[tdms_reader_frequency.py:80]-处理文件: 20250620193757.946475.csv, 通道数: 16
2025-10-17 11:10:42-INFO-[tdms_reader_frequency.py:126]-  已写入 99999/99999 行FFT数据
2025-10-17 11:10:42-INFO-[tdms_reader_frequency.py:128]-已处理: 20250620194650.211108.csv -> D:/Lab/process/2025.6.20/frequency\back\FFT_20250620194650.211108.csv
2025-10-17 11:10:42-INFO-[tdms_reader_frequency.py:70]-成功读取文件: 20250620193800.664447.csv, 数据长度: 200000
2025-10-17 11:10:42-INFO-[tdms_reader_frequency.py:80]-处理文件: 20250620193800.664447.csv, 通道数: 16
2025-10-17 11:10:42-INFO-[tdms_reader_frequency.py:55]-开始处理文件: D:/Lab/process/2025.6.20/time\backwatering\20250620193809.385131.csv
2025-10-17 11:10:42-INFO-[tdms_reader_frequency.py:63]-使用元数据采样率: 199999.99999999997 Hz
2025-10-17 11:10:42-INFO-[tdms_reader_frequency.py:70]-成功读取文件: 20250620193803.575523.csv, 数据长度: 200000
2025-10-17 11:10:42-INFO-[tdms_reader_frequency.py:80]-处理文件: 20250620193803.575523.csv, 通道数: 16
2025-10-17 11:10:42-INFO-[tdms_reader_frequency.py:126]-  已写入 99999/99999 行FFT数据
2025-10-17 11:10:42-INFO-[tdms_reader_frequency.py:128]-已处理: 20250620194653.136268.csv -> D:/Lab/process/2025.6.20/frequency\back\FFT_20250620194653.136268.csv
2025-10-17 11:10:42-INFO-[tdms_reader_frequency.py:126]-  已写入 99999/99999 行FFT数据
2025-10-17 11:10:42-INFO-[tdms_reader_frequency.py:55]-开始处理文件: D:/Lab/process/2025.6.20/time\backwatering\20250620193812.362895.csv
2025-10-17 11:10:42-INFO-[tdms_reader_frequency.py:128]-已处理: 20250620194656.041305.csv -> D:/Lab/process/2025.6.20/frequency\back\FFT_20250620194656.041305.csv
2025-10-17 11:10:42-INFO-[tdms_reader_frequency.py:63]-使用元数据采样率: 199999.99999999997 Hz
2025-10-17 11:10:42-INFO-[tdms_reader_frequency.py:55]-开始处理文件: D:/Lab/process/2025.6.20/time\backwatering\20250620193815.303531.csv
2025-10-17 11:10:42-INFO-[tdms_reader_frequency.py:63]-使用元数据采样率: 199999.99999999997 Hz
2025-10-17 11:10:42-INFO-[tdms_reader_frequency.py:126]-  已写入 99999/99999 行FFT数据
2025-10-17 11:10:42-INFO-[tdms_reader_frequency.py:128]-已处理: 20250620194659.052610.csv -> D:/Lab/process/2025.6.20/frequency\back\FFT_20250620194659.052610.csv
2025-10-17 11:10:42-INFO-[tdms_reader_frequency.py:126]-  已写入 99999/99999 行FFT数据
2025-10-17 11:10:42-INFO-[tdms_reader_frequency.py:128]-已处理: 20250620194702.006214.csv -> D:/Lab/process/2025.6.20/frequency\back\FFT_20250620194702.006214.csv
2025-10-17 11:10:42-INFO-[tdms_reader_frequency.py:70]-成功读取文件: 20250620193806.499762.csv, 数据长度: 200000
2025-10-17 11:10:42-INFO-[tdms_reader_frequency.py:80]-处理文件: 20250620193806.499762.csv, 通道数: 16
2025-10-17 11:10:42-INFO-[tdms_reader_frequency.py:55]-开始处理文件: D:/Lab/process/2025.6.20/time\backwatering\20250620193818.229423.csv
2025-10-17 11:10:42-INFO-[tdms_reader_frequency.py:63]-使用元数据采样率: 199999.99999999997 Hz
2025-10-17 11:10:42-INFO-[tdms_reader_frequency.py:55]-开始处理文件: D:/Lab/process/2025.6.20/time\backwatering\20250620193821.140393.csv
2025-10-17 11:10:42-INFO-[tdms_reader_frequency.py:63]-使用元数据采样率: 199999.99999999997 Hz
2025-10-17 11:10:42-INFO-[tdms_reader_frequency.py:70]-成功读取文件: 20250620193809.385131.csv, 数据长度: 200000
2025-10-17 11:10:42-INFO-[tdms_reader_frequency.py:80]-处理文件: 20250620193809.385131.csv, 通道数: 16
2025-10-17 11:10:42-INFO-[tdms_reader_frequency.py:126]-  已写入 99999/99999 行FFT数据
2025-10-17 11:10:42-INFO-[tdms_reader_frequency.py:128]-已处理: 20250620194707.790523.csv -> D:/Lab/process/2025.6.20/frequency\back\FFT_20250620194707.790523.csv
2025-10-17 11:10:42-INFO-[tdms_reader_frequency.py:126]-  已写入 99999/99999 行FFT数据
2025-10-17 11:10:42-INFO-[tdms_reader_frequency.py:128]-已处理: 20250620194704.911499.csv -> D:/Lab/process/2025.6.20/frequency\back\FFT_20250620194704.911499.csv
2025-10-17 11:10:42-INFO-[tdms_reader_frequency.py:55]-开始处理文件: D:/Lab/process/2025.6.20/time\backwatering\20250620193824.039435.csv
2025-10-17 11:10:42-INFO-[tdms_reader_frequency.py:63]-使用元数据采样率: 199999.99999999997 Hz
2025-10-17 11:10:42-INFO-[tdms_reader_frequency.py:55]-开始处理文件: D:/Lab/process/2025.6.20/time\backwatering\20250620193827.003131.csv
2025-10-17 11:10:42-INFO-[tdms_reader_frequency.py:63]-使用元数据采样率: 199999.99999999997 Hz
2025-10-17 11:10:42-INFO-[tdms_reader_frequency.py:70]-成功读取文件: 20250620193815.303531.csv, 数据长度: 200000
2025-10-17 11:10:42-INFO-[tdms_reader_frequency.py:80]-处理文件: 20250620193815.303531.csv, 通道数: 16
2025-10-17 11:10:42-INFO-[tdms_reader_frequency.py:126]-  已写入 99999/99999 行FFT数据
2025-10-17 11:10:42-INFO-[tdms_reader_frequency.py:128]-已处理: 20250620194716.530521.csv -> D:/Lab/process/2025.6.20/frequency\back\FFT_20250620194716.530521.csv
2025-10-17 11:10:42-INFO-[tdms_reader_frequency.py:70]-成功读取文件: 20250620193812.362895.csv, 数据长度: 200000
2025-10-17 11:10:42-INFO-[tdms_reader_frequency.py:80]-处理文件: 20250620193812.362895.csv, 通道数: 16
2025-10-17 11:10:42-INFO-[tdms_reader_frequency.py:55]-开始处理文件: D:/Lab/process/2025.6.20/time\backwatering\20250620193829.938352.csv
2025-10-17 11:10:42-INFO-[tdms_reader_frequency.py:63]-使用元数据采样率: 199999.99999999997 Hz
2025-10-17 11:10:42-INFO-[tdms_reader_frequency.py:126]-  已写入 99999/99999 行FFT数据
2025-10-17 11:10:42-INFO-[tdms_reader_frequency.py:128]-已处理: 20250620194710.704633.csv -> D:/Lab/process/2025.6.20/frequency\back\FFT_20250620194710.704633.csv
2025-10-17 11:10:43-INFO-[tdms_reader_frequency.py:55]-开始处理文件: D:/Lab/process/2025.6.20/time\backwatering\20250620193832.870292.csv
2025-10-17 11:10:43-INFO-[tdms_reader_frequency.py:63]-使用元数据采样率: 199999.99999999997 Hz
2025-10-17 11:10:43-INFO-[tdms_reader_frequency.py:126]-  已写入 99999/99999 行FFT数据
2025-10-17 11:10:43-INFO-[tdms_reader_frequency.py:128]-已处理: 20250620194713.610034.csv -> D:/Lab/process/2025.6.20/frequency\back\FFT_20250620194713.610034.csv
2025-10-17 11:10:43-INFO-[tdms_reader_frequency.py:70]-成功读取文件: 20250620193818.229423.csv, 数据长度: 200000
2025-10-17 11:10:43-INFO-[tdms_reader_frequency.py:80]-处理文件: 20250620193818.229423.csv, 通道数: 16
2025-10-17 11:10:43-INFO-[tdms_reader_frequency.py:55]-开始处理文件: D:/Lab/process/2025.6.20/time\backwatering\20250620193835.769193.csv
2025-10-17 11:10:43-INFO-[tdms_reader_frequency.py:63]-使用元数据采样率: 199999.99999999997 Hz
2025-10-17 11:10:43-INFO-[tdms_reader_frequency.py:126]-  已写入 99999/99999 行FFT数据
2025-10-17 11:10:43-INFO-[tdms_reader_frequency.py:128]-已处理: 20250620194722.345550.csv -> D:/Lab/process/2025.6.20/frequency\back\FFT_20250620194722.345550.csv
2025-10-17 11:10:43-INFO-[tdms_reader_frequency.py:70]-成功读取文件: 20250620193821.140393.csv, 数据长度: 200000
2025-10-17 11:10:43-INFO-[tdms_reader_frequency.py:80]-处理文件: 20250620193821.140393.csv, 通道数: 16
2025-10-17 11:10:43-INFO-[tdms_reader_frequency.py:55]-开始处理文件: D:/Lab/process/2025.6.20/time\backwatering\20250620193838.664452.csv
2025-10-17 11:10:43-INFO-[tdms_reader_frequency.py:63]-使用元数据采样率: 199999.99999999997 Hz
2025-10-17 11:10:43-INFO-[tdms_reader_frequency.py:126]-  已写入 99999/99999 行FFT数据
2025-10-17 11:10:43-INFO-[tdms_reader_frequency.py:128]-已处理: 20250620194719.443004.csv -> D:/Lab/process/2025.6.20/frequency\back\FFT_20250620194719.443004.csv
2025-10-17 11:10:43-INFO-[tdms_reader_frequency.py:55]-开始处理文件: D:/Lab/process/2025.6.20/time\backwatering\20250620193841.584246.csv
2025-10-17 11:10:43-INFO-[tdms_reader_frequency.py:63]-使用元数据采样率: 199999.99999999997 Hz
2025-10-17 11:10:43-INFO-[tdms_reader_frequency.py:126]-  已写入 99999/99999 行FFT数据
2025-10-17 11:10:43-INFO-[tdms_reader_frequency.py:128]-已处理: 20250620194725.240403.csv -> D:/Lab/process/2025.6.20/frequency\back\FFT_20250620194725.240403.csv
2025-10-17 11:10:43-INFO-[tdms_reader_frequency.py:126]-  已写入 99999/99999 行FFT数据
2025-10-17 11:10:43-INFO-[tdms_reader_frequency.py:128]-已处理: 20250620194734.001919.csv -> D:/Lab/process/2025.6.20/frequency\back\FFT_20250620194734.001919.csv
2025-10-17 11:10:43-INFO-[tdms_reader_frequency.py:55]-开始处理文件: D:/Lab/process/2025.6.20/time\backwatering\20250620193844.533171.csv
2025-10-17 11:10:43-INFO-[tdms_reader_frequency.py:55]-开始处理文件: D:/Lab/process/2025.6.20/time\backwatering\20250620193847.466852.csv
2025-10-17 11:10:43-INFO-[tdms_reader_frequency.py:63]-使用元数据采样率: 199999.99999999997 Hz
2025-10-17 11:10:43-INFO-[tdms_reader_frequency.py:70]-成功读取文件: 20250620193827.003131.csv, 数据长度: 200000
2025-10-17 11:10:43-INFO-[tdms_reader_frequency.py:63]-使用元数据采样率: 199999.99999999997 Hz
2025-10-17 11:10:43-INFO-[tdms_reader_frequency.py:80]-处理文件: 20250620193827.003131.csv, 通道数: 16
2025-10-17 11:10:43-INFO-[tdms_reader_frequency.py:126]-  已写入 99999/99999 行FFT数据
2025-10-17 11:10:43-INFO-[tdms_reader_frequency.py:128]-已处理: 20250620194728.134972.csv -> D:/Lab/process/2025.6.20/frequency\back\FFT_20250620194728.134972.csv
2025-10-17 11:10:43-INFO-[tdms_reader_frequency.py:126]-  已写入 99999/99999 行FFT数据
2025-10-17 11:10:43-INFO-[tdms_reader_frequency.py:128]-已处理: 20250620194731.069696.csv -> D:/Lab/process/2025.6.20/frequency\back\FFT_20250620194731.069696.csv
2025-10-17 11:10:43-INFO-[tdms_reader_frequency.py:70]-成功读取文件: 20250620193824.039435.csv, 数据长度: 200000
2025-10-17 11:10:43-INFO-[tdms_reader_frequency.py:80]-处理文件: 20250620193824.039435.csv, 通道数: 16
2025-10-17 11:10:43-INFO-[tdms_reader_frequency.py:55]-开始处理文件: D:/Lab/process/2025.6.20/time\backwatering\20250620193850.400394.csv
2025-10-17 11:10:43-INFO-[tdms_reader_frequency.py:55]-开始处理文件: D:/Lab/process/2025.6.20/time\backwatering\20250620193853.345024.csv
2025-10-17 11:10:43-INFO-[tdms_reader_frequency.py:63]-使用元数据采样率: 199999.99999999997 Hz
2025-10-17 11:10:43-INFO-[tdms_reader_frequency.py:63]-使用元数据采样率: 199999.99999999997 Hz
2025-10-17 11:10:43-INFO-[tdms_reader_frequency.py:70]-成功读取文件: 20250620193829.938352.csv, 数据长度: 200000
2025-10-17 11:10:43-INFO-[tdms_reader_frequency.py:80]-处理文件: 20250620193829.938352.csv, 通道数: 16
2025-10-17 11:10:43-INFO-[tdms_reader_frequency.py:70]-成功读取文件: 20250620193832.870292.csv, 数据长度: 200000
2025-10-17 11:10:43-INFO-[tdms_reader_frequency.py:80]-处理文件: 20250620193832.870292.csv, 通道数: 16
2025-10-17 11:10:43-INFO-[tdms_reader_frequency.py:70]-成功读取文件: 20250620193835.769193.csv, 数据长度: 200000
2025-10-17 11:10:43-INFO-[tdms_reader_frequency.py:80]-处理文件: 20250620193835.769193.csv, 通道数: 16
2025-10-17 11:10:43-INFO-[tdms_reader_frequency.py:70]-成功读取文件: 20250620193838.664452.csv, 数据长度: 200000
2025-10-17 11:10:43-INFO-[tdms_reader_frequency.py:80]-处理文件: 20250620193838.664452.csv, 通道数: 16
2025-10-17 11:10:43-INFO-[tdms_reader_frequency.py:70]-成功读取文件: 20250620193844.533171.csv, 数据长度: 200000
2025-10-17 11:10:43-INFO-[tdms_reader_frequency.py:80]-处理文件: 20250620193844.533171.csv, 通道数: 16
2025-10-17 11:10:43-INFO-[tdms_reader_frequency.py:70]-成功读取文件: 20250620193841.584246.csv, 数据长度: 200000
2025-10-17 11:10:43-INFO-[tdms_reader_frequency.py:70]-成功读取文件: 20250620193847.466852.csv, 数据长度: 200000
2025-10-17 11:10:43-INFO-[tdms_reader_frequency.py:80]-处理文件: 20250620193841.584246.csv, 通道数: 16
2025-10-17 11:10:43-INFO-[tdms_reader_frequency.py:80]-处理文件: 20250620193847.466852.csv, 通道数: 16
2025-10-17 11:10:44-INFO-[tdms_reader_frequency.py:70]-成功读取文件: 20250620193853.345024.csv, 数据长度: 200000
2025-10-17 11:10:44-INFO-[tdms_reader_frequency.py:80]-处理文件: 20250620193853.345024.csv, 通道数: 16
2025-10-17 11:10:44-INFO-[tdms_reader_frequency.py:70]-成功读取文件: 20250620193850.400394.csv, 数据长度: 200000
2025-10-17 11:10:44-INFO-[tdms_reader_frequency.py:80]-处理文件: 20250620193850.400394.csv, 通道数: 16
2025-10-17 11:10:44-INFO-[tdms_reader_frequency.py:126]-  已写入 99999/99999 行FFT数据
2025-10-17 11:10:44-INFO-[tdms_reader_frequency.py:128]-已处理: 20250620193743.417335.csv -> D:/Lab/process/2025.6.20/frequency\backwatering\FFT_20250620193743.417335.csv
2025-10-17 11:10:44-INFO-[tdms_reader_frequency.py:126]-  已写入 99999/99999 行FFT数据
2025-10-17 11:10:44-INFO-[tdms_reader_frequency.py:128]-已处理: 20250620193734.678390.csv -> D:/Lab/process/2025.6.20/frequency\backwatering\FFT_20250620193734.678390.csv
2025-10-17 11:10:44-INFO-[tdms_reader_frequency.py:55]-开始处理文件: D:/Lab/process/2025.6.20/time\backwatering\20250620193856.225711.csv
2025-10-17 11:10:44-INFO-[tdms_reader_frequency.py:63]-使用元数据采样率: 199999.99999999997 Hz
2025-10-17 11:10:44-INFO-[tdms_reader_frequency.py:55]-开始处理文件: D:/Lab/process/2025.6.20/time\backwatering\20250620193859.168055.csv
2025-10-17 11:10:44-INFO-[tdms_reader_frequency.py:63]-使用元数据采样率: 199999.99999999997 Hz
2025-10-17 11:10:44-INFO-[tdms_reader_frequency.py:126]-  已写入 99999/99999 行FFT数据
2025-10-17 11:10:44-INFO-[tdms_reader_frequency.py:128]-已处理: 20250620193749.270337.csv -> D:/Lab/process/2025.6.20/frequency\backwatering\FFT_20250620193749.270337.csv
2025-10-17 11:10:44-INFO-[tdms_reader_frequency.py:55]-开始处理文件: D:/Lab/process/2025.6.20/time\backwatering\20250620193902.126579.csv
2025-10-17 11:10:44-INFO-[tdms_reader_frequency.py:126]-  已写入 99999/99999 行FFT数据
2025-10-17 11:10:44-INFO-[tdms_reader_frequency.py:63]-使用元数据采样率: 199999.99999999997 Hz
2025-10-17 11:10:44-INFO-[tdms_reader_frequency.py:128]-已处理: 20250620193737.643558.csv -> D:/Lab/process/2025.6.20/frequency\backwatering\FFT_20250620193737.643558.csv
2025-10-17 11:10:44-INFO-[tdms_reader_frequency.py:126]-  已写入 99999/99999 行FFT数据
2025-10-17 11:10:44-INFO-[tdms_reader_frequency.py:128]-已处理: 20250620193740.545447.csv -> D:/Lab/process/2025.6.20/frequency\backwatering\FFT_20250620193740.545447.csv
2025-10-17 11:10:44-INFO-[tdms_reader_frequency.py:55]-开始处理文件: D:/Lab/process/2025.6.20/time\backwatering\20250620193905.056522.csv
2025-10-17 11:10:44-INFO-[tdms_reader_frequency.py:63]-使用元数据采样率: 199999.99999999997 Hz
2025-10-17 11:10:44-INFO-[tdms_reader_frequency.py:55]-开始处理文件: D:/Lab/process/2025.6.20/time\backwatering\20250620193907.982947.csv
2025-10-17 11:10:44-INFO-[tdms_reader_frequency.py:63]-使用元数据采样率: 199999.99999999997 Hz
2025-10-17 11:10:44-INFO-[tdms_reader_frequency.py:126]-  已写入 99999/99999 行FFT数据
2025-10-17 11:10:44-INFO-[tdms_reader_frequency.py:128]-已处理: 20250620193746.344677.csv -> D:/Lab/process/2025.6.20/frequency\backwatering\FFT_20250620193746.344677.csv
2025-10-17 11:10:44-INFO-[tdms_reader_frequency.py:126]-  已写入 99999/99999 行FFT数据
2025-10-17 11:10:44-INFO-[tdms_reader_frequency.py:128]-已处理: 20250620193755.071010.csv -> D:/Lab/process/2025.6.20/frequency\backwatering\FFT_20250620193755.071010.csv
2025-10-17 11:10:44-INFO-[tdms_reader_frequency.py:55]-开始处理文件: D:/Lab/process/2025.6.20/time\backwatering\20250620193910.873333.csv
2025-10-17 11:10:45-INFO-[tdms_reader_frequency.py:63]-使用元数据采样率: 199999.99999999997 Hz
2025-10-17 11:10:45-INFO-[tdms_reader_frequency.py:126]-  已写入 99999/99999 行FFT数据
2025-10-17 11:10:45-INFO-[tdms_reader_frequency.py:128]-已处理: 20250620193752.182714.csv -> D:/Lab/process/2025.6.20/frequency\backwatering\FFT_20250620193752.182714.csv
2025-10-17 11:10:45-INFO-[tdms_reader_frequency.py:55]-开始处理文件: D:/Lab/process/2025.6.20/time\backwatering\20250620193913.800929.csv
2025-10-17 11:10:45-INFO-[tdms_reader_frequency.py:63]-使用元数据采样率: 199999.99999999997 Hz
2025-10-17 11:10:45-INFO-[tdms_reader_frequency.py:55]-开始处理文件: D:/Lab/process/2025.6.20/time\backwatering\20250620193916.714522.csv
2025-10-17 11:10:45-INFO-[tdms_reader_frequency.py:63]-使用元数据采样率: 199999.99999999997 Hz
2025-10-17 11:10:45-INFO-[tdms_reader_frequency.py:70]-成功读取文件: 20250620193856.225711.csv, 数据长度: 200000
2025-10-17 11:10:45-INFO-[tdms_reader_frequency.py:80]-处理文件: 20250620193856.225711.csv, 通道数: 16
2025-10-17 11:10:45-INFO-[tdms_reader_frequency.py:70]-成功读取文件: 20250620193859.168055.csv, 数据长度: 200000
2025-10-17 11:10:45-INFO-[tdms_reader_frequency.py:80]-处理文件: 20250620193859.168055.csv, 通道数: 16
2025-10-17 11:10:45-INFO-[tdms_reader_frequency.py:70]-成功读取文件: 20250620193902.126579.csv, 数据长度: 200000
2025-10-17 11:10:45-INFO-[tdms_reader_frequency.py:80]-处理文件: 20250620193902.126579.csv, 通道数: 16
2025-10-17 11:10:45-INFO-[tdms_reader_frequency.py:70]-成功读取文件: 20250620193905.056522.csv, 数据长度: 200000
2025-10-17 11:10:45-INFO-[tdms_reader_frequency.py:80]-处理文件: 20250620193905.056522.csv, 通道数: 16
2025-10-17 11:10:45-INFO-[tdms_reader_frequency.py:70]-成功读取文件: 20250620193907.982947.csv, 数据长度: 200000
2025-10-17 11:10:45-INFO-[tdms_reader_frequency.py:80]-处理文件: 20250620193907.982947.csv, 通道数: 16
2025-10-17 11:10:45-INFO-[tdms_reader_frequency.py:70]-成功读取文件: 20250620193910.873333.csv, 数据长度: 200000
2025-10-17 11:10:45-INFO-[tdms_reader_frequency.py:80]-处理文件: 20250620193910.873333.csv, 通道数: 16
2025-10-17 11:10:45-INFO-[tdms_reader_frequency.py:70]-成功读取文件: 20250620193913.800929.csv, 数据长度: 200000
2025-10-17 11:10:45-INFO-[tdms_reader_frequency.py:80]-处理文件: 20250620193913.800929.csv, 通道数: 16
2025-10-17 11:10:45-INFO-[tdms_reader_frequency.py:70]-成功读取文件: 20250620193916.714522.csv, 数据长度: 200000
2025-10-17 11:10:45-INFO-[tdms_reader_frequency.py:80]-处理文件: 20250620193916.714522.csv, 通道数: 16
2025-10-17 11:10:48-INFO-[tdms_reader_frequency.py:126]-  已写入 99999/99999 行FFT数据
2025-10-17 11:10:48-INFO-[tdms_reader_frequency.py:128]-已处理: 20250620193757.946475.csv -> D:/Lab/process/2025.6.20/frequency\backwatering\FFT_20250620193757.946475.csv
2025-10-17 11:10:48-INFO-[tdms_reader_frequency.py:126]-  已写入 99999/99999 行FFT数据
2025-10-17 11:10:48-INFO-[tdms_reader_frequency.py:128]-已处理: 20250620193803.575523.csv -> D:/Lab/process/2025.6.20/frequency\backwatering\FFT_20250620193803.575523.csv
2025-10-17 11:10:48-INFO-[tdms_reader_frequency.py:55]-开始处理文件: D:/Lab/process/2025.6.20/time\backwatering\20250620193919.648442.csv
2025-10-17 11:10:48-INFO-[tdms_reader_frequency.py:63]-使用元数据采样率: 199999.99999999997 Hz
2025-10-17 11:10:48-INFO-[tdms_reader_frequency.py:55]-开始处理文件: D:/Lab/process/2025.6.20/time\backwatering\20250620193922.601949.csv
2025-10-17 11:10:48-INFO-[tdms_reader_frequency.py:63]-使用元数据采样率: 199999.99999999997 Hz
2025-10-17 11:10:48-INFO-[tdms_reader_frequency.py:126]-  已写入 99999/99999 行FFT数据
2025-10-17 11:10:48-INFO-[tdms_reader_frequency.py:128]-已处理: 20250620193800.664447.csv -> D:/Lab/process/2025.6.20/frequency\backwatering\FFT_20250620193800.664447.csv
2025-10-17 11:10:48-INFO-[tdms_reader_frequency.py:55]-开始处理文件: D:/Lab/process/2025.6.20/time\backwatering\20250620193925.583770.csv
2025-10-17 11:10:48-INFO-[tdms_reader_frequency.py:63]-使用元数据采样率: 199999.99999999997 Hz
2025-10-17 11:10:48-INFO-[tdms_reader_frequency.py:126]-  已写入 99999/99999 行FFT数据
2025-10-17 11:10:48-INFO-[tdms_reader_frequency.py:128]-已处理: 20250620193806.499762.csv -> D:/Lab/process/2025.6.20/frequency\backwatering\FFT_20250620193806.499762.csv
2025-10-17 11:10:48-INFO-[tdms_reader_frequency.py:55]-开始处理文件: D:/Lab/process/2025.6.20/time\backwatering\20250620193928.513572.csv
2025-10-17 11:10:48-INFO-[tdms_reader_frequency.py:63]-使用元数据采样率: 199999.99999999997 Hz
2025-10-17 11:10:49-INFO-[tdms_reader_frequency.py:70]-成功读取文件: 20250620193922.601949.csv, 数据长度: 200000
2025-10-17 11:10:49-INFO-[tdms_reader_frequency.py:80]-处理文件: 20250620193922.601949.csv, 通道数: 16
2025-10-17 11:10:49-INFO-[tdms_reader_frequency.py:70]-成功读取文件: 20250620193919.648442.csv, 数据长度: 200000
2025-10-17 11:10:49-INFO-[tdms_reader_frequency.py:80]-处理文件: 20250620193919.648442.csv, 通道数: 16
2025-10-17 11:10:49-INFO-[tdms_reader_frequency.py:70]-成功读取文件: 20250620193925.583770.csv, 数据长度: 200000
2025-10-17 11:10:49-INFO-[tdms_reader_frequency.py:80]-处理文件: 20250620193925.583770.csv, 通道数: 16
2025-10-17 11:10:49-INFO-[tdms_reader_frequency.py:126]-  已写入 99999/99999 行FFT数据
2025-10-17 11:10:49-INFO-[tdms_reader_frequency.py:128]-已处理: 20250620193809.385131.csv -> D:/Lab/process/2025.6.20/frequency\backwatering\FFT_20250620193809.385131.csv
2025-10-17 11:10:49-INFO-[tdms_reader_frequency.py:55]-开始处理文件: D:/Lab/process/2025.6.20/time\backwatering\20250620193931.418785.csv
2025-10-17 11:10:49-INFO-[tdms_reader_frequency.py:126]-  已写入 99999/99999 行FFT数据
2025-10-17 11:10:49-INFO-[tdms_reader_frequency.py:63]-使用元数据采样率: 199999.99999999997 Hz
2025-10-17 11:10:49-INFO-[tdms_reader_frequency.py:128]-已处理: 20250620193815.303531.csv -> D:/Lab/process/2025.6.20/frequency\backwatering\FFT_20250620193815.303531.csv
2025-10-17 11:10:49-INFO-[tdms_reader_frequency.py:55]-开始处理文件: D:/Lab/process/2025.6.20/time\backwatering\20250620194609.324848.csv
2025-10-17 11:10:49-INFO-[tdms_reader_frequency.py:63]-使用元数据采样率: 199999.99999999997 Hz
2025-10-17 11:10:49-INFO-[tdms_reader_frequency.py:126]-  已写入 99999/99999 行FFT数据
2025-10-17 11:10:49-INFO-[tdms_reader_frequency.py:128]-已处理: 20250620193818.229423.csv -> D:/Lab/process/2025.6.20/frequency\backwatering\FFT_20250620193818.229423.csv
2025-10-17 11:10:49-INFO-[tdms_reader_frequency.py:55]-开始处理文件: D:/Lab/process/2025.6.20/time\stopdirtyback\20250620203652.803200.csv
2025-10-17 11:10:49-INFO-[tdms_reader_frequency.py:63]-使用元数据采样率: 199999.99999999997 Hz
2025-10-17 11:10:49-INFO-[tdms_reader_frequency.py:126]-  已写入 99999/99999 行FFT数据
2025-10-17 11:10:49-INFO-[tdms_reader_frequency.py:128]-已处理: 20250620193812.362895.csv -> D:/Lab/process/2025.6.20/frequency\backwatering\FFT_20250620193812.362895.csv
2025-10-17 11:10:49-INFO-[tdms_reader_frequency.py:70]-成功读取文件: 20250620193928.513572.csv, 数据长度: 200000
2025-10-17 11:10:49-INFO-[tdms_reader_frequency.py:80]-处理文件: 20250620193928.513572.csv, 通道数: 16
2025-10-17 11:10:49-INFO-[tdms_reader_frequency.py:55]-开始处理文件: D:/Lab/process/2025.6.20/time\stopdirtyback\20250620203655.750625.csv
2025-10-17 11:10:49-INFO-[tdms_reader_frequency.py:126]-  已写入 99999/99999 行FFT数据
2025-10-17 11:10:49-INFO-[tdms_reader_frequency.py:63]-使用元数据采样率: 199999.99999999997 Hz
2025-10-17 11:10:49-INFO-[tdms_reader_frequency.py:128]-已处理: 20250620193821.140393.csv -> D:/Lab/process/2025.6.20/frequency\backwatering\FFT_20250620193821.140393.csv
2025-10-17 11:10:49-INFO-[tdms_reader_frequency.py:55]-开始处理文件: D:/Lab/process/2025.6.20/time\stopdirtyback\20250620203658.518572.csv
2025-10-17 11:10:49-INFO-[tdms_reader_frequency.py:63]-使用元数据采样率: 199999.99999999997 Hz
2025-10-17 11:10:49-INFO-[tdms_reader_frequency.py:70]-成功读取文件: 20250620193931.418785.csv, 数据长度: 200000
2025-10-17 11:10:49-INFO-[tdms_reader_frequency.py:80]-处理文件: 20250620193931.418785.csv, 通道数: 16
2025-10-17 11:10:49-INFO-[tdms_reader_frequency.py:126]-  已写入 99999/99999 行FFT数据
2025-10-17 11:10:49-INFO-[tdms_reader_frequency.py:128]-已处理: 20250620193827.003131.csv -> D:/Lab/process/2025.6.20/frequency\backwatering\FFT_20250620193827.003131.csv
2025-10-17 11:10:49-INFO-[tdms_reader_frequency.py:55]-开始处理文件: D:/Lab/process/2025.6.20/time\stopdirtyback\20250620203701.532839.csv
2025-10-17 11:10:49-INFO-[tdms_reader_frequency.py:70]-成功读取文件: 20250620194609.324848.csv, 数据长度: 200000
2025-10-17 11:10:49-INFO-[tdms_reader_frequency.py:63]-使用元数据采样率: 199999.99999999997 Hz
2025-10-17 11:10:49-INFO-[tdms_reader_frequency.py:80]-处理文件: 20250620194609.324848.csv, 通道数: 16
2025-10-17 11:10:50-INFO-[tdms_reader_frequency.py:126]-  已写入 99999/99999 行FFT数据
2025-10-17 11:10:50-INFO-[tdms_reader_frequency.py:70]-成功读取文件: 20250620203652.803200.csv, 数据长度: 200000
2025-10-17 11:10:50-INFO-[tdms_reader_frequency.py:128]-已处理: 20250620193832.870292.csv -> D:/Lab/process/2025.6.20/frequency\backwatering\FFT_20250620193832.870292.csv
2025-10-17 11:10:50-INFO-[tdms_reader_frequency.py:80]-处理文件: 20250620203652.803200.csv, 通道数: 16
2025-10-17 11:10:50-INFO-[tdms_reader_frequency.py:55]-开始处理文件: D:/Lab/process/2025.6.20/time\stopdirtyback\20250620203704.513334.csv
2025-10-17 11:10:50-INFO-[tdms_reader_frequency.py:63]-使用元数据采样率: 199999.99999999997 Hz
2025-10-17 11:10:50-INFO-[tdms_reader_frequency.py:126]-  已写入 99999/99999 行FFT数据
2025-10-17 11:10:50-INFO-[tdms_reader_frequency.py:128]-已处理: 20250620193838.664452.csv -> D:/Lab/process/2025.6.20/frequency\backwatering\FFT_20250620193838.664452.csv
2025-10-17 11:10:50-INFO-[tdms_reader_frequency.py:126]-  已写入 99999/99999 行FFT数据
2025-10-17 11:10:50-INFO-[tdms_reader_frequency.py:70]-成功读取文件: 20250620203655.750625.csv, 数据长度: 200000
2025-10-17 11:10:50-INFO-[tdms_reader_frequency.py:128]-已处理: 20250620193824.039435.csv -> D:/Lab/process/2025.6.20/frequency\backwatering\FFT_20250620193824.039435.csv
2025-10-17 11:10:50-INFO-[tdms_reader_frequency.py:126]-  已写入 99999/99999 行FFT数据
2025-10-17 11:10:50-INFO-[tdms_reader_frequency.py:128]-已处理: 20250620193829.938352.csv -> D:/Lab/process/2025.6.20/frequency\backwatering\FFT_20250620193829.938352.csv
2025-10-17 11:10:50-INFO-[tdms_reader_frequency.py:80]-处理文件: 20250620203655.750625.csv, 通道数: 16
2025-10-17 11:10:50-INFO-[tdms_reader_frequency.py:55]-开始处理文件: D:/Lab/process/2025.6.20/time\stopdirtyback\20250620203707.478189.csv
2025-10-17 11:10:50-INFO-[tdms_reader_frequency.py:63]-使用元数据采样率: 199999.99999999997 Hz
2025-10-17 11:10:50-INFO-[tdms_reader_frequency.py:55]-开始处理文件: D:/Lab/process/2025.6.20/time\stopdirtyback\20250620203710.409991.csv
2025-10-17 11:10:50-INFO-[tdms_reader_frequency.py:55]-开始处理文件: D:/Lab/process/2025.6.20/time\stopdirtyback\20250620203713.390256.csv
2025-10-17 11:10:50-INFO-[tdms_reader_frequency.py:63]-使用元数据采样率: 199999.99999999997 Hz
2025-10-17 11:10:50-INFO-[tdms_reader_frequency.py:63]-使用元数据采样率: 199999.99999999997 Hz
2025-10-17 11:10:50-INFO-[tdms_reader_frequency.py:126]-  已写入 99999/99999 行FFT数据
2025-10-17 11:10:50-INFO-[tdms_reader_frequency.py:70]-成功读取文件: 20250620203658.518572.csv, 数据长度: 200000
2025-10-17 11:10:50-INFO-[tdms_reader_frequency.py:128]-已处理: 20250620193835.769193.csv -> D:/Lab/process/2025.6.20/frequency\backwatering\FFT_20250620193835.769193.csv
2025-10-17 11:10:50-INFO-[tdms_reader_frequency.py:80]-处理文件: 20250620203658.518572.csv, 通道数: 16
2025-10-17 11:10:50-INFO-[tdms_reader_frequency.py:55]-开始处理文件: D:/Lab/process/2025.6.20/time\stopdirtyback\20250620203716.299159.csv
2025-10-17 11:10:50-INFO-[tdms_reader_frequency.py:126]-  已写入 99999/99999 行FFT数据
2025-10-17 11:10:50-INFO-[tdms_reader_frequency.py:63]-使用元数据采样率: 199999.99999999997 Hz
2025-10-17 11:10:50-INFO-[tdms_reader_frequency.py:126]-  已写入 99999/99999 行FFT数据
2025-10-17 11:10:50-INFO-[tdms_reader_frequency.py:128]-已处理: 20250620193841.584246.csv -> D:/Lab/process/2025.6.20/frequency\backwatering\FFT_20250620193841.584246.csv
2025-10-17 11:10:50-INFO-[tdms_reader_frequency.py:126]-  已写入 99999/99999 行FFT数据
2025-10-17 11:10:50-INFO-[tdms_reader_frequency.py:128]-已处理: 20250620193853.345024.csv -> D:/Lab/process/2025.6.20/frequency\backwatering\FFT_20250620193853.345024.csv
2025-10-17 11:10:50-INFO-[tdms_reader_frequency.py:128]-已处理: 20250620193844.533171.csv -> D:/Lab/process/2025.6.20/frequency\backwatering\FFT_20250620193844.533171.csv
2025-10-17 11:10:50-INFO-[tdms_reader_frequency.py:55]-开始处理文件: D:/Lab/process/2025.6.20/time\stopdirtyback\20250620203719.208527.csv
2025-10-17 11:10:50-INFO-[tdms_reader_frequency.py:55]-开始处理文件: D:/Lab/process/2025.6.20/time\stopdirtyback\20250620203722.132566.csv
2025-10-17 11:10:50-INFO-[tdms_reader_frequency.py:126]-  已写入 99999/99999 行FFT数据
2025-10-17 11:10:50-INFO-[tdms_reader_frequency.py:70]-成功读取文件: 20250620203701.532839.csv, 数据长度: 200000
2025-10-17 11:10:50-INFO-[tdms_reader_frequency.py:63]-使用元数据采样率: 199999.99999999997 Hz
2025-10-17 11:10:50-INFO-[tdms_reader_frequency.py:63]-使用元数据采样率: 199999.99999999997 Hz
2025-10-17 11:10:50-INFO-[tdms_reader_frequency.py:128]-已处理: 20250620193847.466852.csv -> D:/Lab/process/2025.6.20/frequency\backwatering\FFT_20250620193847.466852.csv
2025-10-17 11:10:50-INFO-[tdms_reader_frequency.py:80]-处理文件: 20250620203701.532839.csv, 通道数: 16
2025-10-17 11:10:50-INFO-[tdms_reader_frequency.py:55]-开始处理文件: D:/Lab/process/2025.6.20/time\stopdirtyback\20250620203725.055667.csv
2025-10-17 11:10:50-INFO-[tdms_reader_frequency.py:63]-使用元数据采样率: 199999.99999999997 Hz
2025-10-17 11:10:50-INFO-[tdms_reader_frequency.py:55]-开始处理文件: D:/Lab/process/2025.6.20/time\stopdirtyback\20250620203727.976887.csv
2025-10-17 11:10:50-INFO-[tdms_reader_frequency.py:63]-使用元数据采样率: 199999.99999999997 Hz
2025-10-17 11:10:50-INFO-[tdms_reader_frequency.py:70]-成功读取文件: 20250620203704.513334.csv, 数据长度: 200000
2025-10-17 11:10:50-INFO-[tdms_reader_frequency.py:80]-处理文件: 20250620203704.513334.csv, 通道数: 16
2025-10-17 11:10:50-INFO-[tdms_reader_frequency.py:126]-  已写入 99999/99999 行FFT数据
2025-10-17 11:10:50-INFO-[tdms_reader_frequency.py:128]-已处理: 20250620193850.400394.csv -> D:/Lab/process/2025.6.20/frequency\backwatering\FFT_20250620193850.400394.csv
2025-10-17 11:10:50-INFO-[tdms_reader_frequency.py:70]-成功读取文件: 20250620203713.390256.csv, 数据长度: 200000
2025-10-17 11:10:50-INFO-[tdms_reader_frequency.py:80]-处理文件: 20250620203713.390256.csv, 通道数: 16
2025-10-17 11:10:50-INFO-[tdms_reader_frequency.py:55]-开始处理文件: D:/Lab/process/2025.6.20/time\stopdirtyback\20250620203730.949081.csv
2025-10-17 11:10:50-INFO-[tdms_reader_frequency.py:63]-使用元数据采样率: 199999.99999999997 Hz
2025-10-17 11:10:50-INFO-[tdms_reader_frequency.py:70]-成功读取文件: 20250620203710.409991.csv, 数据长度: 200000
2025-10-17 11:10:50-INFO-[tdms_reader_frequency.py:80]-处理文件: 20250620203710.409991.csv, 通道数: 16
2025-10-17 11:10:50-INFO-[tdms_reader_frequency.py:70]-成功读取文件: 20250620203707.478189.csv, 数据长度: 200000
2025-10-17 11:10:50-INFO-[tdms_reader_frequency.py:80]-处理文件: 20250620203707.478189.csv, 通道数: 16
2025-10-17 11:10:50-INFO-[tdms_reader_frequency.py:70]-成功读取文件: 20250620203716.299159.csv, 数据长度: 200000
2025-10-17 11:10:50-INFO-[tdms_reader_frequency.py:80]-处理文件: 20250620203716.299159.csv, 通道数: 16
2025-10-17 11:10:51-INFO-[tdms_reader_frequency.py:70]-成功读取文件: 20250620203719.208527.csv, 数据长度: 200000
2025-10-17 11:10:51-INFO-[tdms_reader_frequency.py:80]-处理文件: 20250620203719.208527.csv, 通道数: 16
2025-10-17 11:10:51-INFO-[tdms_reader_frequency.py:70]-成功读取文件: 20250620203722.132566.csv, 数据长度: 200000
2025-10-17 11:10:51-INFO-[tdms_reader_frequency.py:80]-处理文件: 20250620203722.132566.csv, 通道数: 16
2025-10-17 11:10:51-INFO-[tdms_reader_frequency.py:70]-成功读取文件: 20250620203727.976887.csv, 数据长度: 200000
2025-10-17 11:10:51-INFO-[tdms_reader_frequency.py:80]-处理文件: 20250620203727.976887.csv, 通道数: 16
2025-10-17 11:10:51-INFO-[tdms_reader_frequency.py:70]-成功读取文件: 20250620203725.055667.csv, 数据长度: 200000
2025-10-17 11:10:51-INFO-[tdms_reader_frequency.py:80]-处理文件: 20250620203725.055667.csv, 通道数: 16
2025-10-17 11:10:51-INFO-[tdms_reader_frequency.py:70]-成功读取文件: 20250620203730.949081.csv, 数据长度: 200000
2025-10-17 11:10:51-INFO-[tdms_reader_frequency.py:80]-处理文件: 20250620203730.949081.csv, 通道数: 16
2025-10-17 11:10:51-INFO-[tdms_reader_frequency.py:126]-  已写入 99999/99999 行FFT数据
2025-10-17 11:10:51-INFO-[tdms_reader_frequency.py:128]-已处理: 20250620193907.982947.csv -> D:/Lab/process/2025.6.20/frequency\backwatering\FFT_20250620193907.982947.csv
2025-10-17 11:10:51-INFO-[tdms_reader_frequency.py:55]-开始处理文件: D:/Lab/process/2025.6.20/time\stopdirtyback\20250620203733.850068.csv
2025-10-17 11:10:51-INFO-[tdms_reader_frequency.py:63]-使用元数据采样率: 199999.99999999997 Hz
2025-10-17 11:10:51-INFO-[tdms_reader_frequency.py:126]-  已写入 99999/99999 行FFT数据
2025-10-17 11:10:51-INFO-[tdms_reader_frequency.py:128]-已处理: 20250620193856.225711.csv -> D:/Lab/process/2025.6.20/frequency\backwatering\FFT_20250620193856.225711.csv
2025-10-17 11:10:51-INFO-[tdms_reader_frequency.py:126]-  已写入 99999/99999 行FFT数据
2025-10-17 11:10:51-INFO-[tdms_reader_frequency.py:128]-已处理: 20250620193902.126579.csv -> D:/Lab/process/2025.6.20/frequency\backwatering\FFT_20250620193902.126579.csv
2025-10-17 11:10:51-INFO-[tdms_reader_frequency.py:126]-  已写入 99999/99999 行FFT数据
2025-10-17 11:10:51-INFO-[tdms_reader_frequency.py:128]-已处理: 20250620193859.168055.csv -> D:/Lab/process/2025.6.20/frequency\backwatering\FFT_20250620193859.168055.csv
2025-10-17 11:10:51-INFO-[tdms_reader_frequency.py:55]-开始处理文件: D:/Lab/process/2025.6.20/time\stopdirtyback\20250620203736.809154.csv
2025-10-17 11:10:51-INFO-[tdms_reader_frequency.py:63]-使用元数据采样率: 199999.99999999997 Hz
2025-10-17 11:10:51-INFO-[tdms_reader_frequency.py:55]-开始处理文件: D:/Lab/process/2025.6.20/time\stopdirtyback\20250620203739.731672.csv
2025-10-17 11:10:51-INFO-[tdms_reader_frequency.py:63]-使用元数据采样率: 199999.99999999997 Hz
2025-10-17 11:10:51-INFO-[tdms_reader_frequency.py:55]-开始处理文件: D:/Lab/process/2025.6.20/time\stopdirtyback\20250620203742.636087.csv
2025-10-17 11:10:51-INFO-[tdms_reader_frequency.py:63]-使用元数据采样率: 199999.99999999997 Hz
2025-10-17 11:10:51-INFO-[tdms_reader_frequency.py:126]-  已写入 99999/99999 行FFT数据
2025-10-17 11:10:51-INFO-[tdms_reader_frequency.py:128]-已处理: 20250620193905.056522.csv -> D:/Lab/process/2025.6.20/frequency\backwatering\FFT_20250620193905.056522.csv
2025-10-17 11:10:51-INFO-[tdms_reader_frequency.py:55]-开始处理文件: D:/Lab/process/2025.6.20/time\stopdirtyback\20250620203745.567957.csv
2025-10-17 11:10:51-INFO-[tdms_reader_frequency.py:126]-  已写入 99999/99999 行FFT数据
2025-10-17 11:10:51-INFO-[tdms_reader_frequency.py:63]-使用元数据采样率: 199999.99999999997 Hz
2025-10-17 11:10:51-INFO-[tdms_reader_frequency.py:128]-已处理: 20250620193910.873333.csv -> D:/Lab/process/2025.6.20/frequency\backwatering\FFT_20250620193910.873333.csv
2025-10-17 11:10:52-INFO-[tdms_reader_frequency.py:55]-开始处理文件: D:/Lab/process/2025.6.20/time\stopdirtyback\20250620203748.493319.csv
2025-10-17 11:10:52-INFO-[tdms_reader_frequency.py:63]-使用元数据采样率: 199999.99999999997 Hz
2025-10-17 11:10:52-INFO-[tdms_reader_frequency.py:126]-  已写入 99999/99999 行FFT数据
2025-10-17 11:10:52-INFO-[tdms_reader_frequency.py:128]-已处理: 20250620193913.800929.csv -> D:/Lab/process/2025.6.20/frequency\backwatering\FFT_20250620193913.800929.csv
2025-10-17 11:10:52-INFO-[tdms_reader_frequency.py:55]-开始处理文件: D:/Lab/process/2025.6.20/time\stopdirtyback\20250620203751.394046.csv
2025-10-17 11:10:52-INFO-[tdms_reader_frequency.py:63]-使用元数据采样率: 199999.99999999997 Hz
2025-10-17 11:10:52-INFO-[tdms_reader_frequency.py:126]-  已写入 99999/99999 行FFT数据
2025-10-17 11:10:52-INFO-[tdms_reader_frequency.py:70]-成功读取文件: 20250620203733.850068.csv, 数据长度: 200000
2025-10-17 11:10:52-INFO-[tdms_reader_frequency.py:128]-已处理: 20250620193916.714522.csv -> D:/Lab/process/2025.6.20/frequency\backwatering\FFT_20250620193916.714522.csv
2025-10-17 11:10:52-INFO-[tdms_reader_frequency.py:80]-处理文件: 20250620203733.850068.csv, 通道数: 16
2025-10-17 11:10:52-INFO-[tdms_reader_frequency.py:70]-成功读取文件: 20250620203736.809154.csv, 数据长度: 200000
2025-10-17 11:10:52-INFO-[tdms_reader_frequency.py:80]-处理文件: 20250620203736.809154.csv, 通道数: 16
2025-10-17 11:10:52-INFO-[tdms_reader_frequency.py:55]-开始处理文件: D:/Lab/process/2025.6.20/time\stopdirtyback\20250620203754.381011.csv
2025-10-17 11:10:52-INFO-[tdms_reader_frequency.py:63]-使用元数据采样率: 199999.99999999997 Hz
2025-10-17 11:10:52-INFO-[tdms_reader_frequency.py:70]-成功读取文件: 20250620203739.731672.csv, 数据长度: 200000
2025-10-17 11:10:52-INFO-[tdms_reader_frequency.py:80]-处理文件: 20250620203739.731672.csv, 通道数: 16
2025-10-17 11:10:52-INFO-[tdms_reader_frequency.py:70]-成功读取文件: 20250620203742.636087.csv, 数据长度: 200000
2025-10-17 11:10:52-INFO-[tdms_reader_frequency.py:80]-处理文件: 20250620203742.636087.csv, 通道数: 16
2025-10-17 11:10:52-INFO-[tdms_reader_frequency.py:70]-成功读取文件: 20250620203745.567957.csv, 数据长度: 200000
2025-10-17 11:10:52-INFO-[tdms_reader_frequency.py:80]-处理文件: 20250620203745.567957.csv, 通道数: 16
2025-10-17 11:10:52-INFO-[tdms_reader_frequency.py:70]-成功读取文件: 20250620203748.493319.csv, 数据长度: 200000
2025-10-17 11:10:52-INFO-[tdms_reader_frequency.py:80]-处理文件: 20250620203748.493319.csv, 通道数: 16
2025-10-17 11:10:52-INFO-[tdms_reader_frequency.py:70]-成功读取文件: 20250620203751.394046.csv, 数据长度: 200000
2025-10-17 11:10:52-INFO-[tdms_reader_frequency.py:80]-处理文件: 20250620203751.394046.csv, 通道数: 16
2025-10-17 11:10:52-INFO-[tdms_reader_frequency.py:70]-成功读取文件: 20250620203754.381011.csv, 数据长度: 200000
2025-10-17 11:10:52-INFO-[tdms_reader_frequency.py:80]-处理文件: 20250620203754.381011.csv, 通道数: 16
2025-10-17 11:10:55-INFO-[tdms_reader_frequency.py:126]-  已写入 99999/99999 行FFT数据
2025-10-17 11:10:55-INFO-[tdms_reader_frequency.py:128]-已处理: 20250620194609.324848.csv -> D:/Lab/process/2025.6.20/frequency\backwatering\FFT_20250620194609.324848.csv
2025-10-17 11:10:55-INFO-[tdms_reader_frequency.py:55]-开始处理文件: D:/Lab/process/2025.6.20/time\stopdirtyback\20250620203757.355624.csv
2025-10-17 11:10:55-INFO-[tdms_reader_frequency.py:63]-使用元数据采样率: 199999.99999999997 Hz
2025-10-17 11:10:55-INFO-[tdms_reader_frequency.py:126]-  已写入 99999/99999 行FFT数据
2025-10-17 11:10:55-INFO-[tdms_reader_frequency.py:128]-已处理: 20250620203655.750625.csv -> D:/Lab/process/2025.6.20/frequency\stopdirtyback\FFT_20250620203655.750625.csv
2025-10-17 11:10:55-INFO-[tdms_reader_frequency.py:55]-开始处理文件: D:/Lab/process/2025.6.20/time\stopdirtyback\20250620203800.231357.csv
2025-10-17 11:10:55-INFO-[tdms_reader_frequency.py:63]-使用元数据采样率: 199999.99999999997 Hz
2025-10-17 11:10:55-INFO-[tdms_reader_frequency.py:126]-  已写入 99999/99999 行FFT数据
2025-10-17 11:10:55-INFO-[tdms_reader_frequency.py:128]-已处理: 20250620203652.803200.csv -> D:/Lab/process/2025.6.20/frequency\stopdirtyback\FFT_20250620203652.803200.csv
2025-10-17 11:10:55-INFO-[tdms_reader_frequency.py:55]-开始处理文件: D:/Lab/process/2025.6.20/time\test\20250620193223.119184.csv
2025-10-17 11:10:55-INFO-[tdms_reader_frequency.py:63]-使用元数据采样率: 199999.99999999997 Hz
2025-10-17 11:10:55-INFO-[tdms_reader_frequency.py:126]-  已写入 99999/99999 行FFT数据
2025-10-17 11:10:55-INFO-[tdms_reader_frequency.py:128]-已处理: 20250620203658.518572.csv -> D:/Lab/process/2025.6.20/frequency\stopdirtyback\FFT_20250620203658.518572.csv
2025-10-17 11:10:55-INFO-[tdms_reader_frequency.py:126]-  已写入 99999/99999 行FFT数据
2025-10-17 11:10:55-INFO-[tdms_reader_frequency.py:128]-已处理: 20250620193922.601949.csv -> D:/Lab/process/2025.6.20/frequency\backwatering\FFT_20250620193922.601949.csv
2025-10-17 11:10:55-INFO-[tdms_reader_frequency.py:126]-  已写入 99999/99999 行FFT数据
2025-10-17 11:10:55-INFO-[tdms_reader_frequency.py:128]-已处理: 20250620193919.648442.csv -> D:/Lab/process/2025.6.20/frequency\backwatering\FFT_20250620193919.648442.csv
2025-10-17 11:10:55-INFO-[tdms_reader_frequency.py:55]-开始处理文件: D:/Lab/process/2025.6.20/time\test\20250620193226.144821.csv
2025-10-17 11:10:55-INFO-[tdms_reader_frequency.py:63]-使用元数据采样率: 199999.99999999997 Hz
2025-10-17 11:10:55-INFO-[tdms_reader_frequency.py:55]-开始处理文件: D:/Lab/process/2025.6.20/time\test\20250620193229.092219.csv
2025-10-17 11:10:55-INFO-[tdms_reader_frequency.py:55]-开始处理文件: D:/Lab/process/2025.6.20/time\test\20250620193232.047310.csv
2025-10-17 11:10:55-INFO-[tdms_reader_frequency.py:63]-使用元数据采样率: 199999.99999999997 Hz
2025-10-17 11:10:55-INFO-[tdms_reader_frequency.py:63]-使用元数据采样率: 199999.99999999997 Hz
2025-10-17 11:10:55-INFO-[tdms_reader_frequency.py:70]-成功读取文件: 20250620203757.355624.csv, 数据长度: 200000
2025-10-17 11:10:55-INFO-[tdms_reader_frequency.py:80]-处理文件: 20250620203757.355624.csv, 通道数: 16
2025-10-17 11:10:55-INFO-[tdms_reader_frequency.py:126]-  已写入 99999/99999 行FFT数据
2025-10-17 11:10:55-INFO-[tdms_reader_frequency.py:128]-已处理: 20250620193925.583770.csv -> D:/Lab/process/2025.6.20/frequency\backwatering\FFT_20250620193925.583770.csv
2025-10-17 11:10:55-INFO-[tdms_reader_frequency.py:55]-开始处理文件: D:/Lab/process/2025.6.20/time\test\20250620193234.988384.csv
2025-10-17 11:10:55-INFO-[tdms_reader_frequency.py:63]-使用元数据采样率: 199999.99999999997 Hz
2025-10-17 11:10:55-INFO-[tdms_reader_frequency.py:70]-成功读取文件: 20250620203800.231357.csv, 数据长度: 200000
2025-10-17 11:10:55-INFO-[tdms_reader_frequency.py:80]-处理文件: 20250620203800.231357.csv, 通道数: 16
2025-10-17 11:10:55-INFO-[tdms_reader_frequency.py:126]-  已写入 99999/99999 行FFT数据
2025-10-17 11:10:55-INFO-[tdms_reader_frequency.py:128]-已处理: 20250620203701.532839.csv -> D:/Lab/process/2025.6.20/frequency\stopdirtyback\FFT_20250620203701.532839.csv
2025-10-17 11:10:55-INFO-[tdms_reader_frequency.py:55]-开始处理文件: D:/Lab/process/2025.6.20/time\test\20250620193237.935547.csv
2025-10-17 11:10:55-INFO-[tdms_reader_frequency.py:63]-使用元数据采样率: 199999.99999999997 Hz
2025-10-17 11:10:56-INFO-[tdms_reader_frequency.py:126]-  已写入 99999/99999 行FFT数据
2025-10-17 11:10:56-INFO-[tdms_reader_frequency.py:128]-已处理: 20250620203704.513334.csv -> D:/Lab/process/2025.6.20/frequency\stopdirtyback\FFT_20250620203704.513334.csv
2025-10-17 11:10:56-INFO-[tdms_reader_frequency.py:126]-  已写入 99999/99999 行FFT数据
2025-10-17 11:10:56-INFO-[tdms_reader_frequency.py:128]-已处理: 20250620203707.478189.csv -> D:/Lab/process/2025.6.20/frequency\stopdirtyback\FFT_20250620203707.478189.csv
2025-10-17 11:10:56-INFO-[tdms_reader_frequency.py:55]-开始处理文件: D:/Lab/process/2025.6.20/time\test\20250620193240.864516.csv
2025-10-17 11:10:56-INFO-[tdms_reader_frequency.py:55]-开始处理文件: D:/Lab/process/2025.6.20/time\test\20250620193243.809867.csv
2025-10-17 11:10:56-INFO-[tdms_reader_frequency.py:63]-使用元数据采样率: 199999.99999999997 Hz
2025-10-17 11:10:56-INFO-[tdms_reader_frequency.py:63]-使用元数据采样率: 199999.99999999997 Hz
2025-10-17 11:10:56-INFO-[tdms_reader_frequency.py:126]-  已写入 99999/99999 行FFT数据
2025-10-17 11:10:56-INFO-[tdms_reader_frequency.py:128]-已处理: 20250620203713.390256.csv -> D:/Lab/process/2025.6.20/frequency\stopdirtyback\FFT_20250620203713.390256.csv
2025-10-17 11:10:56-INFO-[tdms_reader_frequency.py:70]-成功读取文件: 20250620193223.119184.csv, 数据长度: 200000
2025-10-17 11:10:56-INFO-[tdms_reader_frequency.py:80]-处理文件: 20250620193223.119184.csv, 通道数: 16
2025-10-17 11:10:56-INFO-[tdms_reader_frequency.py:126]-  已写入 99999/99999 行FFT数据
2025-10-17 11:10:56-INFO-[tdms_reader_frequency.py:55]-开始处理文件: D:/Lab/process/2025.6.20/time\test\20250620193246.763908.csv
2025-10-17 11:10:56-INFO-[tdms_reader_frequency.py:128]-已处理: 20250620203710.409991.csv -> D:/Lab/process/2025.6.20/frequency\stopdirtyback\FFT_20250620203710.409991.csv
2025-10-17 11:10:56-INFO-[tdms_reader_frequency.py:63]-使用元数据采样率: 199999.99999999997 Hz
2025-10-17 11:10:56-INFO-[tdms_reader_frequency.py:70]-成功读取文件: 20250620193226.144821.csv, 数据长度: 200000
2025-10-17 11:10:56-INFO-[tdms_reader_frequency.py:126]-  已写入 99999/99999 行FFT数据
2025-10-17 11:10:56-INFO-[tdms_reader_frequency.py:80]-处理文件: 20250620193226.144821.csv, 通道数: 16
2025-10-17 11:10:56-INFO-[tdms_reader_frequency.py:128]-已处理: 20250620193928.513572.csv -> D:/Lab/process/2025.6.20/frequency\backwatering\FFT_20250620193928.513572.csv
2025-10-17 11:10:56-INFO-[tdms_reader_frequency.py:70]-成功读取文件: 20250620193229.092219.csv, 数据长度: 200000
2025-10-17 11:10:56-INFO-[tdms_reader_frequency.py:80]-处理文件: 20250620193229.092219.csv, 通道数: 16
2025-10-17 11:10:56-INFO-[tdms_reader_frequency.py:126]-  已写入 99999/99999 行FFT数据
2025-10-17 11:10:56-INFO-[tdms_reader_frequency.py:128]-已处理: 20250620203719.208527.csv -> D:/Lab/process/2025.6.20/frequency\stopdirtyback\FFT_20250620203719.208527.csv
2025-10-17 11:10:56-INFO-[tdms_reader_frequency.py:55]-开始处理文件: D:/Lab/process/2025.6.20/time\test\20250620193252.662583.csv
2025-10-17 11:10:56-INFO-[tdms_reader_frequency.py:55]-开始处理文件: D:/Lab/process/2025.6.20/time\test\20250620193249.732466.csv
2025-10-17 11:10:56-INFO-[tdms_reader_frequency.py:63]-使用元数据采样率: 199999.99999999997 Hz
2025-10-17 11:10:56-INFO-[tdms_reader_frequency.py:63]-使用元数据采样率: 199999.99999999997 Hz
2025-10-17 11:10:56-INFO-[tdms_reader_frequency.py:126]-  已写入 99999/99999 行FFT数据
2025-10-17 11:10:56-INFO-[tdms_reader_frequency.py:128]-已处理: 20250620193931.418785.csv -> D:/Lab/process/2025.6.20/frequency\backwatering\FFT_20250620193931.418785.csv
2025-10-17 11:10:56-INFO-[tdms_reader_frequency.py:70]-成功读取文件: 20250620193232.047310.csv, 数据长度: 200000
2025-10-17 11:10:56-INFO-[tdms_reader_frequency.py:55]-开始处理文件: D:/Lab/process/2025.6.20/time\test\20250620193255.616210.csv
2025-10-17 11:10:56-INFO-[tdms_reader_frequency.py:80]-处理文件: 20250620193232.047310.csv, 通道数: 16
2025-10-17 11:10:56-INFO-[tdms_reader_frequency.py:126]-  已写入 99999/99999 行FFT数据
2025-10-17 11:10:56-INFO-[tdms_reader_frequency.py:63]-使用元数据采样率: 199999.99999999997 Hz
2025-10-17 11:10:56-INFO-[tdms_reader_frequency.py:128]-已处理: 20250620203725.055667.csv -> D:/Lab/process/2025.6.20/frequency\stopdirtyback\FFT_20250620203725.055667.csv
2025-10-17 11:10:56-INFO-[tdms_reader_frequency.py:55]-开始处理文件: D:/Lab/process/2025.6.20/time\test\20250620193258.574172.csv
2025-10-17 11:10:56-INFO-[tdms_reader_frequency.py:63]-使用元数据采样率: 199999.99999999997 Hz
2025-10-17 11:10:56-INFO-[tdms_reader_frequency.py:126]-  已写入 99999/99999 行FFT数据
2025-10-17 11:10:56-INFO-[tdms_reader_frequency.py:128]-已处理: 20250620203716.299159.csv -> D:/Lab/process/2025.6.20/frequency\stopdirtyback\FFT_20250620203716.299159.csv
2025-10-17 11:10:56-INFO-[tdms_reader_frequency.py:55]-开始处理文件: D:/Lab/process/2025.6.20/time\test\20250620193301.508846.csv
2025-10-17 11:10:56-INFO-[tdms_reader_frequency.py:63]-使用元数据采样率: 199999.99999999997 Hz
2025-10-17 11:10:56-INFO-[tdms_reader_frequency.py:126]-  已写入 99999/99999 行FFT数据
2025-10-17 11:10:56-INFO-[tdms_reader_frequency.py:128]-已处理: 20250620203722.132566.csv -> D:/Lab/process/2025.6.20/frequency\stopdirtyback\FFT_20250620203722.132566.csv
2025-10-17 11:10:56-INFO-[tdms_reader_frequency.py:70]-成功读取文件: 20250620193234.988384.csv, 数据长度: 200000
2025-10-17 11:10:56-INFO-[tdms_reader_frequency.py:80]-处理文件: 20250620193234.988384.csv, 通道数: 16
2025-10-17 11:10:56-INFO-[tdms_reader_frequency.py:55]-开始处理文件: D:/Lab/process/2025.6.20/time\test\20250620193304.484258.csv
2025-10-17 11:10:56-INFO-[tdms_reader_frequency.py:63]-使用元数据采样率: 199999.99999999997 Hz
2025-10-17 11:10:56-INFO-[tdms_reader_frequency.py:55]-开始处理文件: D:/Lab/process/2025.6.20/time\test\20250620193307.430461.csv
2025-10-17 11:10:56-INFO-[tdms_reader_frequency.py:126]-  已写入 99999/99999 行FFT数据
2025-10-17 11:10:56-INFO-[tdms_reader_frequency.py:63]-使用元数据采样率: 199999.99999999997 Hz
2025-10-17 11:10:56-INFO-[tdms_reader_frequency.py:128]-已处理: 20250620203727.976887.csv -> D:/Lab/process/2025.6.20/frequency\stopdirtyback\FFT_20250620203727.976887.csv
2025-10-17 11:10:56-INFO-[tdms_reader_frequency.py:70]-成功读取文件: 20250620193237.935547.csv, 数据长度: 200000
2025-10-17 11:10:56-INFO-[tdms_reader_frequency.py:80]-处理文件: 20250620193237.935547.csv, 通道数: 16
2025-10-17 11:10:56-INFO-[tdms_reader_frequency.py:55]-开始处理文件: D:/Lab/process/2025.6.20/time\test\20250620193310.390563.csv
2025-10-17 11:10:56-INFO-[tdms_reader_frequency.py:63]-使用元数据采样率: 199999.99999999997 Hz
2025-10-17 11:10:56-INFO-[tdms_reader_frequency.py:126]-  已写入 99999/99999 行FFT数据
2025-10-17 11:10:56-INFO-[tdms_reader_frequency.py:128]-已处理: 20250620203730.949081.csv -> D:/Lab/process/2025.6.20/frequency\stopdirtyback\FFT_20250620203730.949081.csv
2025-10-17 11:10:56-INFO-[tdms_reader_frequency.py:70]-成功读取文件: 20250620193240.864516.csv, 数据长度: 200000
2025-10-17 11:10:56-INFO-[tdms_reader_frequency.py:80]-处理文件: 20250620193240.864516.csv, 通道数: 16
2025-10-17 11:10:56-INFO-[tdms_reader_frequency.py:70]-成功读取文件: 20250620193246.763908.csv, 数据长度: 200000
2025-10-17 11:10:56-INFO-[tdms_reader_frequency.py:80]-处理文件: 20250620193246.763908.csv, 通道数: 16
2025-10-17 11:10:56-INFO-[tdms_reader_frequency.py:70]-成功读取文件: 20250620193243.809867.csv, 数据长度: 200000
2025-10-17 11:10:56-INFO-[tdms_reader_frequency.py:55]-开始处理文件: D:/Lab/process/2025.6.20/time\test\20250620193313.360571.csv
2025-10-17 11:10:56-INFO-[tdms_reader_frequency.py:80]-处理文件: 20250620193243.809867.csv, 通道数: 16
2025-10-17 11:10:56-INFO-[tdms_reader_frequency.py:63]-使用元数据采样率: 199999.99999999997 Hz
2025-10-17 11:10:56-INFO-[tdms_reader_frequency.py:70]-成功读取文件: 20250620193252.662583.csv, 数据长度: 200000
2025-10-17 11:10:56-INFO-[tdms_reader_frequency.py:80]-处理文件: 20250620193252.662583.csv, 通道数: 16
2025-10-17 11:10:56-INFO-[tdms_reader_frequency.py:70]-成功读取文件: 20250620193249.732466.csv, 数据长度: 200000
2025-10-17 11:10:56-INFO-[tdms_reader_frequency.py:80]-处理文件: 20250620193249.732466.csv, 通道数: 16
2025-10-17 11:10:56-INFO-[tdms_reader_frequency.py:70]-成功读取文件: 20250620193258.574172.csv, 数据长度: 200000
2025-10-17 11:10:56-INFO-[tdms_reader_frequency.py:80]-处理文件: 20250620193258.574172.csv, 通道数: 16
2025-10-17 11:10:57-INFO-[tdms_reader_frequency.py:70]-成功读取文件: 20250620193255.616210.csv, 数据长度: 200000
2025-10-17 11:10:57-INFO-[tdms_reader_frequency.py:80]-处理文件: 20250620193255.616210.csv, 通道数: 16
2025-10-17 11:10:57-INFO-[tdms_reader_frequency.py:70]-成功读取文件: 20250620193301.508846.csv, 数据长度: 200000
2025-10-17 11:10:57-INFO-[tdms_reader_frequency.py:80]-处理文件: 20250620193301.508846.csv, 通道数: 16
2025-10-17 11:10:57-INFO-[tdms_reader_frequency.py:70]-成功读取文件: 20250620193304.484258.csv, 数据长度: 200000
2025-10-17 11:10:57-INFO-[tdms_reader_frequency.py:80]-处理文件: 20250620193304.484258.csv, 通道数: 16
2025-10-17 11:10:57-INFO-[tdms_reader_frequency.py:70]-成功读取文件: 20250620193307.430461.csv, 数据长度: 200000
2025-10-17 11:10:57-INFO-[tdms_reader_frequency.py:80]-处理文件: 20250620193307.430461.csv, 通道数: 16
2025-10-17 11:10:57-INFO-[tdms_reader_frequency.py:70]-成功读取文件: 20250620193310.390563.csv, 数据长度: 200000
2025-10-17 11:10:57-INFO-[tdms_reader_frequency.py:80]-处理文件: 20250620193310.390563.csv, 通道数: 16
2025-10-17 11:10:57-INFO-[tdms_reader_frequency.py:70]-成功读取文件: 20250620193313.360571.csv, 数据长度: 200000
2025-10-17 11:10:57-INFO-[tdms_reader_frequency.py:80]-处理文件: 20250620193313.360571.csv, 通道数: 16
2025-10-17 11:10:57-INFO-[tdms_reader_frequency.py:126]-  已写入 99999/99999 行FFT数据
2025-10-17 11:10:57-INFO-[tdms_reader_frequency.py:128]-已处理: 20250620203736.809154.csv -> D:/Lab/process/2025.6.20/frequency\stopdirtyback\FFT_20250620203736.809154.csv
2025-10-17 11:10:57-INFO-[tdms_reader_frequency.py:126]-  已写入 99999/99999 行FFT数据
2025-10-17 11:10:57-INFO-[tdms_reader_frequency.py:128]-已处理: 20250620203733.850068.csv -> D:/Lab/process/2025.6.20/frequency\stopdirtyback\FFT_20250620203733.850068.csv
2025-10-17 11:10:57-INFO-[tdms_reader_frequency.py:55]-开始处理文件: D:/Lab/process/2025.6.20/time\test\20250620193316.385404.csv
2025-10-17 11:10:57-INFO-[tdms_reader_frequency.py:126]-  已写入 99999/99999 行FFT数据
2025-10-17 11:10:57-INFO-[tdms_reader_frequency.py:63]-使用元数据采样率: 199999.99999999997 Hz
2025-10-17 11:10:57-INFO-[tdms_reader_frequency.py:128]-已处理: 20250620203739.731672.csv -> D:/Lab/process/2025.6.20/frequency\stopdirtyback\FFT_20250620203739.731672.csv
2025-10-17 11:10:57-INFO-[tdms_reader_frequency.py:55]-开始处理文件: D:/Lab/process/2025.6.20/time\test\20250620193319.359090.csv
2025-10-17 11:10:57-INFO-[tdms_reader_frequency.py:63]-使用元数据采样率: 199999.99999999997 Hz
2025-10-17 11:10:57-INFO-[tdms_reader_frequency.py:126]-  已写入 99999/99999 行FFT数据
2025-10-17 11:10:57-INFO-[tdms_reader_frequency.py:128]-已处理: 20250620203742.636087.csv -> D:/Lab/process/2025.6.20/frequency\stopdirtyback\FFT_20250620203742.636087.csv
2025-10-17 11:10:57-INFO-[tdms_reader_frequency.py:55]-开始处理文件: D:/Lab/process/2025.6.20/time\test\20250620193322.349448.csv
2025-10-17 11:10:57-INFO-[tdms_reader_frequency.py:63]-使用元数据采样率: 199999.99999999997 Hz
2025-10-17 11:10:57-INFO-[tdms_reader_frequency.py:55]-开始处理文件: D:/Lab/process/2025.6.20/time\test\20250620193325.269995.csv
2025-10-17 11:10:57-INFO-[tdms_reader_frequency.py:63]-使用元数据采样率: 199999.99999999997 Hz
2025-10-17 11:10:57-INFO-[tdms_reader_frequency.py:126]-  已写入 99999/99999 行FFT数据
2025-10-17 11:10:57-INFO-[tdms_reader_frequency.py:128]-已处理: 20250620203745.567957.csv -> D:/Lab/process/2025.6.20/frequency\stopdirtyback\FFT_20250620203745.567957.csv
2025-10-17 11:10:57-INFO-[tdms_reader_frequency.py:126]-  已写入 99999/99999 行FFT数据
2025-10-17 11:10:57-INFO-[tdms_reader_frequency.py:128]-已处理: 20250620203748.493319.csv -> D:/Lab/process/2025.6.20/frequency\stopdirtyback\FFT_20250620203748.493319.csv
2025-10-17 11:10:58-INFO-[tdms_reader_frequency.py:70]-成功读取文件: 20250620193316.385404.csv, 数据长度: 200000
2025-10-17 11:10:58-INFO-[tdms_reader_frequency.py:80]-处理文件: 20250620193316.385404.csv, 通道数: 16
2025-10-17 11:10:58-INFO-[tdms_reader_frequency.py:126]-  已写入 99999/99999 行FFT数据
2025-10-17 11:10:58-INFO-[tdms_reader_frequency.py:128]-已处理: 20250620203751.394046.csv -> D:/Lab/process/2025.6.20/frequency\stopdirtyback\FFT_20250620203751.394046.csv
2025-10-17 11:10:58-INFO-[tdms_reader_frequency.py:70]-成功读取文件: 20250620193322.349448.csv, 数据长度: 200000
2025-10-17 11:10:58-INFO-[tdms_reader_frequency.py:80]-处理文件: 20250620193322.349448.csv, 通道数: 16
2025-10-17 11:10:58-INFO-[tdms_reader_frequency.py:70]-成功读取文件: 20250620193319.359090.csv, 数据长度: 200000
2025-10-17 11:10:58-INFO-[tdms_reader_frequency.py:80]-处理文件: 20250620193319.359090.csv, 通道数: 16
2025-10-17 11:10:58-INFO-[tdms_reader_frequency.py:70]-成功读取文件: 20250620193325.269995.csv, 数据长度: 200000
2025-10-17 11:10:58-INFO-[tdms_reader_frequency.py:80]-处理文件: 20250620193325.269995.csv, 通道数: 16
2025-10-17 11:10:58-INFO-[tdms_reader_frequency.py:126]-  已写入 99999/99999 行FFT数据
2025-10-17 11:10:58-INFO-[tdms_reader_frequency.py:128]-已处理: 20250620203754.381011.csv -> D:/Lab/process/2025.6.20/frequency\stopdirtyback\FFT_20250620203754.381011.csv
2025-10-17 11:11:00-INFO-[tdms_reader_frequency.py:126]-  已写入 99999/99999 行FFT数据
2025-10-17 11:11:00-INFO-[tdms_reader_frequency.py:128]-已处理: 20250620203757.355624.csv -> D:/Lab/process/2025.6.20/frequency\stopdirtyback\FFT_20250620203757.355624.csv
2025-10-17 11:11:00-INFO-[tdms_reader_frequency.py:126]-  已写入 99999/99999 行FFT数据
2025-10-17 11:11:00-INFO-[tdms_reader_frequency.py:128]-已处理: 20250620203800.231357.csv -> D:/Lab/process/2025.6.20/frequency\stopdirtyback\FFT_20250620203800.231357.csv
2025-10-17 11:11:02-INFO-[tdms_reader_frequency.py:126]-  已写入 99999/99999 行FFT数据
2025-10-17 11:11:02-INFO-[tdms_reader_frequency.py:128]-已处理: 20250620193223.119184.csv -> D:/Lab/process/2025.6.20/frequency\test\FFT_20250620193223.119184.csv
2025-10-17 11:11:02-INFO-[tdms_reader_frequency.py:126]-  已写入 99999/99999 行FFT数据
2025-10-17 11:11:02-INFO-[tdms_reader_frequency.py:128]-已处理: 20250620193226.144821.csv -> D:/Lab/process/2025.6.20/frequency\test\FFT_20250620193226.144821.csv
2025-10-17 11:11:02-INFO-[tdms_reader_frequency.py:126]-  已写入 99999/99999 行FFT数据
2025-10-17 11:11:02-INFO-[tdms_reader_frequency.py:128]-已处理: 20250620193232.047310.csv -> D:/Lab/process/2025.6.20/frequency\test\FFT_20250620193232.047310.csv
2025-10-17 11:11:02-INFO-[tdms_reader_frequency.py:126]-  已写入 99999/99999 行FFT数据
2025-10-17 11:11:02-INFO-[tdms_reader_frequency.py:128]-已处理: 20250620193229.092219.csv -> D:/Lab/process/2025.6.20/frequency\test\FFT_20250620193229.092219.csv
2025-10-17 11:11:02-INFO-[tdms_reader_frequency.py:126]-  已写入 99999/99999 行FFT数据
2025-10-17 11:11:02-INFO-[tdms_reader_frequency.py:128]-已处理: 20250620193234.988384.csv -> D:/Lab/process/2025.6.20/frequency\test\FFT_20250620193234.988384.csv
2025-10-17 11:11:02-INFO-[tdms_reader_frequency.py:126]-  已写入 99999/99999 行FFT数据
2025-10-17 11:11:02-INFO-[tdms_reader_frequency.py:128]-已处理: 20250620193237.935547.csv -> D:/Lab/process/2025.6.20/frequency\test\FFT_20250620193237.935547.csv
2025-10-17 11:11:02-INFO-[tdms_reader_frequency.py:126]-  已写入 99999/99999 行FFT数据
2025-10-17 11:11:02-INFO-[tdms_reader_frequency.py:128]-已处理: 20250620193246.763908.csv -> D:/Lab/process/2025.6.20/frequency\test\FFT_20250620193246.763908.csv
2025-10-17 11:11:02-INFO-[tdms_reader_frequency.py:126]-  已写入 99999/99999 行FFT数据
2025-10-17 11:11:02-INFO-[tdms_reader_frequency.py:128]-已处理: 20250620193243.809867.csv -> D:/Lab/process/2025.6.20/frequency\test\FFT_20250620193243.809867.csv
2025-10-17 11:11:02-INFO-[tdms_reader_frequency.py:126]-  已写入 99999/99999 行FFT数据
2025-10-17 11:11:02-INFO-[tdms_reader_frequency.py:128]-已处理: 20250620193240.864516.csv -> D:/Lab/process/2025.6.20/frequency\test\FFT_20250620193240.864516.csv
2025-10-17 11:11:02-INFO-[tdms_reader_frequency.py:126]-  已写入 99999/99999 行FFT数据
2025-10-17 11:11:02-INFO-[tdms_reader_frequency.py:128]-已处理: 20250620193249.732466.csv -> D:/Lab/process/2025.6.20/frequency\test\FFT_20250620193249.732466.csv
2025-10-17 11:11:02-INFO-[tdms_reader_frequency.py:126]-  已写入 99999/99999 行FFT数据
2025-10-17 11:11:02-INFO-[tdms_reader_frequency.py:128]-已处理: 20250620193258.574172.csv -> D:/Lab/process/2025.6.20/frequency\test\FFT_20250620193258.574172.csv
2025-10-17 11:11:02-INFO-[tdms_reader_frequency.py:126]-  已写入 99999/99999 行FFT数据
2025-10-17 11:11:02-INFO-[tdms_reader_frequency.py:128]-已处理: 20250620193301.508846.csv -> D:/Lab/process/2025.6.20/frequency\test\FFT_20250620193301.508846.csv
2025-10-17 11:11:02-INFO-[tdms_reader_frequency.py:126]-  已写入 99999/99999 行FFT数据
2025-10-17 11:11:02-INFO-[tdms_reader_frequency.py:128]-已处理: 20250620193252.662583.csv -> D:/Lab/process/2025.6.20/frequency\test\FFT_20250620193252.662583.csv
2025-10-17 11:11:02-INFO-[tdms_reader_frequency.py:126]-  已写入 99999/99999 行FFT数据
2025-10-17 11:11:02-INFO-[tdms_reader_frequency.py:128]-已处理: 20250620193304.484258.csv -> D:/Lab/process/2025.6.20/frequency\test\FFT_20250620193304.484258.csv
2025-10-17 11:11:02-INFO-[tdms_reader_frequency.py:126]-  已写入 99999/99999 行FFT数据
2025-10-17 11:11:02-INFO-[tdms_reader_frequency.py:128]-已处理: 20250620193255.616210.csv -> D:/Lab/process/2025.6.20/frequency\test\FFT_20250620193255.616210.csv
2025-10-17 11:11:02-INFO-[tdms_reader_frequency.py:126]-  已写入 99999/99999 行FFT数据
2025-10-17 11:11:02-INFO-[tdms_reader_frequency.py:128]-已处理: 20250620193310.390563.csv -> D:/Lab/process/2025.6.20/frequency\test\FFT_20250620193310.390563.csv
2025-10-17 11:11:02-INFO-[tdms_reader_frequency.py:126]-  已写入 99999/99999 行FFT数据
2025-10-17 11:11:02-INFO-[tdms_reader_frequency.py:128]-已处理: 20250620193307.430461.csv -> D:/Lab/process/2025.6.20/frequency\test\FFT_20250620193307.430461.csv
2025-10-17 11:11:02-INFO-[tdms_reader_frequency.py:126]-  已写入 99999/99999 行FFT数据
2025-10-17 11:11:02-INFO-[tdms_reader_frequency.py:128]-已处理: 20250620193313.360571.csv -> D:/Lab/process/2025.6.20/frequency\test\FFT_20250620193313.360571.csv
2025-10-17 11:11:03-INFO-[tdms_reader_frequency.py:126]-  已写入 99999/99999 行FFT数据
2025-10-17 11:11:03-INFO-[tdms_reader_frequency.py:128]-已处理: 20250620193316.385404.csv -> D:/Lab/process/2025.6.20/frequency\test\FFT_20250620193316.385404.csv
2025-10-17 11:11:03-INFO-[tdms_reader_frequency.py:126]-  已写入 99999/99999 行FFT数据
2025-10-17 11:11:03-INFO-[tdms_reader_frequency.py:128]-已处理: 20250620193319.359090.csv -> D:/Lab/process/2025.6.20/frequency\test\FFT_20250620193319.359090.csv
2025-10-17 11:11:03-INFO-[tdms_reader_frequency.py:126]-  已写入 99999/99999 行FFT数据
2025-10-17 11:11:03-INFO-[tdms_reader_frequency.py:128]-已处理: 20250620193325.269995.csv -> D:/Lab/process/2025.6.20/frequency\test\FFT_20250620193325.269995.csv
2025-10-17 11:11:03-INFO-[tdms_reader_frequency.py:126]-  已写入 99999/99999 行FFT数据
2025-10-17 11:11:03-INFO-[tdms_reader_frequency.py:128]-已处理: 20250620193322.349448.csv -> D:/Lab/process/2025.6.20/frequency\test\FFT_20250620193322.349448.csv
2025-10-17 11:11:03-INFO-[tdms_reader_frequency.py:191]-所有文件处理完成
2025-10-17 11:11:03-INFO-[main.py:60]------------------------------执行完成-----------------------------
2025-10-17 11:13:59-INFO-[main.py:28]--------------------------启动数据分析系统-------------------------
2025-10-17 11:13:59-INFO-[file_utils.py:39]-paths.yaml 生成成功: C:\Users\17584\Documents\ALearning\Project\tools\DataProcess\config\paths.yaml
2025-10-17 11:13:59-INFO-[tdms_reader_time.py:40]-配置文件加载成功: C:\Users\17584\Documents\ALearning\Project\tools\DataProcess\config\paths.yaml
2025-10-17 11:13:59-INFO-[tdms_reader_time.py:177]-原始数据目录: D:/Lab/raw/2025.6.20
2025-10-17 11:13:59-INFO-[tdms_reader_time.py:178]-输出目录: D:/Lab/process/2025.6.20/time
2025-10-17 11:13:59-INFO-[tdms_reader_time.py:190]-找到 164 个TDMS文件
2025-10-17 11:15:10-INFO-[tdms_reader_time.py:194]-所有文件处理完成
2025-10-17 11:15:10-INFO-[main.py:60]------------------------------执行完成-----------------------------
2025-10-17 11:16:05-INFO-[main.py:28]--------------------------启动数据分析系统-------------------------
2025-10-17 11:16:05-INFO-[file_utils.py:39]-paths.yaml 生成成功: C:\Users\17584\Documents\ALearning\Project\tools\DataProcess\config\paths.yaml
2025-10-17 11:16:05-INFO-[tdms_reader_frequency.py:20]-配置文件加载成功: C:\Users\17584\Documents\ALearning\Project\tools\DataProcess\config\paths.yaml
2025-10-17 11:16:05-INFO-[tdms_reader_frequency.py:171]-输入数据目录: D:/Lab/process/2025.6.20/time
2025-10-17 11:16:05-INFO-[tdms_reader_frequency.py:172]-输出目录: D:/Lab/process/2025.6.20/frequency
2025-10-17 11:16:05-INFO-[tdms_reader_frequency.py:185]-找到 164 个CSV文件
2025-10-17 11:16:05-INFO-[tdms_reader_frequency.py:188]-开始并行处理文件...
2025-10-17 11:16:07-INFO-[tdms_reader_frequency.py:55]-开始处理文件: D:/Lab/process/2025.6.20/time\30hz\20250620205455.361056.csv
2025-10-17 11:16:07-INFO-[tdms_reader_frequency.py:63]-使用元数据采样率: 200000 Hz
2025-10-17 11:16:08-INFO-[tdms_reader_frequency.py:55]-开始处理文件: D:/Lab/process/2025.6.20/time\30hz\20250620205458.257609.csv
2025-10-17 11:16:08-INFO-[tdms_reader_frequency.py:63]-使用元数据采样率: 200000 Hz
2025-10-17 11:16:08-INFO-[tdms_reader_frequency.py:70]-成功读取文件: 20250620205455.361056.csv, 数据长度: 200000
2025-10-17 11:16:08-INFO-[tdms_reader_frequency.py:80]-处理文件: 20250620205455.361056.csv, 通道数: 16
2025-10-17 11:16:08-INFO-[tdms_reader_frequency.py:55]-开始处理文件: D:/Lab/process/2025.6.20/time\30hz\20250620205501.157457.csv
2025-10-17 11:16:08-INFO-[tdms_reader_frequency.py:63]-使用元数据采样率: 200000 Hz
2025-10-17 11:16:08-INFO-[tdms_reader_frequency.py:55]-开始处理文件: D:/Lab/process/2025.6.20/time\30hz\20250620205504.026487.csv
2025-10-17 11:16:08-INFO-[tdms_reader_frequency.py:63]-使用元数据采样率: 200000 Hz
2025-10-17 11:16:08-INFO-[tdms_reader_frequency.py:55]-开始处理文件: D:/Lab/process/2025.6.20/time\30hz\20250620205506.866113.csv
2025-10-17 11:16:08-INFO-[tdms_reader_frequency.py:63]-使用元数据采样率: 200000 Hz
2025-10-17 11:16:08-INFO-[tdms_reader_frequency.py:55]-开始处理文件: D:/Lab/process/2025.6.20/time\30hz\20250620205509.740417.csv
2025-10-17 11:16:08-INFO-[tdms_reader_frequency.py:63]-使用元数据采样率: 200000 Hz
2025-10-17 11:16:08-INFO-[tdms_reader_frequency.py:70]-成功读取文件: 20250620205458.257609.csv, 数据长度: 200000
2025-10-17 11:16:08-INFO-[tdms_reader_frequency.py:55]-开始处理文件: D:/Lab/process/2025.6.20/time\30hz\20250620205512.593425.csv
2025-10-17 11:16:08-INFO-[tdms_reader_frequency.py:80]-处理文件: 20250620205458.257609.csv, 通道数: 16
2025-10-17 11:16:08-INFO-[tdms_reader_frequency.py:63]-使用元数据采样率: 200000 Hz
2025-10-17 11:16:08-INFO-[tdms_reader_frequency.py:55]-开始处理文件: D:/Lab/process/2025.6.20/time\30hz\20250620205515.474232.csv
2025-10-17 11:16:08-INFO-[tdms_reader_frequency.py:63]-使用元数据采样率: 200000 Hz
2025-10-17 11:16:08-INFO-[tdms_reader_frequency.py:55]-开始处理文件: D:/Lab/process/2025.6.20/time\30hz\20250620205518.349068.csv
2025-10-17 11:16:08-INFO-[tdms_reader_frequency.py:63]-使用元数据采样率: 200000 Hz
2025-10-17 11:16:08-INFO-[tdms_reader_frequency.py:55]-开始处理文件: D:/Lab/process/2025.6.20/time\30hz\20250620205521.206456.csv
2025-10-17 11:16:08-INFO-[tdms_reader_frequency.py:63]-使用元数据采样率: 200000 Hz
2025-10-17 11:16:08-INFO-[tdms_reader_frequency.py:55]-开始处理文件: D:/Lab/process/2025.6.20/time\30hz\20250620205524.067070.csv
2025-10-17 11:16:08-INFO-[tdms_reader_frequency.py:63]-使用元数据采样率: 200000 Hz
2025-10-17 11:16:08-INFO-[tdms_reader_frequency.py:55]-开始处理文件: D:/Lab/process/2025.6.20/time\30hz\20250620205526.960472.csv
2025-10-17 11:16:08-INFO-[tdms_reader_frequency.py:63]-使用元数据采样率: 200000 Hz
2025-10-17 11:16:08-INFO-[tdms_reader_frequency.py:70]-成功读取文件: 20250620205501.157457.csv, 数据长度: 200000
2025-10-17 11:16:08-INFO-[tdms_reader_frequency.py:80]-处理文件: 20250620205501.157457.csv, 通道数: 16
2025-10-17 11:16:08-INFO-[tdms_reader_frequency.py:55]-开始处理文件: D:/Lab/process/2025.6.20/time\30hz\20250620205529.836771.csv
2025-10-17 11:16:08-INFO-[tdms_reader_frequency.py:63]-使用元数据采样率: 200000 Hz
2025-10-17 11:16:08-INFO-[tdms_reader_frequency.py:55]-开始处理文件: D:/Lab/process/2025.6.20/time\30hz\20250620205532.720182.csv
2025-10-17 11:16:08-INFO-[tdms_reader_frequency.py:63]-使用元数据采样率: 200000 Hz
2025-10-17 11:16:08-INFO-[tdms_reader_frequency.py:55]-开始处理文件: D:/Lab/process/2025.6.20/time\30hz\20250620205535.616021.csv
2025-10-17 11:16:08-INFO-[tdms_reader_frequency.py:63]-使用元数据采样率: 200000 Hz
2025-10-17 11:16:08-INFO-[tdms_reader_frequency.py:70]-成功读取文件: 20250620205504.026487.csv, 数据长度: 200000
2025-10-17 11:16:08-INFO-[tdms_reader_frequency.py:80]-处理文件: 20250620205504.026487.csv, 通道数: 16
2025-10-17 11:16:08-INFO-[tdms_reader_frequency.py:55]-开始处理文件: D:/Lab/process/2025.6.20/time\30hz\20250620205538.511375.csv
2025-10-17 11:16:08-INFO-[tdms_reader_frequency.py:63]-使用元数据采样率: 200000 Hz
2025-10-17 11:16:08-INFO-[tdms_reader_frequency.py:55]-开始处理文件: D:/Lab/process/2025.6.20/time\30hz\20250620205541.382788.csv
2025-10-17 11:16:08-INFO-[tdms_reader_frequency.py:63]-使用元数据采样率: 200000 Hz
2025-10-17 11:16:09-INFO-[tdms_reader_frequency.py:55]-开始处理文件: D:/Lab/process/2025.6.20/time\30hz\20250620205544.253550.csv
2025-10-17 11:16:09-INFO-[tdms_reader_frequency.py:63]-使用元数据采样率: 200000 Hz
2025-10-17 11:16:09-INFO-[tdms_reader_frequency.py:55]-开始处理文件: D:/Lab/process/2025.6.20/time\30hz\20250620205547.172719.csv
2025-10-17 11:16:09-INFO-[tdms_reader_frequency.py:63]-使用元数据采样率: 200000 Hz
2025-10-17 11:16:09-INFO-[tdms_reader_frequency.py:55]-开始处理文件: D:/Lab/process/2025.6.20/time\30hz\20250620205550.074166.csv
2025-10-17 11:16:09-INFO-[tdms_reader_frequency.py:63]-使用元数据采样率: 200000 Hz
2025-10-17 11:16:09-INFO-[tdms_reader_frequency.py:70]-成功读取文件: 20250620205509.740417.csv, 数据长度: 200000
2025-10-17 11:16:09-INFO-[tdms_reader_frequency.py:80]-处理文件: 20250620205509.740417.csv, 通道数: 16
2025-10-17 11:16:09-INFO-[tdms_reader_frequency.py:55]-开始处理文件: D:/Lab/process/2025.6.20/time\30hz\20250620205552.959105.csv
2025-10-17 11:16:09-INFO-[tdms_reader_frequency.py:63]-使用元数据采样率: 200000 Hz
2025-10-17 11:16:09-INFO-[tdms_reader_frequency.py:70]-成功读取文件: 20250620205506.866113.csv, 数据长度: 200000
2025-10-17 11:16:09-INFO-[tdms_reader_frequency.py:80]-处理文件: 20250620205506.866113.csv, 通道数: 16
2025-10-17 11:16:09-INFO-[tdms_reader_frequency.py:55]-开始处理文件: D:/Lab/process/2025.6.20/time\30hz\20250620205555.848733.csv
2025-10-17 11:16:09-INFO-[tdms_reader_frequency.py:63]-使用元数据采样率: 200000 Hz
2025-10-17 11:16:09-INFO-[tdms_reader_frequency.py:55]-开始处理文件: D:/Lab/process/2025.6.20/time\30hz\20250620205601.429140.csv
2025-10-17 11:16:09-INFO-[tdms_reader_frequency.py:63]-使用元数据采样率: 200000 Hz
2025-10-17 11:16:09-INFO-[tdms_reader_frequency.py:55]-开始处理文件: D:/Lab/process/2025.6.20/time\30hz\20250620205558.740427.csv
2025-10-17 11:16:09-INFO-[tdms_reader_frequency.py:63]-使用元数据采样率: 200000 Hz
2025-10-17 11:16:09-INFO-[tdms_reader_frequency.py:55]-开始处理文件: D:/Lab/process/2025.6.20/time\50hz\20250620203943.117518.csv
2025-10-17 11:16:09-INFO-[tdms_reader_frequency.py:63]-使用元数据采样率: 200000 Hz
2025-10-17 11:16:09-INFO-[tdms_reader_frequency.py:70]-成功读取文件: 20250620205512.593425.csv, 数据长度: 200000
2025-10-17 11:16:09-INFO-[tdms_reader_frequency.py:80]-处理文件: 20250620205512.593425.csv, 通道数: 16
2025-10-17 11:16:09-INFO-[tdms_reader_frequency.py:55]-开始处理文件: D:/Lab/process/2025.6.20/time\50hz\20250620203946.014336.csv
2025-10-17 11:16:09-INFO-[tdms_reader_frequency.py:63]-使用元数据采样率: 200000 Hz
2025-10-17 11:16:09-INFO-[tdms_reader_frequency.py:55]-开始处理文件: D:/Lab/process/2025.6.20/time\50hz\20250620203948.997384.csv
2025-10-17 11:16:09-INFO-[tdms_reader_frequency.py:63]-使用元数据采样率: 200000 Hz
2025-10-17 11:16:09-INFO-[tdms_reader_frequency.py:63]-使用元数据采样率: 200000 Hz
2025-10-17 11:16:09-INFO-[tdms_reader_frequency.py:70]-成功读取文件: 20250620205515.474232.csv, 数据长度: 200000
2025-10-17 11:16:09-INFO-[tdms_reader_frequency.py:80]-处理文件: 20250620205515.474232.csv, 通道数: 16
2025-10-17 11:16:09-INFO-[tdms_reader_frequency.py:70]-成功读取文件: 20250620205518.349068.csv, 数据长度: 200000
2025-10-17 11:16:09-INFO-[tdms_reader_frequency.py:80]-处理文件: 20250620205518.349068.csv, 通道数: 16
2025-10-17 11:16:09-INFO-[tdms_reader_frequency.py:70]-成功读取文件: 20250620205524.067070.csv, 数据长度: 200000
2025-10-17 11:16:09-INFO-[tdms_reader_frequency.py:80]-处理文件: 20250620205524.067070.csv, 通道数: 16
2025-10-17 11:16:09-INFO-[tdms_reader_frequency.py:70]-成功读取文件: 20250620205521.206456.csv, 数据长度: 200000
2025-10-17 11:16:09-INFO-[tdms_reader_frequency.py:80]-处理文件: 20250620205521.206456.csv, 通道数: 16
2025-10-17 11:16:09-INFO-[tdms_reader_frequency.py:70]-成功读取文件: 20250620205526.960472.csv, 数据长度: 200000
2025-10-17 11:16:09-INFO-[tdms_reader_frequency.py:80]-处理文件: 20250620205526.960472.csv, 通道数: 16
2025-10-17 11:16:09-INFO-[tdms_reader_frequency.py:70]-成功读取文件: 20250620205529.836771.csv, 数据长度: 200000
2025-10-17 11:16:09-INFO-[tdms_reader_frequency.py:80]-处理文件: 20250620205529.836771.csv, 通道数: 16
2025-10-17 11:16:09-INFO-[tdms_reader_frequency.py:70]-成功读取文件: 20250620205532.720182.csv, 数据长度: 200000
2025-10-17 11:16:09-INFO-[tdms_reader_frequency.py:80]-处理文件: 20250620205532.720182.csv, 通道数: 16
2025-10-17 11:16:09-INFO-[tdms_reader_frequency.py:70]-成功读取文件: 20250620205535.616021.csv, 数据长度: 200000
2025-10-17 11:16:09-INFO-[tdms_reader_frequency.py:80]-处理文件: 20250620205535.616021.csv, 通道数: 16
2025-10-17 11:16:09-INFO-[tdms_reader_frequency.py:70]-成功读取文件: 20250620205538.511375.csv, 数据长度: 200000
2025-10-17 11:16:09-INFO-[tdms_reader_frequency.py:80]-处理文件: 20250620205538.511375.csv, 通道数: 16
2025-10-17 11:16:09-INFO-[tdms_reader_frequency.py:70]-成功读取文件: 20250620205550.074166.csv, 数据长度: 200000
2025-10-17 11:16:09-INFO-[tdms_reader_frequency.py:80]-处理文件: 20250620205550.074166.csv, 通道数: 16
2025-10-17 11:16:09-INFO-[tdms_reader_frequency.py:70]-成功读取文件: 20250620205544.253550.csv, 数据长度: 200000
2025-10-17 11:16:09-INFO-[tdms_reader_frequency.py:70]-成功读取文件: 20250620203948.997384.csv, 数据长度: 200000
2025-10-17 11:16:09-INFO-[tdms_reader_frequency.py:70]-成功读取文件: 20250620205558.740427.csv, 数据长度: 200000
2025-10-17 11:16:09-INFO-[tdms_reader_frequency.py:80]-处理文件: 20250620205544.253550.csv, 通道数: 16
2025-10-17 11:16:09-INFO-[tdms_reader_frequency.py:80]-处理文件: 20250620203948.997384.csv, 通道数: 16
2025-10-17 11:16:09-INFO-[tdms_reader_frequency.py:80]-处理文件: 20250620205558.740427.csv, 通道数: 16
2025-10-17 11:16:09-INFO-[tdms_reader_frequency.py:70]-成功读取文件: 20250620203946.014336.csv, 数据长度: 200000
2025-10-17 11:16:09-INFO-[tdms_reader_frequency.py:80]-处理文件: 20250620203946.014336.csv, 通道数: 16
2025-10-17 11:16:09-INFO-[tdms_reader_frequency.py:70]-成功读取文件: 20250620205541.382788.csv, 数据长度: 200000
2025-10-17 11:16:09-INFO-[tdms_reader_frequency.py:80]-处理文件: 20250620205541.382788.csv, 通道数: 16
2025-10-17 11:16:09-INFO-[tdms_reader_frequency.py:70]-成功读取文件: 20250620205601.429140.csv, 数据长度: 200000
2025-10-17 11:16:09-INFO-[tdms_reader_frequency.py:70]-成功读取文件: 20250620205552.959105.csv, 数据长度: 200000
2025-10-17 11:16:09-INFO-[tdms_reader_frequency.py:80]-处理文件: 20250620205601.429140.csv, 通道数: 16
2025-10-17 11:16:09-INFO-[tdms_reader_frequency.py:70]-成功读取文件: 20250620205547.172719.csv, 数据长度: 200000
2025-10-17 11:16:09-INFO-[tdms_reader_frequency.py:70]-成功读取文件: 20250620205555.848733.csv, 数据长度: 200000
2025-10-17 11:16:09-INFO-[tdms_reader_frequency.py:80]-处理文件: 20250620205552.959105.csv, 通道数: 16
2025-10-17 11:16:09-INFO-[tdms_reader_frequency.py:70]-成功读取文件: 20250620203951.928351.csv, 数据长度: 200000
2025-10-17 11:16:09-INFO-[tdms_reader_frequency.py:80]-处理文件: 20250620205555.848733.csv, 通道数: 16
2025-10-17 11:16:09-INFO-[tdms_reader_frequency.py:80]-处理文件: 20250620203951.928351.csv, 通道数: 16
2025-10-17 11:16:10-INFO-[tdms_reader_frequency.py:80]-处理文件: 20250620205547.172719.csv, 通道数: 16
2025-10-17 11:16:10-INFO-[tdms_reader_frequency.py:70]-成功读取文件: 20250620203943.117518.csv, 数据长度: 200000
2025-10-17 11:16:10-INFO-[tdms_reader_frequency.py:80]-处理文件: 20250620203943.117518.csv, 通道数: 16
2025-10-17 11:16:13-INFO-[tdms_reader_frequency.py:126]-  已写入 99999/99999 行FFT数据
2025-10-17 11:16:13-INFO-[tdms_reader_frequency.py:128]-已处理: 20250620205455.361056.csv -> D:/Lab/process/2025.6.20/frequency\30hz\FFT_20250620205455.361056.csv
2025-10-17 11:16:13-INFO-[tdms_reader_frequency.py:55]-开始处理文件: D:/Lab/process/2025.6.20/time\50hz\20250620203954.838344.csv
2025-10-17 11:16:13-INFO-[tdms_reader_frequency.py:63]-使用元数据采样率: 200000 Hz
2025-10-17 11:16:13-INFO-[tdms_reader_frequency.py:126]-  已写入 99999/99999 行FFT数据
2025-10-17 11:16:13-INFO-[tdms_reader_frequency.py:128]-已处理: 20250620205458.257609.csv -> D:/Lab/process/2025.6.20/frequency\30hz\FFT_20250620205458.257609.csv
2025-10-17 11:16:13-INFO-[tdms_reader_frequency.py:55]-开始处理文件: D:/Lab/process/2025.6.20/time\50hz\20250620203957.759340.csv
2025-10-17 11:16:13-INFO-[tdms_reader_frequency.py:63]-使用元数据采样率: 200000 Hz
2025-10-17 11:16:13-INFO-[tdms_reader_frequency.py:70]-成功读取文件: 20250620203954.838344.csv, 数据长度: 200000
2025-10-17 11:16:13-INFO-[tdms_reader_frequency.py:80]-处理文件: 20250620203954.838344.csv, 通道数: 16
2025-10-17 11:16:13-INFO-[tdms_reader_frequency.py:126]-  已写入 99999/99999 行FFT数据
2025-10-17 11:16:13-INFO-[tdms_reader_frequency.py:128]-已处理: 20250620205504.026487.csv -> D:/Lab/process/2025.6.20/frequency\30hz\FFT_20250620205504.026487.csv
2025-10-17 11:16:13-INFO-[tdms_reader_frequency.py:55]-开始处理文件: D:/Lab/process/2025.6.20/time\50hz\20250620204000.623816.csv
2025-10-17 11:16:13-INFO-[tdms_reader_frequency.py:63]-使用元数据采样率: 200000 Hz
2025-10-17 11:16:13-INFO-[tdms_reader_frequency.py:126]-  已写入 99999/99999 行FFT数据
2025-10-17 11:16:13-INFO-[tdms_reader_frequency.py:128]-已处理: 20250620205501.157457.csv -> D:/Lab/process/2025.6.20/frequency\30hz\FFT_20250620205501.157457.csv
2025-10-17 11:16:14-INFO-[tdms_reader_frequency.py:55]-开始处理文件: D:/Lab/process/2025.6.20/time\50hz\20250620204003.597035.csv
2025-10-17 11:16:14-INFO-[tdms_reader_frequency.py:63]-使用元数据采样率: 200000 Hz
2025-10-17 11:16:14-INFO-[tdms_reader_frequency.py:70]-成功读取文件: 20250620203957.759340.csv, 数据长度: 200000
2025-10-17 11:16:14-INFO-[tdms_reader_frequency.py:80]-处理文件: 20250620203957.759340.csv, 通道数: 16
2025-10-17 11:16:14-INFO-[tdms_reader_frequency.py:126]-  已写入 99999/99999 行FFT数据
2025-10-17 11:16:14-INFO-[tdms_reader_frequency.py:128]-已处理: 20250620205512.593425.csv -> D:/Lab/process/2025.6.20/frequency\30hz\FFT_20250620205512.593425.csv
2025-10-17 11:16:14-INFO-[tdms_reader_frequency.py:126]-  已写入 99999/99999 行FFT数据
2025-10-17 11:16:14-INFO-[tdms_reader_frequency.py:128]-已处理: 20250620205515.474232.csv -> D:/Lab/process/2025.6.20/frequency\30hz\FFT_20250620205515.474232.csv
2025-10-17 11:16:14-INFO-[tdms_reader_frequency.py:126]-  已写入 99999/99999 行FFT数据
2025-10-17 11:16:14-INFO-[tdms_reader_frequency.py:128]-已处理: 20250620205509.740417.csv -> D:/Lab/process/2025.6.20/frequency\30hz\FFT_20250620205509.740417.csv
2025-10-17 11:16:14-INFO-[tdms_reader_frequency.py:55]-开始处理文件: D:/Lab/process/2025.6.20/time\50hz\20250620204006.502835.csv
2025-10-17 11:16:14-INFO-[tdms_reader_frequency.py:63]-使用元数据采样率: 200000 Hz
2025-10-17 11:16:14-INFO-[tdms_reader_frequency.py:126]-  已写入 99999/99999 行FFT数据
2025-10-17 11:16:14-INFO-[tdms_reader_frequency.py:55]-开始处理文件: D:/Lab/process/2025.6.20/time\50hz\20250620204009.381570.csv
2025-10-17 11:16:14-INFO-[tdms_reader_frequency.py:128]-已处理: 20250620205506.866113.csv -> D:/Lab/process/2025.6.20/frequency\30hz\FFT_20250620205506.866113.csv
2025-10-17 11:16:14-INFO-[tdms_reader_frequency.py:63]-使用元数据采样率: 200000 Hz
2025-10-17 11:16:14-INFO-[tdms_reader_frequency.py:55]-开始处理文件: D:/Lab/process/2025.6.20/time\50hz\20250620204012.290275.csv
2025-10-17 11:16:14-INFO-[tdms_reader_frequency.py:63]-使用元数据采样率: 200000 Hz
2025-10-17 11:16:14-INFO-[tdms_reader_frequency.py:55]-开始处理文件: D:/Lab/process/2025.6.20/time\50hz\20250620204015.172895.csv
2025-10-17 11:16:14-INFO-[tdms_reader_frequency.py:63]-使用元数据采样率: 200000 Hz
2025-10-17 11:16:14-INFO-[tdms_reader_frequency.py:70]-成功读取文件: 20250620204000.623816.csv, 数据长度: 200000
2025-10-17 11:16:14-INFO-[tdms_reader_frequency.py:80]-处理文件: 20250620204000.623816.csv, 通道数: 16
2025-10-17 11:16:14-INFO-[tdms_reader_frequency.py:70]-成功读取文件: 20250620204003.597035.csv, 数据长度: 200000
2025-10-17 11:16:14-INFO-[tdms_reader_frequency.py:126]-  已写入 99999/99999 行FFT数据
2025-10-17 11:16:14-INFO-[tdms_reader_frequency.py:80]-处理文件: 20250620204003.597035.csv, 通道数: 16
2025-10-17 11:16:14-INFO-[tdms_reader_frequency.py:126]-  已写入 99999/99999 行FFT数据
2025-10-17 11:16:14-INFO-[tdms_reader_frequency.py:126]-  已写入 99999/99999 行FFT数据
2025-10-17 11:16:14-INFO-[tdms_reader_frequency.py:128]-已处理: 20250620205518.349068.csv -> D:/Lab/process/2025.6.20/frequency\30hz\FFT_20250620205518.349068.csv
2025-10-17 11:16:14-INFO-[tdms_reader_frequency.py:128]-已处理: 20250620205526.960472.csv -> D:/Lab/process/2025.6.20/frequency\30hz\FFT_20250620205526.960472.csv
2025-10-17 11:16:14-INFO-[tdms_reader_frequency.py:126]-  已写入 99999/99999 行FFT数据
2025-10-17 11:16:14-INFO-[tdms_reader_frequency.py:128]-已处理: 20250620205521.206456.csv -> D:/Lab/process/2025.6.20/frequency\30hz\FFT_20250620205521.206456.csv
2025-10-17 11:16:14-INFO-[tdms_reader_frequency.py:128]-已处理: 20250620205524.067070.csv -> D:/Lab/process/2025.6.20/frequency\30hz\FFT_20250620205524.067070.csv
2025-10-17 11:16:14-INFO-[tdms_reader_frequency.py:126]-  已写入 99999/99999 行FFT数据
2025-10-17 11:16:14-INFO-[tdms_reader_frequency.py:55]-开始处理文件: D:/Lab/process/2025.6.20/time\50hz\20250620204018.073789.csv
2025-10-17 11:16:14-INFO-[tdms_reader_frequency.py:128]-已处理: 20250620205535.616021.csv -> D:/Lab/process/2025.6.20/frequency\30hz\FFT_20250620205535.616021.csv
2025-10-17 11:16:14-INFO-[tdms_reader_frequency.py:63]-使用元数据采样率: 200000 Hz
2025-10-17 11:16:14-INFO-[tdms_reader_frequency.py:126]-  已写入 99999/99999 行FFT数据
2025-10-17 11:16:14-INFO-[tdms_reader_frequency.py:55]-开始处理文件: D:/Lab/process/2025.6.20/time\50hz\20250620204020.965725.csv
2025-10-17 11:16:14-INFO-[tdms_reader_frequency.py:128]-已处理: 20250620205529.836771.csv -> D:/Lab/process/2025.6.20/frequency\30hz\FFT_20250620205529.836771.csv
2025-10-17 11:16:14-INFO-[tdms_reader_frequency.py:55]-开始处理文件: D:/Lab/process/2025.6.20/time\50hz\20250620204023.874951.csv
2025-10-17 11:16:14-INFO-[tdms_reader_frequency.py:63]-使用元数据采样率: 200000 Hz
2025-10-17 11:16:14-INFO-[tdms_reader_frequency.py:63]-使用元数据采样率: 200000 Hz
2025-10-17 11:16:14-INFO-[tdms_reader_frequency.py:55]-开始处理文件: D:/Lab/process/2025.6.20/time\50hz\20250620204026.769314.csv
2025-10-17 11:16:14-INFO-[tdms_reader_frequency.py:63]-使用元数据采样率: 200000 Hz
2025-10-17 11:16:14-INFO-[tdms_reader_frequency.py:55]-开始处理文件: D:/Lab/process/2025.6.20/time\50hz\20250620204032.660249.csv
2025-10-17 11:16:14-INFO-[tdms_reader_frequency.py:55]-开始处理文件: D:/Lab/process/2025.6.20/time\50hz\20250620204029.679945.csv
2025-10-17 11:16:14-INFO-[tdms_reader_frequency.py:63]-使用元数据采样率: 200000 Hz
2025-10-17 11:16:14-INFO-[tdms_reader_frequency.py:63]-使用元数据采样率: 200000 Hz
2025-10-17 11:16:14-INFO-[tdms_reader_frequency.py:126]-  已写入 99999/99999 行FFT数据
2025-10-17 11:16:14-INFO-[tdms_reader_frequency.py:128]-已处理: 20250620205532.720182.csv -> D:/Lab/process/2025.6.20/frequency\30hz\FFT_20250620205532.720182.csv
2025-10-17 11:16:14-INFO-[tdms_reader_frequency.py:70]-成功读取文件: 20250620204006.502835.csv, 数据长度: 200000
2025-10-17 11:16:14-INFO-[tdms_reader_frequency.py:80]-处理文件: 20250620204006.502835.csv, 通道数: 16
2025-10-17 11:16:14-INFO-[tdms_reader_frequency.py:55]-开始处理文件: D:/Lab/process/2025.6.20/time\50hz\20250620204035.578939.csv
2025-10-17 11:16:14-INFO-[tdms_reader_frequency.py:63]-使用元数据采样率: 200000 Hz
2025-10-17 11:16:14-INFO-[tdms_reader_frequency.py:126]-  已写入 99999/99999 行FFT数据
2025-10-17 11:16:14-INFO-[tdms_reader_frequency.py:128]-已处理: 20250620205541.382788.csv -> D:/Lab/process/2025.6.20/frequency\30hz\FFT_20250620205541.382788.csv
2025-10-17 11:16:14-INFO-[tdms_reader_frequency.py:70]-成功读取文件: 20250620204015.172895.csv, 数据长度: 200000
2025-10-17 11:16:14-INFO-[tdms_reader_frequency.py:70]-成功读取文件: 20250620204012.290275.csv, 数据长度: 200000
2025-10-17 11:16:14-INFO-[tdms_reader_frequency.py:80]-处理文件: 20250620204015.172895.csv, 通道数: 16
2025-10-17 11:16:14-INFO-[tdms_reader_frequency.py:70]-成功读取文件: 20250620204009.381570.csv, 数据长度: 200000
2025-10-17 11:16:14-INFO-[tdms_reader_frequency.py:80]-处理文件: 20250620204012.290275.csv, 通道数: 16
2025-10-17 11:16:14-INFO-[tdms_reader_frequency.py:126]-  已写入 99999/99999 行FFT数据
2025-10-17 11:16:14-INFO-[tdms_reader_frequency.py:80]-处理文件: 20250620204009.381570.csv, 通道数: 16
2025-10-17 11:16:14-INFO-[tdms_reader_frequency.py:128]-已处理: 20250620205550.074166.csv -> D:/Lab/process/2025.6.20/frequency\30hz\FFT_20250620205550.074166.csv
2025-10-17 11:16:14-INFO-[tdms_reader_frequency.py:126]-  已写入 99999/99999 行FFT数据
2025-10-17 11:16:14-INFO-[tdms_reader_frequency.py:128]-已处理: 20250620203946.014336.csv -> D:/Lab/process/2025.6.20/frequency\50hz\FFT_20250620203946.014336.csv
2025-10-17 11:16:14-INFO-[tdms_reader_frequency.py:126]-  已写入 99999/99999 行FFT数据
2025-10-17 11:16:14-INFO-[tdms_reader_frequency.py:55]-开始处理文件: D:/Lab/process/2025.6.20/time\50hz\20250620204038.547364.csv
2025-10-17 11:16:14-INFO-[tdms_reader_frequency.py:128]-已处理: 20250620205601.429140.csv -> D:/Lab/process/2025.6.20/frequency\30hz\FFT_20250620205601.429140.csv
2025-10-17 11:16:14-INFO-[tdms_reader_frequency.py:63]-使用元数据采样率: 200000 Hz
2025-10-17 11:16:14-INFO-[tdms_reader_frequency.py:126]-  已写入 99999/99999 行FFT数据
2025-10-17 11:16:14-INFO-[tdms_reader_frequency.py:128]-已处理: 20250620203948.997384.csv -> D:/Lab/process/2025.6.20/frequency\50hz\FFT_20250620203948.997384.csv
2025-10-17 11:16:14-INFO-[tdms_reader_frequency.py:126]-  已写入 99999/99999 行FFT数据
2025-10-17 11:16:14-INFO-[tdms_reader_frequency.py:126]-  已写入 99999/99999 行FFT数据
2025-10-17 11:16:14-INFO-[tdms_reader_frequency.py:128]-已处理: 20250620205538.511375.csv -> D:/Lab/process/2025.6.20/frequency\30hz\FFT_20250620205538.511375.csv
2025-10-17 11:16:14-INFO-[tdms_reader_frequency.py:128]-已处理: 20250620205544.253550.csv -> D:/Lab/process/2025.6.20/frequency\30hz\FFT_20250620205544.253550.csv
2025-10-17 11:16:14-INFO-[tdms_reader_frequency.py:55]-开始处理文件: D:/Lab/process/2025.6.20/time\50hz\20250620204041.503131.csv
2025-10-17 11:16:15-INFO-[tdms_reader_frequency.py:55]-开始处理文件: D:/Lab/process/2025.6.20/time\50hz\20250620204044.399715.csv
2025-10-17 11:16:15-INFO-[tdms_reader_frequency.py:63]-使用元数据采样率: 200000 Hz
2025-10-17 11:16:15-INFO-[tdms_reader_frequency.py:63]-使用元数据采样率: 200000 Hz
2025-10-17 11:16:15-INFO-[tdms_reader_frequency.py:55]-开始处理文件: D:/Lab/process/2025.6.20/time\50hz\20250620204047.316458.csv
2025-10-17 11:16:15-INFO-[tdms_reader_frequency.py:63]-使用元数据采样率: 200000 Hz
2025-10-17 11:16:15-INFO-[tdms_reader_frequency.py:55]-开始处理文件: D:/Lab/process/2025.6.20/time\back\20250620194612.368512.csv
2025-10-17 11:16:15-INFO-[tdms_reader_frequency.py:55]-开始处理文件: D:/Lab/process/2025.6.20/time\back\20250620194615.280443.csv
2025-10-17 11:16:15-INFO-[tdms_reader_frequency.py:63]-使用元数据采样率: 200000 Hz
2025-10-17 11:16:15-INFO-[tdms_reader_frequency.py:55]-开始处理文件: D:/Lab/process/2025.6.20/time\back\20250620194618.181950.csv
2025-10-17 11:16:15-INFO-[tdms_reader_frequency.py:126]-  已写入 99999/99999 行FFT数据
2025-10-17 11:16:15-INFO-[tdms_reader_frequency.py:126]-  已写入 99999/99999 行FFT数据
2025-10-17 11:16:15-INFO-[tdms_reader_frequency.py:63]-使用元数据采样率: 200000 Hz
2025-10-17 11:16:15-INFO-[tdms_reader_frequency.py:63]-使用元数据采样率: 200000 Hz
2025-10-17 11:16:15-INFO-[tdms_reader_frequency.py:128]-已处理: 20250620205552.959105.csv -> D:/Lab/process/2025.6.20/frequency\30hz\FFT_20250620205552.959105.csv
2025-10-17 11:16:15-INFO-[tdms_reader_frequency.py:128]-已处理: 20250620205555.848733.csv -> D:/Lab/process/2025.6.20/frequency\30hz\FFT_20250620205555.848733.csv
2025-10-17 11:16:15-INFO-[tdms_reader_frequency.py:126]-  已写入 99999/99999 行FFT数据
2025-10-17 11:16:15-INFO-[tdms_reader_frequency.py:128]-已处理: 20250620203951.928351.csv -> D:/Lab/process/2025.6.20/frequency\50hz\FFT_20250620203951.928351.csv
2025-10-17 11:16:15-INFO-[tdms_reader_frequency.py:126]-  已写入 99999/99999 行FFT数据
2025-10-17 11:16:15-INFO-[tdms_reader_frequency.py:128]-已处理: 20250620203943.117518.csv -> D:/Lab/process/2025.6.20/frequency\50hz\FFT_20250620203943.117518.csv
2025-10-17 11:16:15-INFO-[tdms_reader_frequency.py:55]-开始处理文件: D:/Lab/process/2025.6.20/time\back\20250620194621.140929.csv
2025-10-17 11:16:15-INFO-[tdms_reader_frequency.py:126]-  已写入 99999/99999 行FFT数据
2025-10-17 11:16:15-INFO-[tdms_reader_frequency.py:63]-使用元数据采样率: 200000 Hz
2025-10-17 11:16:15-INFO-[tdms_reader_frequency.py:55]-开始处理文件: D:/Lab/process/2025.6.20/time\back\20250620194624.055741.csv
2025-10-17 11:16:15-INFO-[tdms_reader_frequency.py:128]-已处理: 20250620205558.740427.csv -> D:/Lab/process/2025.6.20/frequency\30hz\FFT_20250620205558.740427.csv
2025-10-17 11:16:15-INFO-[tdms_reader_frequency.py:63]-使用元数据采样率: 200000 Hz
2025-10-17 11:16:15-INFO-[tdms_reader_frequency.py:55]-开始处理文件: D:/Lab/process/2025.6.20/time\back\20250620194626.920608.csv
2025-10-17 11:16:15-INFO-[tdms_reader_frequency.py:55]-开始处理文件: D:/Lab/process/2025.6.20/time\back\20250620194629.813220.csv
2025-10-17 11:16:15-INFO-[tdms_reader_frequency.py:70]-成功读取文件: 20250620204023.874951.csv, 数据长度: 200000
2025-10-17 11:16:15-INFO-[tdms_reader_frequency.py:63]-使用元数据采样率: 200000 Hz
2025-10-17 11:16:15-INFO-[tdms_reader_frequency.py:80]-处理文件: 20250620204023.874951.csv, 通道数: 16
2025-10-17 11:16:15-INFO-[tdms_reader_frequency.py:63]-使用元数据采样率: 200000 Hz
2025-10-17 11:16:15-INFO-[tdms_reader_frequency.py:70]-成功读取文件: 20250620204018.073789.csv, 数据长度: 200000
2025-10-17 11:16:15-INFO-[tdms_reader_frequency.py:70]-成功读取文件: 20250620204026.769314.csv, 数据长度: 200000
2025-10-17 11:16:15-INFO-[tdms_reader_frequency.py:80]-处理文件: 20250620204018.073789.csv, 通道数: 16
2025-10-17 11:16:15-INFO-[tdms_reader_frequency.py:126]-  已写入 99999/99999 行FFT数据
2025-10-17 11:16:15-INFO-[tdms_reader_frequency.py:80]-处理文件: 20250620204026.769314.csv, 通道数: 16
2025-10-17 11:16:15-INFO-[tdms_reader_frequency.py:128]-已处理: 20250620205547.172719.csv -> D:/Lab/process/2025.6.20/frequency\30hz\FFT_20250620205547.172719.csv
2025-10-17 11:16:15-INFO-[tdms_reader_frequency.py:55]-开始处理文件: D:/Lab/process/2025.6.20/time\back\20250620194632.691684.csv
2025-10-17 11:16:15-INFO-[tdms_reader_frequency.py:63]-使用元数据采样率: 200000 Hz
2025-10-17 11:16:15-INFO-[tdms_reader_frequency.py:70]-成功读取文件: 20250620204020.965725.csv, 数据长度: 200000
2025-10-17 11:16:15-INFO-[tdms_reader_frequency.py:70]-成功读取文件: 20250620204032.660249.csv, 数据长度: 200000
2025-10-17 11:16:15-INFO-[tdms_reader_frequency.py:80]-处理文件: 20250620204020.965725.csv, 通道数: 16
2025-10-17 11:16:15-INFO-[tdms_reader_frequency.py:80]-处理文件: 20250620204032.660249.csv, 通道数: 16
2025-10-17 11:16:15-INFO-[tdms_reader_frequency.py:70]-成功读取文件: 20250620204029.679945.csv, 数据长度: 200000
2025-10-17 11:16:15-INFO-[tdms_reader_frequency.py:80]-处理文件: 20250620204029.679945.csv, 通道数: 16
2025-10-17 11:16:15-INFO-[tdms_reader_frequency.py:55]-开始处理文件: D:/Lab/process/2025.6.20/time\back\20250620194635.587857.csv
2025-10-17 11:16:15-INFO-[tdms_reader_frequency.py:63]-使用元数据采样率: 200000 Hz
2025-10-17 11:16:15-INFO-[tdms_reader_frequency.py:70]-成功读取文件: 20250620204035.578939.csv, 数据长度: 200000
2025-10-17 11:16:15-INFO-[tdms_reader_frequency.py:80]-处理文件: 20250620204035.578939.csv, 通道数: 16
2025-10-17 11:16:15-INFO-[tdms_reader_frequency.py:70]-成功读取文件: 20250620204038.547364.csv, 数据长度: 200000
2025-10-17 11:16:15-INFO-[tdms_reader_frequency.py:80]-处理文件: 20250620204038.547364.csv, 通道数: 16
2025-10-17 11:16:15-INFO-[tdms_reader_frequency.py:70]-成功读取文件: 20250620204047.316458.csv, 数据长度: 200000
2025-10-17 11:16:15-INFO-[tdms_reader_frequency.py:80]-处理文件: 20250620204047.316458.csv, 通道数: 16
2025-10-17 11:16:15-INFO-[tdms_reader_frequency.py:70]-成功读取文件: 20250620204044.399715.csv, 数据长度: 200000
2025-10-17 11:16:15-INFO-[tdms_reader_frequency.py:80]-处理文件: 20250620204044.399715.csv, 通道数: 16
2025-10-17 11:16:15-INFO-[tdms_reader_frequency.py:70]-成功读取文件: 20250620194618.181950.csv, 数据长度: 200000
2025-10-17 11:16:15-INFO-[tdms_reader_frequency.py:80]-处理文件: 20250620194618.181950.csv, 通道数: 16
2025-10-17 11:16:15-INFO-[tdms_reader_frequency.py:70]-成功读取文件: 20250620194615.280443.csv, 数据长度: 200000
2025-10-17 11:16:15-INFO-[tdms_reader_frequency.py:80]-处理文件: 20250620194615.280443.csv, 通道数: 16
2025-10-17 11:16:15-INFO-[tdms_reader_frequency.py:70]-成功读取文件: 20250620204041.503131.csv, 数据长度: 200000
2025-10-17 11:16:15-INFO-[tdms_reader_frequency.py:80]-处理文件: 20250620204041.503131.csv, 通道数: 16
2025-10-17 11:16:15-INFO-[tdms_reader_frequency.py:70]-成功读取文件: 20250620194624.055741.csv, 数据长度: 200000
2025-10-17 11:16:15-INFO-[tdms_reader_frequency.py:80]-处理文件: 20250620194624.055741.csv, 通道数: 16
2025-10-17 11:16:15-INFO-[tdms_reader_frequency.py:70]-成功读取文件: 20250620194612.368512.csv, 数据长度: 200000
2025-10-17 11:16:15-INFO-[tdms_reader_frequency.py:70]-成功读取文件: 20250620194626.920608.csv, 数据长度: 200000
2025-10-17 11:16:15-INFO-[tdms_reader_frequency.py:80]-处理文件: 20250620194612.368512.csv, 通道数: 16
2025-10-17 11:16:15-INFO-[tdms_reader_frequency.py:80]-处理文件: 20250620194626.920608.csv, 通道数: 16
2025-10-17 11:16:15-INFO-[tdms_reader_frequency.py:70]-成功读取文件: 20250620194629.813220.csv, 数据长度: 200000
2025-10-17 11:16:15-INFO-[tdms_reader_frequency.py:80]-处理文件: 20250620194629.813220.csv, 通道数: 16
2025-10-17 11:16:15-INFO-[tdms_reader_frequency.py:70]-成功读取文件: 20250620194621.140929.csv, 数据长度: 200000
2025-10-17 11:16:15-INFO-[tdms_reader_frequency.py:80]-处理文件: 20250620194621.140929.csv, 通道数: 16
2025-10-17 11:16:16-INFO-[tdms_reader_frequency.py:70]-成功读取文件: 20250620194632.691684.csv, 数据长度: 200000
2025-10-17 11:16:16-INFO-[tdms_reader_frequency.py:80]-处理文件: 20250620194632.691684.csv, 通道数: 16
2025-10-17 11:16:16-INFO-[tdms_reader_frequency.py:70]-成功读取文件: 20250620194635.587857.csv, 数据长度: 200000
2025-10-17 11:16:16-INFO-[tdms_reader_frequency.py:80]-处理文件: 20250620194635.587857.csv, 通道数: 16
2025-10-17 11:16:18-INFO-[tdms_reader_frequency.py:126]-  已写入 99999/99999 行FFT数据
2025-10-17 11:16:18-INFO-[tdms_reader_frequency.py:128]-已处理: 20250620203954.838344.csv -> D:/Lab/process/2025.6.20/frequency\50hz\FFT_20250620203954.838344.csv
2025-10-17 11:16:18-INFO-[tdms_reader_frequency.py:55]-开始处理文件: D:/Lab/process/2025.6.20/time\back\20250620194638.548843.csv
2025-10-17 11:16:18-INFO-[tdms_reader_frequency.py:63]-使用元数据采样率: 200000 Hz
2025-10-17 11:16:19-INFO-[tdms_reader_frequency.py:70]-成功读取文件: 20250620194638.548843.csv, 数据长度: 200000
2025-10-17 11:16:19-INFO-[tdms_reader_frequency.py:80]-处理文件: 20250620194638.548843.csv, 通道数: 16
2025-10-17 11:16:20-INFO-[tdms_reader_frequency.py:126]-  已写入 99999/99999 行FFT数据
2025-10-17 11:16:20-INFO-[tdms_reader_frequency.py:128]-已处理: 20250620203957.759340.csv -> D:/Lab/process/2025.6.20/frequency\50hz\FFT_20250620203957.759340.csv
2025-10-17 11:16:20-INFO-[tdms_reader_frequency.py:55]-开始处理文件: D:/Lab/process/2025.6.20/time\back\20250620194641.451865.csv
2025-10-17 11:16:20-INFO-[tdms_reader_frequency.py:63]-使用元数据采样率: 200000 Hz
2025-10-17 11:16:20-INFO-[tdms_reader_frequency.py:126]-  已写入 99999/99999 行FFT数据
2025-10-17 11:16:20-INFO-[tdms_reader_frequency.py:128]-已处理: 20250620204003.597035.csv -> D:/Lab/process/2025.6.20/frequency\50hz\FFT_20250620204003.597035.csv
2025-10-17 11:16:20-INFO-[tdms_reader_frequency.py:126]-  已写入 99999/99999 行FFT数据
2025-10-17 11:16:20-INFO-[tdms_reader_frequency.py:128]-已处理: 20250620204000.623816.csv -> D:/Lab/process/2025.6.20/frequency\50hz\FFT_20250620204000.623816.csv
2025-10-17 11:16:20-INFO-[tdms_reader_frequency.py:55]-开始处理文件: D:/Lab/process/2025.6.20/time\back\20250620194644.379134.csv
2025-10-17 11:16:20-INFO-[tdms_reader_frequency.py:63]-使用元数据采样率: 200000 Hz
2025-10-17 11:16:20-INFO-[tdms_reader_frequency.py:55]-开始处理文件: D:/Lab/process/2025.6.20/time\back\20250620194647.302328.csv
2025-10-17 11:16:20-INFO-[tdms_reader_frequency.py:63]-使用元数据采样率: 200000 Hz
2025-10-17 11:16:20-INFO-[tdms_reader_frequency.py:70]-成功读取文件: 20250620194641.451865.csv, 数据长度: 200000
2025-10-17 11:16:20-INFO-[tdms_reader_frequency.py:80]-处理文件: 20250620194641.451865.csv, 通道数: 16
2025-10-17 11:16:20-INFO-[tdms_reader_frequency.py:126]-  已写入 99999/99999 行FFT数据
2025-10-17 11:16:20-INFO-[tdms_reader_frequency.py:128]-已处理: 20250620204009.381570.csv -> D:/Lab/process/2025.6.20/frequency\50hz\FFT_20250620204009.381570.csv
2025-10-17 11:16:20-INFO-[tdms_reader_frequency.py:126]-  已写入 99999/99999 行FFT数据
2025-10-17 11:16:20-INFO-[tdms_reader_frequency.py:128]-已处理: 20250620204012.290275.csv -> D:/Lab/process/2025.6.20/frequency\50hz\FFT_20250620204012.290275.csv
2025-10-17 11:16:20-INFO-[tdms_reader_frequency.py:126]-  已写入 99999/99999 行FFT数据
2025-10-17 11:16:20-INFO-[tdms_reader_frequency.py:128]-已处理: 20250620204006.502835.csv -> D:/Lab/process/2025.6.20/frequency\50hz\FFT_20250620204006.502835.csv
2025-10-17 11:16:20-INFO-[tdms_reader_frequency.py:55]-开始处理文件: D:/Lab/process/2025.6.20/time\back\20250620194650.211108.csv
2025-10-17 11:16:20-INFO-[tdms_reader_frequency.py:63]-使用元数据采样率: 200000 Hz
2025-10-17 11:16:20-INFO-[tdms_reader_frequency.py:55]-开始处理文件: D:/Lab/process/2025.6.20/time\back\20250620194656.041305.csv
2025-10-17 11:16:20-INFO-[tdms_reader_frequency.py:63]-使用元数据采样率: 200000 Hz
2025-10-17 11:16:20-INFO-[tdms_reader_frequency.py:63]-使用元数据采样率: 200000 Hz
2025-10-17 11:16:20-INFO-[tdms_reader_frequency.py:126]-  已写入 99999/99999 行FFT数据
2025-10-17 11:16:21-INFO-[tdms_reader_frequency.py:128]-已处理: 20250620204015.172895.csv -> D:/Lab/process/2025.6.20/frequency\50hz\FFT_20250620204015.172895.csv
2025-10-17 11:16:21-INFO-[tdms_reader_frequency.py:55]-开始处理文件: D:/Lab/process/2025.6.20/time\back\20250620194659.052610.csv
2025-10-17 11:16:21-INFO-[tdms_reader_frequency.py:63]-使用元数据采样率: 200000 Hz
2025-10-17 11:16:21-INFO-[tdms_reader_frequency.py:70]-成功读取文件: 20250620194644.379134.csv, 数据长度: 200000
2025-10-17 11:16:21-INFO-[tdms_reader_frequency.py:80]-处理文件: 20250620194644.379134.csv, 通道数: 16
2025-10-17 11:16:21-INFO-[tdms_reader_frequency.py:70]-成功读取文件: 20250620194647.302328.csv, 数据长度: 200000
2025-10-17 11:16:21-INFO-[tdms_reader_frequency.py:80]-处理文件: 20250620194647.302328.csv, 通道数: 16
2025-10-17 11:16:21-INFO-[tdms_reader_frequency.py:126]-  已写入 99999/99999 行FFT数据
2025-10-17 11:16:21-INFO-[tdms_reader_frequency.py:126]-  已写入 99999/99999 行FFT数据
2025-10-17 11:16:21-INFO-[tdms_reader_frequency.py:128]-已处理: 20250620204023.874951.csv -> D:/Lab/process/2025.6.20/frequency\50hz\FFT_20250620204023.874951.csv
2025-10-17 11:16:21-INFO-[tdms_reader_frequency.py:128]-已处理: 20250620204018.073789.csv -> D:/Lab/process/2025.6.20/frequency\50hz\FFT_20250620204018.073789.csv
2025-10-17 11:16:21-INFO-[tdms_reader_frequency.py:55]-开始处理文件: D:/Lab/process/2025.6.20/time\back\20250620194702.006214.csv
2025-10-17 11:16:21-INFO-[tdms_reader_frequency.py:70]-成功读取文件: 20250620194650.211108.csv, 数据长度: 200000
2025-10-17 11:16:21-INFO-[tdms_reader_frequency.py:126]-  已写入 99999/99999 行FFT数据
2025-10-17 11:16:21-INFO-[tdms_reader_frequency.py:126]-  已写入 99999/99999 行FFT数据
2025-10-17 11:16:21-INFO-[tdms_reader_frequency.py:70]-成功读取文件: 20250620194659.052610.csv, 数据长度: 200000
2025-10-17 11:16:21-INFO-[tdms_reader_frequency.py:126]-  已写入 99999/99999 行FFT数据
2025-10-17 11:16:21-INFO-[tdms_reader_frequency.py:63]-使用元数据采样率: 200000 Hz
2025-10-17 11:16:21-INFO-[tdms_reader_frequency.py:70]-成功读取文件: 20250620194653.136268.csv, 数据长度: 200000
2025-10-17 11:16:21-INFO-[tdms_reader_frequency.py:126]-  已写入 99999/99999 行FFT数据
2025-10-17 11:16:21-INFO-[tdms_reader_frequency.py:55]-开始处理文件: D:/Lab/process/2025.6.20/time\back\20250620194704.911499.csv
2025-10-17 11:16:21-INFO-[tdms_reader_frequency.py:80]-处理文件: 20250620194650.211108.csv, 通道数: 16
2025-10-17 11:16:21-INFO-[tdms_reader_frequency.py:70]-成功读取文件: 20250620194656.041305.csv, 数据长度: 200000
2025-10-17 11:16:21-INFO-[tdms_reader_frequency.py:126]-  已写入 99999/99999 行FFT数据
2025-10-17 11:16:21-INFO-[tdms_reader_frequency.py:128]-已处理: 20250620204020.965725.csv -> D:/Lab/process/2025.6.20/frequency\50hz\FFT_20250620204020.965725.csv
2025-10-17 11:16:21-INFO-[tdms_reader_frequency.py:128]-已处理: 20250620204026.769314.csv -> D:/Lab/process/2025.6.20/frequency\50hz\FFT_20250620204026.769314.csv
2025-10-17 11:16:21-INFO-[tdms_reader_frequency.py:126]-  已写入 99999/99999 行FFT数据
2025-10-17 11:16:21-INFO-[tdms_reader_frequency.py:80]-处理文件: 20250620194659.052610.csv, 通道数: 16
2025-10-17 11:16:21-INFO-[tdms_reader_frequency.py:80]-处理文件: 20250620194653.136268.csv, 通道数: 16
2025-10-17 11:16:21-INFO-[tdms_reader_frequency.py:128]-已处理: 20250620204029.679945.csv -> D:/Lab/process/2025.6.20/frequency\50hz\FFT_20250620204029.679945.csv
2025-10-17 11:16:21-INFO-[tdms_reader_frequency.py:128]-已处理: 20250620204047.316458.csv -> D:/Lab/process/2025.6.20/frequency\50hz\FFT_20250620204047.316458.csv
2025-10-17 11:16:21-INFO-[tdms_reader_frequency.py:80]-处理文件: 20250620194656.041305.csv, 通道数: 16
2025-10-17 11:16:21-INFO-[tdms_reader_frequency.py:126]-  已写入 99999/99999 行FFT数据
2025-10-17 11:16:21-INFO-[tdms_reader_frequency.py:128]-已处理: 20250620204035.578939.csv -> D:/Lab/process/2025.6.20/frequency\50hz\FFT_20250620204035.578939.csv
2025-10-17 11:16:21-INFO-[tdms_reader_frequency.py:126]-  已写入 99999/99999 行FFT数据
2025-10-17 11:16:21-INFO-[tdms_reader_frequency.py:126]-  已写入 99999/99999 行FFT数据
2025-10-17 11:16:21-INFO-[tdms_reader_frequency.py:126]-  已写入 99999/99999 行FFT数据
2025-10-17 11:16:21-INFO-[tdms_reader_frequency.py:126]-  已写入 99999/99999 行FFT数据
2025-10-17 11:16:21-INFO-[tdms_reader_frequency.py:128]-已处理: 20250620204032.660249.csv -> D:/Lab/process/2025.6.20/frequency\50hz\FFT_20250620204032.660249.csv
2025-10-17 11:16:22-INFO-[tdms_reader_frequency.py:55]-开始处理文件: D:/Lab/process/2025.6.20/time\back\20250620194707.790523.csv
2025-10-17 11:16:22-INFO-[tdms_reader_frequency.py:126]-  已写入 99999/99999 行FFT数据
2025-10-17 11:16:22-INFO-[tdms_reader_frequency.py:55]-开始处理文件: D:/Lab/process/2025.6.20/time\back\20250620194710.704633.csv
2025-10-17 11:16:22-INFO-[tdms_reader_frequency.py:126]-  已写入 99999/99999 行FFT数据
2025-10-17 11:16:22-INFO-[tdms_reader_frequency.py:126]-  已写入 99999/99999 行FFT数据
2025-10-17 11:16:22-INFO-[tdms_reader_frequency.py:55]-开始处理文件: D:/Lab/process/2025.6.20/time\back\20250620194713.610034.csv
2025-10-17 11:16:22-INFO-[tdms_reader_frequency.py:128]-已处理: 20250620204038.547364.csv -> D:/Lab/process/2025.6.20/frequency\50hz\FFT_20250620204038.547364.csv
2025-10-17 11:16:22-INFO-[tdms_reader_frequency.py:55]-开始处理文件: D:/Lab/process/2025.6.20/time\back\20250620194716.530521.csv
2025-10-17 11:16:22-INFO-[tdms_reader_frequency.py:126]-  已写入 99999/99999 行FFT数据
2025-10-17 11:16:22-INFO-[tdms_reader_frequency.py:126]-  已写入 99999/99999 行FFT数据
2025-10-17 11:16:22-INFO-[tdms_reader_frequency.py:128]-已处理: 20250620194615.280443.csv -> D:/Lab/process/2025.6.20/frequency\back\FFT_20250620194615.280443.csv
2025-10-17 11:16:22-INFO-[tdms_reader_frequency.py:128]-已处理: 20250620194612.368512.csv -> D:/Lab/process/2025.6.20/frequency\back\FFT_20250620194612.368512.csv
2025-10-17 11:16:22-INFO-[tdms_reader_frequency.py:128]-已处理: 20250620194618.181950.csv -> D:/Lab/process/2025.6.20/frequency\back\FFT_20250620194618.181950.csv
2025-10-17 11:16:22-INFO-[tdms_reader_frequency.py:63]-使用元数据采样率: 200000 Hz
 -> D:/Lab/process/2025.6.20/frequency\back\FFT_20250620194635.587857.csv
2025-10-17 11:16:22-INFO-[tdms_reader_frequency.py:128]-已处理: 20250620194621.140929.csv -> D:/Lab/process/2025.6.20/frequency\back\FFT_20250620194621.140929.csv
2025-10-17 11:16:22-INFO-[tdms_reader_frequency.py:63]-使用元数据采样率: 200000 Hz
2025-10-17 11:16:22-INFO-[tdms_reader_frequency.py:128]-已处理: 20250620204041.503131.csv -> D:/Lab/process/2025.6.20/frequency\50hz\FFT_20250620204041.503131.csv
2025-10-17 11:16:22-INFO-[tdms_reader_frequency.py:128]-已处理: 20250620194629.813220.csv -> D:/Lab/process/2025.6.20/frequency\back\FFT_20250620194629.813220.csv
2025-10-17 11:16:22-INFO-[tdms_reader_frequency.py:63]-使用元数据采样率: 200000 Hz
2025-10-17 11:16:22-INFO-[tdms_reader_frequency.py:126]-  已写入 99999/99999 行FFT数据
2025-10-17 11:16:22-INFO-[tdms_reader_frequency.py:55]-开始处理文件: D:/Lab/process/2025.6.20/time\back\20250620194719.443004.csv
2025-10-17 11:16:22-INFO-[tdms_reader_frequency.py:55]-开始处理文件: D:/Lab/process/2025.6.20/time\back\20250620194722.345550.csv
2025-10-17 11:16:22-INFO-[tdms_reader_frequency.py:63]-使用元数据采样率: 200000 Hz
2025-10-17 11:16:22-INFO-[tdms_reader_frequency.py:128]-已处理: 20250620204044.399715.csv -> D:/Lab/process/2025.6.20/frequency\50hz\FFT_20250620204044.399715.csv
2025-10-17 11:16:22-INFO-[tdms_reader_frequency.py:128]-已处理: 20250620194624.055741.csv -> D:/Lab/process/2025.6.20/frequency\back\FFT_20250620194624.055741.csv
2025-10-17 11:16:22-INFO-[tdms_reader_frequency.py:126]-  已写入 99999/99999 行FFT数据
2025-10-17 11:16:22-INFO-[tdms_reader_frequency.py:55]-开始处理文件: D:/Lab/process/2025.6.20/time\back\20250620194725.240403.csv
2025-10-17 11:16:22-INFO-[tdms_reader_frequency.py:70]-成功读取文件: 20250620194702.006214.csv, 数据长度: 200000
2025-10-17 11:16:22-INFO-[tdms_reader_frequency.py:63]-使用元数据采样率: 200000 Hz
2025-10-17 11:16:22-INFO-[tdms_reader_frequency.py:63]-使用元数据采样率: 200000 Hz
2025-10-17 11:16:22-INFO-[tdms_reader_frequency.py:128]-已处理: 20250620194632.691684.csv -> D:/Lab/process/2025.6.20/frequency\back\FFT_20250620194632.691684.csv
2025-10-17 11:16:22-INFO-[tdms_reader_frequency.py:55]-开始处理文件: D:/Lab/process/2025.6.20/time\back\20250620194728.134972.csv
2025-10-17 11:16:22-INFO-[tdms_reader_frequency.py:55]-开始处理文件: D:/Lab/process/2025.6.20/time\back\20250620194731.069696.csv
2025-10-17 11:16:22-INFO-[tdms_reader_frequency.py:55]-开始处理文件: D:/Lab/process/2025.6.20/time\back\20250620194734.001919.csv
2025-10-17 11:16:22-INFO-[tdms_reader_frequency.py:55]-开始处理文件: D:/Lab/process/2025.6.20/time\backwatering\20250620193734.678390.csv
2025-10-17 11:16:22-INFO-[tdms_reader_frequency.py:128]-已处理: 20250620194626.920608.csv -> D:/Lab/process/2025.6.20/frequency\back\FFT_20250620194626.920608.csv
2025-10-17 11:16:22-INFO-[tdms_reader_frequency.py:55]-开始处理文件: D:/Lab/process/2025.6.20/time\backwatering\20250620193737.643558.csv
2025-10-17 11:16:22-INFO-[tdms_reader_frequency.py:63]-使用元数据采样率: 200000 Hz
2025-10-17 11:16:22-INFO-[tdms_reader_frequency.py:55]-开始处理文件: D:/Lab/process/2025.6.20/time\backwatering\20250620193740.545447.csv
2025-10-17 11:16:22-INFO-[tdms_reader_frequency.py:80]-处理文件: 20250620194702.006214.csv, 通道数: 16
2025-10-17 11:16:22-INFO-[tdms_reader_frequency.py:55]-开始处理文件: D:/Lab/process/2025.6.20/time\backwatering\20250620193743.417335.csv
2025-10-17 11:16:22-INFO-[tdms_reader_frequency.py:63]-使用元数据采样率: 200000 Hz
2025-10-17 11:16:22-INFO-[tdms_reader_frequency.py:63]-使用元数据采样率: 200000 Hz
2025-10-17 11:16:22-INFO-[tdms_reader_frequency.py:63]-使用元数据采样率: 200000 Hz
2025-10-17 11:16:22-INFO-[tdms_reader_frequency.py:55]-开始处理文件: D:/Lab/process/2025.6.20/time\backwatering\20250620193746.344677.csv
2025-10-17 11:16:22-INFO-[tdms_reader_frequency.py:55]-开始处理文件: D:/Lab/process/2025.6.20/time\backwatering\20250620193749.270337.csv
2025-10-17 11:16:22-INFO-[tdms_reader_frequency.py:63]-使用元数据采样率: 200000 Hz
2025-10-17 11:16:22-INFO-[tdms_reader_frequency.py:55]-开始处理文件: D:/Lab/process/2025.6.20/time\backwatering\20250620193752.182714.csv
2025-10-17 11:16:22-INFO-[tdms_reader_frequency.py:63]-使用元数据采样率: 200000 Hz
2025-10-17 11:16:22-INFO-[tdms_reader_frequency.py:63]-使用元数据采样率: 200000 Hz
2025-10-17 11:16:22-INFO-[tdms_reader_frequency.py:55]-开始处理文件: D:/Lab/process/2025.6.20/time\backwatering\20250620193755.071010.csv
2025-10-17 11:16:22-INFO-[tdms_reader_frequency.py:63]-使用元数据采样率: 200000 Hz
2025-10-17 11:16:22-INFO-[tdms_reader_frequency.py:63]-使用元数据采样率: 200000 Hz
2025-10-17 11:16:22-INFO-[tdms_reader_frequency.py:63]-使用元数据采样率: 200000 Hz
2025-10-17 11:16:22-INFO-[tdms_reader_frequency.py:63]-使用元数据采样率: 200000 Hz
2025-10-17 11:16:22-INFO-[tdms_reader_frequency.py:63]-使用元数据采样率: 200000 Hz
2025-10-17 11:16:22-INFO-[tdms_reader_frequency.py:70]-成功读取文件: 20250620194704.911499.csv, 数据长度: 200000
2025-10-17 11:16:23-INFO-[tdms_reader_frequency.py:70]-成功读取文件: 20250620194710.704633.csv, 数据长度: 200000
2025-10-17 11:16:23-INFO-[tdms_reader_frequency.py:70]-成功读取文件: 20250620194713.610034.csv, 数据长度: 200000
2025-10-17 11:16:23-INFO-[tdms_reader_frequency.py:70]-成功读取文件: 20250620194716.530521.csv, 数据长度: 200000
2025-10-17 11:16:23-INFO-[tdms_reader_frequency.py:80]-处理文件: 20250620194710.704633.csv, 通道数: 16
2025-10-17 11:16:23-INFO-[tdms_reader_frequency.py:70]-成功读取文件: 20250620194722.345550.csv, 数据长度: 200000
2025-10-17 11:16:23-INFO-[tdms_reader_frequency.py:70]-成功读取文件: 20250620194707.790523.csv, 数据长度: 200000
2025-10-17 11:16:23-INFO-[tdms_reader_frequency.py:70]-成功读取文件: 20250620193737.643558.csv, 数据长度: 200000
2025-10-17 11:16:23-INFO-[tdms_reader_frequency.py:70]-成功读取文件: 20250620193743.417335.csv, 数据长度: 200000
2025-10-17 11:16:23-INFO-[tdms_reader_frequency.py:70]-成功读取文件: 20250620194719.443004.csv, 数据长度: 200000
2025-10-17 11:16:23-INFO-[tdms_reader_frequency.py:70]-成功读取文件: 20250620194728.134972.csv, 数据长度: 200000
2025-10-17 11:16:23-INFO-[tdms_reader_frequency.py:70]-成功读取文件: 20250620193749.270337.csv, 数据长度: 200000
2025-10-17 11:16:23-INFO-[tdms_reader_frequency.py:70]-成功读取文件: 20250620194725.240403.csv, 数据长度: 200000
2025-10-17 11:16:23-INFO-[tdms_reader_frequency.py:80]-处理文件: 20250620194716.530521.csv, 通道数: 16
2025-10-17 11:16:23-INFO-[tdms_reader_frequency.py:80]-处理文件: 20250620194713.610034.csv, 通道数: 16
2025-10-17 11:16:23-INFO-[tdms_reader_frequency.py:70]-成功读取文件: 20250620193740.545447.csv, 数据长度: 200000
2025-10-17 11:16:23-INFO-[tdms_reader_frequency.py:80]-处理文件: 20250620194707.790523.csv, 通道数: 16
2025-10-17 11:16:23-INFO-[tdms_reader_frequency.py:70]-成功读取文件: 20250620194734.001919.csv, 数据长度: 200000
2025-10-17 11:16:23-INFO-[tdms_reader_frequency.py:70]-成功读取文件: 20250620193752.182714.csv, 数据长度: 200000
2025-10-17 11:16:23-INFO-[tdms_reader_frequency.py:70]-成功读取文件: 20250620194731.069696.csv, 数据长度: 200000
2025-10-17 11:16:23-INFO-[tdms_reader_frequency.py:80]-处理文件: 20250620194704.911499.csv, 通道数: 16
2025-10-17 11:16:23-INFO-[tdms_reader_frequency.py:80]-处理文件: 20250620193737.643558.csv, 通道数: 16
2025-10-17 11:16:23-INFO-[tdms_reader_frequency.py:80]-处理文件: 20250620193752.182714.csv, 通道数: 16
2025-10-17 11:16:23-INFO-[tdms_reader_frequency.py:80]-处理文件: 20250620194734.001919.csv, 通道数: 16
2025-10-17 11:16:23-INFO-[tdms_reader_frequency.py:80]-处理文件: 20250620193740.545447.csv, 通道数: 16
2025-10-17 11:16:23-INFO-[tdms_reader_frequency.py:80]-处理文件: 20250620194722.345550.csv, 通道数: 16
2025-10-17 11:16:23-INFO-[tdms_reader_frequency.py:80]-处理文件: 20250620194725.240403.csv, 通道数: 16
2025-10-17 11:16:23-INFO-[tdms_reader_frequency.py:80]-处理文件: 20250620193749.270337.csv, 通道数: 16
2025-10-17 11:16:23-INFO-[tdms_reader_frequency.py:80]-处理文件: 20250620194728.134972.csv, 通道数: 16
2025-10-17 11:16:23-INFO-[tdms_reader_frequency.py:80]-处理文件: 20250620193743.417335.csv, 通道数: 16
2025-10-17 11:16:23-INFO-[tdms_reader_frequency.py:70]-成功读取文件: 20250620193734.678390.csv, 数据长度: 200000
2025-10-17 11:16:23-INFO-[tdms_reader_frequency.py:70]-成功读取文件: 20250620193746.344677.csv, 数据长度: 200000
2025-10-17 11:16:23-INFO-[tdms_reader_frequency.py:80]-处理文件: 20250620194719.443004.csv, 通道数: 16
2025-10-17 11:16:23-INFO-[tdms_reader_frequency.py:80]-处理文件: 20250620193734.678390.csv, 通道数: 16
2025-10-17 11:16:23-INFO-[tdms_reader_frequency.py:80]-处理文件: 20250620194731.069696.csv, 通道数: 16
2025-10-17 11:16:24-INFO-[tdms_reader_frequency.py:80]-处理文件: 20250620193746.344677.csv, 通道数: 16
2025-10-17 11:16:24-INFO-[tdms_reader_frequency.py:70]-成功读取文件: 20250620193755.071010.csv, 数据长度: 200000
2025-10-17 11:16:24-INFO-[tdms_reader_frequency.py:80]-处理文件: 20250620193755.071010.csv, 通道数: 16
2025-10-17 11:16:26-INFO-[tdms_reader_frequency.py:126]-  已写入 99999/99999 行FFT数据
2025-10-17 11:16:26-INFO-[tdms_reader_frequency.py:128]-已处理: 20250620194638.548843.csv -> D:/Lab/process/2025.6.20/frequency\back\FFT_20250620194638.548843.csv
2025-10-17 11:16:27-INFO-[tdms_reader_frequency.py:55]-开始处理文件: D:/Lab/process/2025.6.20/time\backwatering\20250620193757.946475.csv
2025-10-17 11:16:27-INFO-[tdms_reader_frequency.py:63]-使用元数据采样率: 200000 Hz
2025-10-17 11:16:28-INFO-[tdms_reader_frequency.py:70]-成功读取文件: 20250620193757.946475.csv, 数据长度: 200000
2025-10-17 11:16:28-INFO-[tdms_reader_frequency.py:80]-处理文件: 20250620193757.946475.csv, 通道数: 16
2025-10-17 11:16:28-INFO-[tdms_reader_frequency.py:126]-  已写入 99999/99999 行FFT数据
2025-10-17 11:16:28-INFO-[tdms_reader_frequency.py:128]-已处理: 20250620194644.379134.csv -> D:/Lab/process/2025.6.20/frequency\back\FFT_20250620194644.379134.csv
2025-10-17 11:16:29-INFO-[tdms_reader_frequency.py:55]-开始处理文件: D:/Lab/process/2025.6.20/time\backwatering\20250620193800.664447.csv
2025-10-17 11:16:29-INFO-[tdms_reader_frequency.py:63]-使用元数据采样率: 200000 Hz
2025-10-17 11:16:29-INFO-[tdms_reader_frequency.py:126]-  已写入 99999/99999 行FFT数据
2025-10-17 11:16:29-INFO-[tdms_reader_frequency.py:128]-已处理: 20250620194650.211108.csv -> D:/Lab/process/2025.6.20/frequency\back\FFT_20250620194650.211108.csv
2025-10-17 11:16:29-INFO-[tdms_reader_frequency.py:55]-开始处理文件: D:/Lab/process/2025.6.20/time\backwatering\20250620193803.575523.csv
2025-10-17 11:16:29-INFO-[tdms_reader_frequency.py:63]-使用元数据采样率: 200000 Hz
2025-10-17 11:16:29-INFO-[tdms_reader_frequency.py:126]-  已写入 99999/99999 行FFT数据
2025-10-17 11:16:29-INFO-[tdms_reader_frequency.py:128]-已处理: 20250620194641.451865.csv -> D:/Lab/process/2025.6.20/frequency\back\FFT_20250620194641.451865.csv
2025-10-17 11:16:30-INFO-[tdms_reader_frequency.py:126]-  已写入 99999/99999 行FFT数据
2025-10-17 11:16:30-INFO-[tdms_reader_frequency.py:126]-  已写入 99999/99999 行FFT数据
2025-10-17 11:16:30-INFO-[tdms_reader_frequency.py:55]-开始处理文件: D:/Lab/process/2025.6.20/time\backwatering\20250620193806.499762.csv
2025-10-17 11:16:30-INFO-[tdms_reader_frequency.py:70]-成功读取文件: 20250620193800.664447.csv, 数据长度: 200000
2025-10-17 11:16:30-INFO-[tdms_reader_frequency.py:128]-已处理: 20250620194659.052610.csv -> D:/Lab/process/2025.6.20/frequency\back\FFT_20250620194659.052610.csv
2025-10-17 11:16:30-INFO-[tdms_reader_frequency.py:128]-已处理: 20250620194647.302328.csv -> D:/Lab/process/2025.6.20/frequency\back\FFT_20250620194647.302328.csv
2025-10-17 11:16:30-INFO-[tdms_reader_frequency.py:63]-使用元数据采样率: 200000 Hz
2025-10-17 11:16:30-INFO-[tdms_reader_frequency.py:126]-  已写入 99999/99999 行FFT数据
2025-10-17 11:16:30-INFO-[tdms_reader_frequency.py:55]-开始处理文件: D:/Lab/process/2025.6.20/time\backwatering\20250620193809.385131.csv
2025-10-17 11:16:30-INFO-[tdms_reader_frequency.py:63]-使用元数据采样率: 200000 Hz
2025-10-17 11:16:30-INFO-[tdms_reader_frequency.py:126]-  已写入 99999/99999 行FFT数据
2025-10-17 11:16:30-INFO-[tdms_reader_frequency.py:70]-成功读取文件: 20250620193803.575523.csv, 数据长度: 200000
2025-10-17 11:16:30-INFO-[tdms_reader_frequency.py:80]-处理文件: 20250620193800.664447.csv, 通道数: 16
2025-10-17 11:16:30-INFO-[tdms_reader_frequency.py:128]-已处理: 20250620194653.136268.csv -> D:/Lab/process/2025.6.20/frequency\back\FFT_20250620194653.136268.csv
2025-10-17 11:16:31-INFO-[tdms_reader_frequency.py:55]-开始处理文件: D:/Lab/process/2025.6.20/time\backwatering\20250620193812.362895.csv
2025-10-17 11:16:31-INFO-[tdms_reader_frequency.py:70]-成功读取文件: 20250620193806.499762.csv, 数据长度: 200000
2025-10-17 11:16:31-INFO-[tdms_reader_frequency.py:80]-处理文件: 20250620193803.575523.csv, 通道数: 16
2025-10-17 11:16:31-INFO-[tdms_reader_frequency.py:70]-成功读取文件: 20250620193809.385131.csv, 数据长度: 200000
2025-10-17 11:16:31-INFO-[tdms_reader_frequency.py:128]-已处理: 20250620194702.006214.csv -> D:/Lab/process/2025.6.20/frequency\back\FFT_20250620194702.006214.csv
2025-10-17 11:16:31-INFO-[tdms_reader_frequency.py:55]-开始处理文件: D:/Lab/process/2025.6.20/time\backwatering\20250620193815.303531.csv
2025-10-17 11:16:31-INFO-[tdms_reader_frequency.py:63]-使用元数据采样率: 200000 Hz
2025-10-17 11:16:31-INFO-[tdms_reader_frequency.py:80]-处理文件: 20250620193806.499762.csv, 通道数: 16
2025-10-17 11:16:31-INFO-[tdms_reader_frequency.py:126]-  已写入 99999/99999 行FFT数据
2025-10-17 11:16:31-INFO-[tdms_reader_frequency.py:63]-使用元数据采样率: 200000 Hz
2025-10-17 11:16:31-INFO-[tdms_reader_frequency.py:80]-处理文件: 20250620193809.385131.csv, 通道数: 16
2025-10-17 11:16:31-INFO-[tdms_reader_frequency.py:55]-开始处理文件: D:/Lab/process/2025.6.20/time\backwatering\20250620193818.229423.csv
2025-10-17 11:16:31-INFO-[tdms_reader_frequency.py:63]-使用元数据采样率: 200000 Hz
2025-10-17 11:16:31-INFO-[tdms_reader_frequency.py:128]-已处理: 20250620194656.041305.csv -> D:/Lab/process/2025.6.20/frequency\back\FFT_20250620194656.041305.csv
2025-10-17 11:16:32-INFO-[tdms_reader_frequency.py:55]-开始处理文件: D:/Lab/process/2025.6.20/time\backwatering\20250620193821.140393.csv
2025-10-17 11:16:32-INFO-[tdms_reader_frequency.py:126]-  已写入 99999/99999 行FFT数据
2025-10-17 11:16:32-INFO-[tdms_reader_frequency.py:63]-使用元数据采样率: 200000 Hz
2025-10-17 11:16:32-INFO-[tdms_reader_frequency.py:70]-成功读取文件: 20250620193815.303531.csv, 数据长度: 200000
2025-10-17 11:16:32-INFO-[tdms_reader_frequency.py:128]-已处理: 20250620194710.704633.csv -> D:/Lab/process/2025.6.20/frequency\back\FFT_20250620194710.704633.csv
2025-10-17 11:16:32-INFO-[tdms_reader_frequency.py:126]-  已写入 99999/99999 行FFT数据
2025-10-17 11:16:32-INFO-[tdms_reader_frequency.py:70]-成功读取文件: 20250620193818.229423.csv, 数据长度: 200000
2025-10-17 11:16:32-INFO-[tdms_reader_frequency.py:126]-  已写入 99999/99999 行FFT数据
2025-10-17 11:16:32-INFO-[tdms_reader_frequency.py:126]-  已写入 99999/99999 行FFT数据
2025-10-17 11:16:32-INFO-[tdms_reader_frequency.py:70]-成功读取文件: 20250620193812.362895.csv, 数据长度: 200000
2025-10-17 11:16:32-INFO-[tdms_reader_frequency.py:55]-开始处理文件: D:/Lab/process/2025.6.20/time\backwatering\20250620193824.039435.csv
2025-10-17 11:16:32-INFO-[tdms_reader_frequency.py:126]-  已写入 99999/99999 行FFT数据
2025-10-17 11:16:32-INFO-[tdms_reader_frequency.py:128]-已处理: 20250620194725.240403.csv -> D:/Lab/process/2025.6.20/frequency\back\FFT_20250620194725.240403.csv
2025-10-17 11:16:32-INFO-[tdms_reader_frequency.py:70]-成功读取文件: 20250620193821.140393.csv, 数据长度: 200000
2025-10-17 11:16:32-INFO-[tdms_reader_frequency.py:80]-处理文件: 20250620193815.303531.csv, 通道数: 16
2025-10-17 11:16:32-INFO-[tdms_reader_frequency.py:80]-处理文件: 20250620193818.229423.csv, 通道数: 16
2025-10-17 11:16:32-INFO-[tdms_reader_frequency.py:128]-已处理: 20250620194713.610034.csv -> D:/Lab/process/2025.6.20/frequency\back\FFT_20250620194713.610034.csv
2025-10-17 11:16:33-INFO-[tdms_reader_frequency.py:126]-  已写入 99999/99999 行FFT数据
2025-10-17 11:16:33-INFO-[tdms_reader_frequency.py:80]-处理文件: 20250620193812.362895.csv, 通道数: 16
2025-10-17 11:16:33-INFO-[tdms_reader_frequency.py:63]-使用元数据采样率: 200000 Hz
2025-10-17 11:16:33-INFO-[tdms_reader_frequency.py:126]-  已写入 99999/99999 行FFT数据
2025-10-17 11:16:33-INFO-[tdms_reader_frequency.py:126]-  已写入 99999/99999 行FFT数据
2025-10-17 11:16:33-INFO-[tdms_reader_frequency.py:128]-已处理: 20250620194716.530521.csv -> D:/Lab/process/2025.6.20/frequency\back\FFT_20250620194716.530521.csv
2025-10-17 11:16:33-INFO-[tdms_reader_frequency.py:80]-处理文件: 20250620193821.140393.csv, 通道数: 16
2025-10-17 11:16:33-INFO-[tdms_reader_frequency.py:128]-已处理: 20250620194707.790523.csv -> D:/Lab/process/2025.6.20/frequency\back\FFT_20250620194707.790523.csv
2025-10-17 11:16:33-INFO-[tdms_reader_frequency.py:55]-开始处理文件: D:/Lab/process/2025.6.20/time\backwatering\20250620193827.003131.csv
2025-10-17 11:16:33-INFO-[tdms_reader_frequency.py:126]-  已写入 99999/99999 行FFT数据
2025-10-17 11:16:33-INFO-[tdms_reader_frequency.py:128]-已处理: 20250620194722.345550.csv -> D:/Lab/process/2025.6.20/frequency\back\FFT_20250620194722.345550.csv
2025-10-17 11:16:33-INFO-[tdms_reader_frequency.py:128]-已处理: 20250620194728.134972.csv -> D:/Lab/process/2025.6.20/frequency\back\FFT_20250620194728.134972.csv
2025-10-17 11:16:33-INFO-[tdms_reader_frequency.py:55]-开始处理文件: D:/Lab/process/2025.6.20/time\backwatering\20250620193829.938352.csv
2025-10-17 11:16:33-INFO-[tdms_reader_frequency.py:128]-已处理: 20250620193743.417335.csv -> D:/Lab/process/2025.6.20/frequency\backwatering\FFT_20250620193743.417335.csv
2025-10-17 11:16:33-INFO-[tdms_reader_frequency.py:55]-开始处理文件: D:/Lab/process/2025.6.20/time\backwatering\20250620193835.769193.csv
2025-10-17 11:16:33-INFO-[tdms_reader_frequency.py:55]-开始处理文件: D:/Lab/process/2025.6.20/time\backwatering\20250620193832.870292.csv
2025-10-17 11:16:33-INFO-[tdms_reader_frequency.py:55]-开始处理文件: D:/Lab/process/2025.6.20/time\backwatering\20250620193838.664452.csv
2025-10-17 11:16:33-INFO-[tdms_reader_frequency.py:128]-已处理: 20250620193752.182714.csv -> D:/Lab/process/2025.6.20/frequency\backwatering\FFT_20250620193752.182714.csv
2025-10-17 11:16:33-INFO-[tdms_reader_frequency.py:63]-使用元数据采样率: 200000 Hz
2025-10-17 11:16:33-INFO-[tdms_reader_frequency.py:55]-开始处理文件: D:/Lab/process/2025.6.20/time\backwatering\20250620193841.584246.csv
2025-10-17 11:16:33-INFO-[tdms_reader_frequency.py:63]-使用元数据采样率: 200000 Hz
2025-10-17 11:16:33-INFO-[tdms_reader_frequency.py:126]-  已写入 99999/99999 行FFT数据
2025-10-17 11:16:33-INFO-[tdms_reader_frequency.py:55]-开始处理文件: D:/Lab/process/2025.6.20/time\backwatering\20250620193844.533171.csv
2025-10-17 11:16:33-INFO-[tdms_reader_frequency.py:128]-已处理: 20250620194731.069696.csv -> D:/Lab/process/2025.6.20/frequency\back\FFT_20250620194731.069696.csv
2025-10-17 11:16:33-INFO-[tdms_reader_frequency.py:126]-  已写入 99999/99999 行FFT数据
2025-10-17 11:16:33-INFO-[tdms_reader_frequency.py:63]-使用元数据采样率: 200000 Hz
2025-10-17 11:16:33-INFO-[tdms_reader_frequency.py:63]-使用元数据采样率: 200000 Hz
2025-10-17 11:16:33-INFO-[tdms_reader_frequency.py:63]-使用元数据采样率: 200000 Hz
2025-10-17 11:16:33-INFO-[tdms_reader_frequency.py:63]-使用元数据采样率: 200000 Hz
2025-10-17 11:16:33-INFO-[tdms_reader_frequency.py:63]-使用元数据采样率: 200000 Hz
2025-10-17 11:16:33-INFO-[tdms_reader_frequency.py:128]-已处理: 20250620194719.443004.csv -> D:/Lab/process/2025.6.20/frequency\back\FFT_20250620194719.443004.csv
2025-10-17 11:16:33-INFO-[tdms_reader_frequency.py:55]-开始处理文件: D:/Lab/process/2025.6.20/time\backwatering\20250620193847.466852.csv
2025-10-17 11:16:33-INFO-[tdms_reader_frequency.py:55]-开始处理文件: D:/Lab/process/2025.6.20/time\backwatering\20250620193850.400394.csv
2025-10-17 11:16:33-INFO-[tdms_reader_frequency.py:126]-  已写入 99999/99999 行FFT数据
2025-10-17 11:16:33-INFO-[tdms_reader_frequency.py:63]-使用元数据采样率: 200000 Hz
2025-10-17 11:16:33-INFO-[tdms_reader_frequency.py:63]-使用元数据采样率: 200000 Hz
2025-10-17 11:16:33-INFO-[tdms_reader_frequency.py:70]-成功读取文件: 20250620193824.039435.csv, 数据长度: 200000
2025-10-17 11:16:33-INFO-[tdms_reader_frequency.py:55]-开始处理文件: D:/Lab/process/2025.6.20/time\backwatering\20250620193853.345024.csv
2025-10-17 11:16:34-INFO-[tdms_reader_frequency.py:80]-处理文件: 20250620193824.039435.csv, 通道数: 16
2025-10-17 11:16:34-INFO-[tdms_reader_frequency.py:128]-已处理: 20250620193734.678390.csv -> D:/Lab/process/2025.6.20/frequency\backwatering\FFT_20250620193734.678390.csv
2025-10-17 11:16:34-INFO-[tdms_reader_frequency.py:126]-  已写入 99999/99999 行FFT数据
2025-10-17 11:16:34-INFO-[tdms_reader_frequency.py:128]-已处理: 20250620194704.911499.csv -> D:/Lab/process/2025.6.20/frequency\back\FFT_20250620194704.911499.csv
2025-10-17 11:16:34-INFO-[tdms_reader_frequency.py:55]-开始处理文件: D:/Lab/process/2025.6.20/time\backwatering\20250620193856.225711.csv
2025-10-17 11:16:34-INFO-[tdms_reader_frequency.py:70]-成功读取文件: 20250620193827.003131.csv, 数据长度: 200000
2025-10-17 11:16:34-INFO-[tdms_reader_frequency.py:126]-  已写入 99999/99999 行FFT数据
2025-10-17 11:16:34-INFO-[tdms_reader_frequency.py:126]-  已写入 99999/99999 行FFT数据
2025-10-17 11:16:34-INFO-[tdms_reader_frequency.py:63]-使用元数据采样率: 200000 Hz
2025-10-17 11:16:34-INFO-[tdms_reader_frequency.py:70]-成功读取文件: 20250620193829.938352.csv, 数据长度: 200000
2025-10-17 11:16:34-INFO-[tdms_reader_frequency.py:55]-开始处理文件: D:/Lab/process/2025.6.20/time\backwatering\20250620193859.168055.csv
2025-10-17 11:16:34-INFO-[tdms_reader_frequency.py:63]-使用元数据采样率: 200000 Hz
2025-10-17 11:16:34-INFO-[tdms_reader_frequency.py:63]-使用元数据采样率: 200000 Hz
2025-10-17 11:16:34-INFO-[tdms_reader_frequency.py:80]-处理文件: 20250620193829.938352.csv, 通道数: 16
2025-10-17 11:16:34-INFO-[tdms_reader_frequency.py:128]-已处理: 20250620193749.270337.csv -> D:/Lab/process/2025.6.20/frequency\backwatering\FFT_20250620193749.270337.csv
2025-10-17 11:16:34-INFO-[tdms_reader_frequency.py:70]-成功读取文件: 20250620193835.769193.csv, 数据长度: 200000
2025-10-17 11:16:34-INFO-[tdms_reader_frequency.py:128]-已处理: 20250620194734.001919.csv -> D:/Lab/process/2025.6.20/frequency\back\FFT_20250620194734.001919.csv
2025-10-17 11:16:34-INFO-[tdms_reader_frequency.py:126]-  已写入 99999/99999 行FFT数据
2025-10-17 11:16:34-INFO-[tdms_reader_frequency.py:80]-处理文件: 20250620193827.003131.csv, 通道数: 16
2025-10-17 11:16:34-INFO-[tdms_reader_frequency.py:70]-成功读取文件: 20250620193832.870292.csv, 数据长度: 200000
2025-10-17 11:16:34-INFO-[tdms_reader_frequency.py:70]-成功读取文件: 20250620193838.664452.csv, 数据长度: 200000
2025-10-17 11:16:34-INFO-[tdms_reader_frequency.py:70]-成功读取文件: 20250620193844.533171.csv, 数据长度: 200000
2025-10-17 11:16:34-INFO-[tdms_reader_frequency.py:80]-处理文件: 20250620193835.769193.csv, 通道数: 16
2025-10-17 11:16:34-INFO-[tdms_reader_frequency.py:55]-开始处理文件: D:/Lab/process/2025.6.20/time\backwatering\20250620193902.126579.csv
2025-10-17 11:16:34-INFO-[tdms_reader_frequency.py:70]-成功读取文件: 20250620193847.466852.csv, 数据长度: 200000
2025-10-17 11:16:34-INFO-[tdms_reader_frequency.py:126]-  已写入 99999/99999 行FFT数据
2025-10-17 11:16:34-INFO-[tdms_reader_frequency.py:80]-处理文件: 20250620193838.664452.csv, 通道数: 16
2025-10-17 11:16:34-INFO-[tdms_reader_frequency.py:80]-处理文件: 20250620193832.870292.csv, 通道数: 16
2025.6.20/frequency\backwatering\FFT_20250620193740.545447.csv
2025-10-17 11:16:34-INFO-[tdms_reader_frequency.py:80]-处理文件: 20250620193844.533171.csv, 通道数: 16
2025-10-17 11:16:34-INFO-[tdms_reader_frequency.py:70]-成功读取文件: 20250620193850.400394.csv, 数据长度: 200000
2025-10-17 11:16:34-INFO-[tdms_reader_frequency.py:63]-使用元数据采样率: 200000 Hz
2025-10-17 11:16:34-INFO-[tdms_reader_frequency.py:70]-成功读取文件: 20250620193841.584246.csv, 数据长度: 200000
2025-10-17 11:16:34-INFO-[tdms_reader_frequency.py:55]-开始处理文件: D:/Lab/process/2025.6.20/time\backwatering\20250620193905.056522.csv
2025-10-17 11:16:34-INFO-[tdms_reader_frequency.py:80]-处理文件: 20250620193847.466852.csv, 通道数: 16
2025-10-17 11:16:34-INFO-[tdms_reader_frequency.py:80]-处理文件: 20250620193841.584246.csv, 通道数: 16
2025-10-17 11:16:34-INFO-[tdms_reader_frequency.py:63]-使用元数据采样率: 200000 Hz
2025-10-17 11:16:34-INFO-[tdms_reader_frequency.py:128]-已处理: 20250620193746.344677.csv -> D:/Lab/process/2025.6.20/frequency\backwatering\FFT_20250620193746.344677.csv
2025-10-17 11:16:34-INFO-[tdms_reader_frequency.py:80]-处理文件: 20250620193850.400394.csv, 通道数: 16
2025-10-17 11:16:35-INFO-[tdms_reader_frequency.py:126]-  已写入 99999/99999 行FFT数据
2025-10-17 11:16:35-INFO-[tdms_reader_frequency.py:55]-开始处理文件: D:/Lab/process/2025.6.20/time\backwatering\20250620193907.982947.csv
2025-10-17 11:16:35-INFO-[tdms_reader_frequency.py:70]-成功读取文件: 20250620193859.168055.csv, 数据长度: 200000
2025-10-17 11:16:35-INFO-[tdms_reader_frequency.py:128]-已处理: 20250620193755.071010.csv -> D:/Lab/process/2025.6.20/frequency\backwatering\FFT_20250620193755.071010.csv
2025-10-17 11:16:35-INFO-[tdms_reader_frequency.py:126]-  已写入 99999/99999 行FFT数据
2025-10-17 11:16:35-INFO-[tdms_reader_frequency.py:70]-成功读取文件: 20250620193853.345024.csv, 数据长度: 200000
2025-10-17 11:16:35-INFO-[tdms_reader_frequency.py:55]-开始处理文件: D:/Lab/process/2025.6.20/time\backwatering\20250620193910.873333.csv
2025-10-17 11:16:35-INFO-[tdms_reader_frequency.py:55]-开始处理文件: D:/Lab/process/2025.6.20/time\backwatering\20250620193913.800929.csv
2025-10-17 11:16:35-INFO-[tdms_reader_frequency.py:128]-已处理: 20250620193737.643558.csv -> D:/Lab/process/2025.6.20/frequency\backwatering\FFT_20250620193737.643558.csv
2025-10-17 11:16:35-INFO-[tdms_reader_frequency.py:80]-处理文件: 20250620193859.168055.csv, 通道数: 16
2025-10-17 11:16:35-INFO-[tdms_reader_frequency.py:70]-成功读取文件: 20250620193856.225711.csv, 数据长度: 200000
2025-10-17 11:16:35-INFO-[tdms_reader_frequency.py:63]-使用元数据采样率: 200000 Hz
2025-10-17 11:16:35-INFO-[tdms_reader_frequency.py:80]-处理文件: 20250620193853.345024.csv, 通道数: 16
2025-10-17 11:16:35-INFO-[tdms_reader_frequency.py:63]-使用元数据采样率: 200000 Hz
2025-10-17 11:16:35-INFO-[tdms_reader_frequency.py:63]-使用元数据采样率: 200000 Hz
2025-10-17 11:16:35-INFO-[tdms_reader_frequency.py:70]-成功读取文件: 20250620193905.056522.csv, 数据长度: 200000
2025-10-17 11:16:35-INFO-[tdms_reader_frequency.py:70]-成功读取文件: 20250620193902.126579.csv, 数据长度: 200000
2025-10-17 11:16:35-INFO-[tdms_reader_frequency.py:80]-处理文件: 20250620193856.225711.csv, 通道数: 16
2025-10-17 11:16:36-INFO-[tdms_reader_frequency.py:70]-成功读取文件: 20250620193913.800929.csv, 数据长度: 200000
2025-10-17 11:16:36-INFO-[tdms_reader_frequency.py:55]-开始处理文件: D:/Lab/process/2025.6.20/time\backwatering\20250620193916.714522.csv
2025-10-17 11:16:36-INFO-[tdms_reader_frequency.py:80]-处理文件: 20250620193905.056522.csv, 通道数: 16
2025-10-17 11:16:37-INFO-[tdms_reader_frequency.py:80]-处理文件: 20250620193913.800929.csv, 通道数: 16
2025-10-17 11:16:37-INFO-[tdms_reader_frequency.py:70]-成功读取文件: 20250620193907.982947.csv, 数据长度: 200000
2025-10-17 11:16:37-INFO-[tdms_reader_frequency.py:80]-处理文件: 20250620193902.126579.csv, 通道数: 16
2025-10-17 11:16:37-INFO-[tdms_reader_frequency.py:80]-处理文件: 20250620193907.982947.csv, 通道数: 16
2025-10-17 11:16:37-INFO-[tdms_reader_frequency.py:63]-使用元数据采样率: 200000 Hz
2025-10-17 11:16:37-INFO-[tdms_reader_frequency.py:70]-成功读取文件: 20250620193910.873333.csv, 数据长度: 200000
2025-10-17 11:16:37-INFO-[tdms_reader_frequency.py:80]-处理文件: 20250620193910.873333.csv, 通道数: 16
2025-10-17 11:16:38-INFO-[tdms_reader_frequency.py:70]-成功读取文件: 20250620193916.714522.csv, 数据长度: 200000
2025-10-17 11:16:38-INFO-[tdms_reader_frequency.py:80]-处理文件: 20250620193916.714522.csv, 通道数: 16
2025-10-17 11:16:39-INFO-[tdms_reader_frequency.py:126]-  已写入 99999/99999 行FFT数据
2025-10-17 11:16:39-INFO-[tdms_reader_frequency.py:128]-已处理: 20250620193757.946475.csv -> D:/Lab/process/2025.6.20/frequency\backwatering\FFT_20250620193757.946475.csv
2025-10-17 11:16:39-INFO-[tdms_reader_frequency.py:55]-开始处理文件: D:/Lab/process/2025.6.20/time\backwatering\20250620193919.648442.csv
2025-10-17 11:16:39-INFO-[tdms_reader_frequency.py:63]-使用元数据采样率: 200000 Hz
2025-10-17 11:16:39-INFO-[tdms_reader_frequency.py:70]-成功读取文件: 20250620193919.648442.csv, 数据长度: 200000
2025-10-17 11:16:40-INFO-[tdms_reader_frequency.py:80]-处理文件: 20250620193919.648442.csv, 通道数: 16
2025-10-17 11:16:42-INFO-[tdms_reader_frequency.py:126]-  已写入 99999/99999 行FFT数据
2025-10-17 11:16:42-INFO-[tdms_reader_frequency.py:128]-已处理: 20250620193800.664447.csv -> D:/Lab/process/2025.6.20/frequency\backwatering\FFT_20250620193800.664447.csv
2025-10-17 11:16:43-INFO-[tdms_reader_frequency.py:126]-  已写入 99999/99999 行FFT数据
2025-10-17 11:16:43-INFO-[tdms_reader_frequency.py:126]-  已写入 99999/99999 行FFT数据
2025-10-17 11:16:43-INFO-[tdms_reader_frequency.py:128]-已处理: 20250620193806.499762.csv -> D:/Lab/process/2025.6.20/frequency\backwatering\FFT_20250620193806.499762.csv
2025-10-17 11:16:43-INFO-[tdms_reader_frequency.py:55]-开始处理文件: D:/Lab/process/2025.6.20/time\backwatering\20250620193922.601949.csv
2025-10-17 11:16:43-INFO-[tdms_reader_frequency.py:55]-开始处理文件: D:/Lab/process/2025.6.20/time\backwatering\20250620193925.583770.csv
2025-10-17 11:16:43-INFO-[tdms_reader_frequency.py:63]-使用元数据采样率: 200000 Hz
2025-10-17 11:16:43-INFO-[tdms_reader_frequency.py:128]-已处理: 20250620193803.575523.csv -> D:/Lab/process/2025.6.20/frequency\backwatering\FFT_20250620193803.575523.csv
2025-10-17 11:16:43-INFO-[tdms_reader_frequency.py:63]-使用元数据采样率: 200000 Hz
2025-10-17 11:16:43-INFO-[tdms_reader_frequency.py:55]-开始处理文件: D:/Lab/process/2025.6.20/time\backwatering\20250620193928.513572.csv
2025-10-17 11:16:43-INFO-[tdms_reader_frequency.py:63]-使用元数据采样率: 200000 Hz
2025-10-17 11:16:43-INFO-[tdms_reader_frequency.py:70]-成功读取文件: 20250620193922.601949.csv, 数据长度: 200000
2025-10-17 11:16:43-INFO-[tdms_reader_frequency.py:80]-处理文件: 20250620193922.601949.csv, 通道数: 16
2025-10-17 11:16:43-INFO-[tdms_reader_frequency.py:70]-成功读取文件: 20250620193925.583770.csv, 数据长度: 200000
2025-10-17 11:16:43-INFO-[tdms_reader_frequency.py:80]-处理文件: 20250620193925.583770.csv, 通道数: 16
2025-10-17 11:16:43-INFO-[tdms_reader_frequency.py:70]-成功读取文件: 20250620193928.513572.csv, 数据长度: 200000
2025-10-17 11:16:43-INFO-[tdms_reader_frequency.py:80]-处理文件: 20250620193928.513572.csv, 通道数: 16
2025-10-17 11:16:43-INFO-[tdms_reader_frequency.py:126]-  已写入 99999/99999 行FFT数据
2025-10-17 11:16:44-INFO-[tdms_reader_frequency.py:128]-已处理: 20250620193821.140393.csv -> D:/Lab/process/2025.6.20/frequency\backwatering\FFT_20250620193821.140393.csv
2025-10-17 11:16:44-INFO-[tdms_reader_frequency.py:55]-开始处理文件: D:/Lab/process/2025.6.20/time\backwatering\20250620193931.418785.csv
2025-10-17 11:16:44-INFO-[tdms_reader_frequency.py:63]-使用元数据采样率: 200000 Hz
2025-10-17 11:16:44-INFO-[tdms_reader_frequency.py:126]-  已写入 99999/99999 行FFT数据
2025-10-17 11:16:44-INFO-[tdms_reader_frequency.py:128]-已处理: 20250620193809.385131.csv -> D:/Lab/process/2025.6.20/frequency\backwatering\FFT_20250620193809.385131.csv
2025-10-17 11:16:44-INFO-[tdms_reader_frequency.py:126]-  已写入 99999/99999 行FFT数据
2025-10-17 11:16:45-INFO-[tdms_reader_frequency.py:55]-开始处理文件: D:/Lab/process/2025.6.20/time\backwatering\20250620194609.324848.csv
2025-10-17 11:16:45-INFO-[tdms_reader_frequency.py:128]-已处理: 20250620193818.229423.csv -> D:/Lab/process/2025.6.20/frequency\backwatering\FFT_20250620193818.229423.csv
2025-10-17 11:16:45-INFO-[tdms_reader_frequency.py:63]-使用元数据采样率: 200000 Hz
2025-10-17 11:16:45-INFO-[tdms_reader_frequency.py:70]-成功读取文件: 20250620193931.418785.csv, 数据长度: 200000
2025-10-17 11:16:45-INFO-[tdms_reader_frequency.py:126]-  已写入 99999/99999 行FFT数据
2025-10-17 11:16:45-INFO-[tdms_reader_frequency.py:55]-开始处理文件: D:/Lab/process/2025.6.20/time\stopdirtyback\20250620203652.803200.csv
2025-10-17 11:16:45-INFO-[tdms_reader_frequency.py:126]-  已写入 99999/99999 行FFT数据
2025-10-17 11:16:45-INFO-[tdms_reader_frequency.py:126]-  已写入 99999/99999 行FFT数据
2025-10-17 11:16:45-INFO-[tdms_reader_frequency.py:70]-成功读取文件: 20250620194609.324848.csv, 数据长度: 200000
2025-10-17 11:16:45-INFO-[tdms_reader_frequency.py:63]-使用元数据采样率: 200000 Hz
2025-10-17 11:16:45-INFO-[tdms_reader_frequency.py:126]-  已写入 99999/99999 行FFT数据
2025-10-17 11:16:45-INFO-[tdms_reader_frequency.py:80]-处理文件: 20250620193931.418785.csv, 通道数: 16
2025-10-17 11:16:46-INFO-[tdms_reader_frequency.py:128]-已处理: 20250620193841.584246.csv -> D:/Lab/process/2025.6.20/frequency\backwatering\FFT_20250620193841.584246.csv
2025-10-17 11:16:46-INFO-[tdms_reader_frequency.py:126]-  已写入 99999/99999 行FFT数据
2025-10-17 11:16:46-INFO-[tdms_reader_frequency.py:80]-处理文件: 20250620194609.324848.csv, 通道数: 16
2025-10-17 11:16:46-INFO-[tdms_reader_frequency.py:128]-已处理: 20250620193844.533171.csv -> D:/Lab/process/2025.6.20/frequency\backwatering\FFT_20250620193844.533171.csv
2025-10-17 11:16:46-INFO-[tdms_reader_frequency.py:128]-已处理: 20250620193815.303531.csv -> D:/Lab/process/2025.6.20/frequency\backwatering\FFT_20250620193815.303531.csv
2025-10-17 11:16:46-INFO-[tdms_reader_frequency.py:128]-已处理: 20250620193812.362895.csv -> D:/Lab/process/2025.6.20/frequency\backwatering\FFT_20250620193812.362895.csv
2025-10-17 11:16:46-INFO-[tdms_reader_frequency.py:128]-已处理: 20250620193832.870292.csv -> D:/Lab/process/2025.6.20/frequency\backwatering\FFT_20250620193832.870292.csv
2025-10-17 11:16:46-INFO-[tdms_reader_frequency.py:126]-  已写入 99999/99999 行FFT数据
2025-10-17 11:16:46-INFO-[tdms_reader_frequency.py:126]-  已写入 99999/99999 行FFT数据
2025-10-17 11:16:46-INFO-[tdms_reader_frequency.py:55]-开始处理文件: D:/Lab/process/2025.6.20/time\stopdirtyback\20250620203655.750625.csv
2025-10-17 11:16:46-INFO-[tdms_reader_frequency.py:128]-已处理: 20250620193827.003131.csv -> D:/Lab/process/2025.6.20/frequency\backwatering\FFT_20250620193827.003131.csv
2025-10-17 11:16:46-INFO-[tdms_reader_frequency.py:128]-已处理: 20250620193850.400394.csv -> D:/Lab/process/2025.6.20/frequency\backwatering\FFT_20250620193850.400394.csv
2025-10-17 11:16:46-INFO-[tdms_reader_frequency.py:63]-使用元数据采样率: 200000 Hz
2025-10-17 11:16:46-INFO-[tdms_reader_frequency.py:55]-开始处理文件: D:/Lab/process/2025.6.20/time\stopdirtyback\20250620203658.518572.csv
2025-10-17 11:16:46-INFO-[tdms_reader_frequency.py:55]-开始处理文件: D:/Lab/process/2025.6.20/time\stopdirtyback\20250620203704.513334.csv
2025-10-17 11:16:46-INFO-[tdms_reader_frequency.py:55]-开始处理文件: D:/Lab/process/2025.6.20/time\stopdirtyback\20250620203701.532839.csv
2025-10-17 11:16:46-INFO-[tdms_reader_frequency.py:55]-开始处理文件: D:/Lab/process/2025.6.20/time\stopdirtyback\20250620203707.478189.csv
2025-10-17 11:16:46-INFO-[tdms_reader_frequency.py:126]-  已写入 99999/99999 行FFT数据
2025-10-17 11:16:46-INFO-[tdms_reader_frequency.py:126]-  已写入 99999/99999 行FFT数据
2025-10-17 11:16:46-INFO-[tdms_reader_frequency.py:63]-使用元数据采样率: 200000 Hz
2025-10-17 11:16:46-INFO-[tdms_reader_frequency.py:63]-使用元数据采样率: 200000 Hz
2025-10-17 11:16:46-INFO-[tdms_reader_frequency.py:63]-使用元数据采样率: 200000 Hz
2025-10-17 11:16:46-INFO-[tdms_reader_frequency.py:63]-使用元数据采样率: 200000 Hz
2025-10-17 11:16:46-INFO-[tdms_reader_frequency.py:55]-开始处理文件: D:/Lab/process/2025.6.20/time\stopdirtyback\20250620203710.409991.csv
2025-10-17 11:16:46-INFO-[tdms_reader_frequency.py:70]-成功读取文件: 20250620203652.803200.csv, 数据长度: 200000
2025-10-17 11:16:46-INFO-[tdms_reader_frequency.py:128]-已处理: 20250620193829.938352.csv -> D:/Lab/process/2025.6.20/frequency\backwatering\FFT_20250620193829.938352.csv
2025-10-17 11:16:46-INFO-[tdms_reader_frequency.py:128]-已处理: 20250620193838.664452.csv -> D:/Lab/process/2025.6.20/frequency\backwatering\FFT_20250620193838.664452.csv
2025-10-17 11:16:46-INFO-[tdms_reader_frequency.py:126]-  已写入 99999/99999 行FFT数据
2025-10-17 11:16:46-INFO-[tdms_reader_frequency.py:126]-  已写入 99999/99999 行FFT数据
2025-10-17 11:16:46-INFO-[tdms_reader_frequency.py:126]-  已写入 99999/99999 行FFT数据
2025-10-17 11:16:46-INFO-[tdms_reader_frequency.py:63]-使用元数据采样率: 200000 Hz
2025-10-17 11:16:47-INFO-[tdms_reader_frequency.py:70]-成功读取文件: 20250620203707.478189.csv, 数据长度: 200000
2025-10-17 11:16:47-INFO-[tdms_reader_frequency.py:70]-成功读取文件: 20250620203704.513334.csv, 数据长度: 200000
2025-10-17 11:16:47-INFO-[tdms_reader_frequency.py:70]-成功读取文件: 20250620203655.750625.csv, 数据长度: 200000
2025-10-17 11:16:47-INFO-[tdms_reader_frequency.py:55]-开始处理文件: D:/Lab/process/2025.6.20/time\stopdirtyback\20250620203713.390256.csv
2025-10-17 11:16:47-INFO-[tdms_reader_frequency.py:80]-处理文件: 20250620203704.513334.csv, 通道数: 16
2025-10-17 11:16:47-INFO-[tdms_reader_frequency.py:80]-处理文件: 20250620203707.478189.csv, 通道数: 16
2025-10-17 11:16:47-INFO-[tdms_reader_frequency.py:70]-成功读取文件: 20250620203701.532839.csv, 数据长度: 200000
2025-10-17 11:16:47-INFO-[tdms_reader_frequency.py:128]-已处理: 20250620193847.466852.csv -> D:/Lab/process/2025.6.20/frequency\backwatering\FFT_20250620193847.466852.csv
2025-10-17 11:16:47-INFO-[tdms_reader_frequency.py:70]-成功读取文件: 20250620203658.518572.csv, 数据长度: 200000
2025-10-17 11:16:47-INFO-[tdms_reader_frequency.py:128]-已处理: 20250620193824.039435.csv -> D:/Lab/process/2025.6.20/frequency\backwatering\FFT_20250620193824.039435.csv
2025-10-17 11:16:47-INFO-[tdms_reader_frequency.py:63]-使用元数据采样率: 200000 Hz
2025-10-17 11:16:47-INFO-[tdms_reader_frequency.py:126]-  已写入 99999/99999 行FFT数据
2025-10-17 11:16:47-INFO-[tdms_reader_frequency.py:80]-处理文件: 20250620203655.750625.csv, 通道数: 16
2025-10-17 11:16:47-INFO-[tdms_reader_frequency.py:80]-处理文件: 20250620203652.803200.csv, 通道数: 16
2025-10-17 11:16:47-INFO-[tdms_reader_frequency.py:128]-已处理: 20250620193859.168055.csv -> D:/Lab/process/2025.6.20/frequency\backwatering\FFT_20250620193859.168055.csv
2025-10-17 11:16:47-INFO-[tdms_reader_frequency.py:55]-开始处理文件: D:/Lab/process/2025.6.20/time\stopdirtyback\20250620203716.299159.csv
2025-10-17 11:16:47-INFO-[tdms_reader_frequency.py:55]-开始处理文件: D:/Lab/process/2025.6.20/time\stopdirtyback\20250620203719.208527.csv
2025-10-17 11:16:47-INFO-[tdms_reader_frequency.py:63]-使用元数据采样率: 200000 Hz
2025-10-17 11:16:47-INFO-[tdms_reader_frequency.py:55]-开始处理文件: D:/Lab/process/2025.6.20/time\stopdirtyback\20250620203722.132566.csv
2025-10-17 11:16:47-INFO-[tdms_reader_frequency.py:80]-处理文件: 20250620203701.532839.csv, 通道数: 16
2025-10-17 11:16:47-INFO-[tdms_reader_frequency.py:126]-  已写入 99999/99999 行FFT数据
2025-10-17 11:16:47-INFO-[tdms_reader_frequency.py:63]-使用元数据采样率: 200000 Hz
2025-10-17 11:16:47-INFO-[tdms_reader_frequency.py:55]-开始处理文件: D:/Lab/process/2025.6.20/time\stopdirtyback\20250620203725.055667.csv
2025-10-17 11:16:47-INFO-[tdms_reader_frequency.py:63]-使用元数据采样率: 200000 Hz
2025-10-17 11:16:47-INFO-[tdms_reader_frequency.py:80]-处理文件: 20250620203658.518572.csv, 通道数: 16
2025-10-17 11:16:47-INFO-[tdms_reader_frequency.py:128]-已处理: 20250620193835.769193.csv -> D:/Lab/process/2025.6.20/frequency\backwatering\FFT_20250620193835.769193.csv
2025-10-17 11:16:47-INFO-[tdms_reader_frequency.py:128]-已处理: 20250620193913.800929.csv -> D:/Lab/process/2025.6.20/frequency\backwatering\FFT_20250620193913.800929.csv
2025-10-17 11:16:47-INFO-[tdms_reader_frequency.py:55]-开始处理文件: D:/Lab/process/2025.6.20/time\stopdirtyback\20250620203727.976887.csv
2025-10-17 11:16:47-INFO-[tdms_reader_frequency.py:70]-成功读取文件: 20250620203710.409991.csv, 数据长度: 200000
2025-10-17 11:16:48-INFO-[tdms_reader_frequency.py:63]-使用元数据采样率: 200000 Hz
2025-10-17 11:16:48-INFO-[tdms_reader_frequency.py:63]-使用元数据采样率: 200000 Hz
2025-10-17 11:16:48-INFO-[tdms_reader_frequency.py:55]-开始处理文件: D:/Lab/process/2025.6.20/time\stopdirtyback\20250620203730.949081.csv
2025-10-17 11:16:48-INFO-[tdms_reader_frequency.py:55]-开始处理文件: D:/Lab/process/2025.6.20/time\stopdirtyback\20250620203733.850068.csv
2025-10-17 11:16:48-INFO-[tdms_reader_frequency.py:126]-  已写入 99999/99999 行FFT数据
2025-10-17 11:16:48-INFO-[tdms_reader_frequency.py:70]-成功读取文件: 20250620203716.299159.csv, 数据长度: 200000
2025-10-17 11:16:48-INFO-[tdms_reader_frequency.py:63]-使用元数据采样率: 200000 Hz
2025-10-17 11:16:48-INFO-[tdms_reader_frequency.py:70]-成功读取文件: 20250620203713.390256.csv, 数据长度: 200000
2025-10-17 11:16:48-INFO-[tdms_reader_frequency.py:126]-  已写入 99999/99999 行FFT数据
2025-10-17 11:16:48-INFO-[tdms_reader_frequency.py:80]-处理文件: 20250620203710.409991.csv, 通道数: 16
2025-10-17 11:16:48-INFO-[tdms_reader_frequency.py:70]-成功读取文件: 20250620203719.208527.csv, 数据长度: 200000
2025-10-17 11:16:48-INFO-[tdms_reader_frequency.py:128]-已处理: 20250620193902.126579.csv -> D:/Lab/process/2025.6.20/frequency\backwatering\FFT_20250620193902.126579.csv
2025-10-17 11:16:48-INFO-[tdms_reader_frequency.py:80]-处理文件: 20250620203713.390256.csv, 通道数: 16
2025-10-17 11:16:48-INFO-[tdms_reader_frequency.py:126]-  已写入 99999/99999 行FFT数据
2025-10-17 11:16:48-INFO-[tdms_reader_frequency.py:80]-处理文件: 20250620203716.299159.csv, 通道数: 16
2025-10-17 11:16:48-INFO-[tdms_reader_frequency.py:63]-使用元数据采样率: 200000 Hz
2025-10-17 11:16:48-INFO-[tdms_reader_frequency.py:128]-已处理: 20250620193856.225711.csv -> D:/Lab/process/2025.6.20/frequency\backwatering\FFT_20250620193856.225711.csv
2025-10-17 11:16:48-INFO-[tdms_reader_frequency.py:80]-处理文件: 20250620203719.208527.csv, 通道数: 16
2025-10-17 11:16:48-INFO-[tdms_reader_frequency.py:128]-已处理: 20250620193853.345024.csv -> D:/Lab/process/2025.6.20/frequency\backwatering\FFT_20250620193853.345024.csv
2025-10-17 11:16:48-INFO-[tdms_reader_frequency.py:55]-开始处理文件: D:/Lab/process/2025.6.20/time\stopdirtyback\20250620203736.809154.csv
2025-10-17 11:16:48-INFO-[tdms_reader_frequency.py:55]-开始处理文件: D:/Lab/process/2025.6.20/time\stopdirtyback\20250620203739.731672.csv
2025-10-17 11:16:48-INFO-[tdms_reader_frequency.py:63]-使用元数据采样率: 200000 Hz
2025-10-17 11:16:48-INFO-[tdms_reader_frequency.py:63]-使用元数据采样率: 200000 Hz
2025-10-17 11:16:48-INFO-[tdms_reader_frequency.py:70]-成功读取文件: 20250620203722.132566.csv, 数据长度: 200000
2025-10-17 11:16:49-INFO-[tdms_reader_frequency.py:55]-开始处理文件: D:/Lab/process/2025.6.20/time\stopdirtyback\20250620203742.636087.csv
2025-10-17 11:16:49-INFO-[tdms_reader_frequency.py:63]-使用元数据采样率: 200000 Hz
2025-10-17 11:16:49-INFO-[tdms_reader_frequency.py:70]-成功读取文件: 20250620203730.949081.csv, 数据长度: 200000
2025-10-17 11:16:49-INFO-[tdms_reader_frequency.py:126]-  已写入 99999/99999 行FFT数据
2025-10-17 11:16:49-INFO-[tdms_reader_frequency.py:80]-处理文件: 20250620203730.949081.csv, 通道数: 16
2025-10-17 11:16:49-INFO-[tdms_reader_frequency.py:70]-成功读取文件: 20250620203727.976887.csv, 数据长度: 200000
2025-10-17 11:16:49-INFO-[tdms_reader_frequency.py:70]-成功读取文件: 20250620203725.055667.csv, 数据长度: 200000
2025-10-17 11:16:49-INFO-[tdms_reader_frequency.py:126]-  已写入 99999/99999 行FFT数据
2025-10-17 11:16:49-INFO-[tdms_reader_frequency.py:70]-成功读取文件: 20250620203733.850068.csv, 数据长度: 200000
2025-10-17 11:16:49-INFO-[tdms_reader_frequency.py:128]-已处理: 20250620193916.714522.csv -> D:/Lab/process/2025.6.20/frequency\backwatering\FFT_20250620193916.714522.csv
2025-10-17 11:16:49-INFO-[tdms_reader_frequency.py:126]-  已写入 99999/99999 行FFT数据
2025-10-17 11:16:49-INFO-[tdms_reader_frequency.py:80]-处理文件: 20250620203727.976887.csv, 通道数: 16
2025-10-17 11:16:49-INFO-[tdms_reader_frequency.py:80]-处理文件: 20250620203725.055667.csv, 通道数: 16
2025-10-17 11:16:49-INFO-[tdms_reader_frequency.py:55]-开始处理文件: D:/Lab/process/2025.6.20/time\stopdirtyback\20250620203745.567957.csv
2025-10-17 11:16:49-INFO-[tdms_reader_frequency.py:70]-成功读取文件: 20250620203739.731672.csv, 数据长度: 200000
2025-10-17 11:16:49-INFO-[tdms_reader_frequency.py:80]-处理文件: 20250620203722.132566.csv, 通道数: 16
2025-10-17 11:16:49-INFO-[tdms_reader_frequency.py:70]-成功读取文件: 20250620203742.636087.csv, 数据长度: 200000
2025-10-17 11:16:49-INFO-[tdms_reader_frequency.py:128]-已处理: 20250620193905.056522.csv -> D:/Lab/process/2025.6.20/frequency\backwatering\FFT_20250620193905.056522.csv
2025-10-17 11:16:49-INFO-[tdms_reader_frequency.py:80]-处理文件: 20250620203733.850068.csv, 通道数: 16
2025-10-17 11:16:49-INFO-[tdms_reader_frequency.py:126]-  已写入 99999/99999 行FFT数据
2025-10-17 11:16:49-INFO-[tdms_reader_frequency.py:128]-已处理: 20250620193910.873333.csv -> D:/Lab/process/2025.6.20/frequency\backwatering\FFT_20250620193910.873333.csv
2025-10-17 11:16:50-INFO-[tdms_reader_frequency.py:63]-使用元数据采样率: 200000 Hz
2025-10-17 11:16:50-INFO-[tdms_reader_frequency.py:80]-处理文件: 20250620203739.731672.csv, 通道数: 16
2025-10-17 11:16:50-INFO-[tdms_reader_frequency.py:80]-处理文件: 20250620203742.636087.csv, 通道数: 16
2025-10-17 11:16:50-INFO-[tdms_reader_frequency.py:128]-已处理: 20250620193907.982947.csv -> D:/Lab/process/2025.6.20/frequency\backwatering\FFT_20250620193907.982947.csv
2025-10-17 11:16:50-INFO-[tdms_reader_frequency.py:55]-开始处理文件: D:/Lab/process/2025.6.20/time\stopdirtyback\20250620203748.493319.csv
2025-10-17 11:16:50-INFO-[tdms_reader_frequency.py:55]-开始处理文件: D:/Lab/process/2025.6.20/time\stopdirtyback\20250620203751.394046.csv
2025-10-17 11:16:50-INFO-[tdms_reader_frequency.py:55]-开始处理文件: D:/Lab/process/2025.6.20/time\stopdirtyback\20250620203754.381011.csv
2025-10-17 11:16:50-INFO-[tdms_reader_frequency.py:63]-使用元数据采样率: 200000 Hz
2025-10-17 11:16:50-INFO-[tdms_reader_frequency.py:63]-使用元数据采样率: 200000 Hz
2025-10-17 11:16:50-INFO-[tdms_reader_frequency.py:63]-使用元数据采样率: 200000 Hz
2025-10-17 11:16:50-INFO-[tdms_reader_frequency.py:70]-成功读取文件: 20250620203736.809154.csv, 数据长度: 200000
2025-10-17 11:16:50-INFO-[tdms_reader_frequency.py:70]-成功读取文件: 20250620203745.567957.csv, 数据长度: 200000
2025-10-17 11:16:51-INFO-[tdms_reader_frequency.py:126]-  已写入 99999/99999 行FFT数据
2025-10-17 11:16:51-INFO-[tdms_reader_frequency.py:80]-处理文件: 20250620203736.809154.csv, 通道数: 16
2025-10-17 11:16:51-INFO-[tdms_reader_frequency.py:128]-已处理: 20250620193919.648442.csv -> D:/Lab/process/2025.6.20/frequency\backwatering\FFT_20250620193919.648442.csv
2025-10-17 11:16:51-INFO-[tdms_reader_frequency.py:70]-成功读取文件: 20250620203754.381011.csv, 数据长度: 200000
2025-10-17 11:16:51-INFO-[tdms_reader_frequency.py:70]-成功读取文件: 20250620203748.493319.csv, 数据长度: 200000
2025-10-17 11:16:51-INFO-[tdms_reader_frequency.py:80]-处理文件: 20250620203748.493319.csv, 通道数: 16
2025-10-17 11:16:51-INFO-[tdms_reader_frequency.py:70]-成功读取文件: 20250620203751.394046.csv, 数据长度: 200000
2025-10-17 11:16:51-INFO-[tdms_reader_frequency.py:80]-处理文件: 20250620203751.394046.csv, 通道数: 16
2025-10-17 11:16:51-INFO-[tdms_reader_frequency.py:80]-处理文件: 20250620203745.567957.csv, 通道数: 16
2025-10-17 11:16:51-INFO-[tdms_reader_frequency.py:80]-处理文件: 20250620203754.381011.csv, 通道数: 16
2025-10-17 11:16:52-INFO-[tdms_reader_frequency.py:55]-开始处理文件: D:/Lab/process/2025.6.20/time\stopdirtyback\20250620203757.355624.csv
2025-10-17 11:16:52-INFO-[tdms_reader_frequency.py:63]-使用元数据采样率: 200000 Hz
2025-10-17 11:16:52-INFO-[tdms_reader_frequency.py:70]-成功读取文件: 20250620203757.355624.csv, 数据长度: 200000
2025-10-17 11:16:53-INFO-[tdms_reader_frequency.py:80]-处理文件: 20250620203757.355624.csv, 通道数: 16
2025-10-17 11:16:53-INFO-[tdms_reader_frequency.py:126]-  已写入 99999/99999 行FFT数据
2025-10-17 11:16:53-INFO-[tdms_reader_frequency.py:128]-已处理: 20250620193925.583770.csv -> D:/Lab/process/2025.6.20/frequency\backwatering\FFT_20250620193925.583770.csv
2025-10-17 11:16:53-INFO-[tdms_reader_frequency.py:55]-开始处理文件: D:/Lab/process/2025.6.20/time\stopdirtyback\20250620203800.231357.csv
2025-10-17 11:16:53-INFO-[tdms_reader_frequency.py:63]-使用元数据采样率: 200000 Hz
2025-10-17 11:16:53-INFO-[tdms_reader_frequency.py:126]-  已写入 99999/99999 行FFT数据
2025-10-17 11:16:53-INFO-[tdms_reader_frequency.py:128]-已处理: 20250620193922.601949.csv -> D:/Lab/process/2025.6.20/frequency\backwatering\FFT_20250620193922.601949.csv
2025-10-17 11:16:53-INFO-[tdms_reader_frequency.py:55]-开始处理文件: D:/Lab/process/2025.6.20/time\test\20250620193223.119184.csv
2025-10-17 11:16:53-INFO-[tdms_reader_frequency.py:63]-使用元数据采样率: 200000 Hz
2025-10-17 11:16:54-INFO-[tdms_reader_frequency.py:70]-成功读取文件: 20250620203800.231357.csv, 数据长度: 200000
2025-10-17 11:16:54-INFO-[tdms_reader_frequency.py:80]-处理文件: 20250620203800.231357.csv, 通道数: 16
2025-10-17 11:16:54-INFO-[tdms_reader_frequency.py:126]-  已写入 99999/99999 行FFT数据
2025-10-17 11:16:54-INFO-[tdms_reader_frequency.py:126]-  已写入 99999/99999 行FFT数据
2025-10-17 11:16:54-INFO-[tdms_reader_frequency.py:128]-已处理: 20250620194609.324848.csv -> D:/Lab/process/2025.6.20/frequency\backwatering\FFT_20250620194609.324848.csv
2025-10-17 11:16:54-INFO-[tdms_reader_frequency.py:55]-开始处理文件: D:/Lab/process/2025.6.20/time\test\20250620193226.144821.csv
2025-10-17 11:16:54-INFO-[tdms_reader_frequency.py:63]-使用元数据采样率: 200000 Hz
2025-10-17 11:16:54-INFO-[tdms_reader_frequency.py:70]-成功读取文件: 20250620193223.119184.csv, 数据长度: 200000
2025-10-17 11:16:54-INFO-[tdms_reader_frequency.py:128]-已处理: 20250620193928.513572.csv -> D:/Lab/process/2025.6.20/frequency\backwatering\FFT_20250620193928.513572.csv
2025-10-17 11:16:55-INFO-[tdms_reader_frequency.py:80]-处理文件: 20250620193223.119184.csv, 通道数: 16
2025-10-17 11:16:55-INFO-[tdms_reader_frequency.py:126]-  已写入 99999/99999 行FFT数据
2025-10-17 11:16:55-INFO-[tdms_reader_frequency.py:55]-开始处理文件: D:/Lab/process/2025.6.20/time\test\20250620193229.092219.csv
2025-10-17 11:16:55-INFO-[tdms_reader_frequency.py:128]-已处理: 20250620193931.418785.csv -> D:/Lab/process/2025.6.20/frequency\backwatering\FFT_20250620193931.418785.csv
2025-10-17 11:16:55-INFO-[tdms_reader_frequency.py:63]-使用元数据采样率: 200000 Hz
2025-10-17 11:16:55-INFO-[tdms_reader_frequency.py:70]-成功读取文件: 20250620193226.144821.csv, 数据长度: 200000
2025-10-17 11:16:56-INFO-[tdms_reader_frequency.py:80]-处理文件: 20250620193226.144821.csv, 通道数: 16
2025-10-17 11:16:56-INFO-[tdms_reader_frequency.py:126]-  已写入 99999/99999 行FFT数据
2025-10-17 11:16:56-INFO-[tdms_reader_frequency.py:128]-已处理: 20250620203707.478189.csv -> D:/Lab/process/2025.6.20/frequency\stopdirtyback\FFT_20250620203707.478189.csv
2025-10-17 11:16:56-INFO-[tdms_reader_frequency.py:55]-开始处理文件: D:/Lab/process/2025.6.20/time\test\20250620193232.047310.csv
2025-10-17 11:16:56-INFO-[tdms_reader_frequency.py:126]-  已写入 99999/99999 行FFT数据
2025-10-17 11:16:56-INFO-[tdms_reader_frequency.py:128]-已处理: 20250620203652.803200.csv -> D:/Lab/process/2025.6.20/frequency\stopdirtyback\FFT_20250620203652.803200.csv
2025-10-17 11:16:56-INFO-[tdms_reader_frequency.py:63]-使用元数据采样率: 200000 Hz
2025-10-17 11:16:56-INFO-[tdms_reader_frequency.py:55]-开始处理文件: D:/Lab/process/2025.6.20/time\test\20250620193234.988384.csv
2025-10-17 11:16:56-INFO-[tdms_reader_frequency.py:126]-  已写入 99999/99999 行FFT数据
2025-10-17 11:16:56-INFO-[tdms_reader_frequency.py:128]-已处理: 20250620203701.532839.csv -> D:/Lab/process/2025.6.20/frequency\stopdirtyback\FFT_20250620203701.532839.csv
2025-10-17 11:16:56-INFO-[tdms_reader_frequency.py:70]-成功读取文件: 20250620193229.092219.csv, 数据长度: 200000
2025-10-17 11:16:56-INFO-[tdms_reader_frequency.py:126]-  已写入 99999/99999 行FFT数据
2025-10-17 11:16:56-INFO-[tdms_reader_frequency.py:55]-开始处理文件: D:/Lab/process/2025.6.20/time\test\20250620193237.935547.csv
2025-10-17 11:16:56-INFO-[tdms_reader_frequency.py:63]-使用元数据采样率: 200000 Hz
2025-10-17 11:16:56-INFO-[tdms_reader_frequency.py:126]-  已写入 99999/99999 行FFT数据
2025-10-17 11:16:56-INFO-[tdms_reader_frequency.py:55]-开始处理文件: D:/Lab/process/2025.6.20/time\test\20250620193240.864516.csv
2025-10-17 11:16:56-INFO-[tdms_reader_frequency.py:80]-处理文件: 20250620193229.092219.csv, 通道数: 16
2025-10-17 11:16:56-INFO-[tdms_reader_frequency.py:126]-  已写入 99999/99999 行FFT数据
2025-10-17 11:16:56-INFO-[tdms_reader_frequency.py:128]-已处理: 20250620203658.518572.csv -> D:/Lab/process/2025.6.20/frequency\stopdirtyback\FFT_20250620203658.518572.csv
2025-10-17 11:16:57-INFO-[tdms_reader_frequency.py:63]-使用元数据采样率: 200000 Hz
2025-10-17 11:16:57-INFO-[tdms_reader_frequency.py:128]-已处理: 20250620203716.299159.csv -> D:/Lab/process/2025.6.20/frequency\stopdirtyback\FFT_20250620203716.299159.csv
2025-10-17 11:16:57-INFO-[tdms_reader_frequency.py:63]-使用元数据采样率: 200000 Hz
2025-10-17 11:16:57-INFO-[tdms_reader_frequency.py:126]-  已写入 99999/99999 行FFT数据
2025-10-17 11:16:57-INFO-[tdms_reader_frequency.py:70]-成功读取文件: 20250620193232.047310.csv, 数据长度: 200000
2025-10-17 11:16:57-INFO-[tdms_reader_frequency.py:126]-  已写入 99999/99999 行FFT数据
2025-10-17 11:16:57-INFO-[tdms_reader_frequency.py:128]-已处理: 20250620203704.513334.csv -> D:/Lab/process/2025.6.20/frequency\stopdirtyback\FFT_20250620203704.513334.csv
2025-10-17 11:16:57-INFO-[tdms_reader_frequency.py:126]-  已写入 99999/99999 行FFT数据
2025-10-17 11:16:57-INFO-[tdms_reader_frequency.py:126]-  已写入 99999/99999 行FFT数据
2025-10-17 11:16:57-INFO-[tdms_reader_frequency.py:126]-  已写入 99999/99999 行FFT数据
2025-10-17 11:16:57-INFO-[tdms_reader_frequency.py:55]-开始处理文件: D:/Lab/process/2025.6.20/time\test\20250620193243.809867.csv
2025-10-17 11:16:57-INFO-[tdms_reader_frequency.py:70]-成功读取文件: 20250620193234.988384.csv, 数据长度: 200000
2025-10-17 11:16:57-INFO-[tdms_reader_frequency.py:55]-开始处理文件: D:/Lab/process/2025.6.20/time\test\20250620193246.763908.csv
2025-10-17 11:16:57-INFO-[tdms_reader_frequency.py:128]-已处理: 20250620203655.750625.csv -> D:/Lab/process/2025.6.20/frequency\stopdirtyback\FFT_20250620203655.750625.csv
2025-10-17 11:16:57-INFO-[tdms_reader_frequency.py:80]-处理文件: 20250620193232.047310.csv, 通道数: 16
2025-10-17 11:16:57-INFO-[tdms_reader_frequency.py:70]-成功读取文件: 20250620193240.864516.csv, 数据长度: 200000
2025-10-17 11:16:57-INFO-[tdms_reader_frequency.py:128]-已处理: 20250620203710.409991.csv -> D:/Lab/process/2025.6.20/frequency\stopdirtyback\FFT_20250620203710.409991.csv
2025-10-17 11:16:57-INFO-[tdms_reader_frequency.py:128]-已处理: 20250620203713.390256.csv -> D:/Lab/process/2025.6.20/frequency\stopdirtyback\FFT_20250620203713.390256.csv
2025-10-17 11:16:57-INFO-[tdms_reader_frequency.py:55]-开始处理文件: D:/Lab/process/2025.6.20/time\test\20250620193249.732466.csv
2025-10-17 11:16:57-INFO-[tdms_reader_frequency.py:128]-已处理: 20250620203730.949081.csv -> D:/Lab/process/2025.6.20/frequency\stopdirtyback\FFT_20250620203730.949081.csv
2025-10-17 11:16:57-INFO-[tdms_reader_frequency.py:128]-已处理: 20250620203719.208527.csv -> D:/Lab/process/2025.6.20/frequency\stopdirtyback\FFT_20250620203719.208527.csv
2025-10-17 11:16:57-INFO-[tdms_reader_frequency.py:63]-使用元数据采样率: 200000 Hz
2025-10-17 11:16:57-INFO-[tdms_reader_frequency.py:80]-处理文件: 20250620193234.988384.csv, 通道数: 16
2025-10-17 11:16:57-INFO-[tdms_reader_frequency.py:63]-使用元数据采样率: 200000 Hz
2025-10-17 11:16:57-INFO-[tdms_reader_frequency.py:80]-处理文件: 20250620193240.864516.csv, 通道数: 16
2025-10-17 11:16:57-INFO-[tdms_reader_frequency.py:63]-使用元数据采样率: 200000 Hz
2025-10-17 11:16:57-INFO-[tdms_reader_frequency.py:55]-开始处理文件: D:/Lab/process/2025.6.20/time\test\20250620193252.662583.csv
2025-10-17 11:16:57-INFO-[tdms_reader_frequency.py:126]-  已写入 99999/99999 行FFT数据
2025-10-17 11:16:57-INFO-[tdms_reader_frequency.py:55]-开始处理文件: D:/Lab/process/2025.6.20/time\test\20250620193255.616210.csv
2025-10-17 11:16:57-INFO-[tdms_reader_frequency.py:55]-开始处理文件: D:/Lab/process/2025.6.20/time\test\20250620193258.574172.csv
2025-10-17 11:16:57-INFO-[tdms_reader_frequency.py:63]-使用元数据采样率: 200000 Hz
2025-10-17 11:16:58-INFO-[tdms_reader_frequency.py:55]-开始处理文件: D:/Lab/process/2025.6.20/time\test\20250620193301.508846.csv
2025-10-17 11:16:58-INFO-[tdms_reader_frequency.py:128]-已处理: 20250620203727.976887.csv -> D:/Lab/process/2025.6.20/frequency\stopdirtyback\FFT_20250620203727.976887.csv
2025-10-17 11:16:58-INFO-[tdms_reader_frequency.py:63]-使用元数据采样率: 200000 Hz
2025-10-17 11:16:58-INFO-[tdms_reader_frequency.py:55]-开始处理文件: D:/Lab/process/2025.6.20/time\test\20250620193304.484258.csv
2025-10-17 11:16:58-INFO-[tdms_reader_frequency.py:63]-使用元数据采样率: 200000 Hz
2025-10-17 11:16:58-INFO-[tdms_reader_frequency.py:126]-  已写入 99999/99999 行FFT数据
2025-10-17 11:16:58-INFO-[tdms_reader_frequency.py:128]-已处理: 20250620203722.132566.csv -> D:/Lab/process/2025.6.20/frequency\stopdirtyback\FFT_20250620203722.132566.csv
2025-10-17 11:16:58-INFO-[tdms_reader_frequency.py:55]-开始处理文件: D:/Lab/process/2025.6.20/time\test\20250620193307.430461.csv
2025-10-17 11:16:58-INFO-[tdms_reader_frequency.py:63]-使用元数据采样率: 200000 Hz
2025-10-17 11:16:58-INFO-[tdms_reader_frequency.py:70]-成功读取文件: 20250620193237.935547.csv, 数据长度: 200000
2025-10-17 11:16:58-INFO-[tdms_reader_frequency.py:55]-开始处理文件: D:/Lab/process/2025.6.20/time\test\20250620193310.390563.csv
2025-10-17 11:16:58-INFO-[tdms_reader_frequency.py:126]-  已写入 99999/99999 行FFT数据
2025-10-17 11:16:58-INFO-[tdms_reader_frequency.py:63]-使用元数据采样率: 200000 Hz
2025-10-17 11:16:58-INFO-[tdms_reader_frequency.py:80]-处理文件: 20250620193237.935547.csv, 通道数: 16
2025-10-17 11:16:58-INFO-[tdms_reader_frequency.py:63]-使用元数据采样率: 200000 Hz
2025-10-17 11:16:58-INFO-[tdms_reader_frequency.py:128]-已处理: 20250620203725.055667.csv -> D:/Lab/process/2025.6.20/frequency\stopdirtyback\FFT_20250620203725.055667.csv
2025-10-17 11:16:58-INFO-[tdms_reader_frequency.py:70]-成功读取文件: 20250620193249.732466.csv, 数据长度: 200000
2025-10-17 11:16:59-INFO-[tdms_reader_frequency.py:70]-成功读取文件: 20250620193246.763908.csv, 数据长度: 200000
2025-10-17 11:16:59-INFO-[tdms_reader_frequency.py:70]-成功读取文件: 20250620193252.662583.csv, 数据长度: 200000
2025-10-17 11:16:59-INFO-[tdms_reader_frequency.py:70]-成功读取文件: 20250620193243.809867.csv, 数据长度: 200000
2025-10-17 11:16:59-INFO-[tdms_reader_frequency.py:80]-处理文件: 20250620193246.763908.csv, 通道数: 16
2025-10-17 11:16:59-INFO-[tdms_reader_frequency.py:70]-成功读取文件: 20250620193258.574172.csv, 数据长度: 200000
2025-10-17 11:16:59-INFO-[tdms_reader_frequency.py:126]-  已写入 99999/99999 行FFT数据
2025-10-17 11:16:59-INFO-[tdms_reader_frequency.py:126]-  已写入 99999/99999 行FFT数据
2025-10-17 11:16:59-INFO-[tdms_reader_frequency.py:128]-已处理: 20250620203742.636087.csv -> D:/Lab/process/2025.6.20/frequency\stopdirtyback\FFT_20250620203742.636087.csv
2025-10-17 11:16:59-INFO-[tdms_reader_frequency.py:126]-  已写入 99999/99999 行FFT数据
2025-10-17 11:16:59-INFO-[tdms_reader_frequency.py:70]-成功读取文件: 20250620193304.484258.csv, 数据长度: 200000
2025-10-17 11:16:59-INFO-[tdms_reader_frequency.py:70]-成功读取文件: 20250620193301.508846.csv, 数据长度: 200000
2025-10-17 11:16:59-INFO-[tdms_reader_frequency.py:70]-成功读取文件: 20250620193307.430461.csv, 数据长度: 200000
2025-10-17 11:16:59-INFO-[tdms_reader_frequency.py:128]-已处理: 20250620203751.394046.csv -> D:/Lab/process/2025.6.20/frequency\stopdirtyback\FFT_20250620203751.394046.csv
2025-10-17 11:16:59-INFO-[tdms_reader_frequency.py:80]-处理文件: 20250620193243.809867.csv, 通道数: 16
2025-10-17 11:16:59-INFO-[tdms_reader_frequency.py:55]-开始处理文件: D:/Lab/process/2025.6.20/time\test\20250620193313.360571.csv
2025-10-17 11:16:59-INFO-[tdms_reader_frequency.py:80]-处理文件: 20250620193249.732466.csv, 通道数: 16
2025-10-17 11:16:59-INFO-[tdms_reader_frequency.py:80]-处理文件: 20250620193252.662583.csv, 通道数: 16
2025-10-17 11:16:59-INFO-[tdms_reader_frequency.py:80]-处理文件: 20250620193301.508846.csv, 通道数: 16
2025-10-17 11:16:59-INFO-[tdms_reader_frequency.py:80]-处理文件: 20250620193307.430461.csv, 通道数: 16
2025-10-17 11:16:59-INFO-[tdms_reader_frequency.py:128]-已处理: 20250620203739.731672.csv -> D:/Lab/process/2025.6.20/frequency\stopdirtyback\FFT_20250620203739.731672.csv
2025-10-17 11:16:59-INFO-[tdms_reader_frequency.py:80]-处理文件: 20250620193304.484258.csv, 通道数: 16
2025-10-17 11:16:59-INFO-[tdms_reader_frequency.py:80]-处理文件: 20250620193258.574172.csv, 通道数: 16
2025-10-17 11:16:59-INFO-[tdms_reader_frequency.py:63]-使用元数据采样率: 200000 Hz
2025-10-17 11:16:59-INFO-[tdms_reader_frequency.py:55]-开始处理文件: D:/Lab/process/2025.6.20/time\test\20250620193316.385404.csv
2025-10-17 11:16:59-INFO-[tdms_reader_frequency.py:55]-开始处理文件: D:/Lab/process/2025.6.20/time\test\20250620193319.359090.csv
2025-10-17 11:16:59-INFO-[tdms_reader_frequency.py:126]-  已写入 99999/99999 行FFT数据
2025-10-17 11:16:59-INFO-[tdms_reader_frequency.py:63]-使用元数据采样率: 200000 Hz
2025-10-17 11:16:59-INFO-[tdms_reader_frequency.py:70]-成功读取文件: 20250620193255.616210.csv, 数据长度: 200000
2025-10-17 11:16:59-INFO-[tdms_reader_frequency.py:126]-  已写入 99999/99999 行FFT数据
2025-10-17 11:16:59-INFO-[tdms_reader_frequency.py:128]-已处理: 20250620203733.850068.csv -> D:/Lab/process/2025.6.20/frequency\stopdirtyback\FFT_20250620203733.850068.csv
2025-10-17 11:16:59-INFO-[tdms_reader_frequency.py:80]-处理文件: 20250620193255.616210.csv, 通道数: 16
2025-10-17 11:16:59-INFO-[tdms_reader_frequency.py:55]-开始处理文件: D:/Lab/process/2025.6.20/time\test\20250620193322.349448.csv
2025-10-17 11:16:59-INFO-[tdms_reader_frequency.py:128]-已处理: 20250620203754.381011.csv -> D:/Lab/process/2025.6.20/frequency\stopdirtyback\FFT_20250620203754.381011.csv
2025-10-17 11:16:59-INFO-[tdms_reader_frequency.py:55]-开始处理文件: D:/Lab/process/2025.6.20/time\test\20250620193325.269995.csv
2025-10-17 11:16:59-INFO-[tdms_reader_frequency.py:63]-使用元数据采样率: 200000 Hz
2025-10-17 11:16:59-INFO-[tdms_reader_frequency.py:126]-  已写入 99999/99999 行FFT数据
2025-10-17 11:16:59-INFO-[tdms_reader_frequency.py:126]-  已写入 99999/99999 行FFT数据
2025-10-17 11:16:59-INFO-[tdms_reader_frequency.py:63]-使用元数据采样率: 200000 Hz
2025-10-17 11:17:00-INFO-[tdms_reader_frequency.py:63]-使用元数据采样率: 200000 Hz
2025-10-17 11:17:00-INFO-[tdms_reader_frequency.py:128]-已处理: 20250620203745.567957.csv -> D:/Lab/process/2025.6.20/frequency\stopdirtyback\FFT_20250620203745.567957.csv
2025-10-17 11:17:00-INFO-[tdms_reader_frequency.py:70]-成功读取文件: 20250620193310.390563.csv, 数据长度: 200000
2025-10-17 11:17:00-INFO-[tdms_reader_frequency.py:128]-已处理: 20250620203736.809154.csv -> D:/Lab/process/2025.6.20/frequency\stopdirtyback\FFT_20250620203736.809154.csv
2025-10-17 11:17:00-INFO-[tdms_reader_frequency.py:80]-处理文件: 20250620193310.390563.csv, 通道数: 16
2025-10-17 11:17:00-INFO-[tdms_reader_frequency.py:70]-成功读取文件: 20250620193319.359090.csv, 数据长度: 200000
2025-10-17 11:17:00-INFO-[tdms_reader_frequency.py:80]-处理文件: 20250620193319.359090.csv, 通道数: 16
2025-10-17 11:17:00-INFO-[tdms_reader_frequency.py:126]-  已写入 99999/99999 行FFT数据
2025-10-17 11:17:00-INFO-[tdms_reader_frequency.py:70]-成功读取文件: 20250620193325.269995.csv, 数据长度: 200000
2025-10-17 11:17:00-INFO-[tdms_reader_frequency.py:126]-  已写入 99999/99999 行FFT数据
2025-10-17 11:17:00-INFO-[tdms_reader_frequency.py:70]-成功读取文件: 20250620193313.360571.csv, 数据长度: 200000
2025-10-17 11:17:00-INFO-[tdms_reader_frequency.py:128]-已处理: 20250620203748.493319.csv -> D:/Lab/process/2025.6.20/frequency\stopdirtyback\FFT_20250620203748.493319.csv
2025-10-17 11:17:00-INFO-[tdms_reader_frequency.py:80]-处理文件: 20250620193325.269995.csv, 通道数: 16
2025-10-17 11:17:00-INFO-[tdms_reader_frequency.py:80]-处理文件: 20250620193313.360571.csv, 通道数: 16
2025-10-17 11:17:00-INFO-[tdms_reader_frequency.py:128]-已处理: 20250620203757.355624.csv -> D:/Lab/process/2025.6.20/frequency\stopdirtyback\FFT_20250620203757.355624.csv
2025-10-17 11:17:01-INFO-[tdms_reader_frequency.py:70]-成功读取文件: 20250620193322.349448.csv, 数据长度: 200000
2025-10-17 11:17:01-INFO-[tdms_reader_frequency.py:70]-成功读取文件: 20250620193316.385404.csv, 数据长度: 200000
2025-10-17 11:17:01-INFO-[tdms_reader_frequency.py:80]-处理文件: 20250620193316.385404.csv, 通道数: 16
2025-10-17 11:17:01-INFO-[tdms_reader_frequency.py:80]-处理文件: 20250620193322.349448.csv, 通道数: 16
2025-10-17 11:17:02-INFO-[tdms_reader_frequency.py:126]-  已写入 99999/99999 行FFT数据
2025-10-17 11:17:02-INFO-[tdms_reader_frequency.py:128]-已处理: 20250620203800.231357.csv -> D:/Lab/process/2025.6.20/frequency\stopdirtyback\FFT_20250620203800.231357.csv
2025-10-17 11:17:05-INFO-[tdms_reader_frequency.py:126]-  已写入 99999/99999 行FFT数据
2025-10-17 11:17:05-INFO-[tdms_reader_frequency.py:128]-已处理: 20250620193223.119184.csv -> D:/Lab/process/2025.6.20/frequency\test\FFT_20250620193223.119184.csv
2025-10-17 11:17:06-INFO-[tdms_reader_frequency.py:126]-  已写入 99999/99999 行FFT数据
2025-10-17 11:17:06-INFO-[tdms_reader_frequency.py:128]-已处理: 20250620193226.144821.csv -> D:/Lab/process/2025.6.20/frequency\test\FFT_20250620193226.144821.csv
2025-10-17 11:17:06-INFO-[tdms_reader_frequency.py:126]-  已写入 99999/99999 行FFT数据
2025-10-17 11:17:06-INFO-[tdms_reader_frequency.py:128]-已处理: 20250620193229.092219.csv -> D:/Lab/process/2025.6.20/frequency\test\FFT_20250620193229.092219.csv
2025-10-17 11:17:07-INFO-[tdms_reader_frequency.py:126]-  已写入 99999/99999 行FFT数据
2025-10-17 11:17:07-INFO-[tdms_reader_frequency.py:128]-已处理: 20250620193232.047310.csv -> D:/Lab/process/2025.6.20/frequency\test\FFT_20250620193232.047310.csv
2025-10-17 11:17:07-INFO-[tdms_reader_frequency.py:126]-  已写入 99999/99999 行FFT数据
2025-10-17 11:17:08-INFO-[tdms_reader_frequency.py:128]-已处理: 20250620193240.864516.csv -> D:/Lab/process/2025.6.20/frequency\test\FFT_20250620193240.864516.csv
2025-10-17 11:17:08-INFO-[tdms_reader_frequency.py:126]-  已写入 99999/99999 行FFT数据
2025-10-17 11:17:08-INFO-[tdms_reader_frequency.py:128]-已处理: 20250620193304.484258.csv -> D:/Lab/process/2025.6.20/frequency\test\FFT_20250620193304.484258.csv
2025-10-17 11:17:08-INFO-[tdms_reader_frequency.py:126]-  已写入 99999/99999 行FFT数据
2025-10-17 11:17:08-INFO-[tdms_reader_frequency.py:128]-已处理: 20250620193234.988384.csv -> D:/Lab/process/2025.6.20/frequency\test\FFT_20250620193234.988384.csv
2025-10-17 11:17:08-INFO-[tdms_reader_frequency.py:126]-  已写入 99999/99999 行FFT数据
2025-10-17 11:17:08-INFO-[tdms_reader_frequency.py:128]-已处理: 20250620193243.809867.csv -> D:/Lab/process/2025.6.20/frequency\test\FFT_20250620193243.809867.csv
2025-10-17 11:17:08-INFO-[tdms_reader_frequency.py:126]-  已写入 99999/99999 行FFT数据
2025-10-17 11:17:08-INFO-[tdms_reader_frequency.py:128]-已处理: 20250620193246.763908.csv -> D:/Lab/process/2025.6.20/frequency\test\FFT_20250620193246.763908.csv
2025-10-17 11:17:08-INFO-[tdms_reader_frequency.py:126]-  已写入 99999/99999 行FFT数据
2025-10-17 11:17:08-INFO-[tdms_reader_frequency.py:128]-已处理: 20250620193252.662583.csv -> D:/Lab/process/2025.6.20/frequency\test\FFT_20250620193252.662583.csv
2025-10-17 11:17:08-INFO-[tdms_reader_frequency.py:126]-  已写入 99999/99999 行FFT数据
2025-10-17 11:17:08-INFO-[tdms_reader_frequency.py:128]-已处理: 20250620193258.574172.csv -> D:/Lab/process/2025.6.20/frequency\test\FFT_20250620193258.574172.csv
2025-10-17 11:17:08-INFO-[tdms_reader_frequency.py:126]-  已写入 99999/99999 行FFT数据
2025-10-17 11:17:08-INFO-[tdms_reader_frequency.py:128]-已处理: 20250620193301.508846.csv -> D:/Lab/process/2025.6.20/frequency\test\FFT_20250620193301.508846.csv
2025-10-17 11:17:08-INFO-[tdms_reader_frequency.py:126]-  已写入 99999/99999 行FFT数据
2025-10-17 11:17:08-INFO-[tdms_reader_frequency.py:128]-已处理: 20250620193307.430461.csv -> D:/Lab/process/2025.6.20/frequency\test\FFT_20250620193307.430461.csv
2025-10-17 11:17:08-INFO-[tdms_reader_frequency.py:126]-  已写入 99999/99999 行FFT数据
2025-10-17 11:17:08-INFO-[tdms_reader_frequency.py:128]-已处理: 20250620193255.616210.csv -> D:/Lab/process/2025.6.20/frequency\test\FFT_20250620193255.616210.csv
2025-10-17 11:17:08-INFO-[tdms_reader_frequency.py:126]-  已写入 99999/99999 行FFT数据
2025-10-17 11:17:08-INFO-[tdms_reader_frequency.py:128]-已处理: 20250620193237.935547.csv -> D:/Lab/process/2025.6.20/frequency\test\FFT_20250620193237.935547.csv
2025-10-17 11:17:08-INFO-[tdms_reader_frequency.py:126]-  已写入 99999/99999 行FFT数据
2025-10-17 11:17:08-INFO-[tdms_reader_frequency.py:128]-已处理: 20250620193249.732466.csv -> D:/Lab/process/2025.6.20/frequency\test\FFT_20250620193249.732466.csv
2025-10-17 11:17:08-INFO-[tdms_reader_frequency.py:126]-  已写入 99999/99999 行FFT数据
2025-10-17 11:17:08-INFO-[tdms_reader_frequency.py:128]-已处理: 20250620193319.359090.csv -> D:/Lab/process/2025.6.20/frequency\test\FFT_20250620193319.359090.csv
2025-10-17 11:17:09-INFO-[tdms_reader_frequency.py:126]-  已写入 99999/99999 行FFT数据
2025-10-17 11:17:09-INFO-[tdms_reader_frequency.py:128]-已处理: 20250620193325.269995.csv -> D:/Lab/process/2025.6.20/frequency\test\FFT_20250620193325.269995.csv
2025-10-17 11:17:09-INFO-[tdms_reader_frequency.py:126]-  已写入 99999/99999 行FFT数据
2025-10-17 11:17:09-INFO-[tdms_reader_frequency.py:128]-已处理: 20250620193310.390563.csv -> D:/Lab/process/2025.6.20/frequency\test\FFT_20250620193310.390563.csv
2025-10-17 11:17:09-INFO-[tdms_reader_frequency.py:126]-  已写入 99999/99999 行FFT数据
2025-10-17 11:17:09-INFO-[tdms_reader_frequency.py:128]-已处理: 20250620193322.349448.csv -> D:/Lab/process/2025.6.20/frequency\test\FFT_20250620193322.349448.csv
2025-10-17 11:17:09-INFO-[tdms_reader_frequency.py:126]-  已写入 99999/99999 行FFT数据
2025-10-17 11:17:09-INFO-[tdms_reader_frequency.py:128]-已处理: 20250620193313.360571.csv -> D:/Lab/process/2025.6.20/frequency\test\FFT_20250620193313.360571.csv
2025-10-17 11:17:09-INFO-[tdms_reader_frequency.py:126]-  已写入 99999/99999 行FFT数据
2025-10-17 11:17:09-INFO-[tdms_reader_frequency.py:128]-已处理: 20250620193316.385404.csv -> D:/Lab/process/2025.6.20/frequency\test\FFT_20250620193316.385404.csv
2025-10-17 11:17:10-INFO-[tdms_reader_frequency.py:191]-所有文件处理完成
2025-10-17 11:17:10-INFO-[main.py:60]------------------------------执行完成-----------------------------
2025-10-17 11:38:28-INFO-[main.py:28]--------------------------启动数据分析系统-------------------------
2025-10-17 11:38:28-INFO-[file_utils.py:39]-paths.yaml 生成成功: C:\Users\17584\Documents\ALearning\Project\tools\DataProcess\config\paths.yaml
2025-10-17 11:38:28-INFO-[tdms_reader_time.py:40]-配置文件加载成功: C:\Users\17584\Documents\ALearning\Project\tools\DataProcess\config\paths.yaml
2025-10-17 11:38:28-INFO-[tdms_reader_time.py:177]-原始数据目录: D:/Lab/raw/2025.6.20
2025-10-17 11:38:28-INFO-[tdms_reader_time.py:178]-输出目录: D:/Lab/process/2025.6.20/time
2025-10-17 11:38:28-INFO-[tdms_reader_time.py:190]-找到 164 个TDMS文件
2025-10-17 11:39:31-INFO-[tdms_reader_time.py:194]-所有文件处理完成
2025-10-17 11:39:31-INFO-[main.py:60]------------------------------执行完成-----------------------------
2025-10-17 11:39:34-INFO-[main.py:28]--------------------------启动数据分析系统-------------------------
2025-10-17 11:39:34-INFO-[file_utils.py:39]-paths.yaml 生成成功: C:\Users\17584\Documents\ALearning\Project\tools\DataProcess\config\paths.yaml
2025-10-17 11:39:34-INFO-[tdms_reader_frequency.py:20]-配置文件加载成功: C:\Users\17584\Documents\ALearning\Project\tools\DataProcess\config\paths.yaml
2025-10-17 11:39:34-INFO-[tdms_reader_frequency.py:171]-输入数据目录: D:/Lab/process/2025.6.20/time
2025-10-17 11:39:34-INFO-[tdms_reader_frequency.py:172]-输出目录: D:/Lab/process/2025.6.20/frequency
2025-10-17 11:39:34-INFO-[tdms_reader_frequency.py:185]-找到 164 个CSV文件
2025-10-17 11:39:34-INFO-[tdms_reader_frequency.py:188]-开始并行处理文件...
2025-10-17 11:39:36-INFO-[tdms_reader_frequency.py:55]-开始处理文件: D:/Lab/process/2025.6.20/time\30hz\20250620205455.361056.csv
2025-10-17 11:39:36-INFO-[tdms_reader_frequency.py:63]-使用元数据采样率: 200000 Hz
2025-10-17 11:39:36-INFO-[tdms_reader_frequency.py:55]-开始处理文件: D:/Lab/process/2025.6.20/time\30hz\20250620205458.257609.csv
2025-10-17 11:39:36-INFO-[tdms_reader_frequency.py:63]-使用元数据采样率: 200000 Hz
2025-10-17 11:39:36-INFO-[tdms_reader_frequency.py:70]-成功读取文件: 20250620205455.361056.csv, 数据长度: 200000
2025-10-17 11:39:36-INFO-[tdms_reader_frequency.py:80]-处理文件: 20250620205455.361056.csv, 通道数: 16
2025-10-17 11:39:37-INFO-[tdms_reader_frequency.py:55]-开始处理文件: D:/Lab/process/2025.6.20/time\30hz\20250620205501.157457.csv
2025-10-17 11:39:37-INFO-[tdms_reader_frequency.py:63]-使用元数据采样率: 200000 Hz
2025-10-17 11:39:37-INFO-[tdms_reader_frequency.py:55]-开始处理文件: D:/Lab/process/2025.6.20/time\30hz\20250620205504.026487.csv
2025-10-17 11:39:37-INFO-[tdms_reader_frequency.py:63]-使用元数据采样率: 200000 Hz
2025-10-17 11:39:37-INFO-[tdms_reader_frequency.py:70]-成功读取文件: 20250620205458.257609.csv, 数据长度: 200000
2025-10-17 11:39:37-INFO-[tdms_reader_frequency.py:80]-处理文件: 20250620205458.257609.csv, 通道数: 16
2025-10-17 11:39:37-INFO-[tdms_reader_frequency.py:55]-开始处理文件: D:/Lab/process/2025.6.20/time\30hz\20250620205506.866113.csv
2025-10-17 11:39:37-INFO-[tdms_reader_frequency.py:63]-使用元数据采样率: 200000 Hz
2025-10-17 11:39:37-INFO-[tdms_reader_frequency.py:55]-开始处理文件: D:/Lab/process/2025.6.20/time\30hz\20250620205509.740417.csv
2025-10-17 11:39:37-INFO-[tdms_reader_frequency.py:63]-使用元数据采样率: 200000 Hz
2025-10-17 11:39:37-INFO-[tdms_reader_frequency.py:70]-成功读取文件: 20250620205501.157457.csv, 数据长度: 200000
2025-10-17 11:39:37-INFO-[tdms_reader_frequency.py:80]-处理文件: 20250620205501.157457.csv, 通道数: 16
2025-10-17 11:39:37-INFO-[tdms_reader_frequency.py:55]-开始处理文件: D:/Lab/process/2025.6.20/time\30hz\20250620205512.593425.csv
2025-10-17 11:39:37-INFO-[tdms_reader_frequency.py:63]-使用元数据采样率: 200000 Hz
2025-10-17 11:39:37-INFO-[tdms_reader_frequency.py:55]-开始处理文件: D:/Lab/process/2025.6.20/time\30hz\20250620205515.474232.csv
2025-10-17 11:39:37-INFO-[tdms_reader_frequency.py:63]-使用元数据采样率: 200000 Hz
2025-10-17 11:39:37-INFO-[tdms_reader_frequency.py:70]-成功读取文件: 20250620205504.026487.csv, 数据长度: 200000
2025-10-17 11:39:37-INFO-[tdms_reader_frequency.py:80]-处理文件: 20250620205504.026487.csv, 通道数: 16
2025-10-17 11:39:37-INFO-[tdms_reader_frequency.py:55]-开始处理文件: D:/Lab/process/2025.6.20/time\30hz\20250620205518.349068.csv
2025-10-17 11:39:37-INFO-[tdms_reader_frequency.py:63]-使用元数据采样率: 200000 Hz
2025-10-17 11:39:37-INFO-[tdms_reader_frequency.py:55]-开始处理文件: D:/Lab/process/2025.6.20/time\30hz\20250620205521.206456.csv
2025-10-17 11:39:37-INFO-[tdms_reader_frequency.py:63]-使用元数据采样率: 200000 Hz
2025-10-17 11:39:37-INFO-[tdms_reader_frequency.py:55]-开始处理文件: D:/Lab/process/2025.6.20/time\30hz\20250620205524.067070.csv
2025-10-17 11:39:37-INFO-[tdms_reader_frequency.py:63]-使用元数据采样率: 200000 Hz
2025-10-17 11:39:37-INFO-[tdms_reader_frequency.py:55]-开始处理文件: D:/Lab/process/2025.6.20/time\30hz\20250620205526.960472.csv
2025-10-17 11:39:37-INFO-[tdms_reader_frequency.py:63]-使用元数据采样率: 200000 Hz
2025-10-17 11:39:37-INFO-[tdms_reader_frequency.py:55]-开始处理文件: D:/Lab/process/2025.6.20/time\30hz\20250620205529.836771.csv
2025-10-17 11:39:37-INFO-[tdms_reader_frequency.py:63]-使用元数据采样率: 200000 Hz
2025-10-17 11:39:37-INFO-[tdms_reader_frequency.py:55]-开始处理文件: D:/Lab/process/2025.6.20/time\30hz\20250620205532.720182.csv
2025-10-17 11:39:37-INFO-[tdms_reader_frequency.py:63]-使用元数据采样率: 200000 Hz
2025-10-17 11:39:37-INFO-[tdms_reader_frequency.py:55]-开始处理文件: D:/Lab/process/2025.6.20/time\30hz\20250620205535.616021.csv
2025-10-17 11:39:37-INFO-[tdms_reader_frequency.py:63]-使用元数据采样率: 200000 Hz
2025-10-17 11:39:37-INFO-[tdms_reader_frequency.py:55]-开始处理文件: D:/Lab/process/2025.6.20/time\30hz\20250620205538.511375.csv
2025-10-17 11:39:37-INFO-[tdms_reader_frequency.py:63]-使用元数据采样率: 200000 Hz
2025-10-17 11:39:37-INFO-[tdms_reader_frequency.py:70]-成功读取文件: 20250620205506.866113.csv, 数据长度: 200000
2025-10-17 11:39:37-INFO-[tdms_reader_frequency.py:80]-处理文件: 20250620205506.866113.csv, 通道数: 16
2025-10-17 11:39:38-INFO-[tdms_reader_frequency.py:55]-开始处理文件: D:/Lab/process/2025.6.20/time\30hz\20250620205541.382788.csv
2025-10-17 11:39:38-INFO-[tdms_reader_frequency.py:63]-使用元数据采样率: 200000 Hz
2025-10-17 11:39:38-INFO-[tdms_reader_frequency.py:70]-成功读取文件: 20250620205509.740417.csv, 数据长度: 200000
2025-10-17 11:39:38-INFO-[tdms_reader_frequency.py:80]-处理文件: 20250620205509.740417.csv, 通道数: 16
2025-10-17 11:39:38-INFO-[tdms_reader_frequency.py:70]-成功读取文件: 20250620205512.593425.csv, 数据长度: 200000
2025-10-17 11:39:38-INFO-[tdms_reader_frequency.py:80]-处理文件: 20250620205512.593425.csv, 通道数: 16
2025-10-17 11:39:38-INFO-[tdms_reader_frequency.py:70]-成功读取文件: 20250620205515.474232.csv, 数据长度: 200000
2025-10-17 11:39:38-INFO-[tdms_reader_frequency.py:80]-处理文件: 20250620205515.474232.csv, 通道数: 16
2025-10-17 11:39:38-INFO-[tdms_reader_frequency.py:55]-开始处理文件: D:/Lab/process/2025.6.20/time\30hz\20250620205544.253550.csv
2025-10-17 11:39:38-INFO-[tdms_reader_frequency.py:63]-使用元数据采样率: 200000 Hz
2025-10-17 11:39:38-INFO-[tdms_reader_frequency.py:70]-成功读取文件: 20250620205521.206456.csv, 数据长度: 200000
2025-10-17 11:39:38-INFO-[tdms_reader_frequency.py:70]-成功读取文件: 20250620205518.349068.csv, 数据长度: 200000
2025-10-17 11:39:38-INFO-[tdms_reader_frequency.py:80]-处理文件: 20250620205521.206456.csv, 通道数: 16
2025-10-17 11:39:38-INFO-[tdms_reader_frequency.py:80]-处理文件: 20250620205518.349068.csv, 通道数: 16
2025-10-17 11:39:38-INFO-[tdms_reader_frequency.py:55]-开始处理文件: D:/Lab/process/2025.6.20/time\30hz\20250620205547.172719.csv
2025-10-17 11:39:38-INFO-[tdms_reader_frequency.py:55]-开始处理文件: D:/Lab/process/2025.6.20/time\30hz\20250620205550.074166.csv
2025-10-17 11:39:38-INFO-[tdms_reader_frequency.py:63]-使用元数据采样率: 200000 Hz
2025-10-17 11:39:38-INFO-[tdms_reader_frequency.py:55]-开始处理文件: D:/Lab/process/2025.6.20/time\30hz\20250620205552.959105.csv
2025-10-17 11:39:38-INFO-[tdms_reader_frequency.py:55]-开始处理文件: D:/Lab/process/2025.6.20/time\30hz\20250620205555.848733.csv
2025-10-17 11:39:38-INFO-[tdms_reader_frequency.py:63]-使用元数据采样率: 200000 Hz
2025-10-17 11:39:38-INFO-[tdms_reader_frequency.py:70]-成功读取文件: 20250620205524.067070.csv, 数据长度: 200000
2025-10-17 11:39:38-INFO-[tdms_reader_frequency.py:63]-使用元数据采样率: 200000 Hz
2025-10-17 11:39:38-INFO-[tdms_reader_frequency.py:80]-处理文件: 20250620205524.067070.csv, 通道数: 16
2025-10-17 11:39:38-INFO-[tdms_reader_frequency.py:55]-开始处理文件: D:/Lab/process/2025.6.20/time\30hz\20250620205558.740427.csv
2025-10-17 11:39:38-INFO-[tdms_reader_frequency.py:63]-使用元数据采样率: 200000 Hz
2025-10-17 11:39:38-INFO-[tdms_reader_frequency.py:55]-开始处理文件: D:/Lab/process/2025.6.20/time\30hz\20250620205601.429140.csv
2025-10-17 11:39:38-INFO-[tdms_reader_frequency.py:63]-使用元数据采样率: 200000 Hz
2025-10-17 11:39:38-INFO-[tdms_reader_frequency.py:55]-开始处理文件: D:/Lab/process/2025.6.20/time\50hz\20250620203946.014336.csv
2025-10-17 11:39:38-INFO-[tdms_reader_frequency.py:55]-开始处理文件: D:/Lab/process/2025.6.20/time\50hz\20250620203943.117518.csv
2025-10-17 11:39:38-INFO-[tdms_reader_frequency.py:63]-使用元数据采样率: 200000 Hz
2025-10-17 11:39:38-INFO-[tdms_reader_frequency.py:63]-使用元数据采样率: 200000 Hz
2025-10-17 11:39:38-INFO-[tdms_reader_frequency.py:55]-开始处理文件: D:/Lab/process/2025.6.20/time\50hz\20250620203948.997384.csv
2025-10-17 11:39:38-INFO-[tdms_reader_frequency.py:63]-使用元数据采样率: 200000 Hz
2025-10-17 11:39:38-INFO-[tdms_reader_frequency.py:55]-开始处理文件: D:/Lab/process/2025.6.20/time\50hz\20250620203951.928351.csv
2025-10-17 11:39:38-INFO-[tdms_reader_frequency.py:63]-使用元数据采样率: 200000 Hz
2025-10-17 11:39:38-INFO-[tdms_reader_frequency.py:70]-成功读取文件: 20250620205529.836771.csv, 数据长度: 200000
2025-10-17 11:39:38-INFO-[tdms_reader_frequency.py:80]-处理文件: 20250620205529.836771.csv, 通道数: 16
2025-10-17 11:39:38-INFO-[tdms_reader_frequency.py:70]-成功读取文件: 20250620205526.960472.csv, 数据长度: 200000
2025-10-17 11:39:38-INFO-[tdms_reader_frequency.py:80]-处理文件: 20250620205526.960472.csv, 通道数: 16
2025-10-17 11:39:38-INFO-[tdms_reader_frequency.py:70]-成功读取文件: 20250620205538.511375.csv, 数据长度: 200000
2025-10-17 11:39:38-INFO-[tdms_reader_frequency.py:80]-处理文件: 20250620205538.511375.csv, 通道数: 16
2025-10-17 11:39:38-INFO-[tdms_reader_frequency.py:70]-成功读取文件: 20250620205535.616021.csv, 数据长度: 200000
2025-10-17 11:39:38-INFO-[tdms_reader_frequency.py:70]-成功读取文件: 20250620205532.720182.csv, 数据长度: 200000
2025-10-17 11:39:38-INFO-[tdms_reader_frequency.py:80]-处理文件: 20250620205535.616021.csv, 通道数: 16
2025-10-17 11:39:38-INFO-[tdms_reader_frequency.py:80]-处理文件: 20250620205532.720182.csv, 通道数: 16
2025-10-17 11:39:38-INFO-[tdms_reader_frequency.py:70]-成功读取文件: 20250620205541.382788.csv, 数据长度: 200000
2025-10-17 11:39:38-INFO-[tdms_reader_frequency.py:80]-处理文件: 20250620205541.382788.csv, 通道数: 16
2025-10-17 11:39:38-INFO-[tdms_reader_frequency.py:70]-成功读取文件: 20250620205544.253550.csv, 数据长度: 200000
2025-10-17 11:39:38-INFO-[tdms_reader_frequency.py:80]-处理文件: 20250620205544.253550.csv, 通道数: 16
2025-10-17 11:39:38-INFO-[tdms_reader_frequency.py:70]-成功读取文件: 20250620205550.074166.csv, 数据长度: 200000
2025-10-17 11:39:38-INFO-[tdms_reader_frequency.py:80]-处理文件: 20250620205550.074166.csv, 通道数: 16
2025-10-17 11:39:38-INFO-[tdms_reader_frequency.py:70]-成功读取文件: 20250620205555.848733.csv, 数据长度: 200000
2025-10-17 11:39:38-INFO-[tdms_reader_frequency.py:80]-处理文件: 20250620205555.848733.csv, 通道数: 16
2025-10-17 11:39:38-INFO-[tdms_reader_frequency.py:70]-成功读取文件: 20250620205547.172719.csv, 数据长度: 200000
2025-10-17 11:39:38-INFO-[tdms_reader_frequency.py:80]-处理文件: 20250620205547.172719.csv, 通道数: 16
2025-10-17 11:39:38-INFO-[tdms_reader_frequency.py:70]-成功读取文件: 20250620205552.959105.csv, 数据长度: 200000
2025-10-17 11:39:38-INFO-[tdms_reader_frequency.py:80]-处理文件: 20250620205552.959105.csv, 通道数: 16
2025-10-17 11:39:38-INFO-[tdms_reader_frequency.py:70]-成功读取文件: 20250620203951.928351.csv, 数据长度: 200000
2025-10-17 11:39:38-INFO-[tdms_reader_frequency.py:80]-处理文件: 20250620203951.928351.csv, 通道数: 16
2025-10-17 11:39:39-INFO-[tdms_reader_frequency.py:70]-成功读取文件: 20250620205601.429140.csv, 数据长度: 200000
2025-10-17 11:39:39-INFO-[tdms_reader_frequency.py:80]-处理文件: 20250620205601.429140.csv, 通道数: 16
2025-10-17 11:39:39-INFO-[tdms_reader_frequency.py:70]-成功读取文件: 20250620203943.117518.csv, 数据长度: 200000
2025-10-17 11:39:39-INFO-[tdms_reader_frequency.py:80]-处理文件: 20250620203943.117518.csv, 通道数: 16
2025-10-17 11:39:39-INFO-[tdms_reader_frequency.py:70]-成功读取文件: 20250620203946.014336.csv, 数据长度: 200000
2025-10-17 11:39:39-INFO-[tdms_reader_frequency.py:80]-处理文件: 20250620203946.014336.csv, 通道数: 16
2025-10-17 11:39:39-INFO-[tdms_reader_frequency.py:70]-成功读取文件: 20250620205558.740427.csv, 数据长度: 200000
2025-10-17 11:39:39-INFO-[tdms_reader_frequency.py:80]-处理文件: 20250620205558.740427.csv, 通道数: 16
2025-10-17 11:39:39-INFO-[tdms_reader_frequency.py:70]-成功读取文件: 20250620203948.997384.csv, 数据长度: 200000
2025-10-17 11:39:39-INFO-[tdms_reader_frequency.py:80]-处理文件: 20250620203948.997384.csv, 通道数: 16
2025-10-17 11:39:42-INFO-[tdms_reader_frequency.py:126]-  已写入 99999/99999 行FFT数据
2025-10-17 11:39:42-INFO-[tdms_reader_frequency.py:128]-已处理: 20250620205455.361056.csv -> D:/Lab/process/2025.6.20/frequency\30hz\FFT_20250620205455.361056.csv
2025-10-17 11:39:42-INFO-[tdms_reader_frequency.py:55]-开始处理文件: D:/Lab/process/2025.6.20/time\50hz\20250620203954.838344.csv
2025-10-17 11:39:42-INFO-[tdms_reader_frequency.py:63]-使用元数据采样率: 200000 Hz
2025-10-17 11:39:42-INFO-[tdms_reader_frequency.py:70]-成功读取文件: 20250620203954.838344.csv, 数据长度: 200000
2025-10-17 11:39:42-INFO-[tdms_reader_frequency.py:80]-处理文件: 20250620203954.838344.csv, 通道数: 16
2025-10-17 11:39:42-INFO-[tdms_reader_frequency.py:126]-  已写入 99999/99999 行FFT数据
2025-10-17 11:39:42-INFO-[tdms_reader_frequency.py:128]-已处理: 20250620205458.257609.csv -> D:/Lab/process/2025.6.20/frequency\30hz\FFT_20250620205458.257609.csv
2025-10-17 11:39:42-INFO-[tdms_reader_frequency.py:55]-开始处理文件: D:/Lab/process/2025.6.20/time\50hz\20250620203957.759340.csv
2025-10-17 11:39:42-INFO-[tdms_reader_frequency.py:63]-使用元数据采样率: 200000 Hz
2025-10-17 11:39:42-INFO-[tdms_reader_frequency.py:126]-  已写入 99999/99999 行FFT数据
2025-10-17 11:39:42-INFO-[tdms_reader_frequency.py:128]-已处理: 20250620205504.026487.csv -> D:/Lab/process/2025.6.20/frequency\30hz\FFT_20250620205504.026487.csv
2025-10-17 11:39:42-INFO-[tdms_reader_frequency.py:126]-  已写入 99999/99999 行FFT数据
2025-10-17 11:39:42-INFO-[tdms_reader_frequency.py:128]-已处理: 20250620205501.157457.csv -> D:/Lab/process/2025.6.20/frequency\30hz\FFT_20250620205501.157457.csv
2025-10-17 11:39:42-INFO-[tdms_reader_frequency.py:55]-开始处理文件: D:/Lab/process/2025.6.20/time\50hz\20250620204000.623816.csv
2025-10-17 11:39:42-INFO-[tdms_reader_frequency.py:63]-使用元数据采样率: 200000 Hz
2025-10-17 11:39:42-INFO-[tdms_reader_frequency.py:55]-开始处理文件: D:/Lab/process/2025.6.20/time\50hz\20250620204003.597035.csv
2025-10-17 11:39:42-INFO-[tdms_reader_frequency.py:63]-使用元数据采样率: 200000 Hz
2025-10-17 11:39:42-INFO-[tdms_reader_frequency.py:70]-成功读取文件: 20250620203957.759340.csv, 数据长度: 200000
2025-10-17 11:39:42-INFO-[tdms_reader_frequency.py:80]-处理文件: 20250620203957.759340.csv, 通道数: 16
2025-10-17 11:39:43-INFO-[tdms_reader_frequency.py:126]-  已写入 99999/99999 行FFT数据
2025-10-17 11:39:43-INFO-[tdms_reader_frequency.py:128]-已处理: 20250620205506.866113.csv -> D:/Lab/process/2025.6.20/frequency\30hz\FFT_20250620205506.866113.csv
2025-10-17 11:39:43-INFO-[tdms_reader_frequency.py:55]-开始处理文件: D:/Lab/process/2025.6.20/time\50hz\20250620204006.502835.csv
2025-10-17 11:39:43-INFO-[tdms_reader_frequency.py:63]-使用元数据采样率: 200000 Hz
2025-10-17 11:39:43-INFO-[tdms_reader_frequency.py:70]-成功读取文件: 20250620204000.623816.csv, 数据长度: 200000
2025-10-17 11:39:43-INFO-[tdms_reader_frequency.py:80]-处理文件: 20250620204000.623816.csv, 通道数: 16
2025-10-17 11:39:43-INFO-[tdms_reader_frequency.py:70]-成功读取文件: 20250620204003.597035.csv, 数据长度: 200000
2025-10-17 11:39:43-INFO-[tdms_reader_frequency.py:80]-处理文件: 20250620204003.597035.csv, 通道数: 16
2025-10-17 11:39:43-INFO-[tdms_reader_frequency.py:128]-已处理: 20250620205515.474232.csv -> D:/Lab/process/2025.6.20/frequency\30hz\FFT_20250620205515.474232.csv
2025-10-17 11:39:43-INFO-[tdms_reader_frequency.py:126]-  已写入 99999/99999 行FFT数据
2025-10-17 11:39:43-INFO-[tdms_reader_frequency.py:128]-已处理: 20250620205518.349068.csv -> D:/Lab/process/2025.6.20/frequency\30hz\FFT_20250620205518.349068.csv
2025-10-17 11:39:43-INFO-[tdms_reader_frequency.py:126]-  已写入 99999/99999 行FFT数据
2025-10-17 11:39:43-INFO-[tdms_reader_frequency.py:55]-开始处理文件: D:/Lab/process/2025.6.20/time\50hz\20250620204009.381570.csv
2025-10-17 11:39:43-INFO-[tdms_reader_frequency.py:128]-已处理: 20250620205509.740417.csv -> D:/Lab/process/2025.6.20/frequency\30hz\FFT_20250620205509.740417.csv
2025-10-17 11:39:43-INFO-[tdms_reader_frequency.py:63]-使用元数据采样率: 200000 Hz
2025-10-17 11:39:43-INFO-[tdms_reader_frequency.py:55]-开始处理文件: D:/Lab/process/2025.6.20/time\50hz\20250620204012.290275.csv
2025-10-17 11:39:43-INFO-[tdms_reader_frequency.py:63]-使用元数据采样率: 200000 Hz
2025-10-17 11:39:43-INFO-[tdms_reader_frequency.py:55]-开始处理文件: D:/Lab/process/2025.6.20/time\50hz\20250620204015.172895.csv
2025-10-17 11:39:43-INFO-[tdms_reader_frequency.py:63]-使用元数据采样率: 200000 Hz
2025-10-17 11:39:43-INFO-[tdms_reader_frequency.py:126]-  已写入 99999/99999 行FFT数据
2025-10-17 11:39:43-INFO-[tdms_reader_frequency.py:128]-已处理: 20250620205521.206456.csv -> D:/Lab/process/2025.6.20/frequency\30hz\FFT_20250620205521.206456.csv
2025-10-17 11:39:43-INFO-[tdms_reader_frequency.py:126]-  已写入 99999/99999 行FFT数据
2025-10-17 11:39:43-INFO-[tdms_reader_frequency.py:128]-已处理: 20250620205524.067070.csv -> D:/Lab/process/2025.6.20/frequency\30hz\FFT_20250620205524.067070.csv
2025-10-17 11:39:43-INFO-[tdms_reader_frequency.py:55]-开始处理文件: D:/Lab/process/2025.6.20/time\50hz\20250620204018.073789.csv
2025-10-17 11:39:43-INFO-[tdms_reader_frequency.py:63]-使用元数据采样率: 200000 Hz
2025-10-17 11:39:43-INFO-[tdms_reader_frequency.py:55]-开始处理文件: D:/Lab/process/2025.6.20/time\50hz\20250620204020.965725.csv
2025-10-17 11:39:43-INFO-[tdms_reader_frequency.py:63]-使用元数据采样率: 200000 Hz
2025-10-17 11:39:43-INFO-[tdms_reader_frequency.py:70]-成功读取文件: 20250620204006.502835.csv, 数据长度: 200000
2025-10-17 11:39:43-INFO-[tdms_reader_frequency.py:80]-处理文件: 20250620204006.502835.csv, 通道数: 16
2025-10-17 11:39:43-INFO-[tdms_reader_frequency.py:126]-  已写入 99999/99999 行FFT数据
2025-10-17 11:39:43-INFO-[tdms_reader_frequency.py:128]-已处理: 20250620205529.836771.csv -> D:/Lab/process/2025.6.20/frequency\30hz\FFT_20250620205529.836771.csv
2025-10-17 11:39:43-INFO-[tdms_reader_frequency.py:126]-  已写入 99999/99999 行FFT数据
2025-10-17 11:39:43-INFO-[tdms_reader_frequency.py:128]-已处理: 20250620205512.593425.csv -> D:/Lab/process/2025.6.20/frequency\30hz\FFT_20250620205512.593425.csv
2025-10-17 11:39:43-INFO-[tdms_reader_frequency.py:126]-  已写入 99999/99999 行FFT数据
2025-10-17 11:39:43-INFO-[tdms_reader_frequency.py:128]-已处理: 20250620205526.960472.csv -> D:/Lab/process/2025.6.20/frequency\30hz\FFT_20250620205526.960472.csv
2025-10-17 11:39:43-INFO-[tdms_reader_frequency.py:55]-开始处理文件: D:/Lab/process/2025.6.20/time\50hz\20250620204023.874951.csv
2025-10-17 11:39:43-INFO-[tdms_reader_frequency.py:63]-使用元数据采样率: 200000 Hz
2025-10-17 11:39:43-INFO-[tdms_reader_frequency.py:55]-开始处理文件: D:/Lab/process/2025.6.20/time\50hz\20250620204026.769314.csv
2025-10-17 11:39:43-INFO-[tdms_reader_frequency.py:63]-使用元数据采样率: 200000 Hz
2025-10-17 11:39:43-INFO-[tdms_reader_frequency.py:126]-  已写入 99999/99999 行FFT数据
2025-10-17 11:39:43-INFO-[tdms_reader_frequency.py:128]-已处理: 20250620205538.511375.csv -> D:/Lab/process/2025.6.20/frequency\30hz\FFT_20250620205538.511375.csv
2025-10-17 11:39:43-INFO-[tdms_reader_frequency.py:55]-开始处理文件: D:/Lab/process/2025.6.20/time\50hz\20250620204029.679945.csv
2025-10-17 11:39:43-INFO-[tdms_reader_frequency.py:63]-使用元数据采样率: 200000 Hz
2025-10-17 11:39:43-INFO-[tdms_reader_frequency.py:55]-开始处理文件: D:/Lab/process/2025.6.20/time\50hz\20250620204032.660249.csv
2025-10-17 11:39:43-INFO-[tdms_reader_frequency.py:63]-使用元数据采样率: 200000 Hz
2025-10-17 11:39:43-INFO-[tdms_reader_frequency.py:126]-  已写入 99999/99999 行FFT数据
2025-10-17 11:39:43-INFO-[tdms_reader_frequency.py:128]-已处理: 20250620205535.616021.csv -> D:/Lab/process/2025.6.20/frequency\30hz\FFT_20250620205535.616021.csv
2025-10-17 11:39:43-INFO-[tdms_reader_frequency.py:70]-成功读取文件: 20250620204009.381570.csv, 数据长度: 200000
2025-10-17 11:39:43-INFO-[tdms_reader_frequency.py:80]-处理文件: 20250620204009.381570.csv, 通道数: 16
2025-10-17 11:39:43-INFO-[tdms_reader_frequency.py:126]-  已写入 99999/99999 行FFT数据
2025-10-17 11:39:43-INFO-[tdms_reader_frequency.py:128]-已处理: 20250620205532.720182.csv -> D:/Lab/process/2025.6.20/frequency\30hz\FFT_20250620205532.720182.csv
2025-10-17 11:39:43-INFO-[tdms_reader_frequency.py:70]-成功读取文件: 20250620204015.172895.csv, 数据长度: 200000
2025-10-17 11:39:43-INFO-[tdms_reader_frequency.py:80]-处理文件: 20250620204015.172895.csv, 通道数: 16
2025-10-17 11:39:43-INFO-[tdms_reader_frequency.py:55]-开始处理文件: D:/Lab/process/2025.6.20/time\50hz\20250620204035.578939.csv
2025-10-17 11:39:43-INFO-[tdms_reader_frequency.py:63]-使用元数据采样率: 200000 Hz
2025-10-17 11:39:43-INFO-[tdms_reader_frequency.py:70]-成功读取文件: 20250620204012.290275.csv, 数据长度: 200000
2025-10-17 11:39:43-INFO-[tdms_reader_frequency.py:55]-开始处理文件: D:/Lab/process/2025.6.20/time\50hz\20250620204038.547364.csv
2025-10-17 11:39:43-INFO-[tdms_reader_frequency.py:80]-处理文件: 20250620204012.290275.csv, 通道数: 16
2025-10-17 11:39:43-INFO-[tdms_reader_frequency.py:63]-使用元数据采样率: 200000 Hz
2025-10-17 11:39:44-INFO-[tdms_reader_frequency.py:126]-  已写入 99999/99999 行FFT数据
2025-10-17 11:39:44-INFO-[tdms_reader_frequency.py:128]-已处理: 20250620205555.848733.csv -> D:/Lab/process/2025.6.20/frequency\30hz\FFT_20250620205555.848733.csv
2025-10-17 11:39:44-INFO-[tdms_reader_frequency.py:70]-成功读取文件: 20250620204020.965725.csv, 数据长度: 200000
2025-10-17 11:39:44-INFO-[tdms_reader_frequency.py:80]-处理文件: 20250620204020.965725.csv, 通道数: 16
2025-10-17 11:39:44-INFO-[tdms_reader_frequency.py:70]-成功读取文件: 20250620204018.073789.csv, 数据长度: 200000
2025-10-17 11:39:44-INFO-[tdms_reader_frequency.py:80]-处理文件: 20250620204018.073789.csv, 通道数: 16
2025-10-17 11:39:44-INFO-[tdms_reader_frequency.py:55]-开始处理文件: D:/Lab/process/2025.6.20/time\50hz\20250620204041.503131.csv
2025-10-17 11:39:44-INFO-[tdms_reader_frequency.py:63]-使用元数据采样率: 200000 Hz
2025-10-17 11:39:44-INFO-[tdms_reader_frequency.py:126]-  已写入 99999/99999 行FFT数据
2025-10-17 11:39:44-INFO-[tdms_reader_frequency.py:126]-  已写入 99999/99999 行FFT数据
2025-10-17 11:39:44-INFO-[tdms_reader_frequency.py:128]-已处理: 20250620205547.172719.csv -> D:/Lab/process/2025.6.20/frequency\30hz\FFT_20250620205547.172719.csv
2025-10-17 11:39:44-INFO-[tdms_reader_frequency.py:126]-  已写入 99999/99999 行FFT数据
2025-10-17 11:39:44-INFO-[tdms_reader_frequency.py:126]-  已写入 99999/99999 行FFT数据
2025-10-17 11:39:44-INFO-[tdms_reader_frequency.py:128]-已处理: 20250620205541.382788.csv -> D:/Lab/process/2025.6.20/frequency\30hz\FFT_20250620205541.382788.csv
2025-10-17 11:39:44-INFO-[tdms_reader_frequency.py:128]-已处理: 20250620203951.928351.csv -> D:/Lab/process/2025.6.20/frequency\50hz\FFT_20250620203951.928351.csv
2025-10-17 11:39:44-INFO-[tdms_reader_frequency.py:126]-  已写入 99999/99999 行FFT数据
2025-10-17 11:39:44-INFO-[tdms_reader_frequency.py:128]-已处理: 20250620205552.959105.csv -> D:/Lab/process/2025.6.20/frequency\30hz\FFT_20250620205552.959105.csv
2025-10-17 11:39:44-INFO-[tdms_reader_frequency.py:126]-  已写入 99999/99999 行FFT数据
2025-10-17 11:39:44-INFO-[tdms_reader_frequency.py:128]-已处理: 20250620205550.074166.csv -> D:/Lab/process/2025.6.20/frequency\30hz\FFT_20250620205550.074166.csv
2025-10-17 11:39:44-INFO-[tdms_reader_frequency.py:128]-已处理: 20250620205544.253550.csv -> D:/Lab/process/2025.6.20/frequency\30hz\FFT_20250620205544.253550.csv
2025-10-17 11:39:44-INFO-[tdms_reader_frequency.py:126]-  已写入 99999/99999 行FFT数据
2025-10-17 11:39:44-INFO-[tdms_reader_frequency.py:128]-已处理: 20250620205601.429140.csv -> D:/Lab/process/2025.6.20/frequency\30hz\FFT_20250620205601.429140.csv
2025-10-17 11:39:44-INFO-[tdms_reader_frequency.py:55]-开始处理文件: D:/Lab/process/2025.6.20/time\50hz\20250620204044.399715.csv
2025-10-17 11:39:44-INFO-[tdms_reader_frequency.py:55]-开始处理文件: D:/Lab/process/2025.6.20/time\50hz\20250620204047.316458.csv
2025-10-17 11:39:44-INFO-[tdms_reader_frequency.py:63]-使用元数据采样率: 200000 Hz
2025-10-17 11:39:44-INFO-[tdms_reader_frequency.py:63]-使用元数据采样率: 200000 Hz
2025-10-17 11:39:44-INFO-[tdms_reader_frequency.py:126]-  已写入 99999/99999 行FFT数据
2025-10-17 11:39:44-INFO-[tdms_reader_frequency.py:128]-已处理: 20250620205558.740427.csv -> D:/Lab/process/2025.6.20/frequency\30hz\FFT_20250620205558.740427.csv
2025-10-17 11:39:44-INFO-[tdms_reader_frequency.py:55]-开始处理文件: D:/Lab/process/2025.6.20/time\back\20250620194612.368512.csv
2025-10-17 11:39:44-INFO-[tdms_reader_frequency.py:55]-开始处理文件: D:/Lab/process/2025.6.20/time\back\20250620194615.280443.csv
2025-10-17 11:39:44-INFO-[tdms_reader_frequency.py:63]-使用元数据采样率: 200000 Hz
2025-10-17 11:39:44-INFO-[tdms_reader_frequency.py:55]-开始处理文件: D:/Lab/process/2025.6.20/time\back\20250620194618.181950.csv
2025-10-17 11:39:44-INFO-[tdms_reader_frequency.py:63]-使用元数据采样率: 200000 Hz
2025-10-17 11:39:44-INFO-[tdms_reader_frequency.py:63]-使用元数据采样率: 200000 Hz
2025-10-17 11:39:44-INFO-[tdms_reader_frequency.py:55]-开始处理文件: D:/Lab/process/2025.6.20/time\back\20250620194621.140929.csv
2025-10-17 11:39:44-INFO-[tdms_reader_frequency.py:63]-使用元数据采样率: 200000 Hz
2025-10-17 11:39:44-INFO-[tdms_reader_frequency.py:55]-开始处理文件: D:/Lab/process/2025.6.20/time\back\20250620194624.055741.csv
2025-10-17 11:39:44-INFO-[tdms_reader_frequency.py:63]-使用元数据采样率: 200000 Hz
2025-10-17 11:39:44-INFO-[tdms_reader_frequency.py:126]-  已写入 99999/99999 行FFT数据
2025-10-17 11:39:44-INFO-[tdms_reader_frequency.py:128]-已处理: 20250620203948.997384.csv -> D:/Lab/process/2025.6.20/frequency\50hz\FFT_20250620203948.997384.csv
2025-10-17 11:39:44-INFO-[tdms_reader_frequency.py:70]-成功读取文件: 20250620204023.874951.csv, 数据长度: 200000
2025-10-17 11:39:44-INFO-[tdms_reader_frequency.py:80]-处理文件: 20250620204023.874951.csv, 通道数: 16
2025-10-17 11:39:44-INFO-[tdms_reader_frequency.py:126]-  已写入 99999/99999 行FFT数据
2025-10-17 11:39:44-INFO-[tdms_reader_frequency.py:70]-成功读取文件: 20250620204032.660249.csv, 数据长度: 200000
2025-10-17 11:39:44-INFO-[tdms_reader_frequency.py:128]-已处理: 20250620203943.117518.csv -> D:/Lab/process/2025.6.20/frequency\50hz\FFT_20250620203943.117518.csv
2025-10-17 11:39:44-INFO-[tdms_reader_frequency.py:80]-处理文件: 20250620204032.660249.csv, 通道数: 16
2025-10-17 11:39:44-INFO-[tdms_reader_frequency.py:55]-开始处理文件: D:/Lab/process/2025.6.20/time\back\20250620194626.920608.csv
2025-10-17 11:39:44-INFO-[tdms_reader_frequency.py:63]-使用元数据采样率: 200000 Hz
2025-10-17 11:39:44-INFO-[tdms_reader_frequency.py:70]-成功读取文件: 20250620204026.769314.csv, 数据长度: 200000
2025-10-17 11:39:44-INFO-[tdms_reader_frequency.py:80]-处理文件: 20250620204026.769314.csv, 通道数: 16
2025-10-17 11:39:44-INFO-[tdms_reader_frequency.py:70]-成功读取文件: 20250620204029.679945.csv, 数据长度: 200000
2025-10-17 11:39:44-INFO-[tdms_reader_frequency.py:80]-处理文件: 20250620204029.679945.csv, 通道数: 16
2025-10-17 11:39:44-INFO-[tdms_reader_frequency.py:126]-  已写入 99999/99999 行FFT数据
2025-10-17 11:39:44-INFO-[tdms_reader_frequency.py:128]-已处理: 20250620203946.014336.csv -> D:/Lab/process/2025.6.20/frequency\50hz\FFT_20250620203946.014336.csv
2025-10-17 11:39:44-INFO-[tdms_reader_frequency.py:55]-开始处理文件: D:/Lab/process/2025.6.20/time\back\20250620194629.813220.csv
2025-10-17 11:39:44-INFO-[tdms_reader_frequency.py:63]-使用元数据采样率: 200000 Hz
2025-10-17 11:39:44-INFO-[tdms_reader_frequency.py:55]-开始处理文件: D:/Lab/process/2025.6.20/time\back\20250620194632.691684.csv
2025-10-17 11:39:44-INFO-[tdms_reader_frequency.py:63]-使用元数据采样率: 200000 Hz
2025-10-17 11:39:44-INFO-[tdms_reader_frequency.py:55]-开始处理文件: D:/Lab/process/2025.6.20/time\back\20250620194635.587857.csv
2025-10-17 11:39:44-INFO-[tdms_reader_frequency.py:63]-使用元数据采样率: 200000 Hz
2025-10-17 11:39:44-INFO-[tdms_reader_frequency.py:70]-成功读取文件: 20250620204035.578939.csv, 数据长度: 200000
2025-10-17 11:39:44-INFO-[tdms_reader_frequency.py:80]-处理文件: 20250620204035.578939.csv, 通道数: 16
2025-10-17 11:39:44-INFO-[tdms_reader_frequency.py:70]-成功读取文件: 20250620204038.547364.csv, 数据长度: 200000
2025-10-17 11:39:44-INFO-[tdms_reader_frequency.py:80]-处理文件: 20250620204038.547364.csv, 通道数: 16
2025-10-17 11:39:44-INFO-[tdms_reader_frequency.py:70]-成功读取文件: 20250620204041.503131.csv, 数据长度: 200000
2025-10-17 11:39:44-INFO-[tdms_reader_frequency.py:80]-处理文件: 20250620204041.503131.csv, 通道数: 16
2025-10-17 11:39:44-INFO-[tdms_reader_frequency.py:70]-成功读取文件: 20250620194612.368512.csv, 数据长度: 200000
2025-10-17 11:39:44-INFO-[tdms_reader_frequency.py:80]-处理文件: 20250620194612.368512.csv, 通道数: 16
2025-10-17 11:39:44-INFO-[tdms_reader_frequency.py:70]-成功读取文件: 20250620204047.316458.csv, 数据长度: 200000
2025-10-17 11:39:44-INFO-[tdms_reader_frequency.py:80]-处理文件: 20250620204047.316458.csv, 通道数: 16
2025-10-17 11:39:44-INFO-[tdms_reader_frequency.py:70]-成功读取文件: 20250620194618.181950.csv, 数据长度: 200000
2025-10-17 11:39:44-INFO-[tdms_reader_frequency.py:80]-处理文件: 20250620194618.181950.csv, 通道数: 16
2025-10-17 11:39:44-INFO-[tdms_reader_frequency.py:70]-成功读取文件: 20250620194624.055741.csv, 数据长度: 200000
2025-10-17 11:39:44-INFO-[tdms_reader_frequency.py:80]-处理文件: 20250620194624.055741.csv, 通道数: 16
2025-10-17 11:39:44-INFO-[tdms_reader_frequency.py:70]-成功读取文件: 20250620204044.399715.csv, 数据长度: 200000
2025-10-17 11:39:44-INFO-[tdms_reader_frequency.py:80]-处理文件: 20250620204044.399715.csv, 通道数: 16
2025-10-17 11:39:44-INFO-[tdms_reader_frequency.py:70]-成功读取文件: 20250620194621.140929.csv, 数据长度: 200000
2025-10-17 11:39:44-INFO-[tdms_reader_frequency.py:80]-处理文件: 20250620194621.140929.csv, 通道数: 16
2025-10-17 11:39:44-INFO-[tdms_reader_frequency.py:70]-成功读取文件: 20250620194632.691684.csv, 数据长度: 200000
2025-10-17 11:39:44-INFO-[tdms_reader_frequency.py:70]-成功读取文件: 20250620194615.280443.csv, 数据长度: 200000
2025-10-17 11:39:45-INFO-[tdms_reader_frequency.py:80]-处理文件: 20250620194632.691684.csv, 通道数: 16
2025-10-17 11:39:45-INFO-[tdms_reader_frequency.py:80]-处理文件: 20250620194615.280443.csv, 通道数: 16
2025-10-17 11:39:45-INFO-[tdms_reader_frequency.py:70]-成功读取文件: 20250620194629.813220.csv, 数据长度: 200000
2025-10-17 11:39:45-INFO-[tdms_reader_frequency.py:80]-处理文件: 20250620194629.813220.csv, 通道数: 16
2025-10-17 11:39:45-INFO-[tdms_reader_frequency.py:70]-成功读取文件: 20250620194626.920608.csv, 数据长度: 200000
2025-10-17 11:39:45-INFO-[tdms_reader_frequency.py:80]-处理文件: 20250620194626.920608.csv, 通道数: 16
2025-10-17 11:39:45-INFO-[tdms_reader_frequency.py:70]-成功读取文件: 20250620194635.587857.csv, 数据长度: 200000
2025-10-17 11:39:45-INFO-[tdms_reader_frequency.py:80]-处理文件: 20250620194635.587857.csv, 通道数: 16
2025-10-17 11:39:47-INFO-[tdms_reader_frequency.py:126]-  已写入 99999/99999 行FFT数据
2025-10-17 11:39:47-INFO-[tdms_reader_frequency.py:128]-已处理: 20250620203954.838344.csv -> D:/Lab/process/2025.6.20/frequency\50hz\FFT_20250620203954.838344.csv
2025-10-17 11:39:47-INFO-[tdms_reader_frequency.py:55]-开始处理文件: D:/Lab/process/2025.6.20/time\back\20250620194638.548843.csv
2025-10-17 11:39:47-INFO-[tdms_reader_frequency.py:63]-使用元数据采样率: 200000 Hz
2025-10-17 11:39:47-INFO-[tdms_reader_frequency.py:70]-成功读取文件: 20250620194638.548843.csv, 数据长度: 200000
2025-10-17 11:39:47-INFO-[tdms_reader_frequency.py:80]-处理文件: 20250620194638.548843.csv, 通道数: 16
2025-10-17 11:39:47-INFO-[tdms_reader_frequency.py:126]-  已写入 99999/99999 行FFT数据
2025-10-17 11:39:47-INFO-[tdms_reader_frequency.py:128]-已处理: 20250620203957.759340.csv -> D:/Lab/process/2025.6.20/frequency\50hz\FFT_20250620203957.759340.csv
2025-10-17 11:39:47-INFO-[tdms_reader_frequency.py:55]-开始处理文件: D:/Lab/process/2025.6.20/time\back\20250620194641.451865.csv
2025-10-17 11:39:47-INFO-[tdms_reader_frequency.py:63]-使用元数据采样率: 200000 Hz
2025-10-17 11:39:48-INFO-[tdms_reader_frequency.py:126]-  已写入 99999/99999 行FFT数据
2025-10-17 11:39:48-INFO-[tdms_reader_frequency.py:128]-已处理: 20250620204000.623816.csv -> D:/Lab/process/2025.6.20/frequency\50hz\FFT_20250620204000.623816.csv
2025-10-17 11:39:48-INFO-[tdms_reader_frequency.py:55]-开始处理文件: D:/Lab/process/2025.6.20/time\back\20250620194644.379134.csv
2025-10-17 11:39:48-INFO-[tdms_reader_frequency.py:63]-使用元数据采样率: 200000 Hz
2025-10-17 11:39:48-INFO-[tdms_reader_frequency.py:126]-  已写入 99999/99999 行FFT数据
2025-10-17 11:39:48-INFO-[tdms_reader_frequency.py:128]-已处理: 20250620204003.597035.csv -> D:/Lab/process/2025.6.20/frequency\50hz\FFT_20250620204003.597035.csv
2025-10-17 11:39:48-INFO-[tdms_reader_frequency.py:55]-开始处理文件: D:/Lab/process/2025.6.20/time\back\20250620194647.302328.csv
2025-10-17 11:39:48-INFO-[tdms_reader_frequency.py:63]-使用元数据采样率: 200000 Hz
2025-10-17 11:39:48-INFO-[tdms_reader_frequency.py:70]-成功读取文件: 20250620194641.451865.csv, 数据长度: 200000
2025-10-17 11:39:48-INFO-[tdms_reader_frequency.py:80]-处理文件: 20250620194641.451865.csv, 通道数: 16
2025-10-17 11:39:48-INFO-[tdms_reader_frequency.py:126]-  已写入 99999/99999 行FFT数据
2025-10-17 11:39:48-INFO-[tdms_reader_frequency.py:128]-已处理: 20250620204006.502835.csv -> D:/Lab/process/2025.6.20/frequency\50hz\FFT_20250620204006.502835.csv
2025-10-17 11:39:48-INFO-[tdms_reader_frequency.py:55]-开始处理文件: D:/Lab/process/2025.6.20/time\back\20250620194650.211108.csv
2025-10-17 11:39:48-INFO-[tdms_reader_frequency.py:63]-使用元数据采样率: 200000 Hz
2025-10-17 11:39:48-INFO-[tdms_reader_frequency.py:70]-成功读取文件: 20250620194644.379134.csv, 数据长度: 200000
2025-10-17 11:39:48-INFO-[tdms_reader_frequency.py:80]-处理文件: 20250620194644.379134.csv, 通道数: 16
2025-10-17 11:39:48-INFO-[tdms_reader_frequency.py:126]-  已写入 99999/99999 行FFT数据
2025-10-17 11:39:48-INFO-[tdms_reader_frequency.py:128]-已处理: 20250620204009.381570.csv -> D:/Lab/process/2025.6.20/frequency\50hz\FFT_20250620204009.381570.csv
2025-10-17 11:39:48-INFO-[tdms_reader_frequency.py:55]-开始处理文件: D:/Lab/process/2025.6.20/time\back\20250620194653.136268.csv
2025-10-17 11:39:48-INFO-[tdms_reader_frequency.py:63]-使用元数据采样率: 200000 Hz
2025-10-17 11:39:48-INFO-[tdms_reader_frequency.py:126]-  已写入 99999/99999 行FFT数据
2025-10-17 11:39:48-INFO-[tdms_reader_frequency.py:128]-已处理: 20250620204015.172895.csv -> D:/Lab/process/2025.6.20/frequency\50hz\FFT_20250620204015.172895.csv
2025-10-17 11:39:48-INFO-[tdms_reader_frequency.py:55]-开始处理文件: D:/Lab/process/2025.6.20/time\back\20250620194656.041305.csv
2025-10-17 11:39:48-INFO-[tdms_reader_frequency.py:63]-使用元数据采样率: 200000 Hz
2025-10-17 11:39:48-INFO-[tdms_reader_frequency.py:70]-成功读取文件: 20250620194647.302328.csv, 数据长度: 200000
2025-10-17 11:39:48-INFO-[tdms_reader_frequency.py:80]-处理文件: 20250620194647.302328.csv, 通道数: 16
2025-10-17 11:39:48-INFO-[tdms_reader_frequency.py:126]-  已写入 99999/99999 行FFT数据
2025-10-17 11:39:48-INFO-[tdms_reader_frequency.py:128]-已处理: 20250620204012.290275.csv -> D:/Lab/process/2025.6.20/frequency\50hz\FFT_20250620204012.290275.csv
2025-10-17 11:39:48-INFO-[tdms_reader_frequency.py:126]-  已写入 99999/99999 行FFT数据
2025-10-17 11:39:48-INFO-[tdms_reader_frequency.py:128]-已处理: 20250620204020.965725.csv -> D:/Lab/process/2025.6.20/frequency\50hz\FFT_20250620204020.965725.csv
2025-10-17 11:39:48-INFO-[tdms_reader_frequency.py:55]-开始处理文件: D:/Lab/process/2025.6.20/time\back\20250620194659.052610.csv
2025-10-17 11:39:48-INFO-[tdms_reader_frequency.py:63]-使用元数据采样率: 200000 Hz
2025-10-17 11:39:49-INFO-[tdms_reader_frequency.py:55]-开始处理文件: D:/Lab/process/2025.6.20/time\back\20250620194702.006214.csv
2025-10-17 11:39:49-INFO-[tdms_reader_frequency.py:63]-使用元数据采样率: 200000 Hz
2025-10-17 11:39:49-INFO-[tdms_reader_frequency.py:126]-  已写入 99999/99999 行FFT数据
2025-10-17 11:39:49-INFO-[tdms_reader_frequency.py:128]-已处理: 20250620204018.073789.csv -> D:/Lab/process/2025.6.20/frequency\50hz\FFT_20250620204018.073789.csv
2025-10-17 11:39:49-INFO-[tdms_reader_frequency.py:55]-开始处理文件: D:/Lab/process/2025.6.20/time\back\20250620194704.911499.csv
2025-10-17 11:39:49-INFO-[tdms_reader_frequency.py:63]-使用元数据采样率: 200000 Hz
2025-10-17 11:39:49-INFO-[tdms_reader_frequency.py:70]-成功读取文件: 20250620194650.211108.csv, 数据长度: 200000
2025-10-17 11:39:49-INFO-[tdms_reader_frequency.py:80]-处理文件: 20250620194650.211108.csv, 通道数: 16
2025-10-17 11:39:49-INFO-[tdms_reader_frequency.py:126]-  已写入 99999/99999 行FFT数据
2025-10-17 11:39:49-INFO-[tdms_reader_frequency.py:128]-已处理: 20250620204032.660249.csv -> D:/Lab/process/2025.6.20/frequency\50hz\FFT_20250620204032.660249.csv
2025-10-17 11:39:49-INFO-[tdms_reader_frequency.py:70]-成功读取文件: 20250620194653.136268.csv, 数据长度: 200000
2025-10-17 11:39:49-INFO-[tdms_reader_frequency.py:80]-处理文件: 20250620194653.136268.csv, 通道数: 16
2025-10-17 11:39:49-INFO-[tdms_reader_frequency.py:126]-  已写入 99999/99999 行FFT数据
2025-10-17 11:39:49-INFO-[tdms_reader_frequency.py:128]-已处理: 20250620204023.874951.csv -> D:/Lab/process/2025.6.20/frequency\50hz\FFT_20250620204023.874951.csv
2025-10-17 11:39:49-INFO-[tdms_reader_frequency.py:126]-  已写入 99999/99999 行FFT数据
2025-10-17 11:39:49-INFO-[tdms_reader_frequency.py:128]-已处理: 20250620204029.679945.csv -> D:/Lab/process/2025.6.20/frequency\50hz\FFT_20250620204029.679945.csv
2025-10-17 11:39:49-INFO-[tdms_reader_frequency.py:126]-  已写入 99999/99999 行FFT数据
2025-10-17 11:39:49-INFO-[tdms_reader_frequency.py:55]-开始处理文件: D:/Lab/process/2025.6.20/time\back\20250620194707.790523.csv
2025-10-17 11:39:49-INFO-[tdms_reader_frequency.py:128]-已处理: 20250620204026.769314.csv -> D:/Lab/process/2025.6.20/frequency\50hz\FFT_20250620204026.769314.csv
2025-10-17 11:39:49-INFO-[tdms_reader_frequency.py:63]-使用元数据采样率: 200000 Hz
2025-10-17 11:39:49-INFO-[tdms_reader_frequency.py:55]-开始处理文件: D:/Lab/process/2025.6.20/time\back\20250620194710.704633.csv
2025-10-17 11:39:49-INFO-[tdms_reader_frequency.py:63]-使用元数据采样率: 200000 Hz
2025-10-17 11:39:49-INFO-[tdms_reader_frequency.py:55]-开始处理文件: D:/Lab/process/2025.6.20/time\back\20250620194713.610034.csv
2025-10-17 11:39:49-INFO-[tdms_reader_frequency.py:63]-使用元数据采样率: 200000 Hz
2025-10-17 11:39:49-INFO-[tdms_reader_frequency.py:55]-开始处理文件: D:/Lab/process/2025.6.20/time\back\20250620194716.530521.csv
2025-10-17 11:39:49-INFO-[tdms_reader_frequency.py:63]-使用元数据采样率: 200000 Hz
2025-10-17 11:39:49-INFO-[tdms_reader_frequency.py:70]-成功读取文件: 20250620194656.041305.csv, 数据长度: 200000
2025-10-17 11:39:49-INFO-[tdms_reader_frequency.py:80]-处理文件: 20250620194656.041305.csv, 通道数: 16
2025-10-17 11:39:49-INFO-[tdms_reader_frequency.py:126]-  已写入 99999/99999 行FFT数据
2025-10-17 11:39:49-INFO-[tdms_reader_frequency.py:128]-已处理: 20250620204035.578939.csv -> D:/Lab/process/2025.6.20/frequency\50hz\FFT_20250620204035.578939.csv
2025-10-17 11:39:49-INFO-[tdms_reader_frequency.py:70]-成功读取文件: 20250620194659.052610.csv, 数据长度: 200000
2025-10-17 11:39:49-INFO-[tdms_reader_frequency.py:80]-处理文件: 20250620194659.052610.csv, 通道数: 16
2025-10-17 11:39:49-INFO-[tdms_reader_frequency.py:55]-开始处理文件: D:/Lab/process/2025.6.20/time\back\20250620194719.443004.csv
2025-10-17 11:39:49-INFO-[tdms_reader_frequency.py:63]-使用元数据采样率: 200000 Hz
2025-10-17 11:39:49-INFO-[tdms_reader_frequency.py:70]-成功读取文件: 20250620194702.006214.csv, 数据长度: 200000
2025-10-17 11:39:49-INFO-[tdms_reader_frequency.py:80]-处理文件: 20250620194702.006214.csv, 通道数: 16
2025-10-17 11:39:49-INFO-[tdms_reader_frequency.py:126]-  已写入 99999/99999 行FFT数据
2025-10-17 11:39:49-INFO-[tdms_reader_frequency.py:128]-已处理: 20250620204038.547364.csv -> D:/Lab/process/2025.6.20/frequency\50hz\FFT_20250620204038.547364.csv
2025-10-17 11:39:49-INFO-[tdms_reader_frequency.py:70]-成功读取文件: 20250620194704.911499.csv, 数据长度: 200000
2025-10-17 11:39:49-INFO-[tdms_reader_frequency.py:80]-处理文件: 20250620194704.911499.csv, 通道数: 16
2025-10-17 11:39:49-INFO-[tdms_reader_frequency.py:55]-开始处理文件: D:/Lab/process/2025.6.20/time\back\20250620194722.345550.csv
2025-10-17 11:39:49-INFO-[tdms_reader_frequency.py:63]-使用元数据采样率: 200000 Hz
2025-10-17 11:39:49-INFO-[tdms_reader_frequency.py:126]-  已写入 99999/99999 行FFT数据
2025-10-17 11:39:49-INFO-[tdms_reader_frequency.py:128]-已处理: 20250620204041.503131.csv -> D:/Lab/process/2025.6.20/frequency\50hz\FFT_20250620204041.503131.csv
2025-10-17 11:39:49-INFO-[tdms_reader_frequency.py:55]-开始处理文件: D:/Lab/process/2025.6.20/time\back\20250620194725.240403.csv
2025-10-17 11:39:49-INFO-[tdms_reader_frequency.py:63]-使用元数据采样率: 200000 Hz
2025-10-17 11:39:49-INFO-[tdms_reader_frequency.py:126]-  已写入 99999/99999 行FFT数据
2025-10-17 11:39:49-INFO-[tdms_reader_frequency.py:128]-已处理: 20250620194618.181950.csv -> D:/Lab/process/2025.6.20/frequency\back\FFT_20250620194618.181950.csv
2025-10-17 11:39:49-INFO-[tdms_reader_frequency.py:126]-  已写入 99999/99999 行FFT数据
2025-10-17 11:39:49-INFO-[tdms_reader_frequency.py:128]-已处理: 20250620194621.140929.csv -> D:/Lab/process/2025.6.20/frequency\back\FFT_20250620194621.140929.csv
2025-10-17 11:39:49-INFO-[tdms_reader_frequency.py:126]-  已写入 99999/99999 行FFT数据
2025-10-17 11:39:49-INFO-[tdms_reader_frequency.py:126]-  已写入 99999/99999 行FFT数据
2025-10-17 11:39:49-INFO-[tdms_reader_frequency.py:128]-已处理: 20250620194612.368512.csv -> D:/Lab/process/2025.6.20/frequency\back\FFT_20250620194612.368512.csv
2025-10-17 11:39:49-INFO-[tdms_reader_frequency.py:128]-已处理: 20250620204044.399715.csv -> D:/Lab/process/2025.6.20/frequency\50hz\FFT_20250620204044.399715.csv
2025-10-17 11:39:49-INFO-[tdms_reader_frequency.py:55]-开始处理文件: D:/Lab/process/2025.6.20/time\back\20250620194728.134972.csv
2025-10-17 11:39:49-INFO-[tdms_reader_frequency.py:63]-使用元数据采样率: 200000 Hz
2025-10-17 11:39:49-INFO-[tdms_reader_frequency.py:70]-成功读取文件: 20250620194707.790523.csv, 数据长度: 200000
2025-10-17 11:39:49-INFO-[tdms_reader_frequency.py:126]-  已写入 99999/99999 行FFT数据
2025-10-17 11:39:49-INFO-[tdms_reader_frequency.py:80]-处理文件: 20250620194707.790523.csv, 通道数: 16
2025-10-17 11:39:49-INFO-[tdms_reader_frequency.py:128]-已处理: 20250620204047.316458.csv -> D:/Lab/process/2025.6.20/frequency\50hz\FFT_20250620204047.316458.csv
2025-10-17 11:39:49-INFO-[tdms_reader_frequency.py:55]-开始处理文件: D:/Lab/process/2025.6.20/time\back\20250620194731.069696.csv
2025-10-17 11:39:49-INFO-[tdms_reader_frequency.py:63]-使用元数据采样率: 200000 Hz
2025-10-17 11:39:49-INFO-[tdms_reader_frequency.py:126]-  已写入 99999/99999 行FFT数据
2025-10-17 11:39:49-INFO-[tdms_reader_frequency.py:128]-已处理: 20250620194615.280443.csv -> D:/Lab/process/2025.6.20/frequency\back\FFT_20250620194615.280443.csv
2025-10-17 11:39:49-INFO-[tdms_reader_frequency.py:126]-  已写入 99999/99999 行FFT数据
2025-10-17 11:39:49-INFO-[tdms_reader_frequency.py:128]-已处理: 20250620194624.055741.csv -> D:/Lab/process/2025.6.20/frequency\back\FFT_20250620194624.055741.csv
2025-10-17 11:39:49-INFO-[tdms_reader_frequency.py:126]-  已写入 99999/99999 行FFT数据
2025-10-17 11:39:49-INFO-[tdms_reader_frequency.py:70]-成功读取文件: 20250620194716.530521.csv, 数据长度: 200000
quency\back\FFT_20250620194632.691684.csv
2025-10-17 11:39:49-INFO-[tdms_reader_frequency.py:80]-处理文件: 20250620194716.530521.csv, 通道数: 16
2025-10-17 11:39:49-INFO-[tdms_reader_frequency.py:55]-开始处理文件: D:/Lab/process/2025.6.20/time\backwatering\20250620193734.678390.csv
2025-10-17 11:39:49-INFO-[tdms_reader_frequency.py:63]-使用元数据采样率: 200000 Hz
2025-10-17 11:39:49-INFO-[tdms_reader_frequency.py:126]-  已写入 99999/99999 行FFT数据
2025-10-17 11:39:49-INFO-[tdms_reader_frequency.py:128]-已处理: 20250620194626.920608.csv -> D:/Lab/process/2025.6.20/frequency\back\FFT_20250620194626.920608.csv
2025-10-17 11:39:49-INFO-[tdms_reader_frequency.py:55]-开始处理文件: D:/Lab/process/2025.6.20/time\back\20250620194734.001919.csv
2025-10-17 11:39:49-INFO-[tdms_reader_frequency.py:63]-使用元数据采样率: 200000 Hz
2025-10-17 11:39:49-INFO-[tdms_reader_frequency.py:126]-  已写入 99999/99999 行FFT数据
2025-10-17 11:39:49-INFO-[tdms_reader_frequency.py:126]-  已写入 99999/99999 行FFT数据
2025-10-17 11:39:49-INFO-[tdms_reader_frequency.py:128]-已处理: 20250620194629.813220.csv -> D:/Lab/process/2025.6.20/frequency\back\FFT_20250620194629.813220.csv
2025-10-17 11:39:49-INFO-[tdms_reader_frequency.py:128]-已处理: 20250620194635.587857.csv -> D:/Lab/process/2025.6.20/frequency\back\FFT_20250620194635.587857.csv
2025-10-17 11:39:49-INFO-[tdms_reader_frequency.py:55]-开始处理文件: D:/Lab/process/2025.6.20/time\backwatering\20250620193737.643558.csv
2025-10-17 11:39:49-INFO-[tdms_reader_frequency.py:70]-成功读取文件: 20250620194710.704633.csv, 数据长度: 200000
2025-10-17 11:39:49-INFO-[tdms_reader_frequency.py:63]-使用元数据采样率: 200000 Hz
2025-10-17 11:39:49-INFO-[tdms_reader_frequency.py:80]-处理文件: 20250620194710.704633.csv, 通道数: 16
2025-10-17 11:39:49-INFO-[tdms_reader_frequency.py:55]-开始处理文件: D:/Lab/process/2025.6.20/time\backwatering\20250620193740.545447.csv
2025-10-17 11:39:49-INFO-[tdms_reader_frequency.py:63]-使用元数据采样率: 200000 Hz
2025-10-17 11:39:49-INFO-[tdms_reader_frequency.py:55]-开始处理文件: D:/Lab/process/2025.6.20/time\backwatering\20250620193743.417335.csv
2025-10-17 11:39:49-INFO-[tdms_reader_frequency.py:63]-使用元数据采样率: 200000 Hz
2025-10-17 11:39:49-INFO-[tdms_reader_frequency.py:55]-开始处理文件: D:/Lab/process/2025.6.20/time\backwatering\20250620193746.344677.csv
2025-10-17 11:39:49-INFO-[tdms_reader_frequency.py:63]-使用元数据采样率: 200000 Hz
2025-10-17 11:39:49-INFO-[tdms_reader_frequency.py:70]-成功读取文件: 20250620194713.610034.csv, 数据长度: 200000
2025-10-17 11:39:49-INFO-[tdms_reader_frequency.py:80]-处理文件: 20250620194713.610034.csv, 通道数: 16
2025-10-17 11:39:49-INFO-[tdms_reader_frequency.py:55]-开始处理文件: D:/Lab/process/2025.6.20/time\backwatering\20250620193749.270337.csv
2025-10-17 11:39:50-INFO-[tdms_reader_frequency.py:63]-使用元数据采样率: 200000 Hz
2025-10-17 11:39:50-INFO-[tdms_reader_frequency.py:55]-开始处理文件: D:/Lab/process/2025.6.20/time\backwatering\20250620193752.182714.csv
2025-10-17 11:39:50-INFO-[tdms_reader_frequency.py:63]-使用元数据采样率: 200000 Hz
2025-10-17 11:39:50-INFO-[tdms_reader_frequency.py:55]-开始处理文件: D:/Lab/process/2025.6.20/time\backwatering\20250620193755.071010.csv
2025-10-17 11:39:50-INFO-[tdms_reader_frequency.py:63]-使用元数据采样率: 200000 Hz
2025-10-17 11:39:50-INFO-[tdms_reader_frequency.py:70]-成功读取文件: 20250620194719.443004.csv, 数据长度: 200000
2025-10-17 11:39:50-INFO-[tdms_reader_frequency.py:80]-处理文件: 20250620194719.443004.csv, 通道数: 16
2025-10-17 11:39:50-INFO-[tdms_reader_frequency.py:70]-成功读取文件: 20250620194722.345550.csv, 数据长度: 200000
2025-10-17 11:39:50-INFO-[tdms_reader_frequency.py:80]-处理文件: 20250620194722.345550.csv, 通道数: 16
2025-10-17 11:39:50-INFO-[tdms_reader_frequency.py:70]-成功读取文件: 20250620194725.240403.csv, 数据长度: 200000
2025-10-17 11:39:50-INFO-[tdms_reader_frequency.py:80]-处理文件: 20250620194725.240403.csv, 通道数: 16
2025-10-17 11:39:50-INFO-[tdms_reader_frequency.py:70]-成功读取文件: 20250620194731.069696.csv, 数据长度: 200000
2025-10-17 11:39:50-INFO-[tdms_reader_frequency.py:80]-处理文件: 20250620194731.069696.csv, 通道数: 16
2025-10-17 11:39:50-INFO-[tdms_reader_frequency.py:70]-成功读取文件: 20250620194728.134972.csv, 数据长度: 200000
2025-10-17 11:39:50-INFO-[tdms_reader_frequency.py:80]-处理文件: 20250620194728.134972.csv, 通道数: 16
2025-10-17 11:39:50-INFO-[tdms_reader_frequency.py:70]-成功读取文件: 20250620193740.545447.csv, 数据长度: 200000
2025-10-17 11:39:50-INFO-[tdms_reader_frequency.py:70]-成功读取文件: 20250620193737.643558.csv, 数据长度: 200000
2025-10-17 11:39:50-INFO-[tdms_reader_frequency.py:80]-处理文件: 20250620193740.545447.csv, 通道数: 16
2025-10-17 11:39:50-INFO-[tdms_reader_frequency.py:80]-处理文件: 20250620193737.643558.csv, 通道数: 16
2025-10-17 11:39:50-INFO-[tdms_reader_frequency.py:70]-成功读取文件: 20250620193743.417335.csv, 数据长度: 200000
2025-10-17 11:39:50-INFO-[tdms_reader_frequency.py:70]-成功读取文件: 20250620193749.270337.csv, 数据长度: 200000
2025-10-17 11:39:50-INFO-[tdms_reader_frequency.py:80]-处理文件: 20250620193743.417335.csv, 通道数: 16
2025-10-17 11:39:50-INFO-[tdms_reader_frequency.py:80]-处理文件: 20250620193749.270337.csv, 通道数: 16
2025-10-17 11:39:50-INFO-[tdms_reader_frequency.py:70]-成功读取文件: 20250620193746.344677.csv, 数据长度: 200000
2025-10-17 11:39:50-INFO-[tdms_reader_frequency.py:80]-处理文件: 20250620193746.344677.csv, 通道数: 16
2025-10-17 11:39:50-INFO-[tdms_reader_frequency.py:70]-成功读取文件: 20250620194734.001919.csv, 数据长度: 200000
2025-10-17 11:39:50-INFO-[tdms_reader_frequency.py:80]-处理文件: 20250620194734.001919.csv, 通道数: 16
2025-10-17 11:39:50-INFO-[tdms_reader_frequency.py:70]-成功读取文件: 20250620193734.678390.csv, 数据长度: 200000
2025-10-17 11:39:50-INFO-[tdms_reader_frequency.py:80]-处理文件: 20250620193734.678390.csv, 通道数: 16
2025-10-17 11:39:50-INFO-[tdms_reader_frequency.py:70]-成功读取文件: 20250620193752.182714.csv, 数据长度: 200000
2025-10-17 11:39:50-INFO-[tdms_reader_frequency.py:80]-处理文件: 20250620193752.182714.csv, 通道数: 16
2025-10-17 11:39:50-INFO-[tdms_reader_frequency.py:70]-成功读取文件: 20250620193755.071010.csv, 数据长度: 200000
2025-10-17 11:39:50-INFO-[tdms_reader_frequency.py:80]-处理文件: 20250620193755.071010.csv, 通道数: 16
2025-10-17 11:39:52-INFO-[tdms_reader_frequency.py:126]-  已写入 99999/99999 行FFT数据
2025-10-17 11:39:52-INFO-[tdms_reader_frequency.py:128]-已处理: 20250620194638.548843.csv -> D:/Lab/process/2025.6.20/frequency\back\FFT_20250620194638.548843.csv
2025-10-17 11:39:52-INFO-[tdms_reader_frequency.py:55]-开始处理文件: D:/Lab/process/2025.6.20/time\backwatering\20250620193757.946475.csv
2025-10-17 11:39:52-INFO-[tdms_reader_frequency.py:63]-使用元数据采样率: 200000 Hz
2025-10-17 11:39:52-INFO-[tdms_reader_frequency.py:70]-成功读取文件: 20250620193757.946475.csv, 数据长度: 200000
2025-10-17 11:39:52-INFO-[tdms_reader_frequency.py:80]-处理文件: 20250620193757.946475.csv, 通道数: 16
2025-10-17 11:39:53-INFO-[tdms_reader_frequency.py:126]-  已写入 99999/99999 行FFT数据
2025-10-17 11:39:53-INFO-[tdms_reader_frequency.py:128]-已处理: 20250620194641.451865.csv -> D:/Lab/process/2025.6.20/frequency\back\FFT_20250620194641.451865.csv
2025-10-17 11:39:53-INFO-[tdms_reader_frequency.py:55]-开始处理文件: D:/Lab/process/2025.6.20/time\backwatering\20250620193800.664447.csv
2025-10-17 11:39:53-INFO-[tdms_reader_frequency.py:63]-使用元数据采样率: 200000 Hz
2025-10-17 11:39:53-INFO-[tdms_reader_frequency.py:126]-  已写入 99999/99999 行FFT数据
2025-10-17 11:39:53-INFO-[tdms_reader_frequency.py:128]-已处理: 20250620194644.379134.csv -> D:/Lab/process/2025.6.20/frequency\back\FFT_20250620194644.379134.csv
2025-10-17 11:39:53-INFO-[tdms_reader_frequency.py:55]-开始处理文件: D:/Lab/process/2025.6.20/time\backwatering\20250620193803.575523.csv
2025-10-17 11:39:53-INFO-[tdms_reader_frequency.py:63]-使用元数据采样率: 200000 Hz
2025-10-17 11:39:53-INFO-[tdms_reader_frequency.py:70]-成功读取文件: 20250620193800.664447.csv, 数据长度: 200000
2025-10-17 11:39:53-INFO-[tdms_reader_frequency.py:80]-处理文件: 20250620193800.664447.csv, 通道数: 16
2025-10-17 11:39:53-INFO-[tdms_reader_frequency.py:126]-  已写入 99999/99999 行FFT数据
2025-10-17 11:39:53-INFO-[tdms_reader_frequency.py:128]-已处理: 20250620194647.302328.csv -> D:/Lab/process/2025.6.20/frequency\back\FFT_20250620194647.302328.csv
2025-10-17 11:39:53-INFO-[tdms_reader_frequency.py:55]-开始处理文件: D:/Lab/process/2025.6.20/time\backwatering\20250620193806.499762.csv
2025-10-17 11:39:53-INFO-[tdms_reader_frequency.py:63]-使用元数据采样率: 200000 Hz
2025-10-17 11:39:53-INFO-[tdms_reader_frequency.py:126]-  已写入 99999/99999 行FFT数据
2025-10-17 11:39:53-INFO-[tdms_reader_frequency.py:128]-已处理: 20250620194650.211108.csv -> D:/Lab/process/2025.6.20/frequency\back\FFT_20250620194650.211108.csv
2025-10-17 11:39:53-INFO-[tdms_reader_frequency.py:55]-开始处理文件: D:/Lab/process/2025.6.20/time\backwatering\20250620193809.385131.csv
2025-10-17 11:39:53-INFO-[tdms_reader_frequency.py:63]-使用元数据采样率: 200000 Hz
2025-10-17 11:39:54-INFO-[tdms_reader_frequency.py:126]-  已写入 99999/99999 行FFT数据
2025-10-17 11:39:54-INFO-[tdms_reader_frequency.py:128]-已处理: 20250620194653.136268.csv -> D:/Lab/process/2025.6.20/frequency\back\FFT_20250620194653.136268.csv
2025-10-17 11:39:54-INFO-[tdms_reader_frequency.py:70]-成功读取文件: 20250620193803.575523.csv, 数据长度: 200000
2025-10-17 11:39:54-INFO-[tdms_reader_frequency.py:80]-处理文件: 20250620193803.575523.csv, 通道数: 16
2025-10-17 11:39:54-INFO-[tdms_reader_frequency.py:55]-开始处理文件: D:/Lab/process/2025.6.20/time\backwatering\20250620193812.362895.csv
2025-10-17 11:39:54-INFO-[tdms_reader_frequency.py:63]-使用元数据采样率: 200000 Hz
2025-10-17 11:39:54-INFO-[tdms_reader_frequency.py:126]-  已写入 99999/99999 行FFT数据
2025-10-17 11:39:54-INFO-[tdms_reader_frequency.py:128]-已处理: 20250620194656.041305.csv -> D:/Lab/process/2025.6.20/frequency\back\FFT_20250620194656.041305.csv
2025-10-17 11:39:54-INFO-[tdms_reader_frequency.py:126]-  已写入 99999/99999 行FFT数据
2025-10-17 11:39:54-INFO-[tdms_reader_frequency.py:128]-已处理: 20250620194702.006214.csv -> D:/Lab/process/2025.6.20/frequency\back\FFT_20250620194702.006214.csv
2025-10-17 11:39:54-INFO-[tdms_reader_frequency.py:55]-开始处理文件: D:/Lab/process/2025.6.20/time\backwatering\20250620193815.303531.csv
2025-10-17 11:39:54-INFO-[tdms_reader_frequency.py:63]-使用元数据采样率: 200000 Hz
2025-10-17 11:39:54-INFO-[tdms_reader_frequency.py:70]-成功读取文件: 20250620193806.499762.csv, 数据长度: 200000
2025-10-17 11:39:54-INFO-[tdms_reader_frequency.py:55]-开始处理文件: D:/Lab/process/2025.6.20/time\backwatering\20250620193818.229423.csv
2025-10-17 11:39:54-INFO-[tdms_reader_frequency.py:80]-处理文件: 20250620193806.499762.csv, 通道数: 16
2025-10-17 11:39:54-INFO-[tdms_reader_frequency.py:126]-  已写入 99999/99999 行FFT数据
2025-10-17 11:39:54-INFO-[tdms_reader_frequency.py:63]-使用元数据采样率: 200000 Hz
2025-10-17 11:39:54-INFO-[tdms_reader_frequency.py:128]-已处理: 20250620194659.052610.csv -> D:/Lab/process/2025.6.20/frequency\back\FFT_20250620194659.052610.csv
2025-10-17 11:39:54-INFO-[tdms_reader_frequency.py:70]-成功读取文件: 20250620193809.385131.csv, 数据长度: 200000
2025-10-17 11:39:54-INFO-[tdms_reader_frequency.py:80]-处理文件: 20250620193809.385131.csv, 通道数: 16
2025-10-17 11:39:54-INFO-[tdms_reader_frequency.py:55]-开始处理文件: D:/Lab/process/2025.6.20/time\backwatering\20250620193821.140393.csv
2025-10-17 11:39:54-INFO-[tdms_reader_frequency.py:63]-使用元数据采样率: 200000 Hz
2025-10-17 11:39:54-INFO-[tdms_reader_frequency.py:126]-  已写入 99999/99999 行FFT数据
2025-10-17 11:39:54-INFO-[tdms_reader_frequency.py:128]-已处理: 20250620194704.911499.csv -> D:/Lab/process/2025.6.20/frequency\back\FFT_20250620194704.911499.csv
2025-10-17 11:39:54-INFO-[tdms_reader_frequency.py:55]-开始处理文件: D:/Lab/process/2025.6.20/time\backwatering\20250620193824.039435.csv
2025-10-17 11:39:54-INFO-[tdms_reader_frequency.py:63]-使用元数据采样率: 200000 Hz
2025-10-17 11:39:54-INFO-[tdms_reader_frequency.py:70]-成功读取文件: 20250620193812.362895.csv, 数据长度: 200000
2025-10-17 11:39:54-INFO-[tdms_reader_frequency.py:80]-处理文件: 20250620193812.362895.csv, 通道数: 16
2025-10-17 11:39:54-INFO-[tdms_reader_frequency.py:126]-  已写入 99999/99999 行FFT数据
2025-10-17 11:39:54-INFO-[tdms_reader_frequency.py:128]-已处理: 20250620194707.790523.csv -> D:/Lab/process/2025.6.20/frequency\back\FFT_20250620194707.790523.csv
2025-10-17 11:39:54-INFO-[tdms_reader_frequency.py:55]-开始处理文件: D:/Lab/process/2025.6.20/time\backwatering\20250620193827.003131.csv
2025-10-17 11:39:54-INFO-[tdms_reader_frequency.py:63]-使用元数据采样率: 200000 Hz
2025-10-17 11:39:54-INFO-[tdms_reader_frequency.py:126]-  已写入 99999/99999 行FFT数据
2025-10-17 11:39:54-INFO-[tdms_reader_frequency.py:128]-已处理: 20250620194716.530521.csv -> D:/Lab/process/2025.6.20/frequency\back\FFT_20250620194716.530521.csv
2025-10-17 11:39:54-INFO-[tdms_reader_frequency.py:70]-成功读取文件: 20250620193815.303531.csv, 数据长度: 200000
2025-10-17 11:39:54-INFO-[tdms_reader_frequency.py:80]-处理文件: 20250620193815.303531.csv, 通道数: 16
2025-10-17 11:39:54-INFO-[tdms_reader_frequency.py:55]-开始处理文件: D:/Lab/process/2025.6.20/time\backwatering\20250620193829.938352.csv
2025-10-17 11:39:54-INFO-[tdms_reader_frequency.py:63]-使用元数据采样率: 200000 Hz
2025-10-17 11:39:54-INFO-[tdms_reader_frequency.py:126]-  已写入 99999/99999 行FFT数据
2025-10-17 11:39:54-INFO-[tdms_reader_frequency.py:128]-已处理: 20250620194713.610034.csv -> D:/Lab/process/2025.6.20/frequency\back\FFT_20250620194713.610034.csv
2025-10-17 11:39:54-INFO-[tdms_reader_frequency.py:70]-成功读取文件: 20250620193821.140393.csv, 数据长度: 200000
2025-10-17 11:39:54-INFO-[tdms_reader_frequency.py:80]-处理文件: 20250620193821.140393.csv, 通道数: 16
2025-10-17 11:39:54-INFO-[tdms_reader_frequency.py:126]-  已写入 99999/99999 行FFT数据
2025-10-17 11:39:54-INFO-[tdms_reader_frequency.py:128]-已处理: 20250620194710.704633.csv -> D:/Lab/process/2025.6.20/frequency\back\FFT_20250620194710.704633.csv
2025-10-17 11:39:54-INFO-[tdms_reader_frequency.py:55]-开始处理文件: D:/Lab/process/2025.6.20/time\backwatering\20250620193832.870292.csv
2025-10-17 11:39:54-INFO-[tdms_reader_frequency.py:63]-使用元数据采样率: 200000 Hz
2025-10-17 11:39:54-INFO-[tdms_reader_frequency.py:70]-成功读取文件: 20250620193818.229423.csv, 数据长度: 200000
2025-10-17 11:39:54-INFO-[tdms_reader_frequency.py:80]-处理文件: 20250620193818.229423.csv, 通道数: 16
2025-10-17 11:39:55-INFO-[tdms_reader_frequency.py:126]-  已写入 99999/99999 行FFT数据
2025-10-17 11:39:55-INFO-[tdms_reader_frequency.py:128]-已处理: 20250620194719.443004.csv -> D:/Lab/process/2025.6.20/frequency\back\FFT_20250620194719.443004.csv
2025-10-17 11:39:55-INFO-[tdms_reader_frequency.py:55]-开始处理文件: D:/Lab/process/2025.6.20/time\backwatering\20250620193835.769193.csv
2025-10-17 11:39:55-INFO-[tdms_reader_frequency.py:63]-使用元数据采样率: 200000 Hz
2025-10-17 11:39:55-INFO-[tdms_reader_frequency.py:70]-成功读取文件: 20250620193824.039435.csv, 数据长度: 200000
2025-10-17 11:39:55-INFO-[tdms_reader_frequency.py:80]-处理文件: 20250620193824.039435.csv, 通道数: 16
2025-10-17 11:39:55-INFO-[tdms_reader_frequency.py:55]-开始处理文件: D:/Lab/process/2025.6.20/time\backwatering\20250620193838.664452.csv
2025-10-17 11:39:55-INFO-[tdms_reader_frequency.py:63]-使用元数据采样率: 200000 Hz
2025-10-17 11:39:55-INFO-[tdms_reader_frequency.py:126]-  已写入 99999/99999 行FFT数据
2025-10-17 11:39:55-INFO-[tdms_reader_frequency.py:128]-已处理: 20250620194722.345550.csv -> D:/Lab/process/2025.6.20/frequency\back\FFT_20250620194722.345550.csv
2025-10-17 11:39:55-INFO-[tdms_reader_frequency.py:55]-开始处理文件: D:/Lab/process/2025.6.20/time\backwatering\20250620193841.584246.csv
2025-10-17 11:39:55-INFO-[tdms_reader_frequency.py:63]-使用元数据采样率: 200000 Hz
2025-10-17 11:39:55-INFO-[tdms_reader_frequency.py:70]-成功读取文件: 20250620193827.003131.csv, 数据长度: 200000
2025-10-17 11:39:55-INFO-[tdms_reader_frequency.py:126]-  已写入 99999/99999 行FFT数据
2025-10-17 11:39:55-INFO-[tdms_reader_frequency.py:80]-处理文件: 20250620193827.003131.csv, 通道数: 16
2025-10-17 11:39:55-INFO-[tdms_reader_frequency.py:128]-已处理: 20250620194725.240403.csv -> D:/Lab/process/2025.6.20/frequency\back\FFT_20250620194725.240403.csv
2025-10-17 11:39:55-INFO-[tdms_reader_frequency.py:126]-  已写入 99999/99999 行FFT数据
2025-10-17 11:39:55-INFO-[tdms_reader_frequency.py:128]-已处理: 20250620194728.134972.csv -> D:/Lab/process/2025.6.20/frequency\back\FFT_20250620194728.134972.csv
2025-10-17 11:39:55-INFO-[tdms_reader_frequency.py:126]-  已写入 99999/99999 行FFT数据
2025-10-17 11:39:55-INFO-[tdms_reader_frequency.py:128]-已处理: 20250620194731.069696.csv -> D:/Lab/process/2025.6.20/frequency\back\FFT_20250620194731.069696.csv
2025-10-17 11:39:55-INFO-[tdms_reader_frequency.py:55]-开始处理文件: D:/Lab/process/2025.6.20/time\backwatering\20250620193844.533171.csv
2025-10-17 11:39:55-INFO-[tdms_reader_frequency.py:63]-使用元数据采样率: 200000 Hz
2025-10-17 11:39:55-INFO-[tdms_reader_frequency.py:55]-开始处理文件: D:/Lab/process/2025.6.20/time\backwatering\20250620193847.466852.csv
2025-10-17 11:39:55-INFO-[tdms_reader_frequency.py:55]-开始处理文件: D:/Lab/process/2025.6.20/time\backwatering\20250620193850.400394.csv
2025-10-17 11:39:55-INFO-[tdms_reader_frequency.py:63]-使用元数据采样率: 200000 Hz
2025-10-17 11:39:55-INFO-[tdms_reader_frequency.py:63]-使用元数据采样率: 200000 Hz
2025-10-17 11:39:55-INFO-[tdms_reader_frequency.py:70]-成功读取文件: 20250620193829.938352.csv, 数据长度: 200000
2025-10-17 11:39:55-INFO-[tdms_reader_frequency.py:80]-处理文件: 20250620193829.938352.csv, 通道数: 16
2025-10-17 11:39:55-INFO-[tdms_reader_frequency.py:70]-成功读取文件: 20250620193832.870292.csv, 数据长度: 200000
2025-10-17 11:39:55-INFO-[tdms_reader_frequency.py:80]-处理文件: 20250620193832.870292.csv, 通道数: 16
2025-10-17 11:39:55-INFO-[tdms_reader_frequency.py:126]-  已写入 99999/99999 行FFT数据
2025-10-17 11:39:55-INFO-[tdms_reader_frequency.py:128]-已处理: 20250620194734.001919.csv -> D:/Lab/process/2025.6.20/frequency\back\FFT_20250620194734.001919.csv
2025-10-17 11:39:55-INFO-[tdms_reader_frequency.py:55]-开始处理文件: D:/Lab/process/2025.6.20/time\backwatering\20250620193853.345024.csv
2025-10-17 11:39:55-INFO-[tdms_reader_frequency.py:63]-使用元数据采样率: 200000 Hz
2025-10-17 11:39:55-INFO-[tdms_reader_frequency.py:70]-成功读取文件: 20250620193835.769193.csv, 数据长度: 200000
2025-10-17 11:39:55-INFO-[tdms_reader_frequency.py:80]-处理文件: 20250620193835.769193.csv, 通道数: 16
2025-10-17 11:39:55-INFO-[tdms_reader_frequency.py:70]-成功读取文件: 20250620193838.664452.csv, 数据长度: 200000
2025-10-17 11:39:55-INFO-[tdms_reader_frequency.py:80]-处理文件: 20250620193838.664452.csv, 通道数: 16
2025-10-17 11:39:55-INFO-[tdms_reader_frequency.py:70]-成功读取文件: 20250620193841.584246.csv, 数据长度: 200000
2025-10-17 11:39:55-INFO-[tdms_reader_frequency.py:80]-处理文件: 20250620193841.584246.csv, 通道数: 16
2025-10-17 11:39:55-INFO-[tdms_reader_frequency.py:70]-成功读取文件: 20250620193844.533171.csv, 数据长度: 200000
2025-10-17 11:39:55-INFO-[tdms_reader_frequency.py:80]-处理文件: 20250620193844.533171.csv, 通道数: 16
2025-10-17 11:39:55-INFO-[tdms_reader_frequency.py:70]-成功读取文件: 20250620193850.400394.csv, 数据长度: 200000
2025-10-17 11:39:55-INFO-[tdms_reader_frequency.py:80]-处理文件: 20250620193850.400394.csv, 通道数: 16
2025-10-17 11:39:55-INFO-[tdms_reader_frequency.py:70]-成功读取文件: 20250620193847.466852.csv, 数据长度: 200000
2025-10-17 11:39:55-INFO-[tdms_reader_frequency.py:80]-处理文件: 20250620193847.466852.csv, 通道数: 16
2025-10-17 11:39:56-INFO-[tdms_reader_frequency.py:70]-成功读取文件: 20250620193853.345024.csv, 数据长度: 200000
2025-10-17 11:39:56-INFO-[tdms_reader_frequency.py:80]-处理文件: 20250620193853.345024.csv, 通道数: 16
2025-10-17 11:39:56-INFO-[tdms_reader_frequency.py:126]-  已写入 99999/99999 行FFT数据
2025-10-17 11:39:56-INFO-[tdms_reader_frequency.py:128]-已处理: 20250620193737.643558.csv -> D:/Lab/process/2025.6.20/frequency\backwatering\FFT_20250620193737.643558.csv
2025-10-17 11:39:56-INFO-[tdms_reader_frequency.py:126]-  已写入 99999/99999 行FFT数据
2025-10-17 11:39:56-INFO-[tdms_reader_frequency.py:128]-已处理: 20250620193746.344677.csv -> D:/Lab/process/2025.6.20/frequency\backwatering\FFT_20250620193746.344677.csv
2025-10-17 11:39:56-INFO-[tdms_reader_frequency.py:55]-开始处理文件: D:/Lab/process/2025.6.20/time\backwatering\20250620193856.225711.csv
2025-10-17 11:39:56-INFO-[tdms_reader_frequency.py:63]-使用元数据采样率: 200000 Hz
2025-10-17 11:39:56-INFO-[tdms_reader_frequency.py:55]-开始处理文件: D:/Lab/process/2025.6.20/time\backwatering\20250620193859.168055.csv
2025-10-17 11:39:56-INFO-[tdms_reader_frequency.py:63]-使用元数据采样率: 200000 Hz
2025-10-17 11:39:56-INFO-[tdms_reader_frequency.py:126]-  已写入 99999/99999 行FFT数据
2025-10-17 11:39:56-INFO-[tdms_reader_frequency.py:128]-已处理: 20250620193749.270337.csv -> D:/Lab/process/2025.6.20/frequency\backwatering\FFT_20250620193749.270337.csv
2025-10-17 11:39:56-INFO-[tdms_reader_frequency.py:126]-  已写入 99999/99999 行FFT数据
2025-10-17 11:39:56-INFO-[tdms_reader_frequency.py:126]-  已写入 99999/99999 行FFT数据
2025-10-17 11:39:56-INFO-[tdms_reader_frequency.py:128]-已处理: 20250620193752.182714.csv -> D:/Lab/process/2025.6.20/frequency\backwatering\FFT_20250620193752.182714.csv
2025-10-17 11:39:56-INFO-[tdms_reader_frequency.py:128]-已处理: 20250620193740.545447.csv -> D:/Lab/process/2025.6.20/frequency\backwatering\FFT_20250620193740.545447.csv
2025-10-17 11:39:56-INFO-[tdms_reader_frequency.py:126]-  已写入 99999/99999 行FFT数据
2025-10-17 11:39:56-INFO-[tdms_reader_frequency.py:128]-已处理: 20250620193755.071010.csv -> D:/Lab/process/2025.6.20/frequency\backwatering\FFT_20250620193755.071010.csv
2025-10-17 11:39:56-INFO-[tdms_reader_frequency.py:126]-  已写入 99999/99999 行FFT数据
2025-10-17 11:39:56-INFO-[tdms_reader_frequency.py:128]-已处理: 20250620193734.678390.csv -> D:/Lab/process/2025.6.20/frequency\backwatering\FFT_20250620193734.678390.csv
2025-10-17 11:39:56-INFO-[tdms_reader_frequency.py:126]-  已写入 99999/99999 行FFT数据
2025-10-17 11:39:56-INFO-[tdms_reader_frequency.py:128]-已处理: 20250620193743.417335.csv -> D:/Lab/process/2025.6.20/frequency\backwatering\FFT_20250620193743.417335.csv
2025-10-17 11:39:56-INFO-[tdms_reader_frequency.py:55]-开始处理文件: D:/Lab/process/2025.6.20/time\backwatering\20250620193902.126579.csv
2025-10-17 11:39:56-INFO-[tdms_reader_frequency.py:63]-使用元数据采样率: 200000 Hz
2025-10-17 11:39:56-INFO-[tdms_reader_frequency.py:55]-开始处理文件: D:/Lab/process/2025.6.20/time\backwatering\20250620193905.056522.csv
2025-10-17 11:39:56-INFO-[tdms_reader_frequency.py:63]-使用元数据采样率: 200000 Hz
2025-10-17 11:39:56-INFO-[tdms_reader_frequency.py:55]-开始处理文件: D:/Lab/process/2025.6.20/time\backwatering\20250620193907.982947.csv
2025-10-17 11:39:56-INFO-[tdms_reader_frequency.py:63]-使用元数据采样率: 200000 Hz
2025-10-17 11:39:56-INFO-[tdms_reader_frequency.py:55]-开始处理文件: D:/Lab/process/2025.6.20/time\backwatering\20250620193910.873333.csv
2025-10-17 11:39:56-INFO-[tdms_reader_frequency.py:63]-使用元数据采样率: 200000 Hz
2025-10-17 11:39:56-INFO-[tdms_reader_frequency.py:55]-开始处理文件: D:/Lab/process/2025.6.20/time\backwatering\20250620193913.800929.csv
2025-10-17 11:39:56-INFO-[tdms_reader_frequency.py:63]-使用元数据采样率: 200000 Hz
2025-10-17 11:39:56-INFO-[tdms_reader_frequency.py:55]-开始处理文件: D:/Lab/process/2025.6.20/time\backwatering\20250620193916.714522.csv
2025-10-17 11:39:56-INFO-[tdms_reader_frequency.py:63]-使用元数据采样率: 200000 Hz
2025-10-17 11:39:57-INFO-[tdms_reader_frequency.py:70]-成功读取文件: 20250620193859.168055.csv, 数据长度: 200000
2025-10-17 11:39:57-INFO-[tdms_reader_frequency.py:80]-处理文件: 20250620193859.168055.csv, 通道数: 16
2025-10-17 11:39:57-INFO-[tdms_reader_frequency.py:70]-成功读取文件: 20250620193856.225711.csv, 数据长度: 200000
2025-10-17 11:39:57-INFO-[tdms_reader_frequency.py:80]-处理文件: 20250620193856.225711.csv, 通道数: 16
2025-10-17 11:39:57-INFO-[tdms_reader_frequency.py:70]-成功读取文件: 20250620193905.056522.csv, 数据长度: 200000
2025-10-17 11:39:57-INFO-[tdms_reader_frequency.py:80]-处理文件: 20250620193905.056522.csv, 通道数: 16
2025-10-17 11:39:57-INFO-[tdms_reader_frequency.py:70]-成功读取文件: 20250620193902.126579.csv, 数据长度: 200000
2025-10-17 11:39:57-INFO-[tdms_reader_frequency.py:80]-处理文件: 20250620193902.126579.csv, 通道数: 16
2025-10-17 11:39:57-INFO-[tdms_reader_frequency.py:70]-成功读取文件: 20250620193907.982947.csv, 数据长度: 200000
2025-10-17 11:39:57-INFO-[tdms_reader_frequency.py:80]-处理文件: 20250620193907.982947.csv, 通道数: 16
2025-10-17 11:39:57-INFO-[tdms_reader_frequency.py:70]-成功读取文件: 20250620193916.714522.csv, 数据长度: 200000
2025-10-17 11:39:57-INFO-[tdms_reader_frequency.py:80]-处理文件: 20250620193916.714522.csv, 通道数: 16
2025-10-17 11:39:57-INFO-[tdms_reader_frequency.py:70]-成功读取文件: 20250620193910.873333.csv, 数据长度: 200000
2025-10-17 11:39:57-INFO-[tdms_reader_frequency.py:80]-处理文件: 20250620193910.873333.csv, 通道数: 16
2025-10-17 11:39:57-INFO-[tdms_reader_frequency.py:70]-成功读取文件: 20250620193913.800929.csv, 数据长度: 200000
2025-10-17 11:39:57-INFO-[tdms_reader_frequency.py:80]-处理文件: 20250620193913.800929.csv, 通道数: 16
2025-10-17 11:39:59-INFO-[tdms_reader_frequency.py:126]-  已写入 99999/99999 行FFT数据
2025-10-17 11:39:59-INFO-[tdms_reader_frequency.py:128]-已处理: 20250620193757.946475.csv -> D:/Lab/process/2025.6.20/frequency\backwatering\FFT_20250620193757.946475.csv
2025-10-17 11:39:59-INFO-[tdms_reader_frequency.py:55]-开始处理文件: D:/Lab/process/2025.6.20/time\backwatering\20250620193919.648442.csv
2025-10-17 11:39:59-INFO-[tdms_reader_frequency.py:63]-使用元数据采样率: 200000 Hz
2025-10-17 11:40:00-INFO-[tdms_reader_frequency.py:70]-成功读取文件: 20250620193919.648442.csv, 数据长度: 200000
2025-10-17 11:40:00-INFO-[tdms_reader_frequency.py:80]-处理文件: 20250620193919.648442.csv, 通道数: 16
2025-10-17 11:40:00-INFO-[tdms_reader_frequency.py:126]-  已写入 99999/99999 行FFT数据
2025-10-17 11:40:00-INFO-[tdms_reader_frequency.py:128]-已处理: 20250620193800.664447.csv -> D:/Lab/process/2025.6.20/frequency\backwatering\FFT_20250620193800.664447.csv
2025-10-17 11:40:00-INFO-[tdms_reader_frequency.py:55]-开始处理文件: D:/Lab/process/2025.6.20/time\backwatering\20250620193922.601949.csv
2025-10-17 11:40:00-INFO-[tdms_reader_frequency.py:63]-使用元数据采样率: 200000 Hz
2025-10-17 11:40:00-INFO-[tdms_reader_frequency.py:126]-  已写入 99999/99999 行FFT数据
2025-10-17 11:40:00-INFO-[tdms_reader_frequency.py:128]-已处理: 20250620193803.575523.csv -> D:/Lab/process/2025.6.20/frequency\backwatering\FFT_20250620193803.575523.csv
2025-10-17 11:40:00-INFO-[tdms_reader_frequency.py:55]-开始处理文件: D:/Lab/process/2025.6.20/time\backwatering\20250620193925.583770.csv
2025-10-17 11:40:00-INFO-[tdms_reader_frequency.py:63]-使用元数据采样率: 200000 Hz
2025-10-17 11:40:00-INFO-[tdms_reader_frequency.py:70]-成功读取文件: 20250620193922.601949.csv, 数据长度: 200000
2025-10-17 11:40:00-INFO-[tdms_reader_frequency.py:80]-处理文件: 20250620193922.601949.csv, 通道数: 16
2025-10-17 11:40:01-INFO-[tdms_reader_frequency.py:126]-  已写入 99999/99999 行FFT数据
2025-10-17 11:40:01-INFO-[tdms_reader_frequency.py:128]-已处理: 20250620193806.499762.csv -> D:/Lab/process/2025.6.20/frequency\backwatering\FFT_20250620193806.499762.csv
2025-10-17 11:40:01-INFO-[tdms_reader_frequency.py:55]-开始处理文件: D:/Lab/process/2025.6.20/time\backwatering\20250620193928.513572.csv
2025-10-17 11:40:01-INFO-[tdms_reader_frequency.py:126]-  已写入 99999/99999 行FFT数据
2025-10-17 11:40:01-INFO-[tdms_reader_frequency.py:63]-使用元数据采样率: 200000 Hz
2025-10-17 11:40:01-INFO-[tdms_reader_frequency.py:128]-已处理: 20250620193812.362895.csv -> D:/Lab/process/2025.6.20/frequency\backwatering\FFT_20250620193812.362895.csv
2025-10-17 11:40:01-INFO-[tdms_reader_frequency.py:55]-开始处理文件: D:/Lab/process/2025.6.20/time\backwatering\20250620193931.418785.csv
2025-10-17 11:40:01-INFO-[tdms_reader_frequency.py:63]-使用元数据采样率: 200000 Hz
2025-10-17 11:40:01-INFO-[tdms_reader_frequency.py:70]-成功读取文件: 20250620193925.583770.csv, 数据长度: 200000
2025-10-17 11:40:01-INFO-[tdms_reader_frequency.py:126]-  已写入 99999/99999 行FFT数据
2025-10-17 11:40:01-INFO-[tdms_reader_frequency.py:80]-处理文件: 20250620193925.583770.csv, 通道数: 16
2025-10-17 11:40:01-INFO-[tdms_reader_frequency.py:128]-已处理: 20250620193809.385131.csv -> D:/Lab/process/2025.6.20/frequency\backwatering\FFT_20250620193809.385131.csv
2025-10-17 11:40:01-INFO-[tdms_reader_frequency.py:55]-开始处理文件: D:/Lab/process/2025.6.20/time\backwatering\20250620194609.324848.csv
2025-10-17 11:40:01-INFO-[tdms_reader_frequency.py:63]-使用元数据采样率: 200000 Hz
2025-10-17 11:40:01-INFO-[tdms_reader_frequency.py:70]-成功读取文件: 20250620193928.513572.csv, 数据长度: 200000
2025-10-17 11:40:01-INFO-[tdms_reader_frequency.py:80]-处理文件: 20250620193928.513572.csv, 通道数: 16
2025-10-17 11:40:01-INFO-[tdms_reader_frequency.py:126]-  已写入 99999/99999 行FFT数据
2025-10-17 11:40:01-INFO-[tdms_reader_frequency.py:70]-成功读取文件: 20250620193931.418785.csv, 数据长度: 200000
2025-10-17 11:40:01-INFO-[tdms_reader_frequency.py:128]-已处理: 20250620193815.303531.csv -> D:/Lab/process/2025.6.20/frequency\backwatering\FFT_20250620193815.303531.csv
2025-10-17 11:40:01-INFO-[tdms_reader_frequency.py:80]-处理文件: 20250620193931.418785.csv, 通道数: 16
2025-10-17 11:40:01-INFO-[tdms_reader_frequency.py:70]-成功读取文件: 20250620194609.324848.csv, 数据长度: 200000
2025-10-17 11:40:01-INFO-[tdms_reader_frequency.py:80]-处理文件: 20250620194609.324848.csv, 通道数: 16
2025-10-17 11:40:01-INFO-[tdms_reader_frequency.py:126]-  已写入 99999/99999 行FFT数据
2025-10-17 11:40:01-INFO-[tdms_reader_frequency.py:128]-已处理: 20250620193818.229423.csv -> D:/Lab/process/2025.6.20/frequency\backwatering\FFT_20250620193818.229423.csv
2025-10-17 11:40:01-INFO-[tdms_reader_frequency.py:126]-  已写入 99999/99999 行FFT数据
2025-10-17 11:40:01-INFO-[tdms_reader_frequency.py:128]-已处理: 20250620193824.039435.csv -> D:/Lab/process/2025.6.20/frequency\backwatering\FFT_20250620193824.039435.csv
2025-10-17 11:40:01-INFO-[tdms_reader_frequency.py:126]-  已写入 99999/99999 行FFT数据
2025-10-17 11:40:01-INFO-[tdms_reader_frequency.py:55]-开始处理文件: D:/Lab/process/2025.6.20/time\stopdirtyback\20250620203652.803200.csv
2025-10-17 11:40:01-INFO-[tdms_reader_frequency.py:128]-已处理: 20250620193821.140393.csv -> D:/Lab/process/2025.6.20/frequency\backwatering\FFT_20250620193821.140393.csv
2025-10-17 11:40:01-INFO-[tdms_reader_frequency.py:63]-使用元数据采样率: 200000 Hz
2025-10-17 11:40:01-INFO-[tdms_reader_frequency.py:55]-开始处理文件: D:/Lab/process/2025.6.20/time\stopdirtyback\20250620203655.750625.csv
2025-10-17 11:40:01-INFO-[tdms_reader_frequency.py:63]-使用元数据采样率: 200000 Hz
2025-10-17 11:40:01-INFO-[tdms_reader_frequency.py:55]-开始处理文件: D:/Lab/process/2025.6.20/time\stopdirtyback\20250620203658.518572.csv
2025-10-17 11:40:01-INFO-[tdms_reader_frequency.py:63]-使用元数据采样率: 200000 Hz
2025-10-17 11:40:01-INFO-[tdms_reader_frequency.py:55]-开始处理文件: D:/Lab/process/2025.6.20/time\stopdirtyback\20250620203701.532839.csv
2025-10-17 11:40:01-INFO-[tdms_reader_frequency.py:63]-使用元数据采样率: 200000 Hz
2025-10-17 11:40:01-INFO-[tdms_reader_frequency.py:126]-  已写入 99999/99999 行FFT数据
2025-10-17 11:40:01-INFO-[tdms_reader_frequency.py:128]-已处理: 20250620193827.003131.csv -> D:/Lab/process/2025.6.20/frequency\backwatering\FFT_20250620193827.003131.csv
2025-10-17 11:40:01-INFO-[tdms_reader_frequency.py:126]-  已写入 99999/99999 行FFT数据
2025-10-17 11:40:01-INFO-[tdms_reader_frequency.py:128]-已处理: 20250620193832.870292.csv -> D:/Lab/process/2025.6.20/frequency\backwatering\FFT_20250620193832.870292.csv
2025-10-17 11:40:02-INFO-[tdms_reader_frequency.py:55]-开始处理文件: D:/Lab/process/2025.6.20/time\stopdirtyback\20250620203704.513334.csv
2025-10-17 11:40:02-INFO-[tdms_reader_frequency.py:63]-使用元数据采样率: 200000 Hz
2025-10-17 11:40:02-INFO-[tdms_reader_frequency.py:55]-开始处理文件: D:/Lab/process/2025.6.20/time\stopdirtyback\20250620203707.478189.csv
2025-10-17 11:40:02-INFO-[tdms_reader_frequency.py:63]-使用元数据采样率: 200000 Hz
2025-10-17 11:40:02-INFO-[tdms_reader_frequency.py:126]-  已写入 99999/99999 行FFT数据
2025-10-17 11:40:02-INFO-[tdms_reader_frequency.py:128]-已处理: 20250620193829.938352.csv -> D:/Lab/process/2025.6.20/frequency\backwatering\FFT_20250620193829.938352.csv
2025-10-17 11:40:02-INFO-[tdms_reader_frequency.py:55]-开始处理文件: D:/Lab/process/2025.6.20/time\stopdirtyback\20250620203710.409991.csv
2025-10-17 11:40:02-INFO-[tdms_reader_frequency.py:63]-使用元数据采样率: 200000 Hz
2025-10-17 11:40:02-INFO-[tdms_reader_frequency.py:70]-成功读取文件: 20250620203658.518572.csv, 数据长度: 200000
2025-10-17 11:40:02-INFO-[tdms_reader_frequency.py:80]-处理文件: 20250620203658.518572.csv, 通道数: 16
2025-10-17 11:40:02-INFO-[tdms_reader_frequency.py:126]-  已写入 99999/99999 行FFT数据
2025-10-17 11:40:02-INFO-[tdms_reader_frequency.py:128]-已处理: 20250620193838.664452.csv -> D:/Lab/process/2025.6.20/frequency\backwatering\FFT_20250620193838.664452.csv
2025-10-17 11:40:02-INFO-[tdms_reader_frequency.py:70]-成功读取文件: 20250620203652.803200.csv, 数据长度: 200000
2025-10-17 11:40:02-INFO-[tdms_reader_frequency.py:80]-处理文件: 20250620203652.803200.csv, 通道数: 16
2025-10-17 11:40:02-INFO-[tdms_reader_frequency.py:70]-成功读取文件: 20250620203655.750625.csv, 数据长度: 200000
2025-10-17 11:40:02-INFO-[tdms_reader_frequency.py:80]-处理文件: 20250620203655.750625.csv, 通道数: 16
2025-10-17 11:40:02-INFO-[tdms_reader_frequency.py:55]-开始处理文件: D:/Lab/process/2025.6.20/time\stopdirtyback\20250620203713.390256.csv
2025-10-17 11:40:02-INFO-[tdms_reader_frequency.py:70]-成功读取文件: 20250620203701.532839.csv, 数据长度: 200000
2025-10-17 11:40:02-INFO-[tdms_reader_frequency.py:63]-使用元数据采样率: 200000 Hz
2025-10-17 11:40:02-INFO-[tdms_reader_frequency.py:80]-处理文件: 20250620203701.532839.csv, 通道数: 16
2025-10-17 11:40:02-INFO-[tdms_reader_frequency.py:126]-  已写入 99999/99999 行FFT数据
2025-10-17 11:40:02-INFO-[tdms_reader_frequency.py:128]-已处理: 20250620193835.769193.csv -> D:/Lab/process/2025.6.20/frequency\backwatering\FFT_20250620193835.769193.csv
2025-10-17 11:40:02-INFO-[tdms_reader_frequency.py:55]-开始处理文件: D:/Lab/process/2025.6.20/time\stopdirtyback\20250620203716.299159.csv
2025-10-17 11:40:02-INFO-[tdms_reader_frequency.py:63]-使用元数据采样率: 200000 Hz
2025-10-17 11:40:02-INFO-[tdms_reader_frequency.py:126]-  已写入 99999/99999 行FFT数据
2025-10-17 11:40:02-INFO-[tdms_reader_frequency.py:128]-已处理: 20250620193841.584246.csv -> D:/Lab/process/2025.6.20/frequency\backwatering\FFT_20250620193841.584246.csv
2025-10-17 11:40:02-INFO-[tdms_reader_frequency.py:55]-开始处理文件: D:/Lab/process/2025.6.20/time\stopdirtyback\20250620203719.208527.csv
2025-10-17 11:40:02-INFO-[tdms_reader_frequency.py:63]-使用元数据采样率: 200000 Hz
2025-10-17 11:40:02-INFO-[tdms_reader_frequency.py:70]-成功读取文件: 20250620203707.478189.csv, 数据长度: 200000
2025-10-17 11:40:02-INFO-[tdms_reader_frequency.py:126]-  已写入 99999/99999 行FFT数据
2025-10-17 11:40:02-INFO-[tdms_reader_frequency.py:80]-处理文件: 20250620203707.478189.csv, 通道数: 16
2025-10-17 11:40:02-INFO-[tdms_reader_frequency.py:128]-已处理: 20250620193844.533171.csv -> D:/Lab/process/2025.6.20/frequency\backwatering\FFT_20250620193844.533171.csv
2025-10-17 11:40:02-INFO-[tdms_reader_frequency.py:126]-  已写入 99999/99999 行FFT数据
2025-10-17 11:40:02-INFO-[tdms_reader_frequency.py:70]-成功读取文件: 20250620203704.513334.csv, 数据长度: 200000
2025-10-17 11:40:02-INFO-[tdms_reader_frequency.py:128]-已处理: 20250620193847.466852.csv -> D:/Lab/process/2025.6.20/frequency\backwatering\FFT_20250620193847.466852.csv
2025-10-17 11:40:02-INFO-[tdms_reader_frequency.py:80]-处理文件: 20250620203704.513334.csv, 通道数: 16
2025-10-17 11:40:02-INFO-[tdms_reader_frequency.py:55]-开始处理文件: D:/Lab/process/2025.6.20/time\stopdirtyback\20250620203722.132566.csv
2025-10-17 11:40:02-INFO-[tdms_reader_frequency.py:63]-使用元数据采样率: 200000 Hz
2025-10-17 11:40:02-INFO-[tdms_reader_frequency.py:55]-开始处理文件: D:/Lab/process/2025.6.20/time\stopdirtyback\20250620203725.055667.csv
2025-10-17 11:40:02-INFO-[tdms_reader_frequency.py:63]-使用元数据采样率: 200000 Hz
2025-10-17 11:40:02-INFO-[tdms_reader_frequency.py:126]-  已写入 99999/99999 行FFT数据
2025-10-17 11:40:02-INFO-[tdms_reader_frequency.py:128]-已处理: 20250620193850.400394.csv -> D:/Lab/process/2025.6.20/frequency\backwatering\FFT_20250620193850.400394.csv
2025-10-17 11:40:02-INFO-[tdms_reader_frequency.py:70]-成功读取文件: 20250620203710.409991.csv, 数据长度: 200000
2025-10-17 11:40:02-INFO-[tdms_reader_frequency.py:80]-处理文件: 20250620203710.409991.csv, 通道数: 16
2025-10-17 11:40:02-INFO-[tdms_reader_frequency.py:55]-开始处理文件: D:/Lab/process/2025.6.20/time\stopdirtyback\20250620203727.976887.csv
2025-10-17 11:40:02-INFO-[tdms_reader_frequency.py:63]-使用元数据采样率: 200000 Hz
2025-10-17 11:40:02-INFO-[tdms_reader_frequency.py:70]-成功读取文件: 20250620203713.390256.csv, 数据长度: 200000
2025-10-17 11:40:02-INFO-[tdms_reader_frequency.py:80]-处理文件: 20250620203713.390256.csv, 通道数: 16
2025-10-17 11:40:02-INFO-[tdms_reader_frequency.py:70]-成功读取文件: 20250620203716.299159.csv, 数据长度: 200000
2025-10-17 11:40:02-INFO-[tdms_reader_frequency.py:80]-处理文件: 20250620203716.299159.csv, 通道数: 16
2025-10-17 11:40:02-INFO-[tdms_reader_frequency.py:126]-  已写入 99999/99999 行FFT数据
2025-10-17 11:40:02-INFO-[tdms_reader_frequency.py:128]-已处理: 20250620193853.345024.csv -> D:/Lab/process/2025.6.20/frequency\backwatering\FFT_20250620193853.345024.csv
2025-10-17 11:40:02-INFO-[tdms_reader_frequency.py:55]-开始处理文件: D:/Lab/process/2025.6.20/time\stopdirtyback\20250620203730.949081.csv
2025-10-17 11:40:02-INFO-[tdms_reader_frequency.py:63]-使用元数据采样率: 200000 Hz
2025-10-17 11:40:02-INFO-[tdms_reader_frequency.py:70]-成功读取文件: 20250620203719.208527.csv, 数据长度: 200000
2025-10-17 11:40:02-INFO-[tdms_reader_frequency.py:80]-处理文件: 20250620203719.208527.csv, 通道数: 16
2025-10-17 11:40:03-INFO-[tdms_reader_frequency.py:70]-成功读取文件: 20250620203722.132566.csv, 数据长度: 200000
2025-10-17 11:40:03-INFO-[tdms_reader_frequency.py:80]-处理文件: 20250620203722.132566.csv, 通道数: 16
2025-10-17 11:40:03-INFO-[tdms_reader_frequency.py:70]-成功读取文件: 20250620203725.055667.csv, 数据长度: 200000
2025-10-17 11:40:03-INFO-[tdms_reader_frequency.py:80]-处理文件: 20250620203725.055667.csv, 通道数: 16
2025-10-17 11:40:03-INFO-[tdms_reader_frequency.py:70]-成功读取文件: 20250620203727.976887.csv, 数据长度: 200000
2025-10-17 11:40:03-INFO-[tdms_reader_frequency.py:80]-处理文件: 20250620203727.976887.csv, 通道数: 16
2025-10-17 11:40:03-INFO-[tdms_reader_frequency.py:70]-成功读取文件: 20250620203730.949081.csv, 数据长度: 200000
2025-10-17 11:40:03-INFO-[tdms_reader_frequency.py:80]-处理文件: 20250620203730.949081.csv, 通道数: 16
2025-10-17 11:40:03-INFO-[tdms_reader_frequency.py:126]-  已写入 99999/99999 行FFT数据
2025-10-17 11:40:03-INFO-[tdms_reader_frequency.py:128]-已处理: 20250620193856.225711.csv -> D:/Lab/process/2025.6.20/frequency\backwatering\FFT_20250620193856.225711.csv
2025-10-17 11:40:03-INFO-[tdms_reader_frequency.py:55]-开始处理文件: D:/Lab/process/2025.6.20/time\stopdirtyback\20250620203733.850068.csv
2025-10-17 11:40:03-INFO-[tdms_reader_frequency.py:63]-使用元数据采样率: 200000 Hz
2025-10-17 11:40:03-INFO-[tdms_reader_frequency.py:126]-  已写入 99999/99999 行FFT数据
2025-10-17 11:40:03-INFO-[tdms_reader_frequency.py:128]-已处理: 20250620193905.056522.csv -> D:/Lab/process/2025.6.20/frequency\backwatering\FFT_20250620193905.056522.csv
2025-10-17 11:40:03-INFO-[tdms_reader_frequency.py:55]-开始处理文件: D:/Lab/process/2025.6.20/time\stopdirtyback\20250620203736.809154.csv
2025-10-17 11:40:03-INFO-[tdms_reader_frequency.py:63]-使用元数据采样率: 200000 Hz
2025-10-17 11:40:03-INFO-[tdms_reader_frequency.py:126]-  已写入 99999/99999 行FFT数据
2025-10-17 11:40:03-INFO-[tdms_reader_frequency.py:128]-已处理: 20250620193859.168055.csv -> D:/Lab/process/2025.6.20/frequency\backwatering\FFT_20250620193859.168055.csv
2025-10-17 11:40:03-INFO-[tdms_reader_frequency.py:126]-  已写入 99999/99999 行FFT数据
2025-10-17 11:40:03-INFO-[tdms_reader_frequency.py:128]-已处理: 20250620193902.126579.csv -> D:/Lab/process/2025.6.20/frequency\backwatering\FFT_20250620193902.126579.csv
2025-10-17 11:40:03-INFO-[tdms_reader_frequency.py:126]-  已写入 99999/99999 行FFT数据
2025-10-17 11:40:03-INFO-[tdms_reader_frequency.py:128]-已处理: 20250620193913.800929.csv -> D:/Lab/process/2025.6.20/frequency\backwatering\FFT_20250620193913.800929.csv
2025-10-17 11:40:03-INFO-[tdms_reader_frequency.py:55]-开始处理文件: D:/Lab/process/2025.6.20/time\stopdirtyback\20250620203739.731672.csv
2025-10-17 11:40:03-INFO-[tdms_reader_frequency.py:55]-开始处理文件: D:/Lab/process/2025.6.20/time\stopdirtyback\20250620203742.636087.csv
2025-10-17 11:40:03-INFO-[tdms_reader_frequency.py:63]-使用元数据采样率: 200000 Hz
2025-10-17 11:40:03-INFO-[tdms_reader_frequency.py:126]-  已写入 99999/99999 行FFT数据
2025-10-17 11:40:03-INFO-[tdms_reader_frequency.py:63]-使用元数据采样率: 200000 Hz
2025-10-17 11:40:03-INFO-[tdms_reader_frequency.py:128]-已处理: 20250620193916.714522.csv -> D:/Lab/process/2025.6.20/frequency\backwatering\FFT_20250620193916.714522.csv
2025-10-17 11:40:03-INFO-[tdms_reader_frequency.py:126]-  已写入 99999/99999 行FFT数据
2025-10-17 11:40:03-INFO-[tdms_reader_frequency.py:128]-已处理: 20250620193910.873333.csv -> D:/Lab/process/2025.6.20/frequency\backwatering\FFT_20250620193910.873333.csv
2025-10-17 11:40:03-INFO-[tdms_reader_frequency.py:55]-开始处理文件: D:/Lab/process/2025.6.20/time\stopdirtyback\20250620203745.567957.csv
2025-10-17 11:40:03-INFO-[tdms_reader_frequency.py:63]-使用元数据采样率: 200000 Hz
2025-10-17 11:40:03-INFO-[tdms_reader_frequency.py:55]-开始处理文件: D:/Lab/process/2025.6.20/time\stopdirtyback\20250620203748.493319.csv
2025-10-17 11:40:03-INFO-[tdms_reader_frequency.py:63]-使用元数据采样率: 200000 Hz
2025-10-17 11:40:03-INFO-[tdms_reader_frequency.py:126]-  已写入 99999/99999 行FFT数据
2025-10-17 11:40:03-INFO-[tdms_reader_frequency.py:128]-已处理: 20250620193907.982947.csv -> D:/Lab/process/2025.6.20/frequency\backwatering\FFT_20250620193907.982947.csv
2025-10-17 11:40:03-INFO-[tdms_reader_frequency.py:55]-开始处理文件: D:/Lab/process/2025.6.20/time\stopdirtyback\20250620203751.394046.csv
2025-10-17 11:40:03-INFO-[tdms_reader_frequency.py:63]-使用元数据采样率: 200000 Hz
2025-10-17 11:40:03-INFO-[tdms_reader_frequency.py:55]-开始处理文件: D:/Lab/process/2025.6.20/time\stopdirtyback\20250620203754.381011.csv
2025-10-17 11:40:03-INFO-[tdms_reader_frequency.py:63]-使用元数据采样率: 200000 Hz
2025-10-17 11:40:04-INFO-[tdms_reader_frequency.py:70]-成功读取文件: 20250620203733.850068.csv, 数据长度: 200000
2025-10-17 11:40:04-INFO-[tdms_reader_frequency.py:80]-处理文件: 20250620203733.850068.csv, 通道数: 16
2025-10-17 11:40:04-INFO-[tdms_reader_frequency.py:70]-成功读取文件: 20250620203736.809154.csv, 数据长度: 200000
2025-10-17 11:40:04-INFO-[tdms_reader_frequency.py:80]-处理文件: 20250620203736.809154.csv, 通道数: 16
2025-10-17 11:40:04-INFO-[tdms_reader_frequency.py:70]-成功读取文件: 20250620203745.567957.csv, 数据长度: 200000
2025-10-17 11:40:04-INFO-[tdms_reader_frequency.py:80]-处理文件: 20250620203745.567957.csv, 通道数: 16
2025-10-17 11:40:04-INFO-[tdms_reader_frequency.py:70]-成功读取文件: 20250620203742.636087.csv, 数据长度: 200000
2025-10-17 11:40:04-INFO-[tdms_reader_frequency.py:80]-处理文件: 20250620203742.636087.csv, 通道数: 16
2025-10-17 11:40:04-INFO-[tdms_reader_frequency.py:70]-成功读取文件: 20250620203739.731672.csv, 数据长度: 200000
2025-10-17 11:40:04-INFO-[tdms_reader_frequency.py:80]-处理文件: 20250620203739.731672.csv, 通道数: 16
2025-10-17 11:40:04-INFO-[tdms_reader_frequency.py:70]-成功读取文件: 20250620203748.493319.csv, 数据长度: 200000
2025-10-17 11:40:04-INFO-[tdms_reader_frequency.py:80]-处理文件: 20250620203748.493319.csv, 通道数: 16
2025-10-17 11:40:04-INFO-[tdms_reader_frequency.py:70]-成功读取文件: 20250620203751.394046.csv, 数据长度: 200000
2025-10-17 11:40:04-INFO-[tdms_reader_frequency.py:70]-成功读取文件: 20250620203754.381011.csv, 数据长度: 200000
2025-10-17 11:40:04-INFO-[tdms_reader_frequency.py:80]-处理文件: 20250620203751.394046.csv, 通道数: 16
2025-10-17 11:40:04-INFO-[tdms_reader_frequency.py:80]-处理文件: 20250620203754.381011.csv, 通道数: 16
2025-10-17 11:40:06-INFO-[tdms_reader_frequency.py:126]-  已写入 99999/99999 行FFT数据
2025-10-17 11:40:06-INFO-[tdms_reader_frequency.py:128]-已处理: 20250620193919.648442.csv -> D:/Lab/process/2025.6.20/frequency\backwatering\FFT_20250620193919.648442.csv
2025-10-17 11:40:06-INFO-[tdms_reader_frequency.py:55]-开始处理文件: D:/Lab/process/2025.6.20/time\stopdirtyback\20250620203757.355624.csv
2025-10-17 11:40:06-INFO-[tdms_reader_frequency.py:63]-使用元数据采样率: 200000 Hz
2025-10-17 11:40:06-INFO-[tdms_reader_frequency.py:126]-  已写入 99999/99999 行FFT数据
2025-10-17 11:40:06-INFO-[tdms_reader_frequency.py:128]-已处理: 20250620194609.324848.csv -> D:/Lab/process/2025.6.20/frequency\backwatering\FFT_20250620194609.324848.csv
2025-10-17 11:40:06-INFO-[tdms_reader_frequency.py:55]-开始处理文件: D:/Lab/process/2025.6.20/time\stopdirtyback\20250620203800.231357.csv
2025-10-17 11:40:06-INFO-[tdms_reader_frequency.py:63]-使用元数据采样率: 200000 Hz
2025-10-17 11:40:06-INFO-[tdms_reader_frequency.py:70]-成功读取文件: 20250620203757.355624.csv, 数据长度: 200000
2025-10-17 11:40:06-INFO-[tdms_reader_frequency.py:80]-处理文件: 20250620203757.355624.csv, 通道数: 16
2025-10-17 11:40:06-INFO-[tdms_reader_frequency.py:126]-  已写入 99999/99999 行FFT数据
2025-10-17 11:40:06-INFO-[tdms_reader_frequency.py:128]-已处理: 20250620193922.601949.csv -> D:/Lab/process/2025.6.20/frequency\backwatering\FFT_20250620193922.601949.csv
2025-10-17 11:40:06-INFO-[tdms_reader_frequency.py:55]-开始处理文件: D:/Lab/process/2025.6.20/time\test\20250620193223.119184.csv
2025-10-17 11:40:06-INFO-[tdms_reader_frequency.py:63]-使用元数据采样率: 200000 Hz
2025-10-17 11:40:07-INFO-[tdms_reader_frequency.py:70]-成功读取文件: 20250620203800.231357.csv, 数据长度: 200000
2025-10-17 11:40:07-INFO-[tdms_reader_frequency.py:80]-处理文件: 20250620203800.231357.csv, 通道数: 16
2025-10-17 11:40:07-INFO-[tdms_reader_frequency.py:126]-  已写入 99999/99999 行FFT数据
2025-10-17 11:40:07-INFO-[tdms_reader_frequency.py:128]-已处理: 20250620203658.518572.csv -> D:/Lab/process/2025.6.20/frequency\stopdirtyback\FFT_20250620203658.518572.csv
2025-10-17 11:40:07-INFO-[tdms_reader_frequency.py:126]-  已写入 99999/99999 行FFT数据
2025-10-17 11:40:07-INFO-[tdms_reader_frequency.py:128]-已处理: 20250620203652.803200.csv -> D:/Lab/process/2025.6.20/frequency\stopdirtyback\FFT_20250620203652.803200.csv
2025-10-17 11:40:07-INFO-[tdms_reader_frequency.py:126]-  已写入 99999/99999 行FFT数据
2025-10-17 11:40:07-INFO-[tdms_reader_frequency.py:128]-已处理: 20250620203655.750625.csv -> D:/Lab/process/2025.6.20/frequency\stopdirtyback\FFT_20250620203655.750625.csv
2025-10-17 11:40:07-INFO-[tdms_reader_frequency.py:55]-开始处理文件: D:/Lab/process/2025.6.20/time\test\20250620193226.144821.csv
2025-10-17 11:40:07-INFO-[tdms_reader_frequency.py:63]-使用元数据采样率: 200000 Hz
2025-10-17 11:40:07-INFO-[tdms_reader_frequency.py:55]-开始处理文件: D:/Lab/process/2025.6.20/time\test\20250620193229.092219.csv
2025-10-17 11:40:07-INFO-[tdms_reader_frequency.py:63]-使用元数据采样率: 200000 Hz
2025-10-17 11:40:07-INFO-[tdms_reader_frequency.py:55]-开始处理文件: D:/Lab/process/2025.6.20/time\test\20250620193232.047310.csv
2025-10-17 11:40:07-INFO-[tdms_reader_frequency.py:63]-使用元数据采样率: 200000 Hz
2025-10-17 11:40:07-INFO-[tdms_reader_frequency.py:126]-  已写入 99999/99999 行FFT数据
2025-10-17 11:40:07-INFO-[tdms_reader_frequency.py:128]-已处理: 20250620203701.532839.csv -> D:/Lab/process/2025.6.20/frequency\stopdirtyback\FFT_20250620203701.532839.csv
2025-10-17 11:40:07-INFO-[tdms_reader_frequency.py:55]-开始处理文件: D:/Lab/process/2025.6.20/time\test\20250620193234.988384.csv
2025-10-17 11:40:07-INFO-[tdms_reader_frequency.py:63]-使用元数据采样率: 200000 Hz
2025-10-17 11:40:07-INFO-[tdms_reader_frequency.py:126]-  已写入 99999/99999 行FFT数据
2025-10-17 11:40:07-INFO-[tdms_reader_frequency.py:128]-已处理: 20250620193925.583770.csv -> D:/Lab/process/2025.6.20/frequency\backwatering\FFT_20250620193925.583770.csv
2025-10-17 11:40:07-INFO-[tdms_reader_frequency.py:55]-开始处理文件: D:/Lab/process/2025.6.20/time\test\20250620193237.935547.csv
2025-10-17 11:40:07-INFO-[tdms_reader_frequency.py:63]-使用元数据采样率: 200000 Hz
2025-10-17 11:40:07-INFO-[tdms_reader_frequency.py:126]-  已写入 99999/99999 行FFT数据
2025-10-17 11:40:07-INFO-[tdms_reader_frequency.py:128]-已处理: 20250620203707.478189.csv -> D:/Lab/process/2025.6.20/frequency\stopdirtyback\FFT_20250620203707.478189.csv
2025-10-17 11:40:07-INFO-[tdms_reader_frequency.py:55]-开始处理文件: D:/Lab/process/2025.6.20/time\test\20250620193240.864516.csv
2025-10-17 11:40:07-INFO-[tdms_reader_frequency.py:63]-使用元数据采样率: 200000 Hz
2025-10-17 11:40:07-INFO-[tdms_reader_frequency.py:70]-成功读取文件: 20250620193223.119184.csv, 数据长度: 200000
2025-10-17 11:40:07-INFO-[tdms_reader_frequency.py:80]-处理文件: 20250620193223.119184.csv, 通道数: 16
2025-10-17 11:40:07-INFO-[tdms_reader_frequency.py:126]-  已写入 99999/99999 行FFT数据
2025-10-17 11:40:07-INFO-[tdms_reader_frequency.py:128]-已处理: 20250620203704.513334.csv -> D:/Lab/process/2025.6.20/frequency\stopdirtyback\FFT_20250620203704.513334.csv
2025-10-17 11:40:07-INFO-[tdms_reader_frequency.py:126]-  已写入 99999/99999 行FFT数据
2025-10-17 11:40:07-INFO-[tdms_reader_frequency.py:128]-已处理: 20250620203710.409991.csv -> D:/Lab/process/2025.6.20/frequency\stopdirtyback\FFT_20250620203710.409991.csv
2025-10-17 11:40:07-INFO-[tdms_reader_frequency.py:70]-成功读取文件: 20250620193229.092219.csv, 数据长度: 200000
2025-10-17 11:40:07-INFO-[tdms_reader_frequency.py:80]-处理文件: 20250620193229.092219.csv, 通道数: 16
2025-10-17 11:40:07-INFO-[tdms_reader_frequency.py:55]-开始处理文件: D:/Lab/process/2025.6.20/time\test\20250620193243.809867.csv
2025-10-17 11:40:07-INFO-[tdms_reader_frequency.py:63]-使用元数据采样率: 200000 Hz
2025-10-17 11:40:07-INFO-[tdms_reader_frequency.py:55]-开始处理文件: D:/Lab/process/2025.6.20/time\test\20250620193246.763908.csv
2025-10-17 11:40:07-INFO-[tdms_reader_frequency.py:70]-成功读取文件: 20250620193232.047310.csv, 数据长度: 200000
2025-10-17 11:40:07-INFO-[tdms_reader_frequency.py:63]-使用元数据采样率: 200000 Hz
2025-10-17 11:40:07-INFO-[tdms_reader_frequency.py:80]-处理文件: 20250620193232.047310.csv, 通道数: 16
2025-10-17 11:40:07-INFO-[tdms_reader_frequency.py:126]-  已写入 99999/99999 行FFT数据
2025-10-17 11:40:07-INFO-[tdms_reader_frequency.py:128]-已处理: 20250620193928.513572.csv -> D:/Lab/process/2025.6.20/frequency\backwatering\FFT_20250620193928.513572.csv
2025-10-17 11:40:07-INFO-[tdms_reader_frequency.py:126]-  已写入 99999/99999 行FFT数据
2025-10-17 11:40:07-INFO-[tdms_reader_frequency.py:128]-已处理: 20250620203713.390256.csv -> D:/Lab/process/2025.6.20/frequency\stopdirtyback\FFT_20250620203713.390256.csv
2025-10-17 11:40:07-INFO-[tdms_reader_frequency.py:70]-成功读取文件: 20250620193226.144821.csv, 数据长度: 200000
2025-10-17 11:40:07-INFO-[tdms_reader_frequency.py:80]-处理文件: 20250620193226.144821.csv, 通道数: 16
2025-10-17 11:40:07-INFO-[tdms_reader_frequency.py:70]-成功读取文件: 20250620193234.988384.csv, 数据长度: 200000
2025-10-17 11:40:07-INFO-[tdms_reader_frequency.py:55]-开始处理文件: D:/Lab/process/2025.6.20/time\test\20250620193249.732466.csv
2025-10-17 11:40:07-INFO-[tdms_reader_frequency.py:80]-处理文件: 20250620193234.988384.csv, 通道数: 16
2025-10-17 11:40:07-INFO-[tdms_reader_frequency.py:63]-使用元数据采样率: 200000 Hz
2025-10-17 11:40:07-INFO-[tdms_reader_frequency.py:55]-开始处理文件: D:/Lab/process/2025.6.20/time\test\20250620193252.662583.csv
2025-10-17 11:40:07-INFO-[tdms_reader_frequency.py:63]-使用元数据采样率: 200000 Hz
2025-10-17 11:40:07-INFO-[tdms_reader_frequency.py:126]-  已写入 99999/99999 行FFT数据
2025-10-17 11:40:07-INFO-[tdms_reader_frequency.py:128]-已处理: 20250620203716.299159.csv -> D:/Lab/process/2025.6.20/frequency\stopdirtyback\FFT_20250620203716.299159.csv
2025-10-17 11:40:07-INFO-[tdms_reader_frequency.py:126]-  已写入 99999/99999 行FFT数据
2025-10-17 11:40:07-INFO-[tdms_reader_frequency.py:128]-已处理: 20250620193931.418785.csv -> D:/Lab/process/2025.6.20/frequency\backwatering\FFT_20250620193931.418785.csv
2025-10-17 11:40:07-INFO-[tdms_reader_frequency.py:55]-开始处理文件: D:/Lab/process/2025.6.20/time\test\20250620193255.616210.csv
2025-10-17 11:40:07-INFO-[tdms_reader_frequency.py:70]-成功读取文件: 20250620193237.935547.csv, 数据长度: 200000
2025-10-17 11:40:07-INFO-[tdms_reader_frequency.py:63]-使用元数据采样率: 200000 Hz
2025-10-17 11:40:07-INFO-[tdms_reader_frequency.py:80]-处理文件: 20250620193237.935547.csv, 通道数: 16
2025-10-17 11:40:07-INFO-[tdms_reader_frequency.py:55]-开始处理文件: D:/Lab/process/2025.6.20/time\test\20250620193258.574172.csv
2025-10-17 11:40:07-INFO-[tdms_reader_frequency.py:63]-使用元数据采样率: 200000 Hz
2025-10-17 11:40:07-INFO-[tdms_reader_frequency.py:70]-成功读取文件: 20250620193240.864516.csv, 数据长度: 200000
2025-10-17 11:40:07-INFO-[tdms_reader_frequency.py:80]-处理文件: 20250620193240.864516.csv, 通道数: 16
2025-10-17 11:40:07-INFO-[tdms_reader_frequency.py:126]-  已写入 99999/99999 行FFT数据
2025-10-17 11:40:07-INFO-[tdms_reader_frequency.py:128]-已处理: 20250620203719.208527.csv -> D:/Lab/process/2025.6.20/frequency\stopdirtyback\FFT_20250620203719.208527.csv
2025-10-17 11:40:07-INFO-[tdms_reader_frequency.py:55]-开始处理文件: D:/Lab/process/2025.6.20/time\test\20250620193301.508846.csv
2025-10-17 11:40:07-INFO-[tdms_reader_frequency.py:63]-使用元数据采样率: 200000 Hz
2025-10-17 11:40:08-INFO-[tdms_reader_frequency.py:126]-  已写入 99999/99999 行FFT数据
2025-10-17 11:40:08-INFO-[tdms_reader_frequency.py:128]-已处理: 20250620203722.132566.csv -> D:/Lab/process/2025.6.20/frequency\stopdirtyback\FFT_20250620203722.132566.csv
2025-10-17 11:40:08-INFO-[tdms_reader_frequency.py:55]-开始处理文件: D:/Lab/process/2025.6.20/time\test\20250620193304.484258.csv
2025-10-17 11:40:08-INFO-[tdms_reader_frequency.py:63]-使用元数据采样率: 200000 Hz
2025-10-17 11:40:08-INFO-[tdms_reader_frequency.py:126]-  已写入 99999/99999 行FFT数据
2025-10-17 11:40:08-INFO-[tdms_reader_frequency.py:126]-  已写入 99999/99999 行FFT数据
2025-10-17 11:40:08-INFO-[tdms_reader_frequency.py:128]-已处理: 20250620203725.055667.csv -> D:/Lab/process/2025.6.20/frequency\stopdirtyback\FFT_20250620203725.055667.csv
2025-10-17 11:40:08-INFO-[tdms_reader_frequency.py:128]-已处理: 20250620203727.976887.csv -> D:/Lab/process/2025.6.20/frequency\stopdirtyback\FFT_20250620203727.976887.csv
2025-10-17 11:40:08-INFO-[tdms_reader_frequency.py:70]-成功读取文件: 20250620193243.809867.csv, 数据长度: 200000
2025-10-17 11:40:08-INFO-[tdms_reader_frequency.py:80]-处理文件: 20250620193243.809867.csv, 通道数: 16
2025-10-17 11:40:08-INFO-[tdms_reader_frequency.py:55]-开始处理文件: D:/Lab/process/2025.6.20/time\test\20250620193307.430461.csv
2025-10-17 11:40:08-INFO-[tdms_reader_frequency.py:63]-使用元数据采样率: 200000 Hz
2025-10-17 11:40:08-INFO-[tdms_reader_frequency.py:55]-开始处理文件: D:/Lab/process/2025.6.20/time\test\20250620193310.390563.csv
2025-10-17 11:40:08-INFO-[tdms_reader_frequency.py:63]-使用元数据采样率: 200000 Hz
2025-10-17 11:40:08-INFO-[tdms_reader_frequency.py:70]-成功读取文件: 20250620193246.763908.csv, 数据长度: 200000
2025-10-17 11:40:08-INFO-[tdms_reader_frequency.py:80]-处理文件: 20250620193246.763908.csv, 通道数: 16
2025-10-17 11:40:08-INFO-[tdms_reader_frequency.py:70]-成功读取文件: 20250620193249.732466.csv, 数据长度: 200000
2025-10-17 11:40:08-INFO-[tdms_reader_frequency.py:80]-处理文件: 20250620193249.732466.csv, 通道数: 16
2025-10-17 11:40:08-INFO-[tdms_reader_frequency.py:126]-  已写入 99999/99999 行FFT数据
2025-10-17 11:40:08-INFO-[tdms_reader_frequency.py:128]-已处理: 20250620203730.949081.csv -> D:/Lab/process/2025.6.20/frequency\stopdirtyback\FFT_20250620203730.949081.csv
2025-10-17 11:40:08-INFO-[tdms_reader_frequency.py:70]-成功读取文件: 20250620193252.662583.csv, 数据长度: 200000
2025-10-17 11:40:08-INFO-[tdms_reader_frequency.py:80]-处理文件: 20250620193252.662583.csv, 通道数: 16
2025-10-17 11:40:08-INFO-[tdms_reader_frequency.py:70]-成功读取文件: 20250620193258.574172.csv, 数据长度: 200000
2025-10-17 11:40:08-INFO-[tdms_reader_frequency.py:80]-处理文件: 20250620193258.574172.csv, 通道数: 16
2025-10-17 11:40:08-INFO-[tdms_reader_frequency.py:55]-开始处理文件: D:/Lab/process/2025.6.20/time\test\20250620193313.360571.csv
2025-10-17 11:40:08-INFO-[tdms_reader_frequency.py:63]-使用元数据采样率: 200000 Hz
2025-10-17 11:40:08-INFO-[tdms_reader_frequency.py:70]-成功读取文件: 20250620193255.616210.csv, 数据长度: 200000
2025-10-17 11:40:08-INFO-[tdms_reader_frequency.py:80]-处理文件: 20250620193255.616210.csv, 通道数: 16
2025-10-17 11:40:08-INFO-[tdms_reader_frequency.py:70]-成功读取文件: 20250620193301.508846.csv, 数据长度: 200000
2025-10-17 11:40:08-INFO-[tdms_reader_frequency.py:80]-处理文件: 20250620193301.508846.csv, 通道数: 16
2025-10-17 11:40:08-INFO-[tdms_reader_frequency.py:70]-成功读取文件: 20250620193304.484258.csv, 数据长度: 200000
2025-10-17 11:40:08-INFO-[tdms_reader_frequency.py:80]-处理文件: 20250620193304.484258.csv, 通道数: 16
2025-10-17 11:40:08-INFO-[tdms_reader_frequency.py:70]-成功读取文件: 20250620193310.390563.csv, 数据长度: 200000
2025-10-17 11:40:08-INFO-[tdms_reader_frequency.py:80]-处理文件: 20250620193310.390563.csv, 通道数: 16
2025-10-17 11:40:08-INFO-[tdms_reader_frequency.py:70]-成功读取文件: 20250620193307.430461.csv, 数据长度: 200000
2025-10-17 11:40:08-INFO-[tdms_reader_frequency.py:80]-处理文件: 20250620193307.430461.csv, 通道数: 16
2025-10-17 11:40:08-INFO-[tdms_reader_frequency.py:70]-成功读取文件: 20250620193313.360571.csv, 数据长度: 200000
2025-10-17 11:40:08-INFO-[tdms_reader_frequency.py:80]-处理文件: 20250620193313.360571.csv, 通道数: 16
2025-10-17 11:40:09-INFO-[tdms_reader_frequency.py:126]-  已写入 99999/99999 行FFT数据
2025-10-17 11:40:09-INFO-[tdms_reader_frequency.py:128]-已处理: 20250620203733.850068.csv -> D:/Lab/process/2025.6.20/frequency\stopdirtyback\FFT_20250620203733.850068.csv
2025-10-17 11:40:09-INFO-[tdms_reader_frequency.py:55]-开始处理文件: D:/Lab/process/2025.6.20/time\test\20250620193316.385404.csv
2025-10-17 11:40:09-INFO-[tdms_reader_frequency.py:63]-使用元数据采样率: 200000 Hz
2025-10-17 11:40:09-INFO-[tdms_reader_frequency.py:126]-  已写入 99999/99999 行FFT数据
2025-10-17 11:40:09-INFO-[tdms_reader_frequency.py:128]-已处理: 20250620203736.809154.csv -> D:/Lab/process/2025.6.20/frequency\stopdirtyback\FFT_20250620203736.809154.csv
2025-10-17 11:40:09-INFO-[tdms_reader_frequency.py:55]-开始处理文件: D:/Lab/process/2025.6.20/time\test\20250620193319.359090.csv
2025-10-17 11:40:09-INFO-[tdms_reader_frequency.py:63]-使用元数据采样率: 200000 Hz
2025-10-17 11:40:09-INFO-[tdms_reader_frequency.py:126]-  已写入 99999/99999 行FFT数据
2025-10-17 11:40:09-INFO-[tdms_reader_frequency.py:128]-已处理: 20250620203739.731672.csv -> D:/Lab/process/2025.6.20/frequency\stopdirtyback\FFT_20250620203739.731672.csv
2025-10-17 11:40:09-INFO-[tdms_reader_frequency.py:126]-  已写入 99999/99999 行FFT数据
2025-10-17 11:40:09-INFO-[tdms_reader_frequency.py:126]-  已写入 99999/99999 行FFT数据
2025-10-17 11:40:09-INFO-[tdms_reader_frequency.py:128]-已处理: 20250620203742.636087.csv -> D:/Lab/process/2025.6.20/frequency\stopdirtyback\FFT_20250620203742.636087.csv
2025-10-17 11:40:09-INFO-[tdms_reader_frequency.py:128]-已处理: 20250620203745.567957.csv -> D:/Lab/process/2025.6.20/frequency\stopdirtyback\FFT_20250620203745.567957.csv
2025-10-17 11:40:09-INFO-[tdms_reader_frequency.py:55]-开始处理文件: D:/Lab/process/2025.6.20/time\test\20250620193325.269995.csv
2025-10-17 11:40:09-INFO-[tdms_reader_frequency.py:63]-使用元数据采样率: 200000 Hz
2025-10-17 11:40:09-INFO-[tdms_reader_frequency.py:55]-开始处理文件: D:/Lab/process/2025.6.20/time\test\20250620193322.349448.csv
2025-10-17 11:40:09-INFO-[tdms_reader_frequency.py:63]-使用元数据采样率: 200000 Hz
2025-10-17 11:40:09-INFO-[tdms_reader_frequency.py:126]-  已写入 99999/99999 行FFT数据
2025-10-17 11:40:09-INFO-[tdms_reader_frequency.py:126]-  已写入 99999/99999 行FFT数据
2025-10-17 11:40:09-INFO-[tdms_reader_frequency.py:128]-已处理: 20250620203748.493319.csv -> D:/Lab/process/2025.6.20/frequency\stopdirtyback\FFT_20250620203748.493319.csv
2025-10-17 11:40:09-INFO-[tdms_reader_frequency.py:128]-已处理: 20250620203754.381011.csv -> D:/Lab/process/2025.6.20/frequency\stopdirtyback\FFT_20250620203754.381011.csv
2025-10-17 11:40:09-INFO-[tdms_reader_frequency.py:126]-  已写入 99999/99999 行FFT数据
2025-10-17 11:40:09-INFO-[tdms_reader_frequency.py:128]-已处理: 20250620203751.394046.csv -> D:/Lab/process/2025.6.20/frequency\stopdirtyback\FFT_20250620203751.394046.csv
2025-10-17 11:40:09-INFO-[tdms_reader_frequency.py:70]-成功读取文件: 20250620193316.385404.csv, 数据长度: 200000
2025-10-17 11:40:09-INFO-[tdms_reader_frequency.py:80]-处理文件: 20250620193316.385404.csv, 通道数: 16
2025-10-17 11:40:09-INFO-[tdms_reader_frequency.py:70]-成功读取文件: 20250620193319.359090.csv, 数据长度: 200000
2025-10-17 11:40:09-INFO-[tdms_reader_frequency.py:80]-处理文件: 20250620193319.359090.csv, 通道数: 16
2025-10-17 11:40:09-INFO-[tdms_reader_frequency.py:70]-成功读取文件: 20250620193325.269995.csv, 数据长度: 200000
2025-10-17 11:40:09-INFO-[tdms_reader_frequency.py:80]-处理文件: 20250620193325.269995.csv, 通道数: 16
2025-10-17 11:40:09-INFO-[tdms_reader_frequency.py:70]-成功读取文件: 20250620193322.349448.csv, 数据长度: 200000
2025-10-17 11:40:09-INFO-[tdms_reader_frequency.py:80]-处理文件: 20250620193322.349448.csv, 通道数: 16
2025-10-17 11:40:11-INFO-[tdms_reader_frequency.py:126]-  已写入 99999/99999 行FFT数据
2025-10-17 11:40:11-INFO-[tdms_reader_frequency.py:128]-已处理: 20250620203757.355624.csv -> D:/Lab/process/2025.6.20/frequency\stopdirtyback\FFT_20250620203757.355624.csv
2025-10-17 11:40:11-INFO-[tdms_reader_frequency.py:126]-  已写入 99999/99999 行FFT数据
2025-10-17 11:40:11-INFO-[tdms_reader_frequency.py:128]-已处理: 20250620203800.231357.csv -> D:/Lab/process/2025.6.20/frequency\stopdirtyback\FFT_20250620203800.231357.csv
2025-10-17 11:40:13-INFO-[tdms_reader_frequency.py:126]-  已写入 99999/99999 行FFT数据
2025-10-17 11:40:13-INFO-[tdms_reader_frequency.py:128]-已处理: 20250620193223.119184.csv -> D:/Lab/process/2025.6.20/frequency\test\FFT_20250620193223.119184.csv
2025-10-17 11:40:13-INFO-[tdms_reader_frequency.py:126]-  已写入 99999/99999 行FFT数据
2025-10-17 11:40:13-INFO-[tdms_reader_frequency.py:128]-已处理: 20250620193229.092219.csv -> D:/Lab/process/2025.6.20/frequency\test\FFT_20250620193229.092219.csv
2025-10-17 11:40:13-INFO-[tdms_reader_frequency.py:126]-  已写入 99999/99999 行FFT数据
2025-10-17 11:40:13-INFO-[tdms_reader_frequency.py:128]-已处理: 20250620193226.144821.csv -> D:/Lab/process/2025.6.20/frequency\test\FFT_20250620193226.144821.csv
2025-10-17 11:40:13-INFO-[tdms_reader_frequency.py:126]-  已写入 99999/99999 行FFT数据
2025-10-17 11:40:13-INFO-[tdms_reader_frequency.py:128]-已处理: 20250620193234.988384.csv -> D:/Lab/process/2025.6.20/frequency\test\FFT_20250620193234.988384.csv
2025-10-17 11:40:13-INFO-[tdms_reader_frequency.py:126]-  已写入 99999/99999 行FFT数据
2025-10-17 11:40:13-INFO-[tdms_reader_frequency.py:128]-已处理: 20250620193232.047310.csv -> D:/Lab/process/2025.6.20/frequency\test\FFT_20250620193232.047310.csv
2025-10-17 11:40:13-INFO-[tdms_reader_frequency.py:126]-  已写入 99999/99999 行FFT数据
2025-10-17 11:40:13-INFO-[tdms_reader_frequency.py:128]-已处理: 20250620193237.935547.csv -> D:/Lab/process/2025.6.20/frequency\test\FFT_20250620193237.935547.csv
2025-10-17 11:40:13-INFO-[tdms_reader_frequency.py:126]-  已写入 99999/99999 行FFT数据
2025-10-17 11:40:13-INFO-[tdms_reader_frequency.py:128]-已处理: 20250620193240.864516.csv -> D:/Lab/process/2025.6.20/frequency\test\FFT_20250620193240.864516.csv
2025-10-17 11:40:13-INFO-[tdms_reader_frequency.py:126]-  已写入 99999/99999 行FFT数据
2025-10-17 11:40:13-INFO-[tdms_reader_frequency.py:128]-已处理: 20250620193243.809867.csv -> D:/Lab/process/2025.6.20/frequency\test\FFT_20250620193243.809867.csv
2025-10-17 11:40:13-INFO-[tdms_reader_frequency.py:126]-  已写入 99999/99999 行FFT数据
2025-10-17 11:40:13-INFO-[tdms_reader_frequency.py:128]-已处理: 20250620193249.732466.csv -> D:/Lab/process/2025.6.20/frequency\test\FFT_20250620193249.732466.csv
2025-10-17 11:40:13-INFO-[tdms_reader_frequency.py:126]-  已写入 99999/99999 行FFT数据
2025-10-17 11:40:13-INFO-[tdms_reader_frequency.py:128]-已处理: 20250620193246.763908.csv -> D:/Lab/process/2025.6.20/frequency\test\FFT_20250620193246.763908.csv
2025-10-17 11:40:13-INFO-[tdms_reader_frequency.py:126]-  已写入 99999/99999 行FFT数据
2025-10-17 11:40:13-INFO-[tdms_reader_frequency.py:128]-已处理: 20250620193258.574172.csv -> D:/Lab/process/2025.6.20/frequency\test\FFT_20250620193258.574172.csv
2025-10-17 11:40:13-INFO-[tdms_reader_frequency.py:126]-  已写入 99999/99999 行FFT数据
2025-10-17 11:40:13-INFO-[tdms_reader_frequency.py:128]-已处理: 20250620193255.616210.csv -> D:/Lab/process/2025.6.20/frequency\test\FFT_20250620193255.616210.csv
2025-10-17 11:40:13-INFO-[tdms_reader_frequency.py:126]-  已写入 99999/99999 行FFT数据
2025-10-17 11:40:13-INFO-[tdms_reader_frequency.py:128]-已处理: 20250620193252.662583.csv -> D:/Lab/process/2025.6.20/frequency\test\FFT_20250620193252.662583.csv
2025-10-17 11:40:13-INFO-[tdms_reader_frequency.py:126]-  已写入 99999/99999 行FFT数据
2025-10-17 11:40:13-INFO-[tdms_reader_frequency.py:128]-已处理: 20250620193301.508846.csv -> D:/Lab/process/2025.6.20/frequency\test\FFT_20250620193301.508846.csv
2025-10-17 11:40:13-INFO-[tdms_reader_frequency.py:126]-  已写入 99999/99999 行FFT数据
2025-10-17 11:40:13-INFO-[tdms_reader_frequency.py:128]-已处理: 20250620193310.390563.csv -> D:/Lab/process/2025.6.20/frequency\test\FFT_20250620193310.390563.csv
2025-10-17 11:40:13-INFO-[tdms_reader_frequency.py:126]-  已写入 99999/99999 行FFT数据
2025-10-17 11:40:13-INFO-[tdms_reader_frequency.py:128]-已处理: 20250620193304.484258.csv -> D:/Lab/process/2025.6.20/frequency\test\FFT_20250620193304.484258.csv
2025-10-17 11:40:13-INFO-[tdms_reader_frequency.py:126]-  已写入 99999/99999 行FFT数据
2025-10-17 11:40:13-INFO-[tdms_reader_frequency.py:128]-已处理: 20250620193307.430461.csv -> D:/Lab/process/2025.6.20/frequency\test\FFT_20250620193307.430461.csv
2025-10-17 11:40:14-INFO-[tdms_reader_frequency.py:126]-  已写入 99999/99999 行FFT数据
2025-10-17 11:40:14-INFO-[tdms_reader_frequency.py:128]-已处理: 20250620193313.360571.csv -> D:/Lab/process/2025.6.20/frequency\test\FFT_20250620193313.360571.csv
2025-10-17 11:40:14-INFO-[tdms_reader_frequency.py:126]-  已写入 99999/99999 行FFT数据
2025-10-17 11:40:14-INFO-[tdms_reader_frequency.py:128]-已处理: 20250620193316.385404.csv -> D:/Lab/process/2025.6.20/frequency\test\FFT_20250620193316.385404.csv
2025-10-17 11:40:14-INFO-[tdms_reader_frequency.py:126]-  已写入 99999/99999 行FFT数据
2025-10-17 11:40:14-INFO-[tdms_reader_frequency.py:128]-已处理: 20250620193319.359090.csv -> D:/Lab/process/2025.6.20/frequency\test\FFT_20250620193319.359090.csv
2025-10-17 11:40:14-INFO-[tdms_reader_frequency.py:126]-  已写入 99999/99999 行FFT数据
2025-10-17 11:40:14-INFO-[tdms_reader_frequency.py:128]-已处理: 20250620193325.269995.csv -> D:/Lab/process/2025.6.20/frequency\test\FFT_20250620193325.269995.csv
2025-10-17 11:40:14-INFO-[tdms_reader_frequency.py:126]-  已写入 99999/99999 行FFT数据
2025-10-17 11:40:14-INFO-[tdms_reader_frequency.py:128]-已处理: 20250620193322.349448.csv -> D:/Lab/process/2025.6.20/frequency\test\FFT_20250620193322.349448.csv
2025-10-17 11:40:14-INFO-[tdms_reader_frequency.py:191]-所有文件处理完成
2025-10-17 11:40:14-INFO-[main.py:60]------------------------------执行完成-----------------------------
2025-10-17 11:58:26-INFO-[main.py:28]--------------------------启动数据分析系统-------------------------
2025-10-17 11:58:26-INFO-[file_utils.py:39]-paths.yaml 生成成功: C:\Users\17584\Documents\ALearning\Project\tools\DataProcess\config\paths.yaml
2025-10-17 11:58:26-INFO-[main.py:60]------------------------------执行完成-----------------------------
