2026-03-26 22:05:47-INFO-[main.py:33]--------------------------启动数据分析系统-------------------------
2026-03-26 22:05:47-INFO-[file_utils.py:39]-paths.yaml 生成成功: C:\Users\17584\Documents\ALearning\Project\tools\DataProcess\config\paths.yaml
2026-03-26 22:05:47-INFO-[tdms_reader_time.py:41]-配置文件加载成功: C:\Users\17584\Documents\ALearning\Project\tools\DataProcess\config\paths.yaml
2026-03-26 22:05:47-INFO-[tdms_reader_time.py:185]-原始数据目录: D:/Lab/raw/26.3.9
2026-03-26 22:05:47-INFO-[tdms_reader_time.py:186]-输出目录: D:/Lab/process/26.3.9/time
2026-03-26 22:05:47-INFO-[tdms_reader_time.py:198]-找到 65 个TDMS文件
2026-03-26 22:06:23-INFO-[main.py:33]--------------------------启动数据分析系统-------------------------
2026-03-26 22:06:23-INFO-[file_utils.py:39]-paths.yaml 生成成功: C:\Users\17584\Documents\ALearning\Project\tools\DataProcess\config\paths.yaml
2026-03-26 22:06:23-INFO-[tdms_reader_time.py:41]-配置文件加载成功: C:\Users\17584\Documents\ALearning\Project\tools\DataProcess\config\paths.yaml
2026-03-26 22:06:23-INFO-[tdms_reader_time.py:185]-原始数据目录: D:/Lab/raw/26.3.9
2026-03-26 22:06:23-INFO-[tdms_reader_time.py:186]-输出目录: D:/Lab/process/26.3.9/time
2026-03-26 22:06:23-INFO-[tdms_reader_time.py:198]-找到 65 个TDMS文件
2026-03-26 22:07:39-INFO-[tdms_reader_time.py:202]-所有文件处理完成
2026-03-26 22:07:39-INFO-[tdms_reader_frequency.py:41]-配置文件加载成功: C:\Users\17584\Documents\ALearning\Project\tools\DataProcess\config\paths.yaml
2026-03-26 22:07:39-INFO-[tdms_reader_frequency.py:215]-输入数据目录: D:/Lab/process/26.3.9/time
2026-03-26 22:07:39-INFO-[tdms_reader_frequency.py:216]-输出目录: D:/Lab/process/26.3.9/frequency
2026-03-26 22:07:39-INFO-[tdms_reader_frequency.py:229]-找到 65 个CSV文件
2026-03-26 22:07:39-INFO-[tdms_reader_frequency.py:232]-开始并行处理文件...
2026-03-26 22:07:44-INFO-[tdms_reader_frequency.py:103]-开始处理文件: D:/Lab/process/26.3.9/time\2k\20260309105049.639102.csv
2026-03-26 22:07:44-INFO-[tdms_reader_frequency.py:103]-开始处理文件: D:/Lab/process/26.3.9/time\2k\20260309105021.883796.csv
2026-03-26 22:07:44-INFO-[tdms_reader_frequency.py:111]-使用元数据采样率: 500000 Hz
2026-03-26 22:07:44-INFO-[tdms_reader_frequency.py:111]-使用元数据采样率: 500000 Hz
2026-03-26 22:07:44-INFO-[tdms_reader_frequency.py:103]-开始处理文件: D:/Lab/process/26.3.9/time\2k\20260309105600.180456.csv
2026-03-26 22:07:44-INFO-[tdms_reader_frequency.py:103]-开始处理文件: D:/Lab/process/26.3.9/time\2k\20260309171643.610847.csv
2026-03-26 22:07:44-INFO-[tdms_reader_frequency.py:111]-使用元数据采样率: 500000 Hz
2026-03-26 22:07:44-INFO-[tdms_reader_frequency.py:111]-使用元数据采样率: 400000 Hz
2026-03-26 22:07:44-INFO-[tdms_reader_frequency.py:103]-开始处理文件: D:/Lab/process/26.3.9/time\2k\20260309171640.909627.csv
2026-03-26 22:07:44-INFO-[tdms_reader_frequency.py:103]-开始处理文件: D:/Lab/process/26.3.9/time\2k\20260309171649.009744.csv
2026-03-26 22:07:44-INFO-[tdms_reader_frequency.py:103]-开始处理文件: D:/Lab/process/26.3.9/time\2k\20260309171654.410757.csv
2026-03-26 22:07:44-INFO-[tdms_reader_frequency.py:103]-开始处理文件: D:/Lab/process/26.3.9/time\2k\20260309171646.311929.csv
2026-03-26 22:07:44-INFO-[tdms_reader_frequency.py:103]-开始处理文件: D:/Lab/process/26.3.9/time\2k\20260309171651.711693.csv
2026-03-26 22:07:44-INFO-[tdms_reader_frequency.py:111]-使用元数据采样率: 400000 Hz
2026-03-26 22:07:44-INFO-[tdms_reader_frequency.py:111]-使用元数据采样率: 400000 Hz
2026-03-26 22:07:44-INFO-[tdms_reader_frequency.py:111]-使用元数据采样率: 400000 Hz
2026-03-26 22:07:44-INFO-[tdms_reader_frequency.py:111]-使用元数据采样率: 400000 Hz
2026-03-26 22:07:44-INFO-[tdms_reader_frequency.py:103]-开始处理文件: D:/Lab/process/26.3.9/time\2k\20260309171659.812699.csv
2026-03-26 22:07:44-INFO-[tdms_reader_frequency.py:103]-开始处理文件: D:/Lab/process/26.3.9/time\2k\20260309171657.112097.csv
2026-03-26 22:07:44-INFO-[tdms_reader_frequency.py:111]-使用元数据采样率: 400000 Hz
2026-03-26 22:07:44-INFO-[tdms_reader_frequency.py:111]-使用元数据采样率: 400000 Hz
2026-03-26 22:07:44-INFO-[tdms_reader_frequency.py:103]-开始处理文件: D:/Lab/process/26.3.9/time\2k\20260309171702.511904.csv
2026-03-26 22:07:44-INFO-[tdms_reader_frequency.py:111]-使用元数据采样率: 400000 Hz
2026-03-26 22:07:44-INFO-[tdms_reader_frequency.py:103]-开始处理文件: D:/Lab/process/26.3.9/time\2k\20260309171705.211974.csv
2026-03-26 22:07:44-INFO-[tdms_reader_frequency.py:111]-使用元数据采样率: 400000 Hz
2026-03-26 22:07:44-INFO-[tdms_reader_frequency.py:103]-开始处理文件: D:/Lab/process/26.3.9/time\2k\20260309171710.611949.csv
2026-03-26 22:07:44-INFO-[tdms_reader_frequency.py:103]-开始处理文件: D:/Lab/process/26.3.9/time\2k\20260309171707.912154.csv
2026-03-26 22:07:44-INFO-[tdms_reader_frequency.py:111]-使用元数据采样率: 400000 Hz
2026-03-26 22:07:44-INFO-[tdms_reader_frequency.py:111]-使用元数据采样率: 400000 Hz
2026-03-26 22:07:44-INFO-[tdms_reader_frequency.py:103]-开始处理文件: D:/Lab/process/26.3.9/time\2k\20260309171713.311232.csv
2026-03-26 22:07:44-INFO-[tdms_reader_frequency.py:103]-开始处理文件: D:/Lab/process/26.3.9/time\2k\20260309171716.013532.csv
2026-03-26 22:07:44-INFO-[tdms_reader_frequency.py:118]-成功读取文件: 20260309105049.639102.csv, 数据长度: 50000
2026-03-26 22:07:44-INFO-[tdms_reader_frequency.py:111]-使用元数据采样率: 400000 Hz
2026-03-26 22:07:44-INFO-[tdms_reader_frequency.py:111]-使用元数据采样率: 400000 Hz
2026-03-26 22:07:44-INFO-[tdms_reader_frequency.py:103]-开始处理文件: D:/Lab/process/26.3.9/time\2k\20260309171718.712098.csv
2026-03-26 22:07:44-INFO-[tdms_reader_frequency.py:103]-开始处理文件: D:/Lab/process/26.3.9/time\2k\20260309171724.111972.csv
2026-03-26 22:07:44-INFO-[tdms_reader_frequency.py:103]-开始处理文件: D:/Lab/process/26.3.9/time\2k\20260309171729.513661.csv
2026-03-26 22:07:44-INFO-[tdms_reader_frequency.py:103]-开始处理文件: D:/Lab/process/26.3.9/time\2k\20260309171721.413819.csv
2026-03-26 22:07:44-INFO-[tdms_reader_frequency.py:128]-处理文件: 20260309105049.639102.csv, 通道数: 12
2026-03-26 22:07:44-INFO-[tdms_reader_frequency.py:103]-开始处理文件: D:/Lab/process/26.3.9/time\2k\20260309171726.813002.csv
2026-03-26 22:07:44-INFO-[tdms_reader_frequency.py:111]-使用元数据采样率: 400000 Hz
2026-03-26 22:07:44-INFO-[tdms_reader_frequency.py:128]-处理文件: 20260309105600.180456.csv, 通道数: 12
2026-03-26 22:07:44-INFO-[tdms_reader_frequency.py:103]-开始处理文件: D:/Lab/process/26.3.9/time\2k\20260309171732.212390.csv
2026-03-26 22:07:44-INFO-[tdms_reader_frequency.py:111]-使用元数据采样率: 400000 Hz
2026-03-26 22:07:44-INFO-[tdms_reader_frequency.py:111]-使用元数据采样率: 400000 Hz
2026-03-26 22:07:44-INFO-[tdms_reader_frequency.py:111]-使用元数据采样率: 400000 Hz
2026-03-26 22:07:44-INFO-[tdms_reader_frequency.py:111]-使用元数据采样率: 400000 Hz
2026-03-26 22:07:44-INFO-[tdms_reader_frequency.py:103]-开始处理文件: D:/Lab/process/26.3.9/time\2k\20260309171734.914089.csv
2026-03-26 22:07:44-INFO-[tdms_reader_frequency.py:103]-开始处理文件: D:/Lab/process/26.3.9/time\3k\20260309172720.657481.csv
2026-03-26 22:07:44-INFO-[tdms_reader_frequency.py:111]-使用元数据采样率: 400000 Hz
2026-03-26 22:07:44-INFO-[tdms_reader_frequency.py:111]-使用元数据采样率: 400000 Hz
2026-03-26 22:07:44-INFO-[tdms_reader_frequency.py:111]-使用元数据采样率: 400000 Hz
2026-03-26 22:07:44-INFO-[tdms_reader_frequency.py:103]-开始处理文件: D:/Lab/process/26.3.9/time\3k\20260309172723.361497.csv
2026-03-26 22:07:44-INFO-[tdms_reader_frequency.py:103]-开始处理文件: D:/Lab/process/26.3.9/time\3k\20260309172726.061191.csv
2026-03-26 22:07:44-INFO-[tdms_reader_frequency.py:111]-使用元数据采样率: 400000 Hz
2026-03-26 22:07:44-INFO-[tdms_reader_frequency.py:111]-使用元数据采样率: 400000 Hz
2026-03-26 22:07:44-INFO-[tdms_reader_frequency.py:118]-成功读取文件: 20260309105021.883796.csv, 数据长度: 50000
2026-03-26 22:07:44-INFO-[tdms_reader_frequency.py:128]-处理文件: 20260309105021.883796.csv, 通道数: 12
2026-03-26 22:07:45-INFO-[tdms_reader_frequency.py:174]-  已写入 24999/24999 行FFT数据
2026-03-26 22:07:45-INFO-[tdms_reader_frequency.py:176]-已处理: 20260309105600.180456.csv -> D:/Lab/process/26.3.9/frequency\2k\FFT_20260309105600.180456.csv
2026-03-26 22:07:46-INFO-[tdms_reader_frequency.py:174]-  已写入 24999/24999 行FFT数据
2026-03-26 22:07:46-INFO-[tdms_reader_frequency.py:176]-已处理: 20260309105049.639102.csv -> D:/Lab/process/26.3.9/frequency\2k\FFT_20260309105049.639102.csv
2026-03-26 22:07:46-INFO-[tdms_reader_frequency.py:174]-  已写入 24999/24999 行FFT数据
2026-03-26 22:07:46-INFO-[tdms_reader_frequency.py:176]-已处理: 20260309105021.883796.csv -> D:/Lab/process/26.3.9/frequency\2k\FFT_20260309105021.883796.csv
2026-03-26 22:07:46-INFO-[tdms_reader_frequency.py:103]-开始处理文件: D:/Lab/process/26.3.9/time\3k\20260309172728.759021.csv
2026-03-26 22:07:46-INFO-[tdms_reader_frequency.py:111]-使用元数据采样率: 400000 Hz
2026-03-26 22:07:46-INFO-[tdms_reader_frequency.py:103]-开始处理文件: D:/Lab/process/26.3.9/time\3k\20260309172731.458687.csv
2026-03-26 22:07:46-INFO-[tdms_reader_frequency.py:111]-使用元数据采样率: 400000 Hz
2026-03-26 22:07:46-INFO-[tdms_reader_frequency.py:103]-开始处理文件: D:/Lab/process/26.3.9/time\3k\20260309172734.159782.csv
2026-03-26 22:07:46-INFO-[tdms_reader_frequency.py:111]-使用元数据采样率: 400000 Hz
2026-03-26 22:07:46-INFO-[tdms_reader_frequency.py:118]-成功读取文件: 20260309171734.914089.csv, 数据长度: 760000
2026-03-26 22:07:46-INFO-[tdms_reader_frequency.py:128]-处理文件: 20260309171734.914089.csv, 通道数: 12
2026-03-26 22:07:46-INFO-[tdms_reader_frequency.py:118]-成功读取文件: 20260309171640.909627.csv, 数据长度: 1080000
2026-03-26 22:07:46-INFO-[tdms_reader_frequency.py:128]-处理文件: 20260309171640.909627.csv, 通道数: 12
2026-03-26 22:07:46-INFO-[tdms_reader_frequency.py:118]-成功读取文件: 20260309171651.711693.csv, 数据长度: 1080000
2026-03-26 22:07:46-INFO-[tdms_reader_frequency.py:128]-处理文件: 20260309171651.711693.csv, 通道数: 12
2026-03-26 22:07:46-INFO-[tdms_reader_frequency.py:118]-成功读取文件: 20260309171659.812699.csv, 数据长度: 1080000
2026-03-26 22:07:46-INFO-[tdms_reader_frequency.py:128]-处理文件: 20260309171659.812699.csv, 通道数: 12
2026-03-26 22:07:46-INFO-[tdms_reader_frequency.py:118]-成功读取文件: 20260309171716.013532.csv, 数据长度: 1080000
2026-03-26 22:07:46-INFO-[tdms_reader_frequency.py:128]-处理文件: 20260309171716.013532.csv, 通道数: 12
2026-03-26 22:07:46-INFO-[tdms_reader_frequency.py:118]-成功读取文件: 20260309171726.813002.csv, 数据长度: 1080000
2026-03-26 22:07:46-INFO-[tdms_reader_frequency.py:128]-处理文件: 20260309171726.813002.csv, 通道数: 12
2026-03-26 22:07:46-INFO-[tdms_reader_frequency.py:118]-成功读取文件: 20260309172723.361497.csv, 数据长度: 1080000
2026-03-26 22:07:46-INFO-[tdms_reader_frequency.py:128]-处理文件: 20260309172723.361497.csv, 通道数: 12
2026-03-26 22:07:47-INFO-[tdms_reader_frequency.py:118]-成功读取文件: 20260309172726.061191.csv, 数据长度: 1080000
2026-03-26 22:07:47-INFO-[tdms_reader_frequency.py:128]-处理文件: 20260309172726.061191.csv, 通道数: 12
2026-03-26 22:07:47-INFO-[tdms_reader_frequency.py:118]-成功读取文件: 20260309171654.410757.csv, 数据长度: 1080000
2026-03-26 22:07:47-INFO-[tdms_reader_frequency.py:128]-处理文件: 20260309171654.410757.csv, 通道数: 12
2026-03-26 22:07:47-INFO-[tdms_reader_frequency.py:118]-成功读取文件: 20260309171649.009744.csv, 数据长度: 1080000
2026-03-26 22:07:47-INFO-[tdms_reader_frequency.py:128]-处理文件: 20260309171649.009744.csv, 通道数: 12
2026-03-26 22:07:47-INFO-[tdms_reader_frequency.py:118]-成功读取文件: 20260309171638.209984.csv, 数据长度: 1080000
2026-03-26 22:07:47-INFO-[tdms_reader_frequency.py:128]-处理文件: 20260309171638.209984.csv, 通道数: 12
2026-03-26 22:07:47-INFO-[tdms_reader_frequency.py:118]-成功读取文件: 20260309171724.111972.csv, 数据长度: 1080000
2026-03-26 22:07:47-INFO-[tdms_reader_frequency.py:128]-处理文件: 20260309171724.111972.csv, 通道数: 12
2026-03-26 22:07:47-INFO-[tdms_reader_frequency.py:118]-成功读取文件: 20260309171702.511904.csv, 数据长度: 1080000
2026-03-26 22:07:47-INFO-[tdms_reader_frequency.py:128]-处理文件: 20260309171702.511904.csv, 通道数: 12
2026-03-26 22:07:47-INFO-[tdms_reader_frequency.py:118]-成功读取文件: 20260309171705.211974.csv, 数据长度: 1080000
2026-03-26 22:07:47-INFO-[tdms_reader_frequency.py:128]-处理文件: 20260309171705.211974.csv, 通道数: 12
2026-03-26 22:07:47-INFO-[tdms_reader_frequency.py:118]-成功读取文件: 20260309172720.657481.csv, 数据长度: 1080000
2026-03-26 22:07:47-INFO-[tdms_reader_frequency.py:128]-处理文件: 20260309172720.657481.csv, 通道数: 12
2026-03-26 22:07:47-INFO-[tdms_reader_frequency.py:118]-成功读取文件: 20260309171718.712098.csv, 数据长度: 1080000
2026-03-26 22:07:47-INFO-[tdms_reader_frequency.py:128]-处理文件: 20260309171718.712098.csv, 通道数: 12
2026-03-26 22:07:47-INFO-[tdms_reader_frequency.py:118]-成功读取文件: 20260309171646.311929.csv, 数据长度: 1080000
2026-03-26 22:07:47-INFO-[tdms_reader_frequency.py:128]-处理文件: 20260309171646.311929.csv, 通道数: 12
2026-03-26 22:07:47-INFO-[tdms_reader_frequency.py:118]-成功读取文件: 20260309171713.311232.csv, 数据长度: 1080000
2026-03-26 22:07:47-INFO-[tdms_reader_frequency.py:128]-处理文件: 20260309171713.311232.csv, 通道数: 12
2026-03-26 22:07:47-INFO-[tdms_reader_frequency.py:118]-成功读取文件: 20260309171729.513661.csv, 数据长度: 1080000
2026-03-26 22:07:47-INFO-[tdms_reader_frequency.py:128]-处理文件: 20260309171729.513661.csv, 通道数: 12
2026-03-26 22:07:47-INFO-[tdms_reader_frequency.py:118]-成功读取文件: 20260309171643.610847.csv, 数据长度: 1080000
2026-03-26 22:07:47-INFO-[tdms_reader_frequency.py:128]-处理文件: 20260309171643.610847.csv, 通道数: 12
2026-03-26 22:07:47-INFO-[tdms_reader_frequency.py:118]-成功读取文件: 20260309171732.212390.csv, 数据长度: 1080000
2026-03-26 22:07:47-INFO-[tdms_reader_frequency.py:128]-处理文件: 20260309171732.212390.csv, 通道数: 12
2026-03-26 22:07:47-INFO-[tdms_reader_frequency.py:118]-成功读取文件: 20260309171657.112097.csv, 数据长度: 1080000
2026-03-26 22:07:47-INFO-[tdms_reader_frequency.py:128]-处理文件: 20260309171657.112097.csv, 通道数: 12
2026-03-26 22:07:47-INFO-[tdms_reader_frequency.py:118]-成功读取文件: 20260309171710.611949.csv, 数据长度: 1080000
2026-03-26 22:07:47-INFO-[tdms_reader_frequency.py:128]-处理文件: 20260309171710.611949.csv, 通道数: 12
2026-03-26 22:07:48-INFO-[tdms_reader_frequency.py:118]-成功读取文件: 20260309171707.912154.csv, 数据长度: 1080000
2026-03-26 22:07:48-INFO-[tdms_reader_frequency.py:128]-处理文件: 20260309171707.912154.csv, 通道数: 12
2026-03-26 22:07:48-INFO-[tdms_reader_frequency.py:118]-成功读取文件: 20260309171721.413819.csv, 数据长度: 1080000
2026-03-26 22:07:48-INFO-[tdms_reader_frequency.py:128]-处理文件: 20260309171721.413819.csv, 通道数: 12
2026-03-26 22:07:49-INFO-[tdms_reader_frequency.py:118]-成功读取文件: 20260309172728.759021.csv, 数据长度: 1080000
2026-03-26 22:07:49-INFO-[tdms_reader_frequency.py:128]-处理文件: 20260309172728.759021.csv, 通道数: 12
2026-03-26 22:07:49-INFO-[tdms_reader_frequency.py:118]-成功读取文件: 20260309172731.458687.csv, 数据长度: 1080000
2026-03-26 22:07:49-INFO-[tdms_reader_frequency.py:128]-处理文件: 20260309172731.458687.csv, 通道数: 12
2026-03-26 22:07:49-INFO-[tdms_reader_frequency.py:118]-成功读取文件: 20260309172734.159782.csv, 数据长度: 1080000
2026-03-26 22:07:49-INFO-[tdms_reader_frequency.py:128]-处理文件: 20260309172734.159782.csv, 通道数: 12
2026-03-26 22:07:55-INFO-[tdms_reader_frequency.py:174]-  已写入 100000/379999 行FFT数据
2026-03-26 22:07:55-INFO-[tdms_reader_frequency.py:174]-  已写入 100000/539999 行FFT数据
2026-03-26 22:07:55-INFO-[tdms_reader_frequency.py:174]-  已写入 100000/539999 行FFT数据
2026-03-26 22:07:55-INFO-[tdms_reader_frequency.py:174]-  已写入 100000/539999 行FFT数据
2026-03-26 22:07:55-INFO-[tdms_reader_frequency.py:174]-  已写入 100000/539999 行FFT数据
2026-03-26 22:07:55-INFO-[tdms_reader_frequency.py:174]-  已写入 100000/539999 行FFT数据
2026-03-26 22:07:55-INFO-[tdms_reader_frequency.py:174]-  已写入 100000/539999 行FFT数据
2026-03-26 22:07:55-INFO-[tdms_reader_frequency.py:174]-  已写入 100000/539999 行FFT数据
2026-03-26 22:07:56-INFO-[tdms_reader_frequency.py:174]-  已写入 100000/539999 行FFT数据
2026-03-26 22:07:56-INFO-[tdms_reader_frequency.py:174]-  已写入 100000/539999 行FFT数据
2026-03-26 22:07:56-INFO-[tdms_reader_frequency.py:174]-  已写入 100000/539999 行FFT数据
2026-03-26 22:07:56-INFO-[tdms_reader_frequency.py:174]-  已写入 100000/539999 行FFT数据
2026-03-26 22:07:56-INFO-[tdms_reader_frequency.py:174]-  已写入 100000/539999 行FFT数据
2026-03-26 22:07:56-INFO-[tdms_reader_frequency.py:174]-  已写入 100000/539999 行FFT数据
2026-03-26 22:07:56-INFO-[tdms_reader_frequency.py:174]-  已写入 100000/539999 行FFT数据
2026-03-26 22:07:56-INFO-[tdms_reader_frequency.py:174]-  已写入 100000/539999 行FFT数据
2026-03-26 22:07:56-INFO-[tdms_reader_frequency.py:174]-  已写入 100000/539999 行FFT数据
2026-03-26 22:07:56-INFO-[tdms_reader_frequency.py:174]-  已写入 100000/539999 行FFT数据
2026-03-26 22:07:56-INFO-[tdms_reader_frequency.py:174]-  已写入 100000/539999 行FFT数据
2026-03-26 22:07:56-INFO-[tdms_reader_frequency.py:174]-  已写入 100000/539999 行FFT数据
2026-03-26 22:07:56-INFO-[tdms_reader_frequency.py:174]-  已写入 100000/539999 行FFT数据
2026-03-26 22:07:56-INFO-[tdms_reader_frequency.py:174]-  已写入 100000/539999 行FFT数据
2026-03-26 22:07:56-INFO-[tdms_reader_frequency.py:174]-  已写入 100000/539999 行FFT数据
2026-03-26 22:07:56-INFO-[tdms_reader_frequency.py:174]-  已写入 100000/539999 行FFT数据
2026-03-26 22:07:56-INFO-[tdms_reader_frequency.py:174]-  已写入 100000/539999 行FFT数据
2026-03-26 22:07:57-INFO-[tdms_reader_frequency.py:174]-  已写入 100000/539999 行FFT数据
2026-03-26 22:07:57-INFO-[tdms_reader_frequency.py:174]-  已写入 100000/539999 行FFT数据
2026-03-26 22:07:57-INFO-[tdms_reader_frequency.py:174]-  已写入 100000/539999 行FFT数据
2026-03-26 22:07:59-INFO-[tdms_reader_frequency.py:174]-  已写入 200000/379999 行FFT数据
2026-03-26 22:07:59-INFO-[tdms_reader_frequency.py:174]-  已写入 200000/539999 行FFT数据
2026-03-26 22:07:59-INFO-[tdms_reader_frequency.py:174]-  已写入 200000/539999 行FFT数据
2026-03-26 22:07:59-INFO-[tdms_reader_frequency.py:174]-  已写入 200000/539999 行FFT数据
2026-03-26 22:08:00-INFO-[tdms_reader_frequency.py:174]-  已写入 200000/539999 行FFT数据
2026-03-26 22:08:00-INFO-[tdms_reader_frequency.py:174]-  已写入 200000/539999 行FFT数据
2026-03-26 22:08:00-INFO-[tdms_reader_frequency.py:174]-  已写入 200000/539999 行FFT数据
2026-03-26 22:08:00-INFO-[tdms_reader_frequency.py:174]-  已写入 200000/539999 行FFT数据
2026-03-26 22:08:00-INFO-[tdms_reader_frequency.py:174]-  已写入 200000/539999 行FFT数据
2026-03-26 22:08:00-INFO-[tdms_reader_frequency.py:174]-  已写入 200000/539999 行FFT数据
2026-03-26 22:08:00-INFO-[tdms_reader_frequency.py:174]-  已写入 200000/539999 行FFT数据
2026-03-26 22:08:00-INFO-[tdms_reader_frequency.py:174]-  已写入 200000/539999 行FFT数据
2026-03-26 22:08:00-INFO-[tdms_reader_frequency.py:174]-  已写入 200000/539999 行FFT数据
2026-03-26 22:08:00-INFO-[tdms_reader_frequency.py:174]-  已写入 200000/539999 行FFT数据
2026-03-26 22:08:00-INFO-[tdms_reader_frequency.py:174]-  已写入 200000/539999 行FFT数据
2026-03-26 22:08:00-INFO-[tdms_reader_frequency.py:174]-  已写入 200000/539999 行FFT数据
2026-03-26 22:08:00-INFO-[tdms_reader_frequency.py:174]-  已写入 200000/539999 行FFT数据
2026-03-26 22:08:00-INFO-[tdms_reader_frequency.py:174]-  已写入 200000/539999 行FFT数据
2026-03-26 22:08:00-INFO-[tdms_reader_frequency.py:174]-  已写入 200000/539999 行FFT数据
2026-03-26 22:08:00-INFO-[tdms_reader_frequency.py:174]-  已写入 200000/539999 行FFT数据
2026-03-26 22:08:00-INFO-[tdms_reader_frequency.py:174]-  已写入 200000/539999 行FFT数据
2026-03-26 22:08:01-INFO-[tdms_reader_frequency.py:174]-  已写入 200000/539999 行FFT数据
2026-03-26 22:08:01-INFO-[tdms_reader_frequency.py:174]-  已写入 200000/539999 行FFT数据
2026-03-26 22:08:01-INFO-[tdms_reader_frequency.py:174]-  已写入 200000/539999 行FFT数据
2026-03-26 22:08:01-INFO-[tdms_reader_frequency.py:174]-  已写入 200000/539999 行FFT数据
2026-03-26 22:08:01-INFO-[tdms_reader_frequency.py:174]-  已写入 200000/539999 行FFT数据
2026-03-26 22:08:01-INFO-[tdms_reader_frequency.py:174]-  已写入 200000/539999 行FFT数据
2026-03-26 22:08:01-INFO-[tdms_reader_frequency.py:174]-  已写入 200000/539999 行FFT数据
2026-03-26 22:08:03-INFO-[tdms_reader_frequency.py:174]-  已写入 300000/379999 行FFT数据
2026-03-26 22:08:03-INFO-[tdms_reader_frequency.py:174]-  已写入 300000/539999 行FFT数据
2026-03-26 22:08:03-INFO-[tdms_reader_frequency.py:174]-  已写入 300000/539999 行FFT数据
2026-03-26 22:08:04-INFO-[tdms_reader_frequency.py:174]-  已写入 300000/539999 行FFT数据
2026-03-26 22:08:04-INFO-[tdms_reader_frequency.py:174]-  已写入 300000/539999 行FFT数据
2026-03-26 22:08:04-INFO-[tdms_reader_frequency.py:174]-  已写入 300000/539999 行FFT数据
2026-03-26 22:08:04-INFO-[tdms_reader_frequency.py:174]-  已写入 300000/539999 行FFT数据
2026-03-26 22:08:04-INFO-[tdms_reader_frequency.py:174]-  已写入 300000/539999 行FFT数据
2026-03-26 22:08:04-INFO-[tdms_reader_frequency.py:174]-  已写入 300000/539999 行FFT数据
2026-03-26 22:08:04-INFO-[tdms_reader_frequency.py:174]-  已写入 300000/539999 行FFT数据
2026-03-26 22:08:04-INFO-[tdms_reader_frequency.py:174]-  已写入 300000/539999 行FFT数据
2026-03-26 22:08:04-INFO-[tdms_reader_frequency.py:174]-  已写入 300000/539999 行FFT数据
2026-03-26 22:08:05-INFO-[tdms_reader_frequency.py:174]-  已写入 300000/539999 行FFT数据
2026-03-26 22:08:05-INFO-[tdms_reader_frequency.py:174]-  已写入 300000/539999 行FFT数据
2026-03-26 22:08:05-INFO-[tdms_reader_frequency.py:174]-  已写入 300000/539999 行FFT数据
2026-03-26 22:08:05-INFO-[tdms_reader_frequency.py:174]-  已写入 300000/539999 行FFT数据
2026-03-26 22:08:05-INFO-[tdms_reader_frequency.py:174]-  已写入 300000/539999 行FFT数据
2026-03-26 22:08:05-INFO-[tdms_reader_frequency.py:174]-  已写入 300000/539999 行FFT数据
2026-03-26 22:08:05-INFO-[tdms_reader_frequency.py:174]-  已写入 300000/539999 行FFT数据
2026-03-26 22:08:05-INFO-[tdms_reader_frequency.py:174]-  已写入 300000/539999 行FFT数据
2026-03-26 22:08:05-INFO-[tdms_reader_frequency.py:174]-  已写入 300000/539999 行FFT数据
2026-03-26 22:08:05-INFO-[tdms_reader_frequency.py:174]-  已写入 300000/539999 行FFT数据
2026-03-26 22:08:05-INFO-[tdms_reader_frequency.py:174]-  已写入 300000/539999 行FFT数据
2026-03-26 22:08:05-INFO-[tdms_reader_frequency.py:174]-  已写入 300000/539999 行FFT数据
2026-03-26 22:08:06-INFO-[tdms_reader_frequency.py:174]-  已写入 300000/539999 行FFT数据
2026-03-26 22:08:07-INFO-[tdms_reader_frequency.py:174]-  已写入 300000/539999 行FFT数据
2026-03-26 22:08:07-INFO-[tdms_reader_frequency.py:174]-  已写入 300000/539999 行FFT数据
2026-03-26 22:08:07-INFO-[tdms_reader_frequency.py:174]-  已写入 300000/539999 行FFT数据
2026-03-26 22:08:08-INFO-[tdms_reader_frequency.py:174]-  已写入 379999/379999 行FFT数据
2026-03-26 22:08:08-INFO-[tdms_reader_frequency.py:176]-已处理: 20260309171734.914089.csv -> D:/Lab/process/26.3.9/frequency\2k\FFT_20260309171734.914089.csv
2026-03-26 22:08:08-INFO-[tdms_reader_frequency.py:103]-开始处理文件: D:/Lab/process/26.3.9/time\3k\20260309172736.860642.csv
2026-03-26 22:08:08-INFO-[tdms_reader_frequency.py:111]-使用元数据采样率: 400000 Hz
2026-03-26 22:08:09-INFO-[tdms_reader_frequency.py:174]-  已写入 400000/539999 行FFT数据
2026-03-26 22:08:09-INFO-[tdms_reader_frequency.py:174]-  已写入 400000/539999 行FFT数据
2026-03-26 22:08:10-INFO-[tdms_reader_frequency.py:174]-  已写入 400000/539999 行FFT数据
2026-03-26 22:08:10-INFO-[tdms_reader_frequency.py:174]-  已写入 400000/539999 行FFT数据
2026-03-26 22:08:10-INFO-[tdms_reader_frequency.py:174]-  已写入 400000/539999 行FFT数据
2026-03-26 22:08:10-INFO-[tdms_reader_frequency.py:174]-  已写入 400000/539999 行FFT数据
2026-03-26 22:08:10-INFO-[tdms_reader_frequency.py:174]-  已写入 400000/539999 行FFT数据
2026-03-26 22:08:10-INFO-[tdms_reader_frequency.py:174]-  已写入 400000/539999 行FFT数据
2026-03-26 22:08:10-INFO-[tdms_reader_frequency.py:174]-  已写入 400000/539999 行FFT数据
2026-03-26 22:08:10-INFO-[tdms_reader_frequency.py:174]-  已写入 400000/539999 行FFT数据
2026-03-26 22:08:10-INFO-[tdms_reader_frequency.py:174]-  已写入 400000/539999 行FFT数据
2026-03-26 22:08:10-INFO-[tdms_reader_frequency.py:174]-  已写入 400000/539999 行FFT数据
2026-03-26 22:08:10-INFO-[tdms_reader_frequency.py:174]-  已写入 400000/539999 行FFT数据
2026-03-26 22:08:10-INFO-[tdms_reader_frequency.py:174]-  已写入 400000/539999 行FFT数据
2026-03-26 22:08:10-INFO-[tdms_reader_frequency.py:174]-  已写入 400000/539999 行FFT数据
2026-03-26 22:08:10-INFO-[tdms_reader_frequency.py:118]-成功读取文件: 20260309172736.860642.csv, 数据长度: 1080000
2026-03-26 22:08:10-INFO-[tdms_reader_frequency.py:128]-处理文件: 20260309172736.860642.csv, 通道数: 12
2026-03-26 22:08:10-INFO-[tdms_reader_frequency.py:174]-  已写入 400000/539999 行FFT数据
2026-03-26 22:08:10-INFO-[tdms_reader_frequency.py:174]-  已写入 400000/539999 行FFT数据
2026-03-26 22:08:10-INFO-[tdms_reader_frequency.py:174]-  已写入 400000/539999 行FFT数据
2026-03-26 22:08:11-INFO-[tdms_reader_frequency.py:174]-  已写入 400000/539999 行FFT数据
2026-03-26 22:08:11-INFO-[tdms_reader_frequency.py:174]-  已写入 400000/539999 行FFT数据
2026-03-26 22:08:11-INFO-[tdms_reader_frequency.py:174]-  已写入 400000/539999 行FFT数据
2026-03-26 22:08:11-INFO-[tdms_reader_frequency.py:174]-  已写入 400000/539999 行FFT数据
2026-03-26 22:08:11-INFO-[tdms_reader_frequency.py:174]-  已写入 400000/539999 行FFT数据
2026-03-26 22:08:11-INFO-[tdms_reader_frequency.py:174]-  已写入 400000/539999 行FFT数据
2026-03-26 22:08:11-INFO-[tdms_reader_frequency.py:174]-  已写入 400000/539999 行FFT数据
2026-03-26 22:08:12-INFO-[tdms_reader_frequency.py:174]-  已写入 400000/539999 行FFT数据
2026-03-26 22:08:12-INFO-[tdms_reader_frequency.py:174]-  已写入 400000/539999 行FFT数据
2026-03-26 22:08:14-INFO-[tdms_reader_frequency.py:174]-  已写入 500000/539999 行FFT数据
2026-03-26 22:08:14-INFO-[tdms_reader_frequency.py:174]-  已写入 500000/539999 行FFT数据
2026-03-26 22:08:14-INFO-[tdms_reader_frequency.py:174]-  已写入 500000/539999 行FFT数据
2026-03-26 22:08:14-INFO-[tdms_reader_frequency.py:174]-  已写入 500000/539999 行FFT数据
2026-03-26 22:08:14-INFO-[tdms_reader_frequency.py:174]-  已写入 500000/539999 行FFT数据
2026-03-26 22:08:14-INFO-[tdms_reader_frequency.py:174]-  已写入 500000/539999 行FFT数据
2026-03-26 22:08:14-INFO-[tdms_reader_frequency.py:174]-  已写入 500000/539999 行FFT数据
2026-03-26 22:08:14-INFO-[tdms_reader_frequency.py:174]-  已写入 500000/539999 行FFT数据
2026-03-26 22:08:14-INFO-[tdms_reader_frequency.py:174]-  已写入 500000/539999 行FFT数据
2026-03-26 22:08:15-INFO-[tdms_reader_frequency.py:174]-  已写入 500000/539999 行FFT数据
2026-03-26 22:08:15-INFO-[tdms_reader_frequency.py:174]-  已写入 500000/539999 行FFT数据
2026-03-26 22:08:15-INFO-[tdms_reader_frequency.py:174]-  已写入 500000/539999 行FFT数据
2026-03-26 22:08:15-INFO-[tdms_reader_frequency.py:174]-  已写入 500000/539999 行FFT数据
2026-03-26 22:08:15-INFO-[tdms_reader_frequency.py:174]-  已写入 500000/539999 行FFT数据
2026-03-26 22:08:15-INFO-[tdms_reader_frequency.py:174]-  已写入 500000/539999 行FFT数据
2026-03-26 22:08:15-INFO-[tdms_reader_frequency.py:174]-  已写入 500000/539999 行FFT数据
2026-03-26 22:08:15-INFO-[tdms_reader_frequency.py:174]-  已写入 500000/539999 行FFT数据
2026-03-26 22:08:15-INFO-[tdms_reader_frequency.py:174]-  已写入 500000/539999 行FFT数据
2026-03-26 22:08:15-INFO-[tdms_reader_frequency.py:174]-  已写入 500000/539999 行FFT数据
2026-03-26 22:08:15-INFO-[tdms_reader_frequency.py:174]-  已写入 500000/539999 行FFT数据
2026-03-26 22:08:15-INFO-[tdms_reader_frequency.py:174]-  已写入 500000/539999 行FFT数据
2026-03-26 22:08:15-INFO-[tdms_reader_frequency.py:174]-  已写入 500000/539999 行FFT数据
2026-03-26 22:08:15-INFO-[tdms_reader_frequency.py:174]-  已写入 500000/539999 行FFT数据
2026-03-26 22:08:15-INFO-[tdms_reader_frequency.py:174]-  已写入 500000/539999 行FFT数据
2026-03-26 22:08:15-INFO-[tdms_reader_frequency.py:174]-  已写入 539999/539999 行FFT数据
2026-03-26 22:08:15-INFO-[tdms_reader_frequency.py:176]-已处理: 20260309171659.812699.csv -> D:/Lab/process/26.3.9/frequency\2k\FFT_20260309171659.812699.csv
2026-03-26 22:08:15-INFO-[tdms_reader_frequency.py:103]-开始处理文件: D:/Lab/process/26.3.9/time\3k\20260309172739.558926.csv
2026-03-26 22:08:15-INFO-[tdms_reader_frequency.py:111]-使用元数据采样率: 400000 Hz
2026-03-26 22:08:16-INFO-[tdms_reader_frequency.py:174]-  已写入 539999/539999 行FFT数据
2026-03-26 22:08:16-INFO-[tdms_reader_frequency.py:176]-已处理: 20260309171640.909627.csv -> D:/Lab/process/26.3.9/frequency\2k\FFT_20260309171640.909627.csv
2026-03-26 22:08:16-INFO-[tdms_reader_frequency.py:174]-  已写入 500000/539999 行FFT数据
2026-03-26 22:08:16-INFO-[tdms_reader_frequency.py:174]-  已写入 539999/539999 行FFT数据
2026-03-26 22:08:16-INFO-[tdms_reader_frequency.py:176]-已处理: 20260309172723.361497.csv -> D:/Lab/process/26.3.9/frequency\3k\FFT_20260309172723.361497.csv
2026-03-26 22:08:16-INFO-[tdms_reader_frequency.py:103]-开始处理文件: D:/Lab/process/26.3.9/time\3k\20260309172742.260473.csv
2026-03-26 22:08:16-INFO-[tdms_reader_frequency.py:111]-使用元数据采样率: 400000 Hz
2026-03-26 22:08:16-INFO-[tdms_reader_frequency.py:103]-开始处理文件: D:/Lab/process/26.3.9/time\3k\20260309172744.957522.csv
2026-03-26 22:08:16-INFO-[tdms_reader_frequency.py:111]-使用元数据采样率: 400000 Hz
2026-03-26 22:08:16-INFO-[tdms_reader_frequency.py:174]-  已写入 539999/539999 行FFT数据
2026-03-26 22:08:16-INFO-[tdms_reader_frequency.py:176]-已处理: 20260309172720.657481.csv -> D:/Lab/process/26.3.9/frequency\3k\FFT_20260309172720.657481.csv
2026-03-26 22:08:16-INFO-[tdms_reader_frequency.py:174]-  已写入 500000/539999 行FFT数据
2026-03-26 22:08:16-INFO-[tdms_reader_frequency.py:174]-  已写入 539999/539999 行FFT数据
2026-03-26 22:08:16-INFO-[tdms_reader_frequency.py:176]-已处理: 20260309171643.610847.csv -> D:/Lab/process/26.3.9/frequency\2k\FFT_20260309171643.610847.csv
2026-03-26 22:08:16-INFO-[tdms_reader_frequency.py:103]-开始处理文件: D:/Lab/process/26.3.9/time\3k\20260309172747.660952.csv
2026-03-26 22:08:16-INFO-[tdms_reader_frequency.py:111]-使用元数据采样率: 400000 Hz
2026-03-26 22:08:16-INFO-[tdms_reader_frequency.py:103]-开始处理文件: D:/Lab/process/26.3.9/time\3k\20260309172750.360651.csv
2026-03-26 22:08:16-INFO-[tdms_reader_frequency.py:111]-使用元数据采样率: 400000 Hz
2026-03-26 22:08:16-INFO-[tdms_reader_frequency.py:174]-  已写入 539999/539999 行FFT数据
2026-03-26 22:08:16-INFO-[tdms_reader_frequency.py:176]-已处理: 20260309171716.013532.csv -> D:/Lab/process/26.3.9/frequency\2k\FFT_20260309171716.013532.csv
2026-03-26 22:08:16-INFO-[tdms_reader_frequency.py:174]-  已写入 500000/539999 行FFT数据
2026-03-26 22:08:16-INFO-[tdms_reader_frequency.py:174]-  已写入 539999/539999 行FFT数据
2026-03-26 22:08:16-INFO-[tdms_reader_frequency.py:176]-已处理: 20260309171651.711693.csv -> D:/Lab/process/26.3.9/frequency\2k\FFT_20260309171651.711693.csv
2026-03-26 22:08:16-INFO-[tdms_reader_frequency.py:174]-  已写入 100000/539999 行FFT数据
2026-03-26 22:08:16-INFO-[tdms_reader_frequency.py:174]-  已写入 539999/539999 行FFT数据
2026-03-26 22:08:16-INFO-[tdms_reader_frequency.py:176]-已处理: 20260309171649.009744.csv -> D:/Lab/process/26.3.9/frequency\2k\FFT_20260309171649.009744.csv
2026-03-26 22:08:16-INFO-[tdms_reader_frequency.py:103]-开始处理文件: D:/Lab/process/26.3.9/time\3k\20260309172753.060727.csv
2026-03-26 22:08:16-INFO-[tdms_reader_frequency.py:111]-使用元数据采样率: 400000 Hz
2026-03-26 22:08:16-INFO-[tdms_reader_frequency.py:174]-  已写入 539999/539999 行FFT数据
2026-03-26 22:08:16-INFO-[tdms_reader_frequency.py:176]-已处理: 20260309171726.813002.csv -> D:/Lab/process/26.3.9/frequency\2k\FFT_20260309171726.813002.csv
2026-03-26 22:08:16-INFO-[tdms_reader_frequency.py:103]-开始处理文件: D:/Lab/process/26.3.9/time\3k\20260309172755.761693.csv
2026-03-26 22:08:16-INFO-[tdms_reader_frequency.py:111]-使用元数据采样率: 400000 Hz
2026-03-26 22:08:16-INFO-[tdms_reader_frequency.py:103]-开始处理文件: D:/Lab/process/26.3.9/time\3k\20260309172758.469347.csv
2026-03-26 22:08:16-INFO-[tdms_reader_frequency.py:111]-使用元数据采样率: 400000 Hz
2026-03-26 22:08:16-INFO-[tdms_reader_frequency.py:174]-  已写入 539999/539999 行FFT数据
2026-03-26 22:08:16-INFO-[tdms_reader_frequency.py:176]-已处理: 20260309171702.511904.csv -> D:/Lab/process/26.3.9/frequency\2k\FFT_20260309171702.511904.csv
2026-03-26 22:08:16-INFO-[tdms_reader_frequency.py:103]-开始处理文件: D:/Lab/process/26.3.9/time\3k\20260309172801.162433.csv
2026-03-26 22:08:16-INFO-[tdms_reader_frequency.py:111]-使用元数据采样率: 400000 Hz
2026-03-26 22:08:16-INFO-[tdms_reader_frequency.py:174]-  已写入 539999/539999 行FFT数据
2026-03-26 22:08:16-INFO-[tdms_reader_frequency.py:176]-已处理: 20260309171732.212390.csv -> D:/Lab/process/26.3.9/frequency\2k\FFT_20260309171732.212390.csv
2026-03-26 22:08:16-INFO-[tdms_reader_frequency.py:174]-  已写入 539999/539999 行FFT数据
2026-03-26 22:08:16-INFO-[tdms_reader_frequency.py:176]-已处理: 20260309172726.061191.csv -> D:/Lab/process/26.3.9/frequency\3k\FFT_20260309172726.061191.csv
2026-03-26 22:08:16-INFO-[tdms_reader_frequency.py:174]-  已写入 539999/539999 行FFT数据
2026-03-26 22:08:16-INFO-[tdms_reader_frequency.py:176]-已处理: 20260309171646.311929.csv -> D:/Lab/process/26.3.9/frequency\2k\FFT_20260309171646.311929.csv
2026-03-26 22:08:16-INFO-[tdms_reader_frequency.py:174]-  已写入 539999/539999 行FFT数据
2026-03-26 22:08:16-INFO-[tdms_reader_frequency.py:176]-已处理: 20260309171718.712098.csv -> D:/Lab/process/26.3.9/frequency\2k\FFT_20260309171718.712098.csv
2026-03-26 22:08:16-INFO-[tdms_reader_frequency.py:103]-开始处理文件: D:/Lab/process/26.3.9/time\3k\20260309172803.861618.csv
2026-03-26 22:08:16-INFO-[tdms_reader_frequency.py:111]-使用元数据采样率: 400000 Hz
2026-03-26 22:08:16-INFO-[tdms_reader_frequency.py:174]-  已写入 539999/539999 行FFT数据
2026-03-26 22:08:16-INFO-[tdms_reader_frequency.py:176]-已处理: 20260309171724.111972.csv -> D:/Lab/process/26.3.9/frequency\2k\FFT_20260309171724.111972.csv
2026-03-26 22:08:16-INFO-[tdms_reader_frequency.py:174]-  已写入 539999/539999 行FFT数据
2026-03-26 22:08:16-INFO-[tdms_reader_frequency.py:176]-已处理: 20260309171710.611949.csv -> D:/Lab/process/26.3.9/frequency\2k\FFT_20260309171710.611949.csv
2026-03-26 22:08:16-INFO-[tdms_reader_frequency.py:103]-开始处理文件: D:/Lab/process/26.3.9/time\3k\20260309172806.563735.csv
2026-03-26 22:08:16-INFO-[tdms_reader_frequency.py:111]-使用元数据采样率: 400000 Hz
2026-03-26 22:08:16-INFO-[tdms_reader_frequency.py:103]-开始处理文件: D:/Lab/process/26.3.9/time\3k\20260309172809.262116.csv
2026-03-26 22:08:16-INFO-[tdms_reader_frequency.py:111]-使用元数据采样率: 400000 Hz
2026-03-26 22:08:16-INFO-[tdms_reader_frequency.py:103]-开始处理文件: D:/Lab/process/26.3.9/time\3k\20260309172811.962765.csv
2026-03-26 22:08:16-INFO-[tdms_reader_frequency.py:103]-开始处理文件: D:/Lab/process/26.3.9/time\4k\20260309172848.266725.csv
2026-03-26 22:08:16-INFO-[tdms_reader_frequency.py:111]-使用元数据采样率: 400000 Hz
2026-03-26 22:08:16-INFO-[tdms_reader_frequency.py:111]-使用元数据采样率: 400000 Hz
2026-03-26 22:08:16-INFO-[tdms_reader_frequency.py:103]-开始处理文件: D:/Lab/process/26.3.9/time\4k\20260309172850.964484.csv
2026-03-26 22:08:16-INFO-[tdms_reader_frequency.py:111]-使用元数据采样率: 400000 Hz
2026-03-26 22:08:17-INFO-[tdms_reader_frequency.py:174]-  已写入 539999/539999 行FFT数据
2026-03-26 22:08:17-INFO-[tdms_reader_frequency.py:176]-已处理: 20260309171654.410757.csv -> D:/Lab/process/26.3.9/frequency\2k\FFT_20260309171654.410757.csv
2026-03-26 22:08:17-INFO-[tdms_reader_frequency.py:103]-开始处理文件: D:/Lab/process/26.3.9/time\4k\20260309172853.661670.csv
2026-03-26 22:08:17-INFO-[tdms_reader_frequency.py:111]-使用元数据采样率: 400000 Hz
2026-03-26 22:08:17-INFO-[tdms_reader_frequency.py:174]-  已写入 539999/539999 行FFT数据
2026-03-26 22:08:17-INFO-[tdms_reader_frequency.py:176]-已处理: 20260309171638.209984.csv -> D:/Lab/process/26.3.9/frequency\2k\FFT_20260309171638.209984.csv
2026-03-26 22:08:17-INFO-[tdms_reader_frequency.py:174]-  已写入 539999/539999 行FFT数据
2026-03-26 22:08:17-INFO-[tdms_reader_frequency.py:176]-已处理: 20260309171707.912154.csv -> D:/Lab/process/26.3.9/frequency\2k\FFT_20260309171707.912154.csv
2026-03-26 22:08:17-INFO-[tdms_reader_frequency.py:103]-开始处理文件: D:/Lab/process/26.3.9/time\4k\20260309172856.365958.csv
2026-03-26 22:08:17-INFO-[tdms_reader_frequency.py:111]-使用元数据采样率: 400000 Hz
2026-03-26 22:08:17-INFO-[tdms_reader_frequency.py:174]-  已写入 539999/539999 行FFT数据
2026-03-26 22:08:17-INFO-[tdms_reader_frequency.py:176]-已处理: 20260309171729.513661.csv -> D:/Lab/process/26.3.9/frequency\2k\FFT_20260309171729.513661.csv
2026-03-26 22:08:17-INFO-[tdms_reader_frequency.py:174]-  已写入 539999/539999 行FFT数据
2026-03-26 22:08:17-INFO-[tdms_reader_frequency.py:176]-已处理: 20260309171705.211974.csv -> D:/Lab/process/26.3.9/frequency\2k\FFT_20260309171705.211974.csv
2026-03-26 22:08:17-INFO-[tdms_reader_frequency.py:174]-  已写入 539999/539999 行FFT数据
2026-03-26 22:08:17-INFO-[tdms_reader_frequency.py:176]-已处理: 20260309171721.413819.csv -> D:/Lab/process/26.3.9/frequency\2k\FFT_20260309171721.413819.csv
2026-03-26 22:08:17-INFO-[tdms_reader_frequency.py:103]-开始处理文件: D:/Lab/process/26.3.9/time\4k\20260309172859.064864.csv
2026-03-26 22:08:17-INFO-[tdms_reader_frequency.py:111]-使用元数据采样率: 400000 Hz
2026-03-26 22:08:17-INFO-[tdms_reader_frequency.py:103]-开始处理文件: D:/Lab/process/26.3.9/time\4k\20260309172901.766059.csv
2026-03-26 22:08:17-INFO-[tdms_reader_frequency.py:111]-使用元数据采样率: 400000 Hz
2026-03-26 22:08:17-INFO-[tdms_reader_frequency.py:103]-开始处理文件: D:/Lab/process/26.3.9/time\4k\20260309172904.466852.csv
2026-03-26 22:08:17-INFO-[tdms_reader_frequency.py:111]-使用元数据采样率: 400000 Hz
2026-03-26 22:08:17-INFO-[tdms_reader_frequency.py:174]-  已写入 539999/539999 行FFT数据
2026-03-26 22:08:17-INFO-[tdms_reader_frequency.py:176]-已处理: 20260309172728.759021.csv -> D:/Lab/process/26.3.9/frequency\3k\FFT_20260309172728.759021.csv
2026-03-26 22:08:17-INFO-[tdms_reader_frequency.py:103]-开始处理文件: D:/Lab/process/26.3.9/time\4k\20260309172907.166952.csv
2026-03-26 22:08:17-INFO-[tdms_reader_frequency.py:111]-使用元数据采样率: 400000 Hz
2026-03-26 22:08:17-INFO-[tdms_reader_frequency.py:103]-开始处理文件: D:/Lab/process/26.3.9/time\4k\20260309172909.866322.csv
2026-03-26 22:08:17-INFO-[tdms_reader_frequency.py:111]-使用元数据采样率: 400000 Hz
2026-03-26 22:08:17-INFO-[tdms_reader_frequency.py:174]-  已写入 539999/539999 行FFT数据
2026-03-26 22:08:17-INFO-[tdms_reader_frequency.py:176]-已处理: 20260309171713.311232.csv -> D:/Lab/process/26.3.9/frequency\2k\FFT_20260309171713.311232.csv
2026-03-26 22:08:17-INFO-[tdms_reader_frequency.py:103]-开始处理文件: D:/Lab/process/26.3.9/time\4k\20260309172912.566757.csv
2026-03-26 22:08:17-INFO-[tdms_reader_frequency.py:111]-使用元数据采样率: 400000 Hz
2026-03-26 22:08:17-INFO-[tdms_reader_frequency.py:103]-开始处理文件: D:/Lab/process/26.3.9/time\4k\20260309172915.264995.csv
2026-03-26 22:08:17-INFO-[tdms_reader_frequency.py:111]-使用元数据采样率: 400000 Hz
2026-03-26 22:08:17-INFO-[tdms_reader_frequency.py:174]-  已写入 539999/539999 行FFT数据
2026-03-26 22:08:17-INFO-[tdms_reader_frequency.py:176]-已处理: 20260309171657.112097.csv -> D:/Lab/process/26.3.9/frequency\2k\FFT_20260309171657.112097.csv
2026-03-26 22:08:17-INFO-[tdms_reader_frequency.py:103]-开始处理文件: D:/Lab/process/26.3.9/time\4k\20260309172917.966221.csv
2026-03-26 22:08:17-INFO-[tdms_reader_frequency.py:111]-使用元数据采样率: 400000 Hz
2026-03-26 22:08:18-INFO-[tdms_reader_frequency.py:174]-  已写入 539999/539999 行FFT数据
2026-03-26 22:08:18-INFO-[tdms_reader_frequency.py:176]-已处理: 20260309172734.159782.csv -> D:/Lab/process/26.3.9/frequency\3k\FFT_20260309172734.159782.csv
2026-03-26 22:08:18-INFO-[tdms_reader_frequency.py:118]-成功读取文件: 20260309172739.558926.csv, 数据长度: 1080000
2026-03-26 22:08:18-INFO-[tdms_reader_frequency.py:128]-处理文件: 20260309172739.558926.csv, 通道数: 12
2026-03-26 22:08:18-INFO-[tdms_reader_frequency.py:103]-开始处理文件: D:/Lab/process/26.3.9/time\4k\20260309172920.664635.csv
2026-03-26 22:08:18-INFO-[tdms_reader_frequency.py:111]-使用元数据采样率: 400000 Hz
2026-03-26 22:08:18-INFO-[tdms_reader_frequency.py:174]-  已写入 539999/539999 行FFT数据
2026-03-26 22:08:18-INFO-[tdms_reader_frequency.py:176]-已处理: 20260309172731.458687.csv -> D:/Lab/process/26.3.9/frequency\3k\FFT_20260309172731.458687.csv
2026-03-26 22:08:18-INFO-[tdms_reader_frequency.py:118]-成功读取文件: 20260309172742.260473.csv, 数据长度: 1080000
2026-03-26 22:08:18-INFO-[tdms_reader_frequency.py:128]-处理文件: 20260309172742.260473.csv, 通道数: 12
2026-03-26 22:08:18-INFO-[tdms_reader_frequency.py:118]-成功读取文件: 20260309172744.957522.csv, 数据长度: 1080000
2026-03-26 22:08:18-INFO-[tdms_reader_frequency.py:128]-处理文件: 20260309172744.957522.csv, 通道数: 12
2026-03-26 22:08:18-INFO-[tdms_reader_frequency.py:103]-开始处理文件: D:/Lab/process/26.3.9/time\4k\20260309172923.364761.csv
2026-03-26 22:08:18-INFO-[tdms_reader_frequency.py:111]-使用元数据采样率: 400000 Hz
2026-03-26 22:08:18-INFO-[tdms_reader_frequency.py:118]-成功读取文件: 20260309172750.360651.csv, 数据长度: 1080000
2026-03-26 22:08:18-INFO-[tdms_reader_frequency.py:128]-处理文件: 20260309172750.360651.csv, 通道数: 12
2026-03-26 22:08:18-INFO-[tdms_reader_frequency.py:118]-成功读取文件: 20260309172753.060727.csv, 数据长度: 1080000
2026-03-26 22:08:18-INFO-[tdms_reader_frequency.py:128]-处理文件: 20260309172753.060727.csv, 通道数: 12
2026-03-26 22:08:19-INFO-[tdms_reader_frequency.py:118]-成功读取文件: 20260309172747.660952.csv, 数据长度: 1080000
2026-03-26 22:08:19-INFO-[tdms_reader_frequency.py:128]-处理文件: 20260309172747.660952.csv, 通道数: 12
2026-03-26 22:08:19-INFO-[tdms_reader_frequency.py:118]-成功读取文件: 20260309172755.761693.csv, 数据长度: 1080000
2026-03-26 22:08:19-INFO-[tdms_reader_frequency.py:128]-处理文件: 20260309172755.761693.csv, 通道数: 12
2026-03-26 22:08:19-INFO-[tdms_reader_frequency.py:118]-成功读取文件: 20260309172758.469347.csv, 数据长度: 1080000
2026-03-26 22:08:19-INFO-[tdms_reader_frequency.py:128]-处理文件: 20260309172758.469347.csv, 通道数: 12
2026-03-26 22:08:19-INFO-[tdms_reader_frequency.py:118]-成功读取文件: 20260309172806.563735.csv, 数据长度: 1080000
2026-03-26 22:08:19-INFO-[tdms_reader_frequency.py:128]-处理文件: 20260309172806.563735.csv, 通道数: 12
2026-03-26 22:08:19-INFO-[tdms_reader_frequency.py:118]-成功读取文件: 20260309172803.861618.csv, 数据长度: 1080000
2026-03-26 22:08:19-INFO-[tdms_reader_frequency.py:128]-处理文件: 20260309172803.861618.csv, 通道数: 12
2026-03-26 22:08:19-INFO-[tdms_reader_frequency.py:118]-成功读取文件: 20260309172809.262116.csv, 数据长度: 1080000
2026-03-26 22:08:19-INFO-[tdms_reader_frequency.py:118]-成功读取文件: 20260309172801.162433.csv, 数据长度: 1080000
2026-03-26 22:08:19-INFO-[tdms_reader_frequency.py:128]-处理文件: 20260309172809.262116.csv, 通道数: 12
2026-03-26 22:08:19-INFO-[tdms_reader_frequency.py:128]-处理文件: 20260309172801.162433.csv, 通道数: 12
2026-03-26 22:08:19-INFO-[tdms_reader_frequency.py:118]-成功读取文件: 20260309172853.661670.csv, 数据长度: 1080000
2026-03-26 22:08:19-INFO-[tdms_reader_frequency.py:128]-处理文件: 20260309172853.661670.csv, 通道数: 12
2026-03-26 22:08:19-INFO-[tdms_reader_frequency.py:118]-成功读取文件: 20260309172848.266725.csv, 数据长度: 1080000
2026-03-26 22:08:19-INFO-[tdms_reader_frequency.py:128]-处理文件: 20260309172848.266725.csv, 通道数: 12
2026-03-26 22:08:19-INFO-[tdms_reader_frequency.py:118]-成功读取文件: 20260309172907.166952.csv, 数据长度: 1080000
2026-03-26 22:08:19-INFO-[tdms_reader_frequency.py:128]-处理文件: 20260309172907.166952.csv, 通道数: 12
2026-03-26 22:08:20-INFO-[tdms_reader_frequency.py:118]-成功读取文件: 20260309172811.962765.csv, 数据长度: 1080000
2026-03-26 22:08:20-INFO-[tdms_reader_frequency.py:128]-处理文件: 20260309172811.962765.csv, 通道数: 12
2026-03-26 22:08:20-INFO-[tdms_reader_frequency.py:118]-成功读取文件: 20260309172850.964484.csv, 数据长度: 1080000
2026-03-26 22:08:20-INFO-[tdms_reader_frequency.py:128]-处理文件: 20260309172850.964484.csv, 通道数: 12
2026-03-26 22:08:20-INFO-[tdms_reader_frequency.py:118]-成功读取文件: 20260309172909.866322.csv, 数据长度: 1080000
2026-03-26 22:08:20-INFO-[tdms_reader_frequency.py:128]-处理文件: 20260309172909.866322.csv, 通道数: 12
2026-03-26 22:08:20-INFO-[tdms_reader_frequency.py:118]-成功读取文件: 20260309172856.365958.csv, 数据长度: 1080000
2026-03-26 22:08:20-INFO-[tdms_reader_frequency.py:128]-处理文件: 20260309172856.365958.csv, 通道数: 12
2026-03-26 22:08:20-INFO-[tdms_reader_frequency.py:118]-成功读取文件: 20260309172901.766059.csv, 数据长度: 1080000
2026-03-26 22:08:20-INFO-[tdms_reader_frequency.py:128]-处理文件: 20260309172901.766059.csv, 通道数: 12
2026-03-26 22:08:20-INFO-[tdms_reader_frequency.py:118]-成功读取文件: 20260309172859.064864.csv, 数据长度: 1080000
2026-03-26 22:08:20-INFO-[tdms_reader_frequency.py:128]-处理文件: 20260309172859.064864.csv, 通道数: 12
2026-03-26 22:08:20-INFO-[tdms_reader_frequency.py:118]-成功读取文件: 20260309172904.466852.csv, 数据长度: 1080000
2026-03-26 22:08:20-INFO-[tdms_reader_frequency.py:128]-处理文件: 20260309172904.466852.csv, 通道数: 12
2026-03-26 22:08:20-INFO-[tdms_reader_frequency.py:118]-成功读取文件: 20260309172912.566757.csv, 数据长度: 1080000
2026-03-26 22:08:20-INFO-[tdms_reader_frequency.py:128]-处理文件: 20260309172912.566757.csv, 通道数: 12
2026-03-26 22:08:20-INFO-[tdms_reader_frequency.py:118]-成功读取文件: 20260309172915.264995.csv, 数据长度: 1080000
2026-03-26 22:08:20-INFO-[tdms_reader_frequency.py:128]-处理文件: 20260309172915.264995.csv, 通道数: 12
2026-03-26 22:08:21-INFO-[tdms_reader_frequency.py:118]-成功读取文件: 20260309172917.966221.csv, 数据长度: 1080000
2026-03-26 22:08:21-INFO-[tdms_reader_frequency.py:128]-处理文件: 20260309172917.966221.csv, 通道数: 12
2026-03-26 22:08:21-INFO-[tdms_reader_frequency.py:174]-  已写入 200000/539999 行FFT数据
2026-03-26 22:08:21-INFO-[tdms_reader_frequency.py:118]-成功读取文件: 20260309172920.664635.csv, 数据长度: 1080000
2026-03-26 22:08:21-INFO-[tdms_reader_frequency.py:128]-处理文件: 20260309172920.664635.csv, 通道数: 12
2026-03-26 22:08:21-INFO-[tdms_reader_frequency.py:118]-成功读取文件: 20260309172923.364761.csv, 数据长度: 1080000
2026-03-26 22:08:21-INFO-[tdms_reader_frequency.py:128]-处理文件: 20260309172923.364761.csv, 通道数: 12
2026-03-26 22:08:25-INFO-[tdms_reader_frequency.py:174]-  已写入 300000/539999 行FFT数据
2026-03-26 22:08:26-INFO-[tdms_reader_frequency.py:174]-  已写入 100000/539999 行FFT数据
2026-03-26 22:08:26-INFO-[tdms_reader_frequency.py:174]-  已写入 100000/539999 行FFT数据
2026-03-26 22:08:27-INFO-[tdms_reader_frequency.py:174]-  已写入 100000/539999 行FFT数据
2026-03-26 22:08:27-INFO-[tdms_reader_frequency.py:174]-  已写入 100000/539999 行FFT数据
2026-03-26 22:08:27-INFO-[tdms_reader_frequency.py:174]-  已写入 100000/539999 行FFT数据
2026-03-26 22:08:27-INFO-[tdms_reader_frequency.py:174]-  已写入 100000/539999 行FFT数据
2026-03-26 22:08:27-INFO-[tdms_reader_frequency.py:174]-  已写入 100000/539999 行FFT数据
2026-03-26 22:08:27-INFO-[tdms_reader_frequency.py:174]-  已写入 100000/539999 行FFT数据
2026-03-26 22:08:27-INFO-[tdms_reader_frequency.py:174]-  已写入 100000/539999 行FFT数据
2026-03-26 22:08:27-INFO-[tdms_reader_frequency.py:174]-  已写入 100000/539999 行FFT数据
2026-03-26 22:08:28-INFO-[tdms_reader_frequency.py:174]-  已写入 100000/539999 行FFT数据
2026-03-26 22:08:28-INFO-[tdms_reader_frequency.py:174]-  已写入 100000/539999 行FFT数据
2026-03-26 22:08:28-INFO-[tdms_reader_frequency.py:174]-  已写入 100000/539999 行FFT数据
2026-03-26 22:08:28-INFO-[tdms_reader_frequency.py:174]-  已写入 100000/539999 行FFT数据
2026-03-26 22:08:28-INFO-[tdms_reader_frequency.py:174]-  已写入 100000/539999 行FFT数据
2026-03-26 22:08:28-INFO-[tdms_reader_frequency.py:174]-  已写入 100000/539999 行FFT数据
2026-03-26 22:08:28-INFO-[tdms_reader_frequency.py:174]-  已写入 100000/539999 行FFT数据
2026-03-26 22:08:28-INFO-[tdms_reader_frequency.py:174]-  已写入 100000/539999 行FFT数据
2026-03-26 22:08:29-INFO-[tdms_reader_frequency.py:174]-  已写入 100000/539999 行FFT数据
2026-03-26 22:08:29-INFO-[tdms_reader_frequency.py:174]-  已写入 100000/539999 行FFT数据
2026-03-26 22:08:29-INFO-[tdms_reader_frequency.py:174]-  已写入 100000/539999 行FFT数据
2026-03-26 22:08:29-INFO-[tdms_reader_frequency.py:174]-  已写入 100000/539999 行FFT数据
2026-03-26 22:08:29-INFO-[tdms_reader_frequency.py:174]-  已写入 100000/539999 行FFT数据
2026-03-26 22:08:29-INFO-[tdms_reader_frequency.py:174]-  已写入 100000/539999 行FFT数据
2026-03-26 22:08:29-INFO-[tdms_reader_frequency.py:174]-  已写入 100000/539999 行FFT数据
2026-03-26 22:08:29-INFO-[tdms_reader_frequency.py:174]-  已写入 100000/539999 行FFT数据
2026-03-26 22:08:29-INFO-[tdms_reader_frequency.py:174]-  已写入 100000/539999 行FFT数据
2026-03-26 22:08:30-INFO-[tdms_reader_frequency.py:174]-  已写入 400000/539999 行FFT数据
2026-03-26 22:08:30-INFO-[tdms_reader_frequency.py:174]-  已写入 200000/539999 行FFT数据
2026-03-26 22:08:30-INFO-[tdms_reader_frequency.py:174]-  已写入 200000/539999 行FFT数据
2026-03-26 22:08:31-INFO-[tdms_reader_frequency.py:174]-  已写入 200000/539999 行FFT数据
2026-03-26 22:08:31-INFO-[tdms_reader_frequency.py:174]-  已写入 200000/539999 行FFT数据
2026-03-26 22:08:31-INFO-[tdms_reader_frequency.py:174]-  已写入 200000/539999 行FFT数据
2026-03-26 22:08:32-INFO-[tdms_reader_frequency.py:174]-  已写入 200000/539999 行FFT数据
2026-03-26 22:08:32-INFO-[tdms_reader_frequency.py:174]-  已写入 200000/539999 行FFT数据
2026-03-26 22:08:32-INFO-[tdms_reader_frequency.py:174]-  已写入 200000/539999 行FFT数据
2026-03-26 22:08:32-INFO-[tdms_reader_frequency.py:174]-  已写入 200000/539999 行FFT数据
2026-03-26 22:08:32-INFO-[tdms_reader_frequency.py:174]-  已写入 200000/539999 行FFT数据
2026-03-26 22:08:32-INFO-[tdms_reader_frequency.py:174]-  已写入 200000/539999 行FFT数据
2026-03-26 22:08:32-INFO-[tdms_reader_frequency.py:174]-  已写入 200000/539999 行FFT数据
2026-03-26 22:08:32-INFO-[tdms_reader_frequency.py:174]-  已写入 200000/539999 行FFT数据
2026-03-26 22:08:32-INFO-[tdms_reader_frequency.py:174]-  已写入 200000/539999 行FFT数据
2026-03-26 22:08:32-INFO-[tdms_reader_frequency.py:174]-  已写入 200000/539999 行FFT数据
2026-03-26 22:08:33-INFO-[tdms_reader_frequency.py:174]-  已写入 200000/539999 行FFT数据
2026-03-26 22:08:33-INFO-[tdms_reader_frequency.py:174]-  已写入 200000/539999 行FFT数据
2026-03-26 22:08:33-INFO-[tdms_reader_frequency.py:174]-  已写入 200000/539999 行FFT数据
2026-03-26 22:08:33-INFO-[tdms_reader_frequency.py:174]-  已写入 200000/539999 行FFT数据
2026-03-26 22:08:33-INFO-[tdms_reader_frequency.py:174]-  已写入 200000/539999 行FFT数据
2026-03-26 22:08:33-INFO-[tdms_reader_frequency.py:174]-  已写入 200000/539999 行FFT数据
2026-03-26 22:08:33-INFO-[tdms_reader_frequency.py:174]-  已写入 200000/539999 行FFT数据
2026-03-26 22:08:33-INFO-[tdms_reader_frequency.py:174]-  已写入 200000/539999 行FFT数据
2026-03-26 22:08:33-INFO-[tdms_reader_frequency.py:174]-  已写入 200000/539999 行FFT数据
2026-03-26 22:08:33-INFO-[tdms_reader_frequency.py:174]-  已写入 200000/539999 行FFT数据
2026-03-26 22:08:33-INFO-[tdms_reader_frequency.py:174]-  已写入 200000/539999 行FFT数据
2026-03-26 22:08:33-INFO-[tdms_reader_frequency.py:174]-  已写入 200000/539999 行FFT数据
2026-03-26 22:08:34-INFO-[tdms_reader_frequency.py:174]-  已写入 500000/539999 行FFT数据
2026-03-26 22:08:34-INFO-[tdms_reader_frequency.py:174]-  已写入 300000/539999 行FFT数据
2026-03-26 22:08:35-INFO-[tdms_reader_frequency.py:174]-  已写入 300000/539999 行FFT数据
2026-03-26 22:08:35-INFO-[tdms_reader_frequency.py:174]-  已写入 300000/539999 行FFT数据
2026-03-26 22:08:35-INFO-[tdms_reader_frequency.py:174]-  已写入 300000/539999 行FFT数据
2026-03-26 22:08:36-INFO-[tdms_reader_frequency.py:174]-  已写入 539999/539999 行FFT数据
2026-03-26 22:08:36-INFO-[tdms_reader_frequency.py:176]-已处理: 20260309172736.860642.csv -> D:/Lab/process/26.3.9/frequency\3k\FFT_20260309172736.860642.csv
2026-03-26 22:08:36-INFO-[tdms_reader_frequency.py:103]-开始处理文件: D:/Lab/process/26.3.9/time\4k\20260309172926.064459.csv
2026-03-26 22:08:36-INFO-[tdms_reader_frequency.py:111]-使用元数据采样率: 400000 Hz
2026-03-26 22:08:36-INFO-[tdms_reader_frequency.py:174]-  已写入 300000/539999 行FFT数据
2026-03-26 22:08:36-INFO-[tdms_reader_frequency.py:174]-  已写入 300000/539999 行FFT数据
2026-03-26 22:08:36-INFO-[tdms_reader_frequency.py:174]-  已写入 300000/539999 行FFT数据
2026-03-26 22:08:36-INFO-[tdms_reader_frequency.py:174]-  已写入 300000/539999 行FFT数据
2026-03-26 22:08:36-INFO-[tdms_reader_frequency.py:174]-  已写入 300000/539999 行FFT数据
2026-03-26 22:08:36-INFO-[tdms_reader_frequency.py:174]-  已写入 300000/539999 行FFT数据
2026-03-26 22:08:36-INFO-[tdms_reader_frequency.py:174]-  已写入 300000/539999 行FFT数据
2026-03-26 22:08:36-INFO-[tdms_reader_frequency.py:174]-  已写入 300000/539999 行FFT数据
2026-03-26 22:08:37-INFO-[tdms_reader_frequency.py:174]-  已写入 300000/539999 行FFT数据
2026-03-26 22:08:37-INFO-[tdms_reader_frequency.py:174]-  已写入 300000/539999 行FFT数据
2026-03-26 22:08:37-INFO-[tdms_reader_frequency.py:174]-  已写入 300000/539999 行FFT数据
2026-03-26 22:08:37-INFO-[tdms_reader_frequency.py:174]-  已写入 300000/539999 行FFT数据
2026-03-26 22:08:37-INFO-[tdms_reader_frequency.py:174]-  已写入 300000/539999 行FFT数据
2026-03-26 22:08:37-INFO-[tdms_reader_frequency.py:174]-  已写入 300000/539999 行FFT数据
2026-03-26 22:08:37-INFO-[tdms_reader_frequency.py:174]-  已写入 300000/539999 行FFT数据
2026-03-26 22:08:37-INFO-[tdms_reader_frequency.py:174]-  已写入 300000/539999 行FFT数据
2026-03-26 22:08:37-INFO-[tdms_reader_frequency.py:174]-  已写入 300000/539999 行FFT数据
2026-03-26 22:08:37-INFO-[tdms_reader_frequency.py:174]-  已写入 300000/539999 行FFT数据
2026-03-26 22:08:37-INFO-[tdms_reader_frequency.py:174]-  已写入 300000/539999 行FFT数据
2026-03-26 22:08:37-INFO-[tdms_reader_frequency.py:174]-  已写入 300000/539999 行FFT数据
2026-03-26 22:08:37-INFO-[tdms_reader_frequency.py:174]-  已写入 300000/539999 行FFT数据
2026-03-26 22:08:38-INFO-[tdms_reader_frequency.py:174]-  已写入 300000/539999 行FFT数据
2026-03-26 22:08:38-INFO-[tdms_reader_frequency.py:174]-  已写入 300000/539999 行FFT数据
2026-03-26 22:08:38-INFO-[tdms_reader_frequency.py:118]-成功读取文件: 20260309172926.064459.csv, 数据长度: 1080000
2026-03-26 22:08:38-INFO-[tdms_reader_frequency.py:128]-处理文件: 20260309172926.064459.csv, 通道数: 12
2026-03-26 22:08:39-INFO-[tdms_reader_frequency.py:174]-  已写入 400000/539999 行FFT数据
2026-03-26 22:08:39-INFO-[tdms_reader_frequency.py:174]-  已写入 400000/539999 行FFT数据
2026-03-26 22:08:40-INFO-[tdms_reader_frequency.py:174]-  已写入 400000/539999 行FFT数据
2026-03-26 22:08:40-INFO-[tdms_reader_frequency.py:174]-  已写入 400000/539999 行FFT数据
2026-03-26 22:08:40-INFO-[tdms_reader_frequency.py:174]-  已写入 400000/539999 行FFT数据
2026-03-26 22:08:40-INFO-[tdms_reader_frequency.py:174]-  已写入 400000/539999 行FFT数据
2026-03-26 22:08:40-INFO-[tdms_reader_frequency.py:174]-  已写入 400000/539999 行FFT数据
2026-03-26 22:08:40-INFO-[tdms_reader_frequency.py:174]-  已写入 400000/539999 行FFT数据
2026-03-26 22:08:41-INFO-[tdms_reader_frequency.py:174]-  已写入 400000/539999 行FFT数据
2026-03-26 22:08:41-INFO-[tdms_reader_frequency.py:174]-  已写入 400000/539999 行FFT数据
2026-03-26 22:08:41-INFO-[tdms_reader_frequency.py:174]-  已写入 400000/539999 行FFT数据
2026-03-26 22:08:41-INFO-[tdms_reader_frequency.py:174]-  已写入 400000/539999 行FFT数据
2026-03-26 22:08:41-INFO-[tdms_reader_frequency.py:174]-  已写入 400000/539999 行FFT数据
2026-03-26 22:08:41-INFO-[tdms_reader_frequency.py:174]-  已写入 400000/539999 行FFT数据
2026-03-26 22:08:41-INFO-[tdms_reader_frequency.py:174]-  已写入 400000/539999 行FFT数据
2026-03-26 22:08:41-INFO-[tdms_reader_frequency.py:174]-  已写入 400000/539999 行FFT数据
2026-03-26 22:08:41-INFO-[tdms_reader_frequency.py:174]-  已写入 400000/539999 行FFT数据
2026-03-26 22:08:42-INFO-[tdms_reader_frequency.py:174]-  已写入 400000/539999 行FFT数据
2026-03-26 22:08:42-INFO-[tdms_reader_frequency.py:174]-  已写入 400000/539999 行FFT数据
2026-03-26 22:08:42-INFO-[tdms_reader_frequency.py:174]-  已写入 400000/539999 行FFT数据
2026-03-26 22:08:42-INFO-[tdms_reader_frequency.py:174]-  已写入 400000/539999 行FFT数据
2026-03-26 22:08:42-INFO-[tdms_reader_frequency.py:174]-  已写入 400000/539999 行FFT数据
2026-03-26 22:08:42-INFO-[tdms_reader_frequency.py:174]-  已写入 400000/539999 行FFT数据
2026-03-26 22:08:42-INFO-[tdms_reader_frequency.py:174]-  已写入 400000/539999 行FFT数据
2026-03-26 22:08:42-INFO-[tdms_reader_frequency.py:174]-  已写入 400000/539999 行FFT数据
2026-03-26 22:08:42-INFO-[tdms_reader_frequency.py:174]-  已写入 400000/539999 行FFT数据
2026-03-26 22:08:42-INFO-[tdms_reader_frequency.py:174]-  已写入 400000/539999 行FFT数据
2026-03-26 22:08:43-INFO-[tdms_reader_frequency.py:174]-  已写入 500000/539999 行FFT数据
2026-03-26 22:08:44-INFO-[tdms_reader_frequency.py:174]-  已写入 500000/539999 行FFT数据
2026-03-26 22:08:44-INFO-[tdms_reader_frequency.py:174]-  已写入 100000/539999 行FFT数据
2026-03-26 22:08:44-INFO-[tdms_reader_frequency.py:174]-  已写入 500000/539999 行FFT数据
2026-03-26 22:08:44-INFO-[tdms_reader_frequency.py:174]-  已写入 500000/539999 行FFT数据
2026-03-26 22:08:45-INFO-[tdms_reader_frequency.py:174]-  已写入 500000/539999 行FFT数据
2026-03-26 22:08:45-INFO-[tdms_reader_frequency.py:174]-  已写入 500000/539999 行FFT数据
2026-03-26 22:08:45-INFO-[tdms_reader_frequency.py:174]-  已写入 500000/539999 行FFT数据
2026-03-26 22:08:45-INFO-[tdms_reader_frequency.py:174]-  已写入 500000/539999 行FFT数据
2026-03-26 22:08:45-INFO-[tdms_reader_frequency.py:174]-  已写入 539999/539999 行FFT数据
2026-03-26 22:08:45-INFO-[tdms_reader_frequency.py:176]-已处理: 20260309172739.558926.csv -> D:/Lab/process/26.3.9/frequency\3k\FFT_20260309172739.558926.csv
2026-03-26 22:08:45-INFO-[tdms_reader_frequency.py:174]-  已写入 500000/539999 行FFT数据
2026-03-26 22:08:45-INFO-[tdms_reader_frequency.py:103]-开始处理文件: D:/Lab/process/26.3.9/time\4k\20260309172928.767801.csv
2026-03-26 22:08:45-INFO-[tdms_reader_frequency.py:111]-使用元数据采样率: 400000 Hz
2026-03-26 22:08:45-INFO-[tdms_reader_frequency.py:174]-  已写入 500000/539999 行FFT数据
2026-03-26 22:08:45-INFO-[tdms_reader_frequency.py:174]-  已写入 500000/539999 行FFT数据
2026-03-26 22:08:45-INFO-[tdms_reader_frequency.py:174]-  已写入 500000/539999 行FFT数据
2026-03-26 22:08:45-INFO-[tdms_reader_frequency.py:174]-  已写入 500000/539999 行FFT数据
2026-03-26 22:08:45-INFO-[tdms_reader_frequency.py:174]-  已写入 500000/539999 行FFT数据
2026-03-26 22:08:45-INFO-[tdms_reader_frequency.py:174]-  已写入 500000/539999 行FFT数据
2026-03-26 22:08:45-INFO-[tdms_reader_frequency.py:174]-  已写入 539999/539999 行FFT数据
2026-03-26 22:08:45-INFO-[tdms_reader_frequency.py:176]-已处理: 20260309172742.260473.csv -> D:/Lab/process/26.3.9/frequency\3k\FFT_20260309172742.260473.csv
2026-03-26 22:08:45-INFO-[tdms_reader_frequency.py:103]-开始处理文件: D:/Lab/process/26.3.9/time\4k\20260309172931.468228.csv
2026-03-26 22:08:45-INFO-[tdms_reader_frequency.py:111]-使用元数据采样率: 400000 Hz
2026-03-26 22:08:45-INFO-[tdms_reader_frequency.py:174]-  已写入 500000/539999 行FFT数据
2026-03-26 22:08:46-INFO-[tdms_reader_frequency.py:174]-  已写入 539999/539999 行FFT数据
2026-03-26 22:08:46-INFO-[tdms_reader_frequency.py:176]-已处理: 20260309172747.660952.csv -> D:/Lab/process/26.3.9/frequency\3k\FFT_20260309172747.660952.csv
2026-03-26 22:08:46-INFO-[tdms_reader_frequency.py:103]-开始处理文件: D:/Lab/process/26.3.9/time\4k\20260309172934.165986.csv
2026-03-26 22:08:46-INFO-[tdms_reader_frequency.py:111]-使用元数据采样率: 400000 Hz
2026-03-26 22:08:46-INFO-[tdms_reader_frequency.py:174]-  已写入 539999/539999 行FFT数据
2026-03-26 22:08:46-INFO-[tdms_reader_frequency.py:176]-已处理: 20260309172753.060727.csv -> D:/Lab/process/26.3.9/frequency\3k\FFT_20260309172753.060727.csv
2026-03-26 22:08:46-INFO-[tdms_reader_frequency.py:174]-  已写入 500000/539999 行FFT数据
2026-03-26 22:08:46-INFO-[tdms_reader_frequency.py:174]-  已写入 500000/539999 行FFT数据
2026-03-26 22:08:46-INFO-[tdms_reader_frequency.py:174]-  已写入 500000/539999 行FFT数据
2026-03-26 22:08:46-INFO-[tdms_reader_frequency.py:103]-开始处理文件: D:/Lab/process/26.3.9/time\4k\20260309172936.867580.csv
2026-03-26 22:08:46-INFO-[tdms_reader_frequency.py:111]-使用元数据采样率: 400000 Hz
2026-03-26 22:08:46-INFO-[tdms_reader_frequency.py:174]-  已写入 500000/539999 行FFT数据
2026-03-26 22:08:46-INFO-[tdms_reader_frequency.py:174]-  已写入 500000/539999 行FFT数据
2026-03-26 22:08:46-INFO-[tdms_reader_frequency.py:174]-  已写入 500000/539999 行FFT数据
2026-03-26 22:08:46-INFO-[tdms_reader_frequency.py:174]-  已写入 500000/539999 行FFT数据
2026-03-26 22:08:46-INFO-[tdms_reader_frequency.py:174]-  已写入 500000/539999 行FFT数据
2026-03-26 22:08:46-INFO-[tdms_reader_frequency.py:174]-  已写入 500000/539999 行FFT数据
2026-03-26 22:08:46-INFO-[tdms_reader_frequency.py:174]-  已写入 539999/539999 行FFT数据
2026-03-26 22:08:46-INFO-[tdms_reader_frequency.py:176]-已处理: 20260309172806.563735.csv -> D:/Lab/process/26.3.9/frequency\3k\FFT_20260309172806.563735.csv
2026-03-26 22:08:46-INFO-[tdms_reader_frequency.py:174]-  已写入 539999/539999 行FFT数据
2026-03-26 22:08:46-INFO-[tdms_reader_frequency.py:176]-已处理: 20260309172801.162433.csv -> D:/Lab/process/26.3.9/frequency\3k\FFT_20260309172801.162433.csv
2026-03-26 22:08:46-INFO-[tdms_reader_frequency.py:103]-开始处理文件: D:/Lab/process/26.3.9/time\4k\20260309172939.567028.csv
2026-03-26 22:08:46-INFO-[tdms_reader_frequency.py:111]-使用元数据采样率: 400000 Hz
2026-03-26 22:08:46-INFO-[tdms_reader_frequency.py:174]-  已写入 539999/539999 行FFT数据
2026-03-26 22:08:46-INFO-[tdms_reader_frequency.py:176]-已处理: 20260309172744.957522.csv -> D:/Lab/process/26.3.9/frequency\3k\FFT_20260309172744.957522.csv
2026-03-26 22:08:46-INFO-[tdms_reader_frequency.py:174]-  已写入 539999/539999 行FFT数据
2026-03-26 22:08:46-INFO-[tdms_reader_frequency.py:176]-已处理: 20260309172803.861618.csv -> D:/Lab/process/26.3.9/frequency\3k\FFT_20260309172803.861618.csv
2026-03-26 22:08:47-INFO-[tdms_reader_frequency.py:174]-  已写入 500000/539999 行FFT数据
2026-03-26 22:08:47-INFO-[tdms_reader_frequency.py:174]-  已写入 500000/539999 行FFT数据
2026-03-26 22:08:47-INFO-[tdms_reader_frequency.py:174]-  已写入 539999/539999 行FFT数据
2026-03-26 22:08:47-INFO-[tdms_reader_frequency.py:176]-已处理: 20260309172907.166952.csv -> D:/Lab/process/26.3.9/frequency\4k\FFT_20260309172907.166952.csv
2026-03-26 22:08:47-INFO-[tdms_reader_frequency.py:174]-  已写入 539999/539999 行FFT数据
2026-03-26 22:08:47-INFO-[tdms_reader_frequency.py:176]-已处理: 20260309172848.266725.csv -> D:/Lab/process/26.3.9/frequency\4k\FFT_20260309172848.266725.csv
2026-03-26 22:08:47-INFO-[tdms_reader_frequency.py:174]-  已写入 539999/539999 行FFT数据
2026-03-26 22:08:47-INFO-[tdms_reader_frequency.py:176]-已处理: 20260309172853.661670.csv -> D:/Lab/process/26.3.9/frequency\4k\FFT_20260309172853.661670.csv
2026-03-26 22:08:47-INFO-[tdms_reader_frequency.py:174]-  已写入 539999/539999 行FFT数据
2026-03-26 22:08:47-INFO-[tdms_reader_frequency.py:176]-已处理: 20260309172750.360651.csv -> D:/Lab/process/26.3.9/frequency\3k\FFT_20260309172750.360651.csv
2026-03-26 22:08:47-INFO-[tdms_reader_frequency.py:174]-  已写入 539999/539999 行FFT数据
2026-03-26 22:08:47-INFO-[tdms_reader_frequency.py:176]-已处理: 20260309172755.761693.csv -> D:/Lab/process/26.3.9/frequency\3k\FFT_20260309172755.761693.csv
2026-03-26 22:08:47-INFO-[tdms_reader_frequency.py:174]-  已写入 539999/539999 行FFT数据
2026-03-26 22:08:47-INFO-[tdms_reader_frequency.py:176]-已处理: 20260309172901.766059.csv -> D:/Lab/process/26.3.9/frequency\4k\FFT_20260309172901.766059.csv
2026-03-26 22:08:47-INFO-[tdms_reader_frequency.py:174]-  已写入 539999/539999 行FFT数据
2026-03-26 22:08:47-INFO-[tdms_reader_frequency.py:176]-已处理: 20260309172758.469347.csv -> D:/Lab/process/26.3.9/frequency\3k\FFT_20260309172758.469347.csv
2026-03-26 22:08:47-INFO-[tdms_reader_frequency.py:118]-成功读取文件: 20260309172928.767801.csv, 数据长度: 1080000
2026-03-26 22:08:47-INFO-[tdms_reader_frequency.py:128]-处理文件: 20260309172928.767801.csv, 通道数: 12
2026-03-26 22:08:47-INFO-[tdms_reader_frequency.py:174]-  已写入 539999/539999 行FFT数据
2026-03-26 22:08:47-INFO-[tdms_reader_frequency.py:176]-已处理: 20260309172912.566757.csv -> D:/Lab/process/26.3.9/frequency\4k\FFT_20260309172912.566757.csv
2026-03-26 22:08:47-INFO-[tdms_reader_frequency.py:174]-  已写入 539999/539999 行FFT数据
2026-03-26 22:08:47-INFO-[tdms_reader_frequency.py:176]-已处理: 20260309172904.466852.csv -> D:/Lab/process/26.3.9/frequency\4k\FFT_20260309172904.466852.csv
2026-03-26 22:08:47-INFO-[tdms_reader_frequency.py:174]-  已写入 539999/539999 行FFT数据
2026-03-26 22:08:47-INFO-[tdms_reader_frequency.py:176]-已处理: 20260309172859.064864.csv -> D:/Lab/process/26.3.9/frequency\4k\FFT_20260309172859.064864.csv
2026-03-26 22:08:47-INFO-[tdms_reader_frequency.py:174]-  已写入 539999/539999 行FFT数据
2026-03-26 22:08:47-INFO-[tdms_reader_frequency.py:176]-已处理: 20260309172856.365958.csv -> D:/Lab/process/26.3.9/frequency\4k\FFT_20260309172856.365958.csv
2026-03-26 22:08:48-INFO-[tdms_reader_frequency.py:174]-  已写入 539999/539999 行FFT数据
2026-03-26 22:08:48-INFO-[tdms_reader_frequency.py:176]-已处理: 20260309172850.964484.csv -> D:/Lab/process/26.3.9/frequency\4k\FFT_20260309172850.964484.csv
2026-03-26 22:08:48-INFO-[tdms_reader_frequency.py:118]-成功读取文件: 20260309172931.468228.csv, 数据长度: 1080000
2026-03-26 22:08:48-INFO-[tdms_reader_frequency.py:128]-处理文件: 20260309172931.468228.csv, 通道数: 12
2026-03-26 22:08:48-INFO-[tdms_reader_frequency.py:174]-  已写入 539999/539999 行FFT数据
2026-03-26 22:08:48-INFO-[tdms_reader_frequency.py:176]-已处理: 20260309172909.866322.csv -> D:/Lab/process/26.3.9/frequency\4k\FFT_20260309172909.866322.csv
2026-03-26 22:08:48-INFO-[tdms_reader_frequency.py:174]-  已写入 539999/539999 行FFT数据
2026-03-26 22:08:48-INFO-[tdms_reader_frequency.py:176]-已处理: 20260309172811.962765.csv -> D:/Lab/process/26.3.9/frequency\3k\FFT_20260309172811.962765.csv
2026-03-26 22:08:48-INFO-[tdms_reader_frequency.py:174]-  已写入 539999/539999 行FFT数据
2026-03-26 22:08:48-INFO-[tdms_reader_frequency.py:176]-已处理: 20260309172920.664635.csv -> D:/Lab/process/26.3.9/frequency\4k\FFT_20260309172920.664635.csv
2026-03-26 22:08:48-INFO-[tdms_reader_frequency.py:174]-  已写入 200000/539999 行FFT数据
2026-03-26 22:08:48-INFO-[tdms_reader_frequency.py:174]-  已写入 539999/539999 行FFT数据
2026-03-26 22:08:48-INFO-[tdms_reader_frequency.py:176]-已处理: 20260309172923.364761.csv -> D:/Lab/process/26.3.9/frequency\4k\FFT_20260309172923.364761.csv
2026-03-26 22:08:48-INFO-[tdms_reader_frequency.py:118]-成功读取文件: 20260309172934.165986.csv, 数据长度: 1080000
2026-03-26 22:08:48-INFO-[tdms_reader_frequency.py:128]-处理文件: 20260309172934.165986.csv, 通道数: 12
2026-03-26 22:08:48-INFO-[tdms_reader_frequency.py:174]-  已写入 539999/539999 行FFT数据
2026-03-26 22:08:48-INFO-[tdms_reader_frequency.py:176]-已处理: 20260309172809.262116.csv -> D:/Lab/process/26.3.9/frequency\3k\FFT_20260309172809.262116.csv
2026-03-26 22:08:48-INFO-[tdms_reader_frequency.py:118]-成功读取文件: 20260309172936.867580.csv, 数据长度: 1080000
2026-03-26 22:08:48-INFO-[tdms_reader_frequency.py:128]-处理文件: 20260309172936.867580.csv, 通道数: 12
2026-03-26 22:08:48-INFO-[tdms_reader_frequency.py:174]-  已写入 539999/539999 行FFT数据
2026-03-26 22:08:48-INFO-[tdms_reader_frequency.py:176]-已处理: 20260309172915.264995.csv -> D:/Lab/process/26.3.9/frequency\4k\FFT_20260309172915.264995.csv
2026-03-26 22:08:48-INFO-[tdms_reader_frequency.py:174]-  已写入 539999/539999 行FFT数据
2026-03-26 22:08:48-INFO-[tdms_reader_frequency.py:176]-已处理: 20260309172917.966221.csv -> D:/Lab/process/26.3.9/frequency\4k\FFT_20260309172917.966221.csv
2026-03-26 22:08:48-INFO-[tdms_reader_frequency.py:118]-成功读取文件: 20260309172939.567028.csv, 数据长度: 1080000
2026-03-26 22:08:48-INFO-[tdms_reader_frequency.py:128]-处理文件: 20260309172939.567028.csv, 通道数: 12
2026-03-26 22:08:50-INFO-[tdms_reader_frequency.py:174]-  已写入 300000/539999 行FFT数据
2026-03-26 22:08:51-INFO-[tdms_reader_frequency.py:174]-  已写入 100000/539999 行FFT数据
2026-03-26 22:08:51-INFO-[tdms_reader_frequency.py:174]-  已写入 100000/539999 行FFT数据
2026-03-26 22:08:51-INFO-[tdms_reader_frequency.py:174]-  已写入 100000/539999 行FFT数据
2026-03-26 22:08:51-INFO-[tdms_reader_frequency.py:174]-  已写入 100000/539999 行FFT数据
2026-03-26 22:08:51-INFO-[tdms_reader_frequency.py:174]-  已写入 100000/539999 行FFT数据
2026-03-26 22:08:52-INFO-[tdms_reader_frequency.py:174]-  已写入 400000/539999 行FFT数据
2026-03-26 22:08:53-INFO-[tdms_reader_frequency.py:174]-  已写入 200000/539999 行FFT数据
2026-03-26 22:08:53-INFO-[tdms_reader_frequency.py:174]-  已写入 200000/539999 行FFT数据
2026-03-26 22:08:53-INFO-[tdms_reader_frequency.py:174]-  已写入 200000/539999 行FFT数据
2026-03-26 22:08:53-INFO-[tdms_reader_frequency.py:174]-  已写入 200000/539999 行FFT数据
2026-03-26 22:08:53-INFO-[tdms_reader_frequency.py:174]-  已写入 200000/539999 行FFT数据
2026-03-26 22:08:54-INFO-[tdms_reader_frequency.py:174]-  已写入 500000/539999 行FFT数据
2026-03-26 22:08:55-INFO-[tdms_reader_frequency.py:174]-  已写入 300000/539999 行FFT数据
2026-03-26 22:08:55-INFO-[tdms_reader_frequency.py:174]-  已写入 539999/539999 行FFT数据
2026-03-26 22:08:55-INFO-[tdms_reader_frequency.py:176]-已处理: 20260309172926.064459.csv -> D:/Lab/process/26.3.9/frequency\4k\FFT_20260309172926.064459.csv
2026-03-26 22:08:55-INFO-[tdms_reader_frequency.py:174]-  已写入 300000/539999 行FFT数据
2026-03-26 22:08:55-INFO-[tdms_reader_frequency.py:174]-  已写入 300000/539999 行FFT数据
2026-03-26 22:08:55-INFO-[tdms_reader_frequency.py:174]-  已写入 300000/539999 行FFT数据
2026-03-26 22:08:55-INFO-[tdms_reader_frequency.py:174]-  已写入 300000/539999 行FFT数据
2026-03-26 22:08:57-INFO-[tdms_reader_frequency.py:174]-  已写入 400000/539999 行FFT数据
2026-03-26 22:08:57-INFO-[tdms_reader_frequency.py:174]-  已写入 400000/539999 行FFT数据
2026-03-26 22:08:57-INFO-[tdms_reader_frequency.py:174]-  已写入 400000/539999 行FFT数据
2026-03-26 22:08:57-INFO-[tdms_reader_frequency.py:174]-  已写入 400000/539999 行FFT数据
2026-03-26 22:08:57-INFO-[tdms_reader_frequency.py:174]-  已写入 400000/539999 行FFT数据
2026-03-26 22:08:59-INFO-[tdms_reader_frequency.py:174]-  已写入 500000/539999 行FFT数据
2026-03-26 22:08:59-INFO-[tdms_reader_frequency.py:174]-  已写入 500000/539999 行FFT数据
2026-03-26 22:08:59-INFO-[tdms_reader_frequency.py:174]-  已写入 500000/539999 行FFT数据
2026-03-26 22:08:59-INFO-[tdms_reader_frequency.py:174]-  已写入 500000/539999 行FFT数据
2026-03-26 22:08:59-INFO-[tdms_reader_frequency.py:174]-  已写入 500000/539999 行FFT数据
2026-03-26 22:09:00-INFO-[tdms_reader_frequency.py:174]-  已写入 539999/539999 行FFT数据
2026-03-26 22:09:00-INFO-[tdms_reader_frequency.py:176]-已处理: 20260309172928.767801.csv -> D:/Lab/process/26.3.9/frequency\4k\FFT_20260309172928.767801.csv
2026-03-26 22:09:00-INFO-[tdms_reader_frequency.py:174]-  已写入 539999/539999 行FFT数据
2026-03-26 22:09:00-INFO-[tdms_reader_frequency.py:176]-已处理: 20260309172931.468228.csv -> D:/Lab/process/26.3.9/frequency\4k\FFT_20260309172931.468228.csv
2026-03-26 22:09:00-INFO-[tdms_reader_frequency.py:174]-  已写入 539999/539999 行FFT数据
2026-03-26 22:09:00-INFO-[tdms_reader_frequency.py:176]-已处理: 20260309172934.165986.csv -> D:/Lab/process/26.3.9/frequency\4k\FFT_20260309172934.165986.csv
2026-03-26 22:09:00-INFO-[tdms_reader_frequency.py:174]-  已写入 539999/539999 行FFT数据
2026-03-26 22:09:00-INFO-[tdms_reader_frequency.py:176]-已处理: 20260309172936.867580.csv -> D:/Lab/process/26.3.9/frequency\4k\FFT_20260309172936.867580.csv
2026-03-26 22:09:00-INFO-[tdms_reader_frequency.py:174]-  已写入 539999/539999 行FFT数据
2026-03-26 22:09:00-INFO-[tdms_reader_frequency.py:176]-已处理: 20260309172939.567028.csv -> D:/Lab/process/26.3.9/frequency\4k\FFT_20260309172939.567028.csv
2026-03-26 22:09:01-INFO-[tdms_reader_frequency.py:235]-所有文件处理完成
2026-03-26 22:09:01-INFO-[tdms_reader_frequency_average.py:42]-配置文件加载成功: C:\Users\17584\Documents\ALearning\Project\tools\DataProcess\config\paths.yaml
2026-03-26 22:09:01-INFO-[tdms_reader_frequency_average.py:196]-FFT数据输入目录: D:/Lab/process/26.3.9/frequency
2026-03-26 22:09:01-INFO-[tdms_reader_frequency_average.py:197]-平均FFT输出目录: D:/Lab/process/26.3.9/frequency_ave
2026-03-26 22:09:01-INFO-[tdms_reader_frequency_average.py:210]-找到 65 个FFT CSV文件
2026-03-26 22:09:01-INFO-[tdms_reader_frequency_average.py:63]-按文件夹分组完成，找到 3 个文件夹组
2026-03-26 22:09:01-INFO-[tdms_reader_frequency_average.py:65]-  文件夹 2k: 25 个文件
2026-03-26 22:09:01-INFO-[tdms_reader_frequency_average.py:65]-  文件夹 3k: 20 个文件
2026-03-26 22:09:01-INFO-[tdms_reader_frequency_average.py:65]-  文件夹 4k: 20 个文件
2026-03-26 22:09:01-INFO-[tdms_reader_frequency_average.py:225]-使用 3 个进程并行处理
2026-03-26 22:09:04-INFO-[tdms_reader_frequency_average.py:178]-开始处理文件夹 3k, 共 20 个文件
2026-03-26 22:09:04-INFO-[tdms_reader_frequency_average.py:178]-开始处理文件夹 2k, 共 25 个文件
2026-03-26 22:09:06-WARNING-[tdms_reader_frequency_average.py:99]-文件 FFT_20260309171638.209984.csv 结构不匹配，跳过
2026-03-26 22:09:07-WARNING-[tdms_reader_frequency_average.py:99]-文件 FFT_20260309171640.909627.csv 结构不匹配，跳过
2026-03-26 22:09:08-WARNING-[tdms_reader_frequency_average.py:99]-文件 FFT_20260309171643.610847.csv 结构不匹配，跳过
2026-03-26 22:09:10-WARNING-[tdms_reader_frequency_average.py:99]-文件 FFT_20260309171646.311929.csv 结构不匹配，跳过
2026-03-26 22:09:11-WARNING-[tdms_reader_frequency_average.py:99]-文件 FFT_20260309171649.009744.csv 结构不匹配，跳过
2026-03-26 22:09:12-WARNING-[tdms_reader_frequency_average.py:99]-文件 FFT_20260309171651.711693.csv 结构不匹配，跳过
2026-03-26 22:09:14-WARNING-[tdms_reader_frequency_average.py:99]-文件 FFT_20260309171654.410757.csv 结构不匹配，跳过
2026-03-26 22:09:15-WARNING-[tdms_reader_frequency_average.py:99]-文件 FFT_20260309171657.112097.csv 结构不匹配，跳过
2026-03-26 22:09:16-WARNING-[tdms_reader_frequency_average.py:99]-文件 FFT_20260309171659.812699.csv 结构不匹配，跳过
2026-03-26 22:09:18-WARNING-[tdms_reader_frequency_average.py:99]-文件 FFT_20260309171702.511904.csv 结构不匹配，跳过
2026-03-26 22:09:19-WARNING-[tdms_reader_frequency_average.py:99]-文件 FFT_20260309171705.211974.csv 结构不匹配，跳过
2026-03-26 22:09:20-WARNING-[tdms_reader_frequency_average.py:99]-文件 FFT_20260309171707.912154.csv 结构不匹配，跳过
2026-03-26 22:09:22-WARNING-[tdms_reader_frequency_average.py:99]-文件 FFT_20260309171710.611949.csv 结构不匹配，跳过
2026-03-26 22:09:23-WARNING-[tdms_reader_frequency_average.py:99]-文件 FFT_20260309171713.311232.csv 结构不匹配，跳过
2026-03-26 22:09:24-WARNING-[tdms_reader_frequency_average.py:99]-文件 FFT_20260309171716.013532.csv 结构不匹配，跳过
2026-03-26 22:09:26-WARNING-[tdms_reader_frequency_average.py:99]-文件 FFT_20260309171718.712098.csv 结构不匹配，跳过
2026-03-26 22:09:27-WARNING-[tdms_reader_frequency_average.py:99]-文件 FFT_20260309171721.413819.csv 结构不匹配，跳过
2026-03-26 22:09:28-WARNING-[tdms_reader_frequency_average.py:99]-文件 FFT_20260309171724.111972.csv 结构不匹配，跳过
2026-03-26 22:09:29-WARNING-[tdms_reader_frequency_average.py:99]-文件 FFT_20260309171726.813002.csv 结构不匹配，跳过
2026-03-26 22:09:31-WARNING-[tdms_reader_frequency_average.py:99]-文件 FFT_20260309171729.513661.csv 结构不匹配，跳过
2026-03-26 22:09:32-WARNING-[tdms_reader_frequency_average.py:99]-文件 FFT_20260309171732.212390.csv 结构不匹配，跳过
2026-03-26 22:09:33-WARNING-[tdms_reader_frequency_average.py:99]-文件 FFT_20260309171734.914089.csv 结构不匹配，跳过
2026-03-26 22:09:33-INFO-[tdms_reader_frequency_average.py:159]-已保存平均FFT数据: D:/Lab/process/26.3.9/frequency_ave\2k\average_fft_2k_3files.csv
2026-03-26 22:09:41-INFO-[tdms_reader_frequency_average.py:159]-已保存平均FFT数据: D:/Lab/process/26.3.9/frequency_ave\3k\average_fft_3k_20files.csv
2026-03-26 22:09:42-INFO-[tdms_reader_frequency_average.py:159]-已保存平均FFT数据: D:/Lab/process/26.3.9/frequency_ave\4k\average_fft_4k_20files.csv
2026-03-26 22:09:42-INFO-[tdms_reader_frequency_average.py:234]-处理完成: 成功 3/3 个文件夹组
2026-03-26 22:09:42-INFO-[tdms_reader_frequency_average.py:240]-========================FFT数据平均处理汇总报告===========================
2026-03-26 22:09:42-INFO-[tdms_reader_frequency_average.py:241]-处理时间: 2026-03-26 22:09:42
2026-03-26 22:09:42-INFO-[tdms_reader_frequency_average.py:242]-成功处理的文件数量: 3
2026-03-26 22:09:42-INFO-[tdms_reader_frequency_average.py:243]-处理文件列表:
2026-03-26 22:09:42-INFO-[tdms_reader_frequency_average.py:246]- 1. average_fft_2k_3files.csv
2026-03-26 22:09:42-INFO-[tdms_reader_frequency_average.py:246]- 2. average_fft_3k_20files.csv
2026-03-26 22:09:42-INFO-[tdms_reader_frequency_average.py:246]- 3. average_fft_4k_20files.csv
2026-03-26 22:09:42-INFO-[time_series_plots.py:35]-配置文件加载成功: C:\Users\17584\Documents\ALearning\Project\tools\DataProcess\config\paths.yaml
2026-03-26 22:09:42-INFO-[time_series_plots.py:636]-输入目录: D:/Lab/process/26.3.9/time
2026-03-26 22:09:42-INFO-[time_series_plots.py:637]-输出目录: D:/Lab/results/26.3.9/time
2026-03-26 22:09:42-INFO-[time_series_plots.py:649]-找到 65 个CSV文件
2026-03-26 22:09:42-INFO-[time_series_plots.py:659]-找到 3 个组: ['2k', '3k', '4k']
2026-03-26 22:09:42-INFO-[time_series_plots.py:664]-分析组 2k, 包含 25 个文件
2026-03-26 22:09:42-INFO-[time_series_plots.py:562]-开始分析组，包含 25 个文件
2026-03-26 22:09:42-INFO-[time_series_plots.py:41]-正在读取CSV文件: D:\Lab\process\26.3.9\time\2k\20260309105021.883796.csv
2026-03-26 22:09:42-INFO-[time_series_plots.py:57]-成功读取数据: 50000 行, 12 个通道
2026-03-26 22:09:42-INFO-[time_series_plots.py:41]-正在读取CSV文件: D:\Lab\process\26.3.9\time\2k\20260309105049.639102.csv
2026-03-26 22:09:43-INFO-[time_series_plots.py:57]-成功读取数据: 50000 行, 12 个通道
2026-03-26 22:09:43-INFO-[time_series_plots.py:41]-正在读取CSV文件: D:\Lab\process\26.3.9\time\2k\20260309105600.180456.csv
2026-03-26 22:09:43-INFO-[time_series_plots.py:57]-成功读取数据: 50000 行, 12 个通道
2026-03-26 22:09:43-INFO-[time_series_plots.py:41]-正在读取CSV文件: D:\Lab\process\26.3.9\time\2k\20260309171638.209984.csv
2026-03-26 22:09:43-INFO-[time_series_plots.py:57]-成功读取数据: 1080000 行, 12 个通道
2026-03-26 22:09:45-INFO-[time_series_plots.py:41]-正在读取CSV文件: D:\Lab\process\26.3.9\time\2k\20260309171640.909627.csv
2026-03-26 22:09:46-INFO-[time_series_plots.py:57]-成功读取数据: 1080000 行, 12 个通道
2026-03-26 22:09:47-INFO-[time_series_plots.py:41]-正在读取CSV文件: D:\Lab\process\26.3.9\time\2k\20260309171643.610847.csv
2026-03-26 22:09:48-INFO-[time_series_plots.py:57]-成功读取数据: 1080000 行, 12 个通道
2026-03-26 22:09:49-INFO-[time_series_plots.py:41]-正在读取CSV文件: D:\Lab\process\26.3.9\time\2k\20260309171646.311929.csv
2026-03-26 22:09:50-INFO-[time_series_plots.py:57]-成功读取数据: 1080000 行, 12 个通道
2026-03-26 22:09:52-INFO-[time_series_plots.py:41]-正在读取CSV文件: D:\Lab\process\26.3.9\time\2k\20260309171649.009744.csv
2026-03-26 22:09:52-INFO-[time_series_plots.py:57]-成功读取数据: 1080000 行, 12 个通道
2026-03-26 22:09:54-INFO-[time_series_plots.py:41]-正在读取CSV文件: D:\Lab\process\26.3.9\time\2k\20260309171651.711693.csv
2026-03-26 22:09:55-INFO-[time_series_plots.py:57]-成功读取数据: 1080000 行, 12 个通道
2026-03-26 22:09:56-INFO-[time_series_plots.py:41]-正在读取CSV文件: D:\Lab\process\26.3.9\time\2k\20260309171654.410757.csv
2026-03-26 22:09:57-INFO-[time_series_plots.py:57]-成功读取数据: 1080000 行, 12 个通道
2026-03-26 22:09:58-INFO-[time_series_plots.py:41]-正在读取CSV文件: D:\Lab\process\26.3.9\time\2k\20260309171657.112097.csv
2026-03-26 22:09:59-INFO-[time_series_plots.py:57]-成功读取数据: 1080000 行, 12 个通道
2026-03-26 22:10:01-INFO-[time_series_plots.py:41]-正在读取CSV文件: D:\Lab\process\26.3.9\time\2k\20260309171659.812699.csv
2026-03-26 22:10:03-INFO-[time_series_plots.py:57]-成功读取数据: 1080000 行, 12 个通道
2026-03-26 22:10:05-INFO-[time_series_plots.py:41]-正在读取CSV文件: D:\Lab\process\26.3.9\time\2k\20260309171702.511904.csv
2026-03-26 22:10:05-INFO-[time_series_plots.py:57]-成功读取数据: 1080000 行, 12 个通道
2026-03-26 22:10:07-INFO-[time_series_plots.py:41]-正在读取CSV文件: D:\Lab\process\26.3.9\time\2k\20260309171705.211974.csv
2026-03-26 22:10:08-INFO-[time_series_plots.py:57]-成功读取数据: 1080000 行, 12 个通道
2026-03-26 22:10:09-INFO-[time_series_plots.py:41]-正在读取CSV文件: D:\Lab\process\26.3.9\time\2k\20260309171707.912154.csv
2026-03-26 22:10:10-INFO-[time_series_plots.py:57]-成功读取数据: 1080000 行, 12 个通道
2026-03-26 22:10:12-INFO-[time_series_plots.py:41]-正在读取CSV文件: D:\Lab\process\26.3.9\time\2k\20260309171710.611949.csv
2026-03-26 22:10:12-INFO-[time_series_plots.py:57]-成功读取数据: 1080000 行, 12 个通道
2026-03-26 22:10:14-INFO-[time_series_plots.py:41]-正在读取CSV文件: D:\Lab\process\26.3.9\time\2k\20260309171713.311232.csv
2026-03-26 22:10:15-INFO-[time_series_plots.py:57]-成功读取数据: 1080000 行, 12 个通道
2026-03-26 22:10:16-INFO-[time_series_plots.py:41]-正在读取CSV文件: D:\Lab\process\26.3.9\time\2k\20260309171716.013532.csv
2026-03-26 22:10:17-INFO-[time_series_plots.py:57]-成功读取数据: 1080000 行, 12 个通道
2026-03-26 22:10:19-INFO-[time_series_plots.py:41]-正在读取CSV文件: D:\Lab\process\26.3.9\time\2k\20260309171718.712098.csv
2026-03-26 22:10:19-INFO-[time_series_plots.py:57]-成功读取数据: 1080000 行, 12 个通道
2026-03-26 22:10:21-INFO-[time_series_plots.py:41]-正在读取CSV文件: D:\Lab\process\26.3.9\time\2k\20260309171721.413819.csv
2026-03-26 22:10:22-INFO-[time_series_plots.py:57]-成功读取数据: 1080000 行, 12 个通道
2026-03-26 22:10:23-INFO-[time_series_plots.py:41]-正在读取CSV文件: D:\Lab\process\26.3.9\time\2k\20260309171724.111972.csv
2026-03-26 22:10:24-INFO-[time_series_plots.py:57]-成功读取数据: 1080000 行, 12 个通道
2026-03-26 22:10:26-INFO-[time_series_plots.py:41]-正在读取CSV文件: D:\Lab\process\26.3.9\time\2k\20260309171726.813002.csv
2026-03-26 22:10:26-INFO-[time_series_plots.py:57]-成功读取数据: 1080000 行, 12 个通道
2026-03-26 22:10:28-INFO-[time_series_plots.py:41]-正在读取CSV文件: D:\Lab\process\26.3.9\time\2k\20260309171729.513661.csv
2026-03-26 22:10:29-INFO-[time_series_plots.py:57]-成功读取数据: 1080000 行, 12 个通道
2026-03-26 22:10:30-INFO-[time_series_plots.py:41]-正在读取CSV文件: D:\Lab\process\26.3.9\time\2k\20260309171732.212390.csv
2026-03-26 22:10:31-INFO-[time_series_plots.py:57]-成功读取数据: 1080000 行, 12 个通道
2026-03-26 22:10:33-INFO-[time_series_plots.py:41]-正在读取CSV文件: D:\Lab\process\26.3.9\time\2k\20260309171734.914089.csv
2026-03-26 22:10:33-INFO-[time_series_plots.py:57]-成功读取数据: 760000 行, 12 个通道
2026-03-26 22:10:34-INFO-[time_series_plots.py:152]-开始绘制组时序图
2026-03-26 22:10:37-INFO-[time_series_plots.py:225]-组时序图已保存: D:\Lab\results\26.3.9\time\2k\group_time_series.png
2026-03-26 22:10:37-INFO-[time_series_plots.py:235]-开始绘制组统计量对比图
2026-03-26 22:10:38-INFO-[time_series_plots.py:316]-组统计量对比图已保存: D:\Lab\results\26.3.9\time\2k\group_statistics_comparison.png
2026-03-26 22:10:38-INFO-[time_series_plots.py:326]-开始绘制组稳定性分析图
2026-03-26 22:10:40-INFO-[time_series_plots.py:422]-组稳定性分析图已保存: D:\Lab\results\26.3.9\time\2k\group_stability_analysis.png
2026-03-26 22:10:40-INFO-[time_series_plots.py:432]-开始生成组分析报告
2026-03-26 22:10:40-INFO-[time_series_plots.py:549]-组分析报告已保存: D:\Lab\results\26.3.9\time\2k\time_series_plots_report.json
2026-03-26 22:10:40-INFO-[time_series_plots.py:610]-组分析完成: 2k
2026-03-26 22:10:40-INFO-[time_series_plots.py:664]-分析组 3k, 包含 20 个文件
2026-03-26 22:10:40-INFO-[time_series_plots.py:562]-开始分析组，包含 20 个文件
2026-03-26 22:10:40-INFO-[time_series_plots.py:41]-正在读取CSV文件: D:\Lab\process\26.3.9\time\3k\20260309172720.657481.csv
2026-03-26 22:10:41-INFO-[time_series_plots.py:57]-成功读取数据: 1080000 行, 12 个通道
2026-03-26 22:10:42-INFO-[time_series_plots.py:41]-正在读取CSV文件: D:\Lab\process\26.3.9\time\3k\20260309172723.361497.csv
2026-03-26 22:10:43-INFO-[time_series_plots.py:57]-成功读取数据: 1080000 行, 12 个通道
2026-03-26 22:10:44-INFO-[time_series_plots.py:41]-正在读取CSV文件: D:\Lab\process\26.3.9\time\3k\20260309172726.061191.csv
2026-03-26 22:10:45-INFO-[time_series_plots.py:57]-成功读取数据: 1080000 行, 12 个通道
2026-03-26 22:10:46-INFO-[time_series_plots.py:41]-正在读取CSV文件: D:\Lab\process\26.3.9\time\3k\20260309172728.759021.csv
2026-03-26 22:10:47-INFO-[time_series_plots.py:57]-成功读取数据: 1080000 行, 12 个通道
2026-03-26 22:10:49-INFO-[time_series_plots.py:41]-正在读取CSV文件: D:\Lab\process\26.3.9\time\3k\20260309172731.458687.csv
2026-03-26 22:10:49-INFO-[time_series_plots.py:57]-成功读取数据: 1080000 行, 12 个通道
2026-03-26 22:10:51-INFO-[time_series_plots.py:41]-正在读取CSV文件: D:\Lab\process\26.3.9\time\3k\20260309172734.159782.csv
2026-03-26 22:10:52-INFO-[time_series_plots.py:57]-成功读取数据: 1080000 行, 12 个通道
2026-03-26 22:10:53-INFO-[time_series_plots.py:41]-正在读取CSV文件: D:\Lab\process\26.3.9\time\3k\20260309172736.860642.csv
2026-03-26 22:10:54-INFO-[time_series_plots.py:57]-成功读取数据: 1080000 行, 12 个通道
2026-03-26 22:10:55-INFO-[time_series_plots.py:41]-正在读取CSV文件: D:\Lab\process\26.3.9\time\3k\20260309172739.558926.csv
2026-03-26 22:10:56-INFO-[time_series_plots.py:57]-成功读取数据: 1080000 行, 12 个通道
2026-03-26 22:10:57-INFO-[time_series_plots.py:41]-正在读取CSV文件: D:\Lab\process\26.3.9\time\3k\20260309172742.260473.csv
2026-03-26 22:10:58-INFO-[time_series_plots.py:57]-成功读取数据: 1080000 行, 12 个通道
2026-03-26 22:11:00-INFO-[time_series_plots.py:41]-正在读取CSV文件: D:\Lab\process\26.3.9\time\3k\20260309172744.957522.csv
2026-03-26 22:11:00-INFO-[time_series_plots.py:57]-成功读取数据: 1080000 行, 12 个通道
2026-03-26 22:11:02-INFO-[time_series_plots.py:41]-正在读取CSV文件: D:\Lab\process\26.3.9\time\3k\20260309172747.660952.csv
2026-03-26 22:11:03-INFO-[time_series_plots.py:57]-成功读取数据: 1080000 行, 12 个通道
2026-03-26 22:11:04-INFO-[time_series_plots.py:41]-正在读取CSV文件: D:\Lab\process\26.3.9\time\3k\20260309172750.360651.csv
2026-03-26 22:11:05-INFO-[time_series_plots.py:57]-成功读取数据: 1080000 行, 12 个通道
2026-03-26 22:11:07-INFO-[time_series_plots.py:41]-正在读取CSV文件: D:\Lab\process\26.3.9\time\3k\20260309172753.060727.csv
2026-03-26 22:11:07-INFO-[time_series_plots.py:57]-成功读取数据: 1080000 行, 12 个通道
2026-03-26 22:11:09-INFO-[time_series_plots.py:41]-正在读取CSV文件: D:\Lab\process\26.3.9\time\3k\20260309172755.761693.csv
2026-03-26 22:11:10-INFO-[time_series_plots.py:57]-成功读取数据: 1080000 行, 12 个通道
2026-03-26 22:11:11-INFO-[time_series_plots.py:41]-正在读取CSV文件: D:\Lab\process\26.3.9\time\3k\20260309172758.469347.csv
2026-03-26 22:11:12-INFO-[time_series_plots.py:57]-成功读取数据: 1080000 行, 12 个通道
2026-03-26 22:11:14-INFO-[time_series_plots.py:41]-正在读取CSV文件: D:\Lab\process\26.3.9\time\3k\20260309172801.162433.csv
2026-03-26 22:11:14-INFO-[time_series_plots.py:57]-成功读取数据: 1080000 行, 12 个通道
2026-03-26 22:11:16-INFO-[time_series_plots.py:41]-正在读取CSV文件: D:\Lab\process\26.3.9\time\3k\20260309172803.861618.csv
2026-03-26 22:11:16-INFO-[time_series_plots.py:57]-成功读取数据: 1080000 行, 12 个通道
2026-03-26 22:11:18-INFO-[time_series_plots.py:41]-正在读取CSV文件: D:\Lab\process\26.3.9\time\3k\20260309172806.563735.csv
2026-03-26 22:11:19-INFO-[time_series_plots.py:57]-成功读取数据: 1080000 行, 12 个通道
2026-03-26 22:11:20-INFO-[time_series_plots.py:41]-正在读取CSV文件: D:\Lab\process\26.3.9\time\3k\20260309172809.262116.csv
2026-03-26 22:11:21-INFO-[time_series_plots.py:57]-成功读取数据: 1080000 行, 12 个通道
2026-03-26 22:11:23-INFO-[time_series_plots.py:41]-正在读取CSV文件: D:\Lab\process\26.3.9\time\3k\20260309172811.962765.csv
2026-03-26 22:11:24-INFO-[time_series_plots.py:57]-成功读取数据: 1080000 行, 12 个通道
2026-03-26 22:11:25-INFO-[time_series_plots.py:152]-开始绘制组时序图
2026-03-26 22:11:28-INFO-[time_series_plots.py:225]-组时序图已保存: D:\Lab\results\26.3.9\time\3k\group_time_series.png
2026-03-26 22:11:28-INFO-[time_series_plots.py:235]-开始绘制组统计量对比图
2026-03-26 22:11:29-INFO-[time_series_plots.py:316]-组统计量对比图已保存: D:\Lab\results\26.3.9\time\3k\group_statistics_comparison.png
2026-03-26 22:11:29-INFO-[time_series_plots.py:326]-开始绘制组稳定性分析图
2026-03-26 22:11:30-INFO-[time_series_plots.py:422]-组稳定性分析图已保存: D:\Lab\results\26.3.9\time\3k\group_stability_analysis.png
2026-03-26 22:11:30-INFO-[time_series_plots.py:432]-开始生成组分析报告
2026-03-26 22:11:30-INFO-[time_series_plots.py:549]-组分析报告已保存: D:\Lab\results\26.3.9\time\3k\time_series_plots_report.json
2026-03-26 22:11:30-INFO-[time_series_plots.py:610]-组分析完成: 3k
2026-03-26 22:11:30-INFO-[time_series_plots.py:664]-分析组 4k, 包含 20 个文件
2026-03-26 22:11:30-INFO-[time_series_plots.py:562]-开始分析组，包含 20 个文件
2026-03-26 22:11:30-INFO-[time_series_plots.py:41]-正在读取CSV文件: D:\Lab\process\26.3.9\time\4k\20260309172848.266725.csv
2026-03-26 22:11:31-INFO-[time_series_plots.py:57]-成功读取数据: 1080000 行, 12 个通道
2026-03-26 22:11:32-INFO-[time_series_plots.py:41]-正在读取CSV文件: D:\Lab\process\26.3.9\time\4k\20260309172850.964484.csv
2026-03-26 22:11:33-INFO-[time_series_plots.py:57]-成功读取数据: 1080000 行, 12 个通道
2026-03-26 22:11:35-INFO-[time_series_plots.py:41]-正在读取CSV文件: D:\Lab\process\26.3.9\time\4k\20260309172853.661670.csv
2026-03-26 22:11:35-INFO-[time_series_plots.py:57]-成功读取数据: 1080000 行, 12 个通道
2026-03-26 22:11:37-INFO-[time_series_plots.py:41]-正在读取CSV文件: D:\Lab\process\26.3.9\time\4k\20260309172856.365958.csv
2026-03-26 22:11:37-INFO-[time_series_plots.py:57]-成功读取数据: 1080000 行, 12 个通道
2026-03-26 22:11:39-INFO-[time_series_plots.py:41]-正在读取CSV文件: D:\Lab\process\26.3.9\time\4k\20260309172859.064864.csv
2026-03-26 22:11:40-INFO-[time_series_plots.py:57]-成功读取数据: 1080000 行, 12 个通道
2026-03-26 22:11:41-INFO-[time_series_plots.py:41]-正在读取CSV文件: D:\Lab\process\26.3.9\time\4k\20260309172901.766059.csv
2026-03-26 22:11:42-INFO-[time_series_plots.py:57]-成功读取数据: 1080000 行, 12 个通道
2026-03-26 22:11:43-INFO-[time_series_plots.py:41]-正在读取CSV文件: D:\Lab\process\26.3.9\time\4k\20260309172904.466852.csv
2026-03-26 22:11:44-INFO-[time_series_plots.py:57]-成功读取数据: 1080000 行, 12 个通道
2026-03-26 22:11:45-INFO-[time_series_plots.py:41]-正在读取CSV文件: D:\Lab\process\26.3.9\time\4k\20260309172907.166952.csv
2026-03-26 22:11:46-INFO-[time_series_plots.py:57]-成功读取数据: 1080000 行, 12 个通道
2026-03-26 22:11:48-INFO-[time_series_plots.py:41]-正在读取CSV文件: D:\Lab\process\26.3.9\time\4k\20260309172909.866322.csv
2026-03-26 22:11:48-INFO-[time_series_plots.py:57]-成功读取数据: 1080000 行, 12 个通道
2026-03-26 22:11:50-INFO-[time_series_plots.py:41]-正在读取CSV文件: D:\Lab\process\26.3.9\time\4k\20260309172912.566757.csv
2026-03-26 22:11:51-INFO-[time_series_plots.py:57]-成功读取数据: 1080000 行, 12 个通道
2026-03-26 22:11:52-INFO-[time_series_plots.py:41]-正在读取CSV文件: D:\Lab\process\26.3.9\time\4k\20260309172915.264995.csv
2026-03-26 22:11:53-INFO-[time_series_plots.py:57]-成功读取数据: 1080000 行, 12 个通道
2026-03-26 22:11:54-INFO-[time_series_plots.py:41]-正在读取CSV文件: D:\Lab\process\26.3.9\time\4k\20260309172917.966221.csv
2026-03-26 22:11:55-INFO-[time_series_plots.py:57]-成功读取数据: 1080000 行, 12 个通道
2026-03-26 22:11:57-INFO-[time_series_plots.py:41]-正在读取CSV文件: D:\Lab\process\26.3.9\time\4k\20260309172920.664635.csv
2026-03-26 22:11:57-INFO-[time_series_plots.py:57]-成功读取数据: 1080000 行, 12 个通道
2026-03-26 22:11:59-INFO-[time_series_plots.py:41]-正在读取CSV文件: D:\Lab\process\26.3.9\time\4k\20260309172923.364761.csv
2026-03-26 22:12:00-INFO-[time_series_plots.py:57]-成功读取数据: 1080000 行, 12 个通道
2026-03-26 22:12:01-INFO-[time_series_plots.py:41]-正在读取CSV文件: D:\Lab\process\26.3.9\time\4k\20260309172926.064459.csv
2026-03-26 22:12:02-INFO-[time_series_plots.py:57]-成功读取数据: 1080000 行, 12 个通道
2026-03-26 22:12:04-INFO-[time_series_plots.py:41]-正在读取CSV文件: D:\Lab\process\26.3.9\time\4k\20260309172928.767801.csv
2026-03-26 22:12:05-INFO-[time_series_plots.py:57]-成功读取数据: 1080000 行, 12 个通道
2026-03-26 22:12:06-INFO-[time_series_plots.py:41]-正在读取CSV文件: D:\Lab\process\26.3.9\time\4k\20260309172931.468228.csv
2026-03-26 22:12:07-INFO-[time_series_plots.py:57]-成功读取数据: 1080000 行, 12 个通道
2026-03-26 22:12:09-INFO-[time_series_plots.py:41]-正在读取CSV文件: D:\Lab\process\26.3.9\time\4k\20260309172934.165986.csv
2026-03-26 22:12:09-INFO-[time_series_plots.py:57]-成功读取数据: 1080000 行, 12 个通道
2026-03-26 22:12:11-INFO-[time_series_plots.py:41]-正在读取CSV文件: D:\Lab\process\26.3.9\time\4k\20260309172936.867580.csv
2026-03-26 22:12:12-INFO-[time_series_plots.py:57]-成功读取数据: 1080000 行, 12 个通道
2026-03-26 22:12:13-INFO-[time_series_plots.py:41]-正在读取CSV文件: D:\Lab\process\26.3.9\time\4k\20260309172939.567028.csv
2026-03-26 22:12:14-INFO-[time_series_plots.py:57]-成功读取数据: 1080000 行, 12 个通道
2026-03-26 22:12:16-INFO-[time_series_plots.py:152]-开始绘制组时序图
2026-03-26 22:12:19-INFO-[time_series_plots.py:225]-组时序图已保存: D:\Lab\results\26.3.9\time\4k\group_time_series.png
2026-03-26 22:12:19-INFO-[time_series_plots.py:235]-开始绘制组统计量对比图
2026-03-26 22:12:20-INFO-[time_series_plots.py:316]-组统计量对比图已保存: D:\Lab\results\26.3.9\time\4k\group_statistics_comparison.png
2026-03-26 22:12:20-INFO-[time_series_plots.py:326]-开始绘制组稳定性分析图
2026-03-26 22:12:21-INFO-[time_series_plots.py:422]-组稳定性分析图已保存: D:\Lab\results\26.3.9\time\4k\group_stability_analysis.png
2026-03-26 22:12:21-INFO-[time_series_plots.py:432]-开始生成组分析报告
2026-03-26 22:12:21-INFO-[time_series_plots.py:549]-组分析报告已保存: D:\Lab\results\26.3.9\time\4k\time_series_plots_report.json
2026-03-26 22:12:21-INFO-[time_series_plots.py:610]-组分析完成: 4k
2026-03-26 22:12:21-INFO-[time_series_plots.py:693]-时域分析完成! 成功分析 3 个组
2026-03-26 22:12:21-INFO-[time_series_plots.py:694]-总体报告: D:\Lab\results\26.3.9\time\analysis_summary.json
2026-03-26 22:12:21-INFO-[frequency_plots.py:64]-配置文件加载成功: C:\Users\17584\Documents\ALearning\Project\tools\DataProcess\config\paths.yaml
2026-03-26 22:12:21-INFO-[frequency_plots.py:895]-FFT输入目录: D:/Lab/process/26.3.9/frequency
2026-03-26 22:12:21-INFO-[frequency_plots.py:896]-FFT输出目录: D:/Lab/results/26.3.9/frequency
2026-03-26 22:12:21-INFO-[frequency_plots.py:908]-找到 65 个平均FFT CSV文件
2026-03-26 22:12:21-INFO-[frequency_plots.py:918]-找到 3 个FFT组: ['2k', '3k', '4k']
2026-03-26 22:12:21-INFO-[frequency_plots.py:926]-分析FFT组 2k, 包含 25 个文件
2026-03-26 22:12:21-INFO-[frequency_plots.py:818]-开始分析FFT组，包含 25 个文件
2026-03-26 22:12:21-INFO-[frequency_plots.py:70]-正在读取FFT CSV文件: D:\Lab\process\26.3.9\frequency\2k\FFT_20260309105021.883796.csv
2026-03-26 22:12:21-INFO-[frequency_plots.py:108]-识别到 12 个通道
2026-03-26 22:12:21-INFO-[frequency_plots.py:81]-成功读取FFT数据: 24999 行, 12 个幅度通道, 12 个相位通道
2026-03-26 22:12:21-INFO-[frequency_plots.py:70]-正在读取FFT CSV文件: D:\Lab\process\26.3.9\frequency\2k\FFT_20260309105049.639102.csv
2026-03-26 22:12:21-INFO-[frequency_plots.py:108]-识别到 12 个通道
2026-03-26 22:12:21-INFO-[frequency_plots.py:81]-成功读取FFT数据: 24999 行, 12 个幅度通道, 12 个相位通道
2026-03-26 22:12:21-INFO-[frequency_plots.py:70]-正在读取FFT CSV文件: D:\Lab\process\26.3.9\frequency\2k\FFT_20260309105600.180456.csv
2026-03-26 22:12:21-INFO-[frequency_plots.py:108]-识别到 12 个通道
2026-03-26 22:12:21-INFO-[frequency_plots.py:81]-成功读取FFT数据: 24999 行, 12 个幅度通道, 12 个相位通道
2026-03-26 22:12:21-INFO-[frequency_plots.py:70]-正在读取FFT CSV文件: D:\Lab\process\26.3.9\frequency\2k\FFT_20260309171638.209984.csv
2026-03-26 22:12:22-INFO-[frequency_plots.py:108]-识别到 12 个通道
2026-03-26 22:12:22-INFO-[frequency_plots.py:81]-成功读取FFT数据: 539999 行, 12 个幅度通道, 12 个相位通道
2026-03-26 22:12:23-INFO-[frequency_plots.py:70]-正在读取FFT CSV文件: D:\Lab\process\26.3.9\frequency\2k\FFT_20260309171640.909627.csv
2026-03-26 22:12:24-INFO-[frequency_plots.py:108]-识别到 12 个通道
2026-03-26 22:12:24-INFO-[frequency_plots.py:81]-成功读取FFT数据: 539999 行, 12 个幅度通道, 12 个相位通道
2026-03-26 22:12:25-INFO-[frequency_plots.py:70]-正在读取FFT CSV文件: D:\Lab\process\26.3.9\frequency\2k\FFT_20260309171643.610847.csv
2026-03-26 22:12:26-INFO-[frequency_plots.py:108]-识别到 12 个通道
2026-03-26 22:12:26-INFO-[frequency_plots.py:81]-成功读取FFT数据: 539999 行, 12 个幅度通道, 12 个相位通道
2026-03-26 22:12:26-INFO-[frequency_plots.py:70]-正在读取FFT CSV文件: D:\Lab\process\26.3.9\frequency\2k\FFT_20260309171646.311929.csv
2026-03-26 22:12:27-INFO-[frequency_plots.py:108]-识别到 12 个通道
2026-03-26 22:12:27-INFO-[frequency_plots.py:81]-成功读取FFT数据: 539999 行, 12 个幅度通道, 12 个相位通道
2026-03-26 22:12:28-INFO-[frequency_plots.py:70]-正在读取FFT CSV文件: D:\Lab\process\26.3.9\frequency\2k\FFT_20260309171649.009744.csv
2026-03-26 22:12:29-INFO-[frequency_plots.py:108]-识别到 12 个通道
2026-03-26 22:12:29-INFO-[frequency_plots.py:81]-成功读取FFT数据: 539999 行, 12 个幅度通道, 12 个相位通道
2026-03-26 22:12:30-INFO-[frequency_plots.py:70]-正在读取FFT CSV文件: D:\Lab\process\26.3.9\frequency\2k\FFT_20260309171651.711693.csv
2026-03-26 22:12:31-INFO-[frequency_plots.py:108]-识别到 12 个通道
2026-03-26 22:12:31-INFO-[frequency_plots.py:81]-成功读取FFT数据: 539999 行, 12 个幅度通道, 12 个相位通道
2026-03-26 22:12:31-INFO-[frequency_plots.py:70]-正在读取FFT CSV文件: D:\Lab\process\26.3.9\frequency\2k\FFT_20260309171654.410757.csv
2026-03-26 22:12:32-INFO-[frequency_plots.py:108]-识别到 12 个通道
2026-03-26 22:12:32-INFO-[frequency_plots.py:81]-成功读取FFT数据: 539999 行, 12 个幅度通道, 12 个相位通道
2026-03-26 22:12:33-INFO-[frequency_plots.py:70]-正在读取FFT CSV文件: D:\Lab\process\26.3.9\frequency\2k\FFT_20260309171657.112097.csv
2026-03-26 22:12:34-INFO-[frequency_plots.py:108]-识别到 12 个通道
2026-03-26 22:12:34-INFO-[frequency_plots.py:81]-成功读取FFT数据: 539999 行, 12 个幅度通道, 12 个相位通道
2026-03-26 22:12:35-INFO-[frequency_plots.py:70]-正在读取FFT CSV文件: D:\Lab\process\26.3.9\frequency\2k\FFT_20260309171659.812699.csv
2026-03-26 22:12:36-INFO-[frequency_plots.py:108]-识别到 12 个通道
2026-03-26 22:12:36-INFO-[frequency_plots.py:81]-成功读取FFT数据: 539999 行, 12 个幅度通道, 12 个相位通道
2026-03-26 22:12:36-INFO-[frequency_plots.py:70]-正在读取FFT CSV文件: D:\Lab\process\26.3.9\frequency\2k\FFT_20260309171702.511904.csv
2026-03-26 22:12:38-INFO-[frequency_plots.py:108]-识别到 12 个通道
2026-03-26 22:12:38-INFO-[frequency_plots.py:81]-成功读取FFT数据: 539999 行, 12 个幅度通道, 12 个相位通道
2026-03-26 22:12:38-INFO-[frequency_plots.py:70]-正在读取FFT CSV文件: D:\Lab\process\26.3.9\frequency\2k\FFT_20260309171705.211974.csv
2026-03-26 22:12:39-INFO-[frequency_plots.py:108]-识别到 12 个通道
2026-03-26 22:12:39-INFO-[frequency_plots.py:81]-成功读取FFT数据: 539999 行, 12 个幅度通道, 12 个相位通道
2026-03-26 22:12:40-INFO-[frequency_plots.py:70]-正在读取FFT CSV文件: D:\Lab\process\26.3.9\frequency\2k\FFT_20260309171707.912154.csv
2026-03-26 22:12:41-INFO-[frequency_plots.py:108]-识别到 12 个通道
2026-03-26 22:12:41-INFO-[frequency_plots.py:81]-成功读取FFT数据: 539999 行, 12 个幅度通道, 12 个相位通道
2026-03-26 22:12:41-INFO-[frequency_plots.py:70]-正在读取FFT CSV文件: D:\Lab\process\26.3.9\frequency\2k\FFT_20260309171710.611949.csv
2026-03-26 22:12:43-INFO-[frequency_plots.py:108]-识别到 12 个通道
2026-03-26 22:12:43-INFO-[frequency_plots.py:81]-成功读取FFT数据: 539999 行, 12 个幅度通道, 12 个相位通道
2026-03-26 22:12:43-INFO-[frequency_plots.py:70]-正在读取FFT CSV文件: D:\Lab\process\26.3.9\frequency\2k\FFT_20260309171713.311232.csv
2026-03-26 22:12:44-INFO-[frequency_plots.py:108]-识别到 12 个通道
2026-03-26 22:12:44-INFO-[frequency_plots.py:81]-成功读取FFT数据: 539999 行, 12 个幅度通道, 12 个相位通道
2026-03-26 22:12:45-INFO-[frequency_plots.py:70]-正在读取FFT CSV文件: D:\Lab\process\26.3.9\frequency\2k\FFT_20260309171716.013532.csv
2026-03-26 22:12:46-INFO-[frequency_plots.py:108]-识别到 12 个通道
2026-03-26 22:12:46-INFO-[frequency_plots.py:81]-成功读取FFT数据: 539999 行, 12 个幅度通道, 12 个相位通道
2026-03-26 22:12:47-INFO-[frequency_plots.py:70]-正在读取FFT CSV文件: D:\Lab\process\26.3.9\frequency\2k\FFT_20260309171718.712098.csv
2026-03-26 22:12:48-INFO-[frequency_plots.py:108]-识别到 12 个通道
2026-03-26 22:12:48-INFO-[frequency_plots.py:81]-成功读取FFT数据: 539999 行, 12 个幅度通道, 12 个相位通道
2026-03-26 22:12:48-INFO-[frequency_plots.py:70]-正在读取FFT CSV文件: D:\Lab\process\26.3.9\frequency\2k\FFT_20260309171721.413819.csv
2026-03-26 22:12:49-INFO-[frequency_plots.py:108]-识别到 12 个通道
2026-03-26 22:12:49-INFO-[frequency_plots.py:81]-成功读取FFT数据: 539999 行, 12 个幅度通道, 12 个相位通道
2026-03-26 22:12:50-INFO-[frequency_plots.py:70]-正在读取FFT CSV文件: D:\Lab\process\26.3.9\frequency\2k\FFT_20260309171724.111972.csv
2026-03-26 22:12:51-INFO-[frequency_plots.py:108]-识别到 12 个通道
2026-03-26 22:12:51-INFO-[frequency_plots.py:81]-成功读取FFT数据: 539999 行, 12 个幅度通道, 12 个相位通道
2026-03-26 22:12:52-INFO-[frequency_plots.py:70]-正在读取FFT CSV文件: D:\Lab\process\26.3.9\frequency\2k\FFT_20260309171726.813002.csv
2026-03-26 22:12:53-INFO-[frequency_plots.py:108]-识别到 12 个通道
2026-03-26 22:12:53-INFO-[frequency_plots.py:81]-成功读取FFT数据: 539999 行, 12 个幅度通道, 12 个相位通道
2026-03-26 22:12:54-INFO-[frequency_plots.py:70]-正在读取FFT CSV文件: D:\Lab\process\26.3.9\frequency\2k\FFT_20260309171729.513661.csv
2026-03-26 22:12:55-INFO-[frequency_plots.py:108]-识别到 12 个通道
2026-03-26 22:12:55-INFO-[frequency_plots.py:81]-成功读取FFT数据: 539999 行, 12 个幅度通道, 12 个相位通道
2026-03-26 22:12:55-INFO-[frequency_plots.py:70]-正在读取FFT CSV文件: D:\Lab\process\26.3.9\frequency\2k\FFT_20260309171732.212390.csv
2026-03-26 22:12:57-INFO-[frequency_plots.py:108]-识别到 12 个通道
2026-03-26 22:12:57-INFO-[frequency_plots.py:81]-成功读取FFT数据: 539999 行, 12 个幅度通道, 12 个相位通道
2026-03-26 22:12:57-INFO-[frequency_plots.py:70]-正在读取FFT CSV文件: D:\Lab\process\26.3.9\frequency\2k\FFT_20260309171734.914089.csv
2026-03-26 22:12:58-INFO-[frequency_plots.py:108]-识别到 12 个通道
2026-03-26 22:12:58-INFO-[frequency_plots.py:81]-成功读取FFT数据: 379999 行, 12 个幅度通道, 12 个相位通道
2026-03-26 22:12:58-INFO-[frequency_plots.py:189]-??????????
2026-03-26 22:13:09-INFO-[frequency_plots.py:238]-?????????: D:\Lab\results\26.3.9\frequency\2k\group_amplitude_spectrum_1.png
2026-03-26 22:13:26-INFO-[frequency_plots.py:250]-?????????: D:\Lab\results\26.3.9\frequency\2k\group_amplitude_spectrum_2.png
2026-03-26 22:14:13-INFO-[frequency_plots.py:264]-?????????: D:\Lab\results\26.3.9\frequency\2k\group_amplitude_spectrum_3.png
2026-03-26 22:14:13-INFO-[frequency_plots.py:275]-??????????
2026-03-26 22:14:15-INFO-[frequency_plots.py:338]-?????????: D:\Lab\results\26.3.9\frequency\2k\group_phase_analysis.png
2026-03-26 22:14:15-INFO-[frequency_plots.py:349]-????????????
2026-03-26 22:14:15-INFO-[frequency_plots.py:404]-???????????: D:\Lab\results\26.3.9\frequency\2k\group_dominant_frequencies.png
2026-03-26 22:14:15-INFO-[frequency_plots.py:418]-?????????????
2026-03-26 22:14:15-INFO-[frequency_plots.py:70]-正在读取FFT CSV文件: D:\Lab\process\26.3.9\frequency\2k\FFT_20260309105021.883796.csv
2026-03-26 22:14:16-INFO-[frequency_plots.py:108]-识别到 12 个通道
2026-03-26 22:14:16-INFO-[frequency_plots.py:81]-成功读取FFT数据: 24999 行, 12 个幅度通道, 12 个相位通道
2026-03-26 22:14:16-INFO-[frequency_plots.py:70]-正在读取FFT CSV文件: D:\Lab\process\26.3.9\frequency\2k\FFT_20260309105021.883796.csv
2026-03-26 22:14:16-INFO-[frequency_plots.py:108]-识别到 12 个通道
2026-03-26 22:14:16-INFO-[frequency_plots.py:81]-成功读取FFT数据: 24999 行, 12 个幅度通道, 12 个相位通道
2026-03-26 22:14:16-INFO-[frequency_plots.py:70]-正在读取FFT CSV文件: D:\Lab\process\26.3.9\frequency\2k\FFT_20260309105049.639102.csv
2026-03-26 22:14:16-INFO-[frequency_plots.py:108]-识别到 12 个通道
2026-03-26 22:14:16-INFO-[frequency_plots.py:81]-成功读取FFT数据: 24999 行, 12 个幅度通道, 12 个相位通道
2026-03-26 22:14:16-INFO-[frequency_plots.py:70]-正在读取FFT CSV文件: D:\Lab\process\26.3.9\frequency\2k\FFT_20260309105600.180456.csv
2026-03-26 22:14:16-INFO-[frequency_plots.py:108]-识别到 12 个通道
2026-03-26 22:14:16-INFO-[frequency_plots.py:81]-成功读取FFT数据: 24999 行, 12 个幅度通道, 12 个相位通道
2026-03-26 22:14:16-INFO-[frequency_plots.py:70]-正在读取FFT CSV文件: D:\Lab\process\26.3.9\frequency\2k\FFT_20260309171638.209984.csv
2026-03-26 22:14:17-INFO-[frequency_plots.py:108]-识别到 12 个通道
2026-03-26 22:14:17-INFO-[frequency_plots.py:81]-成功读取FFT数据: 539999 行, 12 个幅度通道, 12 个相位通道
2026-03-26 22:14:17-WARNING-[frequency_plots.py:443]-???? FFT_20260309171638.209984.csv: ??????? (539999 vs 24999)
2026-03-26 22:14:17-INFO-[frequency_plots.py:70]-正在读取FFT CSV文件: D:\Lab\process\26.3.9\frequency\2k\FFT_20260309171640.909627.csv
2026-03-26 22:14:18-INFO-[frequency_plots.py:108]-识别到 12 个通道
2026-03-26 22:14:18-INFO-[frequency_plots.py:81]-成功读取FFT数据: 539999 行, 12 个幅度通道, 12 个相位通道
2026-03-26 22:14:18-WARNING-[frequency_plots.py:443]-???? FFT_20260309171640.909627.csv: ??????? (539999 vs 24999)
2026-03-26 22:14:18-INFO-[frequency_plots.py:70]-正在读取FFT CSV文件: D:\Lab\process\26.3.9\frequency\2k\FFT_20260309171643.610847.csv
2026-03-26 22:14:19-INFO-[frequency_plots.py:108]-识别到 12 个通道
2026-03-26 22:14:19-INFO-[frequency_plots.py:81]-成功读取FFT数据: 539999 行, 12 个幅度通道, 12 个相位通道
2026-03-26 22:14:19-WARNING-[frequency_plots.py:443]-???? FFT_20260309171643.610847.csv: ??????? (539999 vs 24999)
2026-03-26 22:14:19-INFO-[frequency_plots.py:70]-正在读取FFT CSV文件: D:\Lab\process\26.3.9\frequency\2k\FFT_20260309171646.311929.csv
2026-03-26 22:14:20-INFO-[frequency_plots.py:108]-识别到 12 个通道
2026-03-26 22:14:20-INFO-[frequency_plots.py:81]-成功读取FFT数据: 539999 行, 12 个幅度通道, 12 个相位通道
2026-03-26 22:14:20-WARNING-[frequency_plots.py:443]-???? FFT_20260309171646.311929.csv: ??????? (539999 vs 24999)
2026-03-26 22:14:20-INFO-[frequency_plots.py:70]-正在读取FFT CSV文件: D:\Lab\process\26.3.9\frequency\2k\FFT_20260309171649.009744.csv
2026-03-26 22:14:21-INFO-[frequency_plots.py:108]-识别到 12 个通道
2026-03-26 22:14:21-INFO-[frequency_plots.py:81]-成功读取FFT数据: 539999 行, 12 个幅度通道, 12 个相位通道
2026-03-26 22:14:21-WARNING-[frequency_plots.py:443]-???? FFT_20260309171649.009744.csv: ??????? (539999 vs 24999)
2026-03-26 22:14:21-INFO-[frequency_plots.py:70]-正在读取FFT CSV文件: D:\Lab\process\26.3.9\frequency\2k\FFT_20260309171651.711693.csv
2026-03-26 22:14:23-INFO-[frequency_plots.py:108]-识别到 12 个通道
2026-03-26 22:14:23-INFO-[frequency_plots.py:81]-成功读取FFT数据: 539999 行, 12 个幅度通道, 12 个相位通道
2026-03-26 22:14:23-WARNING-[frequency_plots.py:443]-???? FFT_20260309171651.711693.csv: ??????? (539999 vs 24999)
2026-03-26 22:14:23-INFO-[frequency_plots.py:70]-正在读取FFT CSV文件: D:\Lab\process\26.3.9\frequency\2k\FFT_20260309171654.410757.csv
2026-03-26 22:14:24-INFO-[frequency_plots.py:108]-识别到 12 个通道
2026-03-26 22:14:24-INFO-[frequency_plots.py:81]-成功读取FFT数据: 539999 行, 12 个幅度通道, 12 个相位通道
2026-03-26 22:14:24-WARNING-[frequency_plots.py:443]-???? FFT_20260309171654.410757.csv: ??????? (539999 vs 24999)
2026-03-26 22:14:24-INFO-[frequency_plots.py:70]-正在读取FFT CSV文件: D:\Lab\process\26.3.9\frequency\2k\FFT_20260309171657.112097.csv
2026-03-26 22:14:25-INFO-[frequency_plots.py:108]-识别到 12 个通道
2026-03-26 22:14:25-INFO-[frequency_plots.py:81]-成功读取FFT数据: 539999 行, 12 个幅度通道, 12 个相位通道
2026-03-26 22:14:25-WARNING-[frequency_plots.py:443]-???? FFT_20260309171657.112097.csv: ??????? (539999 vs 24999)
2026-03-26 22:14:25-INFO-[frequency_plots.py:70]-正在读取FFT CSV文件: D:\Lab\process\26.3.9\frequency\2k\FFT_20260309171659.812699.csv
2026-03-26 22:14:26-INFO-[frequency_plots.py:108]-识别到 12 个通道
2026-03-26 22:14:26-INFO-[frequency_plots.py:81]-成功读取FFT数据: 539999 行, 12 个幅度通道, 12 个相位通道
2026-03-26 22:14:26-WARNING-[frequency_plots.py:443]-???? FFT_20260309171659.812699.csv: ??????? (539999 vs 24999)
2026-03-26 22:14:26-INFO-[frequency_plots.py:70]-正在读取FFT CSV文件: D:\Lab\process\26.3.9\frequency\2k\FFT_20260309171702.511904.csv
2026-03-26 22:14:27-INFO-[frequency_plots.py:108]-识别到 12 个通道
2026-03-26 22:14:27-INFO-[frequency_plots.py:81]-成功读取FFT数据: 539999 行, 12 个幅度通道, 12 个相位通道
2026-03-26 22:14:27-WARNING-[frequency_plots.py:443]-???? FFT_20260309171702.511904.csv: ??????? (539999 vs 24999)
2026-03-26 22:14:27-INFO-[frequency_plots.py:70]-正在读取FFT CSV文件: D:\Lab\process\26.3.9\frequency\2k\FFT_20260309171705.211974.csv
2026-03-26 22:14:28-INFO-[frequency_plots.py:108]-识别到 12 个通道
2026-03-26 22:14:28-INFO-[frequency_plots.py:81]-成功读取FFT数据: 539999 行, 12 个幅度通道, 12 个相位通道
2026-03-26 22:14:28-WARNING-[frequency_plots.py:443]-???? FFT_20260309171705.211974.csv: ??????? (539999 vs 24999)
2026-03-26 22:14:28-INFO-[frequency_plots.py:70]-正在读取FFT CSV文件: D:\Lab\process\26.3.9\frequency\2k\FFT_20260309171707.912154.csv
2026-03-26 22:14:29-INFO-[frequency_plots.py:108]-识别到 12 个通道
2026-03-26 22:14:29-INFO-[frequency_plots.py:81]-成功读取FFT数据: 539999 行, 12 个幅度通道, 12 个相位通道
2026-03-26 22:14:29-WARNING-[frequency_plots.py:443]-???? FFT_20260309171707.912154.csv: ??????? (539999 vs 24999)
2026-03-26 22:14:29-INFO-[frequency_plots.py:70]-正在读取FFT CSV文件: D:\Lab\process\26.3.9\frequency\2k\FFT_20260309171710.611949.csv
2026-03-26 22:14:31-INFO-[frequency_plots.py:108]-识别到 12 个通道
2026-03-26 22:14:31-INFO-[frequency_plots.py:81]-成功读取FFT数据: 539999 行, 12 个幅度通道, 12 个相位通道
2026-03-26 22:14:31-WARNING-[frequency_plots.py:443]-???? FFT_20260309171710.611949.csv: ??????? (539999 vs 24999)
2026-03-26 22:14:31-INFO-[frequency_plots.py:70]-正在读取FFT CSV文件: D:\Lab\process\26.3.9\frequency\2k\FFT_20260309171713.311232.csv
2026-03-26 22:14:32-INFO-[frequency_plots.py:108]-识别到 12 个通道
2026-03-26 22:14:32-INFO-[frequency_plots.py:81]-成功读取FFT数据: 539999 行, 12 个幅度通道, 12 个相位通道
2026-03-26 22:14:32-WARNING-[frequency_plots.py:443]-???? FFT_20260309171713.311232.csv: ??????? (539999 vs 24999)
2026-03-26 22:14:32-INFO-[frequency_plots.py:70]-正在读取FFT CSV文件: D:\Lab\process\26.3.9\frequency\2k\FFT_20260309171716.013532.csv
2026-03-26 22:14:33-INFO-[frequency_plots.py:108]-识别到 12 个通道
2026-03-26 22:14:33-INFO-[frequency_plots.py:81]-成功读取FFT数据: 539999 行, 12 个幅度通道, 12 个相位通道
2026-03-26 22:14:33-WARNING-[frequency_plots.py:443]-???? FFT_20260309171716.013532.csv: ??????? (539999 vs 24999)
2026-03-26 22:14:33-INFO-[frequency_plots.py:70]-正在读取FFT CSV文件: D:\Lab\process\26.3.9\frequency\2k\FFT_20260309171718.712098.csv
2026-03-26 22:14:34-INFO-[frequency_plots.py:108]-识别到 12 个通道
2026-03-26 22:14:34-INFO-[frequency_plots.py:81]-成功读取FFT数据: 539999 行, 12 个幅度通道, 12 个相位通道
2026-03-26 22:14:34-WARNING-[frequency_plots.py:443]-???? FFT_20260309171718.712098.csv: ??????? (539999 vs 24999)
2026-03-26 22:14:34-INFO-[frequency_plots.py:70]-正在读取FFT CSV文件: D:\Lab\process\26.3.9\frequency\2k\FFT_20260309171721.413819.csv
2026-03-26 22:14:35-INFO-[frequency_plots.py:108]-识别到 12 个通道
2026-03-26 22:14:35-INFO-[frequency_plots.py:81]-成功读取FFT数据: 539999 行, 12 个幅度通道, 12 个相位通道
2026-03-26 22:14:35-WARNING-[frequency_plots.py:443]-???? FFT_20260309171721.413819.csv: ??????? (539999 vs 24999)
2026-03-26 22:14:35-INFO-[frequency_plots.py:70]-正在读取FFT CSV文件: D:\Lab\process\26.3.9\frequency\2k\FFT_20260309171724.111972.csv
2026-03-26 22:14:36-INFO-[frequency_plots.py:108]-识别到 12 个通道
2026-03-26 22:14:36-INFO-[frequency_plots.py:81]-成功读取FFT数据: 539999 行, 12 个幅度通道, 12 个相位通道
2026-03-26 22:14:36-WARNING-[frequency_plots.py:443]-???? FFT_20260309171724.111972.csv: ??????? (539999 vs 24999)
2026-03-26 22:14:36-INFO-[frequency_plots.py:70]-正在读取FFT CSV文件: D:\Lab\process\26.3.9\frequency\2k\FFT_20260309171726.813002.csv
2026-03-26 22:14:37-INFO-[frequency_plots.py:108]-识别到 12 个通道
2026-03-26 22:14:37-INFO-[frequency_plots.py:81]-成功读取FFT数据: 539999 行, 12 个幅度通道, 12 个相位通道
2026-03-26 22:14:37-WARNING-[frequency_plots.py:443]-???? FFT_20260309171726.813002.csv: ??????? (539999 vs 24999)
2026-03-26 22:14:37-INFO-[frequency_plots.py:70]-正在读取FFT CSV文件: D:\Lab\process\26.3.9\frequency\2k\FFT_20260309171729.513661.csv
2026-03-26 22:14:39-INFO-[frequency_plots.py:108]-识别到 12 个通道
2026-03-26 22:14:39-INFO-[frequency_plots.py:81]-成功读取FFT数据: 539999 行, 12 个幅度通道, 12 个相位通道
2026-03-26 22:14:39-WARNING-[frequency_plots.py:443]-???? FFT_20260309171729.513661.csv: ??????? (539999 vs 24999)
2026-03-26 22:14:39-INFO-[frequency_plots.py:70]-正在读取FFT CSV文件: D:\Lab\process\26.3.9\frequency\2k\FFT_20260309171732.212390.csv
2026-03-26 22:14:40-INFO-[frequency_plots.py:108]-识别到 12 个通道
2026-03-26 22:14:40-INFO-[frequency_plots.py:81]-成功读取FFT数据: 539999 行, 12 个幅度通道, 12 个相位通道
2026-03-26 22:14:40-WARNING-[frequency_plots.py:443]-???? FFT_20260309171732.212390.csv: ??????? (539999 vs 24999)
2026-03-26 22:14:40-INFO-[frequency_plots.py:70]-正在读取FFT CSV文件: D:\Lab\process\26.3.9\frequency\2k\FFT_20260309171734.914089.csv
2026-03-26 22:14:41-INFO-[frequency_plots.py:108]-识别到 12 个通道
2026-03-26 22:14:41-INFO-[frequency_plots.py:81]-成功读取FFT数据: 379999 行, 12 个幅度通道, 12 个相位通道
2026-03-26 22:14:41-WARNING-[frequency_plots.py:443]-???? FFT_20260309171734.914089.csv: ??????? (379999 vs 24999)
2026-03-26 22:14:41-INFO-[frequency_plots.py:489]-????????????: D:\Lab\results\26.3.9\frequency\2k\group_stability_analysis.png
2026-03-26 22:14:41-INFO-[frequency_plots.py:512]-????????????
2026-03-26 22:14:42-INFO-[frequency_plots.py:565]-???????????: D:\Lab\results\26.3.9\frequency\2k\group_feature_frequencies.png
2026-03-26 22:14:42-INFO-[frequency_plots.py:625]-开始生成组分析报告
2026-03-26 22:14:42-INFO-[frequency_plots.py:751]-组分析报告已保存: D:\Lab\results\26.3.9\frequency\2k\frequency_plots_report.json
2026-03-26 22:14:42-INFO-[frequency_plots.py:866]-FFT组分析完成: 2k
2026-03-26 22:14:42-INFO-[frequency_plots.py:926]-分析FFT组 3k, 包含 20 个文件
2026-03-26 22:14:42-INFO-[frequency_plots.py:818]-开始分析FFT组，包含 20 个文件
2026-03-26 22:14:42-INFO-[frequency_plots.py:70]-正在读取FFT CSV文件: D:\Lab\process\26.3.9\frequency\3k\FFT_20260309172720.657481.csv
2026-03-26 22:14:43-INFO-[frequency_plots.py:108]-识别到 12 个通道
2026-03-26 22:14:43-INFO-[frequency_plots.py:81]-成功读取FFT数据: 539999 行, 12 个幅度通道, 12 个相位通道
2026-03-26 22:14:43-INFO-[frequency_plots.py:70]-正在读取FFT CSV文件: D:\Lab\process\26.3.9\frequency\3k\FFT_20260309172723.361497.csv
2026-03-26 22:14:45-INFO-[frequency_plots.py:108]-识别到 12 个通道
2026-03-26 22:14:45-INFO-[frequency_plots.py:81]-成功读取FFT数据: 539999 行, 12 个幅度通道, 12 个相位通道
2026-03-26 22:14:45-INFO-[frequency_plots.py:70]-正在读取FFT CSV文件: D:\Lab\process\26.3.9\frequency\3k\FFT_20260309172726.061191.csv
2026-03-26 22:14:46-INFO-[frequency_plots.py:108]-识别到 12 个通道
2026-03-26 22:14:46-INFO-[frequency_plots.py:81]-成功读取FFT数据: 539999 行, 12 个幅度通道, 12 个相位通道
2026-03-26 22:14:47-INFO-[frequency_plots.py:70]-正在读取FFT CSV文件: D:\Lab\process\26.3.9\frequency\3k\FFT_20260309172728.759021.csv
2026-03-26 22:14:48-INFO-[frequency_plots.py:108]-识别到 12 个通道
2026-03-26 22:14:48-INFO-[frequency_plots.py:81]-成功读取FFT数据: 539999 行, 12 个幅度通道, 12 个相位通道
2026-03-26 22:14:49-INFO-[frequency_plots.py:70]-正在读取FFT CSV文件: D:\Lab\process\26.3.9\frequency\3k\FFT_20260309172731.458687.csv
2026-03-26 22:14:50-INFO-[frequency_plots.py:108]-识别到 12 个通道
2026-03-26 22:14:50-INFO-[frequency_plots.py:81]-成功读取FFT数据: 539999 行, 12 个幅度通道, 12 个相位通道
2026-03-26 22:14:50-INFO-[frequency_plots.py:70]-正在读取FFT CSV文件: D:\Lab\process\26.3.9\frequency\3k\FFT_20260309172734.159782.csv
2026-03-26 22:14:51-INFO-[frequency_plots.py:108]-识别到 12 个通道
2026-03-26 22:14:51-INFO-[frequency_plots.py:81]-成功读取FFT数据: 539999 行, 12 个幅度通道, 12 个相位通道
2026-03-26 22:14:52-INFO-[frequency_plots.py:70]-正在读取FFT CSV文件: D:\Lab\process\26.3.9\frequency\3k\FFT_20260309172736.860642.csv
2026-03-26 22:14:53-INFO-[frequency_plots.py:108]-识别到 12 个通道
2026-03-26 22:14:53-INFO-[frequency_plots.py:81]-成功读取FFT数据: 539999 行, 12 个幅度通道, 12 个相位通道
2026-03-26 22:14:54-INFO-[frequency_plots.py:70]-正在读取FFT CSV文件: D:\Lab\process\26.3.9\frequency\3k\FFT_20260309172739.558926.csv
2026-03-26 22:14:55-INFO-[frequency_plots.py:108]-识别到 12 个通道
2026-03-26 22:14:55-INFO-[frequency_plots.py:81]-成功读取FFT数据: 539999 行, 12 个幅度通道, 12 个相位通道
2026-03-26 22:14:55-INFO-[frequency_plots.py:70]-正在读取FFT CSV文件: D:\Lab\process\26.3.9\frequency\3k\FFT_20260309172742.260473.csv
2026-03-26 22:14:56-INFO-[frequency_plots.py:108]-识别到 12 个通道
2026-03-26 22:14:56-INFO-[frequency_plots.py:81]-成功读取FFT数据: 539999 行, 12 个幅度通道, 12 个相位通道
2026-03-26 22:14:57-INFO-[frequency_plots.py:70]-正在读取FFT CSV文件: D:\Lab\process\26.3.9\frequency\3k\FFT_20260309172744.957522.csv
2026-03-26 22:14:58-INFO-[frequency_plots.py:108]-识别到 12 个通道
2026-03-26 22:14:58-INFO-[frequency_plots.py:81]-成功读取FFT数据: 539999 行, 12 个幅度通道, 12 个相位通道
2026-03-26 22:14:59-INFO-[frequency_plots.py:70]-正在读取FFT CSV文件: D:\Lab\process\26.3.9\frequency\3k\FFT_20260309172747.660952.csv
2026-03-26 22:15:00-INFO-[frequency_plots.py:108]-识别到 12 个通道
2026-03-26 22:15:00-INFO-[frequency_plots.py:81]-成功读取FFT数据: 539999 行, 12 个幅度通道, 12 个相位通道
2026-03-26 22:15:00-INFO-[frequency_plots.py:70]-正在读取FFT CSV文件: D:\Lab\process\26.3.9\frequency\3k\FFT_20260309172750.360651.csv
2026-03-26 22:15:02-INFO-[frequency_plots.py:108]-识别到 12 个通道
2026-03-26 22:15:02-INFO-[frequency_plots.py:81]-成功读取FFT数据: 539999 行, 12 个幅度通道, 12 个相位通道
2026-03-26 22:15:02-INFO-[frequency_plots.py:70]-正在读取FFT CSV文件: D:\Lab\process\26.3.9\frequency\3k\FFT_20260309172753.060727.csv
2026-03-26 22:15:03-INFO-[frequency_plots.py:108]-识别到 12 个通道
2026-03-26 22:15:03-INFO-[frequency_plots.py:81]-成功读取FFT数据: 539999 行, 12 个幅度通道, 12 个相位通道
2026-03-26 22:15:04-INFO-[frequency_plots.py:70]-正在读取FFT CSV文件: D:\Lab\process\26.3.9\frequency\3k\FFT_20260309172755.761693.csv
2026-03-26 22:15:05-INFO-[frequency_plots.py:108]-识别到 12 个通道
2026-03-26 22:15:05-INFO-[frequency_plots.py:81]-成功读取FFT数据: 539999 行, 12 个幅度通道, 12 个相位通道
2026-03-26 22:15:05-INFO-[frequency_plots.py:70]-正在读取FFT CSV文件: D:\Lab\process\26.3.9\frequency\3k\FFT_20260309172758.469347.csv
2026-03-26 22:15:07-INFO-[frequency_plots.py:108]-识别到 12 个通道
2026-03-26 22:15:07-INFO-[frequency_plots.py:81]-成功读取FFT数据: 539999 行, 12 个幅度通道, 12 个相位通道
2026-03-26 22:15:07-INFO-[frequency_plots.py:70]-正在读取FFT CSV文件: D:\Lab\process\26.3.9\frequency\3k\FFT_20260309172801.162433.csv
2026-03-26 22:15:08-INFO-[frequency_plots.py:108]-识别到 12 个通道
2026-03-26 22:15:08-INFO-[frequency_plots.py:81]-成功读取FFT数据: 539999 行, 12 个幅度通道, 12 个相位通道
2026-03-26 22:15:09-INFO-[frequency_plots.py:70]-正在读取FFT CSV文件: D:\Lab\process\26.3.9\frequency\3k\FFT_20260309172803.861618.csv
2026-03-26 22:15:10-INFO-[frequency_plots.py:108]-识别到 12 个通道
2026-03-26 22:15:10-INFO-[frequency_plots.py:81]-成功读取FFT数据: 539999 行, 12 个幅度通道, 12 个相位通道
2026-03-26 22:15:11-INFO-[frequency_plots.py:70]-正在读取FFT CSV文件: D:\Lab\process\26.3.9\frequency\3k\FFT_20260309172806.563735.csv
2026-03-26 22:15:12-INFO-[frequency_plots.py:108]-识别到 12 个通道
2026-03-26 22:15:12-INFO-[frequency_plots.py:81]-成功读取FFT数据: 539999 行, 12 个幅度通道, 12 个相位通道
2026-03-26 22:15:12-INFO-[frequency_plots.py:70]-正在读取FFT CSV文件: D:\Lab\process\26.3.9\frequency\3k\FFT_20260309172809.262116.csv
2026-03-26 22:15:13-INFO-[frequency_plots.py:108]-识别到 12 个通道
2026-03-26 22:15:13-INFO-[frequency_plots.py:81]-成功读取FFT数据: 539999 行, 12 个幅度通道, 12 个相位通道
2026-03-26 22:15:14-INFO-[frequency_plots.py:70]-正在读取FFT CSV文件: D:\Lab\process\26.3.9\frequency\3k\FFT_20260309172811.962765.csv
2026-03-26 22:15:15-INFO-[frequency_plots.py:108]-识别到 12 个通道
2026-03-26 22:15:15-INFO-[frequency_plots.py:81]-成功读取FFT数据: 539999 行, 12 个幅度通道, 12 个相位通道
2026-03-26 22:15:16-INFO-[frequency_plots.py:189]-??????????
2026-03-26 22:15:26-INFO-[frequency_plots.py:238]-?????????: D:\Lab\results\26.3.9\frequency\3k\group_amplitude_spectrum_1.png
2026-03-26 22:15:42-INFO-[frequency_plots.py:250]-?????????: D:\Lab\results\26.3.9\frequency\3k\group_amplitude_spectrum_2.png
2026-03-26 22:16:29-INFO-[frequency_plots.py:264]-?????????: D:\Lab\results\26.3.9\frequency\3k\group_amplitude_spectrum_3.png
2026-03-26 22:16:29-INFO-[frequency_plots.py:275]-??????????
2026-03-26 22:16:32-INFO-[frequency_plots.py:338]-?????????: D:\Lab\results\26.3.9\frequency\3k\group_phase_analysis.png
2026-03-26 22:16:32-INFO-[frequency_plots.py:349]-????????????
2026-03-26 22:16:32-INFO-[frequency_plots.py:404]-???????????: D:\Lab\results\26.3.9\frequency\3k\group_dominant_frequencies.png
2026-03-26 22:16:32-INFO-[frequency_plots.py:418]-?????????????
2026-03-26 22:16:32-INFO-[frequency_plots.py:70]-正在读取FFT CSV文件: D:\Lab\process\26.3.9\frequency\3k\FFT_20260309172720.657481.csv
2026-03-26 22:16:34-INFO-[frequency_plots.py:108]-识别到 12 个通道
2026-03-26 22:16:34-INFO-[frequency_plots.py:81]-成功读取FFT数据: 539999 行, 12 个幅度通道, 12 个相位通道
2026-03-26 22:16:34-INFO-[frequency_plots.py:70]-正在读取FFT CSV文件: D:\Lab\process\26.3.9\frequency\3k\FFT_20260309172720.657481.csv
2026-03-26 22:16:35-INFO-[frequency_plots.py:108]-识别到 12 个通道
2026-03-26 22:16:35-INFO-[frequency_plots.py:81]-成功读取FFT数据: 539999 行, 12 个幅度通道, 12 个相位通道
2026-03-26 22:16:35-INFO-[frequency_plots.py:70]-正在读取FFT CSV文件: D:\Lab\process\26.3.9\frequency\3k\FFT_20260309172723.361497.csv
2026-03-26 22:16:36-INFO-[frequency_plots.py:108]-识别到 12 个通道
2026-03-26 22:16:36-INFO-[frequency_plots.py:81]-成功读取FFT数据: 539999 行, 12 个幅度通道, 12 个相位通道
2026-03-26 22:16:36-INFO-[frequency_plots.py:70]-正在读取FFT CSV文件: D:\Lab\process\26.3.9\frequency\3k\FFT_20260309172726.061191.csv
2026-03-26 22:16:37-INFO-[frequency_plots.py:108]-识别到 12 个通道
2026-03-26 22:16:37-INFO-[frequency_plots.py:81]-成功读取FFT数据: 539999 行, 12 个幅度通道, 12 个相位通道
2026-03-26 22:16:37-INFO-[frequency_plots.py:70]-正在读取FFT CSV文件: D:\Lab\process\26.3.9\frequency\3k\FFT_20260309172728.759021.csv
2026-03-26 22:16:38-INFO-[frequency_plots.py:108]-识别到 12 个通道
2026-03-26 22:16:38-INFO-[frequency_plots.py:81]-成功读取FFT数据: 539999 行, 12 个幅度通道, 12 个相位通道
2026-03-26 22:16:38-INFO-[frequency_plots.py:70]-正在读取FFT CSV文件: D:\Lab\process\26.3.9\frequency\3k\FFT_20260309172731.458687.csv
2026-03-26 22:16:39-INFO-[frequency_plots.py:108]-识别到 12 个通道
2026-03-26 22:16:39-INFO-[frequency_plots.py:81]-成功读取FFT数据: 539999 行, 12 个幅度通道, 12 个相位通道
2026-03-26 22:16:39-INFO-[frequency_plots.py:70]-正在读取FFT CSV文件: D:\Lab\process\26.3.9\frequency\3k\FFT_20260309172734.159782.csv
2026-03-26 22:16:40-INFO-[frequency_plots.py:108]-识别到 12 个通道
2026-03-26 22:16:40-INFO-[frequency_plots.py:81]-成功读取FFT数据: 539999 行, 12 个幅度通道, 12 个相位通道
2026-03-26 22:16:40-INFO-[frequency_plots.py:70]-正在读取FFT CSV文件: D:\Lab\process\26.3.9\frequency\3k\FFT_20260309172736.860642.csv
2026-03-26 22:16:41-INFO-[frequency_plots.py:108]-识别到 12 个通道
2026-03-26 22:16:41-INFO-[frequency_plots.py:81]-成功读取FFT数据: 539999 行, 12 个幅度通道, 12 个相位通道
2026-03-26 22:16:41-INFO-[frequency_plots.py:70]-正在读取FFT CSV文件: D:\Lab\process\26.3.9\frequency\3k\FFT_20260309172739.558926.csv
2026-03-26 22:16:42-INFO-[frequency_plots.py:108]-识别到 12 个通道
2026-03-26 22:16:42-INFO-[frequency_plots.py:81]-成功读取FFT数据: 539999 行, 12 个幅度通道, 12 个相位通道
2026-03-26 22:16:42-INFO-[frequency_plots.py:70]-正在读取FFT CSV文件: D:\Lab\process\26.3.9\frequency\3k\FFT_20260309172742.260473.csv
2026-03-26 22:16:43-INFO-[frequency_plots.py:108]-识别到 12 个通道
2026-03-26 22:16:43-INFO-[frequency_plots.py:81]-成功读取FFT数据: 539999 行, 12 个幅度通道, 12 个相位通道
2026-03-26 22:16:43-INFO-[frequency_plots.py:70]-正在读取FFT CSV文件: D:\Lab\process\26.3.9\frequency\3k\FFT_20260309172744.957522.csv
2026-03-26 22:16:45-INFO-[frequency_plots.py:108]-识别到 12 个通道
2026-03-26 22:16:45-INFO-[frequency_plots.py:81]-成功读取FFT数据: 539999 行, 12 个幅度通道, 12 个相位通道
2026-03-26 22:16:45-INFO-[frequency_plots.py:70]-正在读取FFT CSV文件: D:\Lab\process\26.3.9\frequency\3k\FFT_20260309172747.660952.csv
2026-03-26 22:16:46-INFO-[frequency_plots.py:108]-识别到 12 个通道
2026-03-26 22:16:46-INFO-[frequency_plots.py:81]-成功读取FFT数据: 539999 行, 12 个幅度通道, 12 个相位通道
2026-03-26 22:16:46-INFO-[frequency_plots.py:70]-正在读取FFT CSV文件: D:\Lab\process\26.3.9\frequency\3k\FFT_20260309172750.360651.csv
2026-03-26 22:16:47-INFO-[frequency_plots.py:108]-识别到 12 个通道
2026-03-26 22:16:47-INFO-[frequency_plots.py:81]-成功读取FFT数据: 539999 行, 12 个幅度通道, 12 个相位通道
2026-03-26 22:16:47-INFO-[frequency_plots.py:70]-正在读取FFT CSV文件: D:\Lab\process\26.3.9\frequency\3k\FFT_20260309172753.060727.csv
2026-03-26 22:16:48-INFO-[frequency_plots.py:108]-识别到 12 个通道
2026-03-26 22:16:48-INFO-[frequency_plots.py:81]-成功读取FFT数据: 539999 行, 12 个幅度通道, 12 个相位通道
2026-03-26 22:16:48-INFO-[frequency_plots.py:70]-正在读取FFT CSV文件: D:\Lab\process\26.3.9\frequency\3k\FFT_20260309172755.761693.csv
2026-03-26 22:16:49-INFO-[frequency_plots.py:108]-识别到 12 个通道
2026-03-26 22:16:49-INFO-[frequency_plots.py:81]-成功读取FFT数据: 539999 行, 12 个幅度通道, 12 个相位通道
2026-03-26 22:16:49-INFO-[frequency_plots.py:70]-正在读取FFT CSV文件: D:\Lab\process\26.3.9\frequency\3k\FFT_20260309172758.469347.csv
2026-03-26 22:16:50-INFO-[frequency_plots.py:108]-识别到 12 个通道
2026-03-26 22:16:50-INFO-[frequency_plots.py:81]-成功读取FFT数据: 539999 行, 12 个幅度通道, 12 个相位通道
2026-03-26 22:16:50-INFO-[frequency_plots.py:70]-正在读取FFT CSV文件: D:\Lab\process\26.3.9\frequency\3k\FFT_20260309172801.162433.csv
2026-03-26 22:16:51-INFO-[frequency_plots.py:108]-识别到 12 个通道
2026-03-26 22:16:51-INFO-[frequency_plots.py:81]-成功读取FFT数据: 539999 行, 12 个幅度通道, 12 个相位通道
2026-03-26 22:16:51-INFO-[frequency_plots.py:70]-正在读取FFT CSV文件: D:\Lab\process\26.3.9\frequency\3k\FFT_20260309172803.861618.csv
2026-03-26 22:16:53-INFO-[frequency_plots.py:108]-识别到 12 个通道
2026-03-26 22:16:53-INFO-[frequency_plots.py:81]-成功读取FFT数据: 539999 行, 12 个幅度通道, 12 个相位通道
2026-03-26 22:16:53-INFO-[frequency_plots.py:70]-正在读取FFT CSV文件: D:\Lab\process\26.3.9\frequency\3k\FFT_20260309172806.563735.csv
2026-03-26 22:16:54-INFO-[frequency_plots.py:108]-识别到 12 个通道
2026-03-26 22:16:54-INFO-[frequency_plots.py:81]-成功读取FFT数据: 539999 行, 12 个幅度通道, 12 个相位通道
2026-03-26 22:16:54-INFO-[frequency_plots.py:70]-正在读取FFT CSV文件: D:\Lab\process\26.3.9\frequency\3k\FFT_20260309172809.262116.csv
2026-03-26 22:16:55-INFO-[frequency_plots.py:108]-识别到 12 个通道
2026-03-26 22:16:55-INFO-[frequency_plots.py:81]-成功读取FFT数据: 539999 行, 12 个幅度通道, 12 个相位通道
2026-03-26 22:16:55-INFO-[frequency_plots.py:70]-正在读取FFT CSV文件: D:\Lab\process\26.3.9\frequency\3k\FFT_20260309172811.962765.csv
2026-03-26 22:16:56-INFO-[frequency_plots.py:108]-识别到 12 个通道
2026-03-26 22:16:56-INFO-[frequency_plots.py:81]-成功读取FFT数据: 539999 行, 12 个幅度通道, 12 个相位通道
2026-03-26 22:16:58-INFO-[frequency_plots.py:489]-????????????: D:\Lab\results\26.3.9\frequency\3k\group_stability_analysis.png
2026-03-26 22:16:58-INFO-[frequency_plots.py:512]-????????????
2026-03-26 22:17:01-INFO-[frequency_plots.py:565]-???????????: D:\Lab\results\26.3.9\frequency\3k\group_feature_frequencies.png
2026-03-26 22:17:02-INFO-[frequency_plots.py:625]-开始生成组分析报告
2026-03-26 22:17:02-INFO-[frequency_plots.py:751]-组分析报告已保存: D:\Lab\results\26.3.9\frequency\3k\frequency_plots_report.json
2026-03-26 22:17:02-INFO-[frequency_plots.py:866]-FFT组分析完成: 3k
2026-03-26 22:17:02-INFO-[frequency_plots.py:926]-分析FFT组 4k, 包含 20 个文件
2026-03-26 22:17:02-INFO-[frequency_plots.py:818]-开始分析FFT组，包含 20 个文件
2026-03-26 22:17:02-INFO-[frequency_plots.py:70]-正在读取FFT CSV文件: D:\Lab\process\26.3.9\frequency\4k\FFT_20260309172848.266725.csv
2026-03-26 22:17:03-INFO-[frequency_plots.py:108]-识别到 12 个通道
2026-03-26 22:17:03-INFO-[frequency_plots.py:81]-成功读取FFT数据: 539999 行, 12 个幅度通道, 12 个相位通道
2026-03-26 22:17:03-INFO-[frequency_plots.py:70]-正在读取FFT CSV文件: D:\Lab\process\26.3.9\frequency\4k\FFT_20260309172850.964484.csv
2026-03-26 22:17:04-INFO-[frequency_plots.py:108]-识别到 12 个通道
2026-03-26 22:17:04-INFO-[frequency_plots.py:81]-成功读取FFT数据: 539999 行, 12 个幅度通道, 12 个相位通道
2026-03-26 22:17:05-INFO-[frequency_plots.py:70]-正在读取FFT CSV文件: D:\Lab\process\26.3.9\frequency\4k\FFT_20260309172853.661670.csv
2026-03-26 22:17:06-INFO-[frequency_plots.py:108]-识别到 12 个通道
2026-03-26 22:17:06-INFO-[frequency_plots.py:81]-成功读取FFT数据: 539999 行, 12 个幅度通道, 12 个相位通道
2026-03-26 22:17:07-INFO-[frequency_plots.py:70]-正在读取FFT CSV文件: D:\Lab\process\26.3.9\frequency\4k\FFT_20260309172856.365958.csv
2026-03-26 22:17:08-INFO-[frequency_plots.py:108]-识别到 12 个通道
2026-03-26 22:17:08-INFO-[frequency_plots.py:81]-成功读取FFT数据: 539999 行, 12 个幅度通道, 12 个相位通道
2026-03-26 22:17:08-INFO-[frequency_plots.py:70]-正在读取FFT CSV文件: D:\Lab\process\26.3.9\frequency\4k\FFT_20260309172859.064864.csv
2026-03-26 22:17:09-INFO-[frequency_plots.py:108]-识别到 12 个通道
2026-03-26 22:17:09-INFO-[frequency_plots.py:81]-成功读取FFT数据: 539999 行, 12 个幅度通道, 12 个相位通道
2026-03-26 22:17:10-INFO-[frequency_plots.py:70]-正在读取FFT CSV文件: D:\Lab\process\26.3.9\frequency\4k\FFT_20260309172901.766059.csv
2026-03-26 22:17:11-INFO-[frequency_plots.py:108]-识别到 12 个通道
2026-03-26 22:17:11-INFO-[frequency_plots.py:81]-成功读取FFT数据: 539999 行, 12 个幅度通道, 12 个相位通道
2026-03-26 22:17:12-INFO-[frequency_plots.py:70]-正在读取FFT CSV文件: D:\Lab\process\26.3.9\frequency\4k\FFT_20260309172904.466852.csv
2026-03-26 22:17:13-INFO-[frequency_plots.py:108]-识别到 12 个通道
2026-03-26 22:17:13-INFO-[frequency_plots.py:81]-成功读取FFT数据: 539999 行, 12 个幅度通道, 12 个相位通道
2026-03-26 22:17:14-INFO-[frequency_plots.py:70]-正在读取FFT CSV文件: D:\Lab\process\26.3.9\frequency\4k\FFT_20260309172907.166952.csv
2026-03-26 22:17:15-INFO-[frequency_plots.py:108]-识别到 12 个通道
2026-03-26 22:17:15-INFO-[frequency_plots.py:81]-成功读取FFT数据: 539999 行, 12 个幅度通道, 12 个相位通道
2026-03-26 22:17:16-INFO-[frequency_plots.py:70]-正在读取FFT CSV文件: D:\Lab\process\26.3.9\frequency\4k\FFT_20260309172909.866322.csv
2026-03-26 22:17:17-INFO-[frequency_plots.py:108]-识别到 12 个通道
2026-03-26 22:17:17-INFO-[frequency_plots.py:81]-成功读取FFT数据: 539999 行, 12 个幅度通道, 12 个相位通道
2026-03-26 22:17:17-INFO-[frequency_plots.py:70]-正在读取FFT CSV文件: D:\Lab\process\26.3.9\frequency\4k\FFT_20260309172912.566757.csv
2026-03-26 22:17:18-INFO-[frequency_plots.py:108]-识别到 12 个通道
2026-03-26 22:17:18-INFO-[frequency_plots.py:81]-成功读取FFT数据: 539999 行, 12 个幅度通道, 12 个相位通道
2026-03-26 22:17:19-INFO-[frequency_plots.py:70]-正在读取FFT CSV文件: D:\Lab\process\26.3.9\frequency\4k\FFT_20260309172915.264995.csv
2026-03-26 22:17:20-INFO-[frequency_plots.py:108]-识别到 12 个通道
2026-03-26 22:17:20-INFO-[frequency_plots.py:81]-成功读取FFT数据: 539999 行, 12 个幅度通道, 12 个相位通道
2026-03-26 22:17:21-INFO-[frequency_plots.py:70]-正在读取FFT CSV文件: D:\Lab\process\26.3.9\frequency\4k\FFT_20260309172917.966221.csv
2026-03-26 22:17:22-INFO-[frequency_plots.py:108]-识别到 12 个通道
2026-03-26 22:17:22-INFO-[frequency_plots.py:81]-成功读取FFT数据: 539999 行, 12 个幅度通道, 12 个相位通道
2026-03-26 22:17:22-INFO-[frequency_plots.py:70]-正在读取FFT CSV文件: D:\Lab\process\26.3.9\frequency\4k\FFT_20260309172920.664635.csv
2026-03-26 22:17:23-INFO-[frequency_plots.py:108]-识别到 12 个通道
2026-03-26 22:17:23-INFO-[frequency_plots.py:81]-成功读取FFT数据: 539999 行, 12 个幅度通道, 12 个相位通道
2026-03-26 22:17:24-INFO-[frequency_plots.py:70]-正在读取FFT CSV文件: D:\Lab\process\26.3.9\frequency\4k\FFT_20260309172923.364761.csv
2026-03-26 22:17:25-INFO-[frequency_plots.py:108]-识别到 12 个通道
2026-03-26 22:17:25-INFO-[frequency_plots.py:81]-成功读取FFT数据: 539999 行, 12 个幅度通道, 12 个相位通道
2026-03-26 22:17:26-INFO-[frequency_plots.py:70]-正在读取FFT CSV文件: D:\Lab\process\26.3.9\frequency\4k\FFT_20260309172926.064459.csv
2026-03-26 22:17:27-INFO-[frequency_plots.py:108]-识别到 12 个通道
2026-03-26 22:17:27-INFO-[frequency_plots.py:81]-成功读取FFT数据: 539999 行, 12 个幅度通道, 12 个相位通道
2026-03-26 22:17:27-INFO-[frequency_plots.py:70]-正在读取FFT CSV文件: D:\Lab\process\26.3.9\frequency\4k\FFT_20260309172928.767801.csv
2026-03-26 22:17:28-INFO-[frequency_plots.py:108]-识别到 12 个通道
2026-03-26 22:17:28-INFO-[frequency_plots.py:81]-成功读取FFT数据: 539999 行, 12 个幅度通道, 12 个相位通道
2026-03-26 22:17:29-INFO-[frequency_plots.py:70]-正在读取FFT CSV文件: D:\Lab\process\26.3.9\frequency\4k\FFT_20260309172931.468228.csv
2026-03-26 22:17:30-INFO-[frequency_plots.py:108]-识别到 12 个通道
2026-03-26 22:17:30-INFO-[frequency_plots.py:81]-成功读取FFT数据: 539999 行, 12 个幅度通道, 12 个相位通道
2026-03-26 22:17:31-INFO-[frequency_plots.py:70]-正在读取FFT CSV文件: D:\Lab\process\26.3.9\frequency\4k\FFT_20260309172934.165986.csv
2026-03-26 22:17:32-INFO-[frequency_plots.py:108]-识别到 12 个通道
2026-03-26 22:17:32-INFO-[frequency_plots.py:81]-成功读取FFT数据: 539999 行, 12 个幅度通道, 12 个相位通道
2026-03-26 22:17:32-INFO-[frequency_plots.py:70]-正在读取FFT CSV文件: D:\Lab\process\26.3.9\frequency\4k\FFT_20260309172936.867580.csv
2026-03-26 22:17:33-INFO-[frequency_plots.py:108]-识别到 12 个通道
2026-03-26 22:17:33-INFO-[frequency_plots.py:81]-成功读取FFT数据: 539999 行, 12 个幅度通道, 12 个相位通道
2026-03-26 22:17:34-INFO-[frequency_plots.py:70]-正在读取FFT CSV文件: D:\Lab\process\26.3.9\frequency\4k\FFT_20260309172939.567028.csv
2026-03-26 22:17:35-INFO-[frequency_plots.py:108]-识别到 12 个通道
2026-03-26 22:17:35-INFO-[frequency_plots.py:81]-成功读取FFT数据: 539999 行, 12 个幅度通道, 12 个相位通道
2026-03-26 22:17:36-INFO-[frequency_plots.py:189]-??????????
2026-03-26 22:17:46-INFO-[frequency_plots.py:238]-?????????: D:\Lab\results\26.3.9\frequency\4k\group_amplitude_spectrum_1.png
2026-03-26 22:18:02-INFO-[frequency_plots.py:250]-?????????: D:\Lab\results\26.3.9\frequency\4k\group_amplitude_spectrum_2.png
2026-03-26 22:18:49-INFO-[frequency_plots.py:264]-?????????: D:\Lab\results\26.3.9\frequency\4k\group_amplitude_spectrum_3.png
2026-03-26 22:18:49-INFO-[frequency_plots.py:275]-??????????
2026-03-26 22:18:51-INFO-[frequency_plots.py:338]-?????????: D:\Lab\results\26.3.9\frequency\4k\group_phase_analysis.png
2026-03-26 22:18:51-INFO-[frequency_plots.py:349]-????????????
2026-03-26 22:18:52-INFO-[frequency_plots.py:404]-???????????: D:\Lab\results\26.3.9\frequency\4k\group_dominant_frequencies.png
2026-03-26 22:18:52-INFO-[frequency_plots.py:418]-?????????????
2026-03-26 22:18:52-INFO-[frequency_plots.py:70]-正在读取FFT CSV文件: D:\Lab\process\26.3.9\frequency\4k\FFT_20260309172848.266725.csv
2026-03-26 22:18:53-INFO-[frequency_plots.py:108]-识别到 12 个通道
2026-03-26 22:18:53-INFO-[frequency_plots.py:81]-成功读取FFT数据: 539999 行, 12 个幅度通道, 12 个相位通道
2026-03-26 22:18:53-INFO-[frequency_plots.py:70]-正在读取FFT CSV文件: D:\Lab\process\26.3.9\frequency\4k\FFT_20260309172848.266725.csv
2026-03-26 22:18:54-INFO-[frequency_plots.py:108]-识别到 12 个通道
2026-03-26 22:18:54-INFO-[frequency_plots.py:81]-成功读取FFT数据: 539999 行, 12 个幅度通道, 12 个相位通道
2026-03-26 22:18:54-INFO-[frequency_plots.py:70]-正在读取FFT CSV文件: D:\Lab\process\26.3.9\frequency\4k\FFT_20260309172850.964484.csv
2026-03-26 22:18:55-INFO-[frequency_plots.py:108]-识别到 12 个通道
2026-03-26 22:18:55-INFO-[frequency_plots.py:81]-成功读取FFT数据: 539999 行, 12 个幅度通道, 12 个相位通道
2026-03-26 22:18:55-INFO-[frequency_plots.py:70]-正在读取FFT CSV文件: D:\Lab\process\26.3.9\frequency\4k\FFT_20260309172853.661670.csv
2026-03-26 22:18:57-INFO-[frequency_plots.py:108]-识别到 12 个通道
2026-03-26 22:18:57-INFO-[frequency_plots.py:81]-成功读取FFT数据: 539999 行, 12 个幅度通道, 12 个相位通道
2026-03-26 22:18:57-INFO-[frequency_plots.py:70]-正在读取FFT CSV文件: D:\Lab\process\26.3.9\frequency\4k\FFT_20260309172856.365958.csv
2026-03-26 22:18:58-INFO-[frequency_plots.py:108]-识别到 12 个通道
2026-03-26 22:18:58-INFO-[frequency_plots.py:81]-成功读取FFT数据: 539999 行, 12 个幅度通道, 12 个相位通道
2026-03-26 22:18:58-INFO-[frequency_plots.py:70]-正在读取FFT CSV文件: D:\Lab\process\26.3.9\frequency\4k\FFT_20260309172859.064864.csv
2026-03-26 22:18:59-INFO-[frequency_plots.py:108]-识别到 12 个通道
2026-03-26 22:18:59-INFO-[frequency_plots.py:81]-成功读取FFT数据: 539999 行, 12 个幅度通道, 12 个相位通道
2026-03-26 22:18:59-INFO-[frequency_plots.py:70]-正在读取FFT CSV文件: D:\Lab\process\26.3.9\frequency\4k\FFT_20260309172901.766059.csv
2026-03-26 22:19:00-INFO-[frequency_plots.py:108]-识别到 12 个通道
2026-03-26 22:19:00-INFO-[frequency_plots.py:81]-成功读取FFT数据: 539999 行, 12 个幅度通道, 12 个相位通道
2026-03-26 22:19:00-INFO-[frequency_plots.py:70]-正在读取FFT CSV文件: D:\Lab\process\26.3.9\frequency\4k\FFT_20260309172904.466852.csv
2026-03-26 22:19:01-INFO-[frequency_plots.py:108]-识别到 12 个通道
2026-03-26 22:19:01-INFO-[frequency_plots.py:81]-成功读取FFT数据: 539999 行, 12 个幅度通道, 12 个相位通道
2026-03-26 22:19:01-INFO-[frequency_plots.py:70]-正在读取FFT CSV文件: D:\Lab\process\26.3.9\frequency\4k\FFT_20260309172907.166952.csv
2026-03-26 22:19:02-INFO-[frequency_plots.py:108]-识别到 12 个通道
2026-03-26 22:19:02-INFO-[frequency_plots.py:81]-成功读取FFT数据: 539999 行, 12 个幅度通道, 12 个相位通道
2026-03-26 22:19:02-INFO-[frequency_plots.py:70]-正在读取FFT CSV文件: D:\Lab\process\26.3.9\frequency\4k\FFT_20260309172909.866322.csv
2026-03-26 22:19:04-INFO-[frequency_plots.py:108]-识别到 12 个通道
2026-03-26 22:19:04-INFO-[frequency_plots.py:81]-成功读取FFT数据: 539999 行, 12 个幅度通道, 12 个相位通道
2026-03-26 22:19:04-INFO-[frequency_plots.py:70]-正在读取FFT CSV文件: D:\Lab\process\26.3.9\frequency\4k\FFT_20260309172912.566757.csv
2026-03-26 22:19:05-INFO-[frequency_plots.py:108]-识别到 12 个通道
2026-03-26 22:19:05-INFO-[frequency_plots.py:81]-成功读取FFT数据: 539999 行, 12 个幅度通道, 12 个相位通道
2026-03-26 22:19:05-INFO-[frequency_plots.py:70]-正在读取FFT CSV文件: D:\Lab\process\26.3.9\frequency\4k\FFT_20260309172915.264995.csv
2026-03-26 22:19:06-INFO-[frequency_plots.py:108]-识别到 12 个通道
2026-03-26 22:19:06-INFO-[frequency_plots.py:81]-成功读取FFT数据: 539999 行, 12 个幅度通道, 12 个相位通道
2026-03-26 22:19:06-INFO-[frequency_plots.py:70]-正在读取FFT CSV文件: D:\Lab\process\26.3.9\frequency\4k\FFT_20260309172917.966221.csv
2026-03-26 22:19:07-INFO-[frequency_plots.py:108]-识别到 12 个通道
2026-03-26 22:19:07-INFO-[frequency_plots.py:81]-成功读取FFT数据: 539999 行, 12 个幅度通道, 12 个相位通道
2026-03-26 22:19:07-INFO-[frequency_plots.py:70]-正在读取FFT CSV文件: D:\Lab\process\26.3.9\frequency\4k\FFT_20260309172920.664635.csv
2026-03-26 22:19:08-INFO-[frequency_plots.py:108]-识别到 12 个通道
2026-03-26 22:19:08-INFO-[frequency_plots.py:81]-成功读取FFT数据: 539999 行, 12 个幅度通道, 12 个相位通道
2026-03-26 22:19:08-INFO-[frequency_plots.py:70]-正在读取FFT CSV文件: D:\Lab\process\26.3.9\frequency\4k\FFT_20260309172923.364761.csv
2026-03-26 22:19:09-INFO-[frequency_plots.py:108]-识别到 12 个通道
2026-03-26 22:19:09-INFO-[frequency_plots.py:81]-成功读取FFT数据: 539999 行, 12 个幅度通道, 12 个相位通道
2026-03-26 22:19:09-INFO-[frequency_plots.py:70]-正在读取FFT CSV文件: D:\Lab\process\26.3.9\frequency\4k\FFT_20260309172926.064459.csv
2026-03-26 22:19:11-INFO-[frequency_plots.py:108]-识别到 12 个通道
2026-03-26 22:19:11-INFO-[frequency_plots.py:81]-成功读取FFT数据: 539999 行, 12 个幅度通道, 12 个相位通道
2026-03-26 22:19:11-INFO-[frequency_plots.py:70]-正在读取FFT CSV文件: D:\Lab\process\26.3.9\frequency\4k\FFT_20260309172928.767801.csv
2026-03-26 22:19:12-INFO-[frequency_plots.py:108]-识别到 12 个通道
2026-03-26 22:19:12-INFO-[frequency_plots.py:81]-成功读取FFT数据: 539999 行, 12 个幅度通道, 12 个相位通道
2026-03-26 22:19:12-INFO-[frequency_plots.py:70]-正在读取FFT CSV文件: D:\Lab\process\26.3.9\frequency\4k\FFT_20260309172931.468228.csv
2026-03-26 22:19:13-INFO-[frequency_plots.py:108]-识别到 12 个通道
2026-03-26 22:19:13-INFO-[frequency_plots.py:81]-成功读取FFT数据: 539999 行, 12 个幅度通道, 12 个相位通道
2026-03-26 22:19:13-INFO-[frequency_plots.py:70]-正在读取FFT CSV文件: D:\Lab\process\26.3.9\frequency\4k\FFT_20260309172934.165986.csv
2026-03-26 22:19:14-INFO-[frequency_plots.py:108]-识别到 12 个通道
2026-03-26 22:19:14-INFO-[frequency_plots.py:81]-成功读取FFT数据: 539999 行, 12 个幅度通道, 12 个相位通道
2026-03-26 22:19:14-INFO-[frequency_plots.py:70]-正在读取FFT CSV文件: D:\Lab\process\26.3.9\frequency\4k\FFT_20260309172936.867580.csv
2026-03-26 22:19:15-INFO-[frequency_plots.py:108]-识别到 12 个通道
2026-03-26 22:19:15-INFO-[frequency_plots.py:81]-成功读取FFT数据: 539999 行, 12 个幅度通道, 12 个相位通道
2026-03-26 22:19:15-INFO-[frequency_plots.py:70]-正在读取FFT CSV文件: D:\Lab\process\26.3.9\frequency\4k\FFT_20260309172939.567028.csv
2026-03-26 22:19:17-INFO-[frequency_plots.py:108]-识别到 12 个通道
2026-03-26 22:19:17-INFO-[frequency_plots.py:81]-成功读取FFT数据: 539999 行, 12 个幅度通道, 12 个相位通道
2026-03-26 22:19:18-INFO-[frequency_plots.py:489]-????????????: D:\Lab\results\26.3.9\frequency\4k\group_stability_analysis.png
2026-03-26 22:19:18-INFO-[frequency_plots.py:512]-????????????
2026-03-26 22:19:19-INFO-[frequency_plots.py:565]-???????????: D:\Lab\results\26.3.9\frequency\4k\group_feature_frequencies.png
2026-03-26 22:19:19-INFO-[frequency_plots.py:625]-开始生成组分析报告
2026-03-26 22:19:19-INFO-[frequency_plots.py:751]-组分析报告已保存: D:\Lab\results\26.3.9\frequency\4k\frequency_plots_report.json
2026-03-26 22:19:19-INFO-[frequency_plots.py:866]-FFT组分析完成: 4k
2026-03-26 22:19:19-INFO-[frequency_plots.py:956]-FFT分析完成! 成功分析 3 个组
2026-03-26 22:19:19-INFO-[frequency_plots.py:957]-总体报告: D:\Lab\results\26.3.9\frequency\fft_analysis_summary.json
2026-03-26 22:19:19-INFO-[main.py:68]------------------------------执行完成-----------------------------
