2026-03-27 12:14:09-INFO-[main.py:33]--------------------------启动数据分析系统-------------------------
2026-03-27 12:14:09-INFO-[file_utils.py:39]-paths.yaml 生成成功: C:\Users\17584\Documents\ALearning\Project\tools\DataProcess\config\paths.yaml
2026-03-27 12:14:09-INFO-[tdms_reader_time.py:41]-配置文件加载成功: C:\Users\17584\Documents\ALearning\Project\tools\DataProcess\config\paths.yaml
2026-03-27 12:14:09-INFO-[tdms_reader_time.py:185]-原始数据目录: D:/Lab/raw/26.3.9
2026-03-27 12:14:09-INFO-[tdms_reader_time.py:186]-输出目录: D:/Lab/process/26.3.9/time
2026-03-27 12:14:09-INFO-[tdms_reader_time.py:198]-找到 62 个TDMS文件
2026-03-27 12:15:28-INFO-[tdms_reader_time.py:202]-所有文件处理完成
2026-03-27 12:15:28-INFO-[tdms_reader_frequency.py:41]-配置文件加载成功: C:\Users\17584\Documents\ALearning\Project\tools\DataProcess\config\paths.yaml
2026-03-27 12:15:28-INFO-[tdms_reader_frequency.py:215]-输入数据目录: D:/Lab/process/26.3.9/time
2026-03-27 12:15:28-INFO-[tdms_reader_frequency.py:216]-输出目录: D:/Lab/process/26.3.9/frequency
2026-03-27 12:15:28-INFO-[tdms_reader_frequency.py:229]-找到 62 个CSV文件
2026-03-27 12:15:28-INFO-[tdms_reader_frequency.py:232]-开始并行处理文件...
2026-03-27 12:15:32-INFO-[tdms_reader_frequency.py:103]-开始处理文件: D:/Lab/process/26.3.9/time\2k\20260309171638.209984.csv
2026-03-27 12:15:32-INFO-[tdms_reader_frequency.py:111]-使用元数据采样率: 400000 Hz
2026-03-27 12:15:32-INFO-[tdms_reader_frequency.py:103]-开始处理文件: D:/Lab/process/26.3.9/time\2k\20260309171640.909627.csv
2026-03-27 12:15:32-INFO-[tdms_reader_frequency.py:111]-使用元数据采样率: 400000 Hz
2026-03-27 12:15:32-INFO-[tdms_reader_frequency.py:103]-开始处理文件: D:/Lab/process/26.3.9/time\2k\20260309171646.311929.csv
2026-03-27 12:15:32-INFO-[tdms_reader_frequency.py:103]-开始处理文件: D:/Lab/process/26.3.9/time\2k\20260309171651.711693.csv
2026-03-27 12:15:32-INFO-[tdms_reader_frequency.py:103]-开始处理文件: D:/Lab/process/26.3.9/time\2k\20260309171643.610847.csv
2026-03-27 12:15:32-INFO-[tdms_reader_frequency.py:111]-使用元数据采样率: 400000 Hz
2026-03-27 12:15:32-INFO-[tdms_reader_frequency.py:111]-使用元数据采样率: 400000 Hz
2026-03-27 12:15:32-INFO-[tdms_reader_frequency.py:111]-使用元数据采样率: 400000 Hz
2026-03-27 12:15:32-INFO-[tdms_reader_frequency.py:103]-开始处理文件: D:/Lab/process/26.3.9/time\2k\20260309171649.009744.csv
2026-03-27 12:15:32-INFO-[tdms_reader_frequency.py:111]-使用元数据采样率: 400000 Hz
2026-03-27 12:15:33-INFO-[tdms_reader_frequency.py:103]-开始处理文件: D:/Lab/process/26.3.9/time\2k\20260309171654.410757.csv
2026-03-27 12:15:33-INFO-[tdms_reader_frequency.py:111]-使用元数据采样率: 400000 Hz
2026-03-27 12:15:33-INFO-[tdms_reader_frequency.py:103]-开始处理文件: D:/Lab/process/26.3.9/time\2k\20260309171657.112097.csv
2026-03-27 12:15:33-INFO-[tdms_reader_frequency.py:111]-使用元数据采样率: 400000 Hz
2026-03-27 12:15:33-INFO-[tdms_reader_frequency.py:103]-开始处理文件: D:/Lab/process/26.3.9/time\2k\20260309171659.812699.csv
2026-03-27 12:15:33-INFO-[tdms_reader_frequency.py:111]-使用元数据采样率: 400000 Hz
.3.9/time\2k\20260309171702.511904.csv
2026-03-27 12:15:33-INFO-[tdms_reader_frequency.py:111]-使用元数据采样率: 400000 Hz
2026-03-27 12:15:33-INFO-[tdms_reader_frequency.py:103]-开始处理文件: D:/Lab/process/26.3.9/time\2k\20260309171705.211974.csv
2026-03-27 12:15:33-INFO-[tdms_reader_frequency.py:111]-使用元数据采样率: 400000 Hz
2026-03-27 12:15:33-INFO-[tdms_reader_frequency.py:103]-开始处理文件: D:/Lab/process/26.3.9/time\2k\20260309171707.912154.csv
2026-03-27 12:15:33-INFO-[tdms_reader_frequency.py:111]-使用元数据采样率: 400000 Hz
2026-03-27 12:15:33-INFO-[tdms_reader_frequency.py:103]-开始处理文件: D:/Lab/process/26.3.9/time\2k\20260309171710.611949.csv
2026-03-27 12:15:33-INFO-[tdms_reader_frequency.py:111]-使用元数据采样率: 400000 Hz
2026-03-27 12:15:33-INFO-[tdms_reader_frequency.py:103]-开始处理文件: D:/Lab/process/26.3.9/time\2k\20260309171713.311232.csv
2026-03-27 12:15:33-INFO-[tdms_reader_frequency.py:111]-使用元数据采样率: 400000 Hz
2026-03-27 12:15:33-INFO-[tdms_reader_frequency.py:103]-开始处理文件: D:/Lab/process/26.3.9/time\2k\20260309171716.013532.csv
2026-03-27 12:15:33-INFO-[tdms_reader_frequency.py:111]-使用元数据采样率: 400000 Hz
2026-03-27 12:15:33-INFO-[tdms_reader_frequency.py:103]-开始处理文件: D:/Lab/process/26.3.9/time\2k\20260309171718.712098.csv
2026-03-27 12:15:33-INFO-[tdms_reader_frequency.py:111]-使用元数据采样率: 400000 Hz
2026-03-27 12:15:33-INFO-[tdms_reader_frequency.py:103]-开始处理文件: D:/Lab/process/26.3.9/time\2k\20260309171721.413819.csv
2026-03-27 12:15:33-INFO-[tdms_reader_frequency.py:111]-使用元数据采样率: 400000 Hz
2026-03-27 12:15:33-INFO-[tdms_reader_frequency.py:103]-开始处理文件: D:/Lab/process/26.3.9/time\2k\20260309171724.111972.csv
2026-03-27 12:15:33-INFO-[tdms_reader_frequency.py:111]-使用元数据采样率: 400000 Hz
2026-03-27 12:15:33-INFO-[tdms_reader_frequency.py:103]-开始处理文件: D:/Lab/process/26.3.9/time\2k\20260309171726.813002.csv
2026-03-27 12:15:33-INFO-[tdms_reader_frequency.py:111]-使用元数据采样率: 400000 Hz
2026-03-27 12:15:33-INFO-[tdms_reader_frequency.py:103]-开始处理文件: D:/Lab/process/26.3.9/time\2k\20260309171729.513661.csv
2026-03-27 12:15:33-INFO-[tdms_reader_frequency.py:111]-使用元数据采样率: 400000 Hz
2026-03-27 12:15:33-INFO-[tdms_reader_frequency.py:103]-开始处理文件: D:/Lab/process/26.3.9/time\2k\20260309171732.212390.csv
2026-03-27 12:15:33-INFO-[tdms_reader_frequency.py:111]-使用元数据采样率: 400000 Hz
2026-03-27 12:15:33-INFO-[tdms_reader_frequency.py:103]-开始处理文件: D:/Lab/process/26.3.9/time\2k\20260309171734.914089.csv
2026-03-27 12:15:33-INFO-[tdms_reader_frequency.py:103]-开始处理文件: D:/Lab/process/26.3.9/time\3k\20260309172720.657481.csv
2026-03-27 12:15:33-INFO-[tdms_reader_frequency.py:111]-使用元数据采样率: 400000 Hz
2026-03-27 12:15:33-INFO-[tdms_reader_frequency.py:111]-使用元数据采样率: 400000 Hz
2026-03-27 12:15:33-INFO-[tdms_reader_frequency.py:103]-开始处理文件: D:/Lab/process/26.3.9/time\3k\20260309172726.061191.csv
2026-03-27 12:15:33-INFO-[tdms_reader_frequency.py:103]-开始处理文件: D:/Lab/process/26.3.9/time\3k\20260309172723.361497.csv
2026-03-27 12:15:33-INFO-[tdms_reader_frequency.py:111]-使用元数据采样率: 400000 Hz
2026-03-27 12:15:33-INFO-[tdms_reader_frequency.py:111]-使用元数据采样率: 400000 Hz
2026-03-27 12:15:33-INFO-[tdms_reader_frequency.py:103]-开始处理文件: D:/Lab/process/26.3.9/time\3k\20260309172728.759021.csv
2026-03-27 12:15:33-INFO-[tdms_reader_frequency.py:111]-使用元数据采样率: 400000 Hz
2026-03-27 12:15:33-INFO-[tdms_reader_frequency.py:103]-开始处理文件: D:/Lab/process/26.3.9/time\3k\20260309172734.159782.csv
2026-03-27 12:15:33-INFO-[tdms_reader_frequency.py:111]-使用元数据采样率: 400000 Hz
2026-03-27 12:15:33-INFO-[tdms_reader_frequency.py:103]-开始处理文件: D:/Lab/process/26.3.9/time\3k\20260309172731.458687.csv
2026-03-27 12:15:33-INFO-[tdms_reader_frequency.py:111]-使用元数据采样率: 400000 Hz
2026-03-27 12:15:35-INFO-[tdms_reader_frequency.py:118]-成功读取文件: 20260309171734.914089.csv, 数据长度: 760000
2026-03-27 12:15:35-INFO-[tdms_reader_frequency.py:128]-处理文件: 20260309171734.914089.csv, 通道数: 12
2026-03-27 12:15:35-INFO-[tdms_reader_frequency.py:118]-成功读取文件: 20260309171640.909627.csv, 数据长度: 1080000
2026-03-27 12:15:35-INFO-[tdms_reader_frequency.py:128]-处理文件: 20260309171640.909627.csv, 通道数: 12
2026-03-27 12:15:35-INFO-[tdms_reader_frequency.py:118]-成功读取文件: 20260309171638.209984.csv, 数据长度: 1080000
2026-03-27 12:15:35-INFO-[tdms_reader_frequency.py:128]-处理文件: 20260309171638.209984.csv, 通道数: 12
2026-03-27 12:15:35-INFO-[tdms_reader_frequency.py:118]-成功读取文件: 20260309171705.211974.csv, 数据长度: 1080000
2026-03-27 12:15:35-INFO-[tdms_reader_frequency.py:128]-处理文件: 20260309171705.211974.csv, 通道数: 12
2026-03-27 12:15:35-INFO-[tdms_reader_frequency.py:118]-成功读取文件: 20260309171710.611949.csv, 数据长度: 1080000
2026-03-27 12:15:35-INFO-[tdms_reader_frequency.py:128]-处理文件: 20260309171710.611949.csv, 通道数: 12
2026-03-27 12:15:35-INFO-[tdms_reader_frequency.py:118]-成功读取文件: 20260309171646.311929.csv, 数据长度: 1080000
2026-03-27 12:15:35-INFO-[tdms_reader_frequency.py:128]-处理文件: 20260309171646.311929.csv, 通道数: 12
2026-03-27 12:15:35-INFO-[tdms_reader_frequency.py:118]-成功读取文件: 20260309171651.711693.csv, 数据长度: 1080000
2026-03-27 12:15:35-INFO-[tdms_reader_frequency.py:128]-处理文件: 20260309171651.711693.csv, 通道数: 12
2026-03-27 12:15:35-INFO-[tdms_reader_frequency.py:118]-成功读取文件: 20260309171716.013532.csv, 数据长度: 1080000
2026-03-27 12:15:35-INFO-[tdms_reader_frequency.py:128]-处理文件: 20260309171716.013532.csv, 通道数: 12
2026-03-27 12:15:35-INFO-[tdms_reader_frequency.py:118]-成功读取文件: 20260309171721.413819.csv, 数据长度: 1080000
2026-03-27 12:15:35-INFO-[tdms_reader_frequency.py:128]-处理文件: 20260309171721.413819.csv, 通道数: 12
2026-03-27 12:15:35-INFO-[tdms_reader_frequency.py:118]-成功读取文件: 20260309171657.112097.csv, 数据长度: 1080000
2026-03-27 12:15:35-INFO-[tdms_reader_frequency.py:128]-处理文件: 20260309171657.112097.csv, 通道数: 12
2026-03-27 12:15:35-INFO-[tdms_reader_frequency.py:118]-成功读取文件: 20260309171643.610847.csv, 数据长度: 1080000
2026-03-27 12:15:35-INFO-[tdms_reader_frequency.py:128]-处理文件: 20260309171643.610847.csv, 通道数: 12
2026-03-27 12:15:35-INFO-[tdms_reader_frequency.py:118]-成功读取文件: 20260309171654.410757.csv, 数据长度: 1080000
2026-03-27 12:15:35-INFO-[tdms_reader_frequency.py:128]-处理文件: 20260309171654.410757.csv, 通道数: 12
2026-03-27 12:15:35-INFO-[tdms_reader_frequency.py:118]-成功读取文件: 20260309171707.912154.csv, 数据长度: 1080000
2026-03-27 12:15:35-INFO-[tdms_reader_frequency.py:128]-处理文件: 20260309171707.912154.csv, 通道数: 12
2026-03-27 12:15:35-INFO-[tdms_reader_frequency.py:118]-成功读取文件: 20260309172726.061191.csv, 数据长度: 1080000
2026-03-27 12:15:35-INFO-[tdms_reader_frequency.py:128]-处理文件: 20260309172726.061191.csv, 通道数: 12
2026-03-27 12:15:35-INFO-[tdms_reader_frequency.py:118]-成功读取文件: 20260309171702.511904.csv, 数据长度: 1080000
2026-03-27 12:15:35-INFO-[tdms_reader_frequency.py:128]-处理文件: 20260309171702.511904.csv, 通道数: 12
2026-03-27 12:15:36-INFO-[tdms_reader_frequency.py:118]-成功读取文件: 20260309171649.009744.csv, 数据长度: 1080000
2026-03-27 12:15:36-INFO-[tdms_reader_frequency.py:128]-处理文件: 20260309171649.009744.csv, 通道数: 12
2026-03-27 12:15:36-INFO-[tdms_reader_frequency.py:118]-成功读取文件: 20260309171659.812699.csv, 数据长度: 1080000
2026-03-27 12:15:36-INFO-[tdms_reader_frequency.py:128]-处理文件: 20260309171659.812699.csv, 通道数: 12
2026-03-27 12:15:36-INFO-[tdms_reader_frequency.py:118]-成功读取文件: 20260309171718.712098.csv, 数据长度: 1080000
2026-03-27 12:15:36-INFO-[tdms_reader_frequency.py:128]-处理文件: 20260309171718.712098.csv, 通道数: 12
2026-03-27 12:15:36-INFO-[tdms_reader_frequency.py:118]-成功读取文件: 20260309172723.361497.csv, 数据长度: 1080000
2026-03-27 12:15:36-INFO-[tdms_reader_frequency.py:128]-处理文件: 20260309172723.361497.csv, 通道数: 12
2026-03-27 12:15:36-INFO-[tdms_reader_frequency.py:118]-成功读取文件: 20260309171713.311232.csv, 数据长度: 1080000
2026-03-27 12:15:36-INFO-[tdms_reader_frequency.py:128]-处理文件: 20260309171713.311232.csv, 通道数: 12
2026-03-27 12:15:36-INFO-[tdms_reader_frequency.py:118]-成功读取文件: 20260309172720.657481.csv, 数据长度: 1080000
2026-03-27 12:15:36-INFO-[tdms_reader_frequency.py:128]-处理文件: 20260309172720.657481.csv, 通道数: 12
2026-03-27 12:15:36-INFO-[tdms_reader_frequency.py:118]-成功读取文件: 20260309172734.159782.csv, 数据长度: 1080000
2026-03-27 12:15:36-INFO-[tdms_reader_frequency.py:128]-处理文件: 20260309172734.159782.csv, 通道数: 12
2026-03-27 12:15:36-INFO-[tdms_reader_frequency.py:118]-成功读取文件: 20260309171726.813002.csv, 数据长度: 1080000
2026-03-27 12:15:36-INFO-[tdms_reader_frequency.py:128]-处理文件: 20260309171726.813002.csv, 通道数: 12
2026-03-27 12:15:36-INFO-[tdms_reader_frequency.py:118]-成功读取文件: 20260309172728.759021.csv, 数据长度: 1080000
2026-03-27 12:15:36-INFO-[tdms_reader_frequency.py:128]-处理文件: 20260309172728.759021.csv, 通道数: 12
2026-03-27 12:15:36-INFO-[tdms_reader_frequency.py:118]-成功读取文件: 20260309172731.458687.csv, 数据长度: 1080000
2026-03-27 12:15:36-INFO-[tdms_reader_frequency.py:128]-处理文件: 20260309172731.458687.csv, 通道数: 12
2026-03-27 12:15:36-INFO-[tdms_reader_frequency.py:118]-成功读取文件: 20260309171724.111972.csv, 数据长度: 1080000
2026-03-27 12:15:36-INFO-[tdms_reader_frequency.py:128]-处理文件: 20260309171724.111972.csv, 通道数: 12
2026-03-27 12:15:36-INFO-[tdms_reader_frequency.py:118]-成功读取文件: 20260309171732.212390.csv, 数据长度: 1080000
2026-03-27 12:15:36-INFO-[tdms_reader_frequency.py:128]-处理文件: 20260309171732.212390.csv, 通道数: 12
2026-03-27 12:15:36-INFO-[tdms_reader_frequency.py:118]-成功读取文件: 20260309171729.513661.csv, 数据长度: 1080000
2026-03-27 12:15:36-INFO-[tdms_reader_frequency.py:128]-处理文件: 20260309171729.513661.csv, 通道数: 12
2026-03-27 12:15:44-INFO-[tdms_reader_frequency.py:174]-  已写入 100000/379999 行FFT数据
2026-03-27 12:15:44-INFO-[tdms_reader_frequency.py:174]-  已写入 100000/539999 行FFT数据
2026-03-27 12:15:44-INFO-[tdms_reader_frequency.py:174]-  已写入 100000/539999 行FFT数据
2026-03-27 12:15:45-INFO-[tdms_reader_frequency.py:174]-  已写入 100000/539999 行FFT数据
2026-03-27 12:15:45-INFO-[tdms_reader_frequency.py:174]-  已写入 100000/539999 行FFT数据
2026-03-27 12:15:45-INFO-[tdms_reader_frequency.py:174]-  已写入 100000/539999 行FFT数据
2026-03-27 12:15:45-INFO-[tdms_reader_frequency.py:174]-  已写入 100000/539999 行FFT数据
2026-03-27 12:15:45-INFO-[tdms_reader_frequency.py:174]-  已写入 100000/539999 行FFT数据
2026-03-27 12:15:45-INFO-[tdms_reader_frequency.py:174]-  已写入 100000/539999 行FFT数据
2026-03-27 12:15:45-INFO-[tdms_reader_frequency.py:174]-  已写入 100000/539999 行FFT数据
2026-03-27 12:15:45-INFO-[tdms_reader_frequency.py:174]-  已写入 100000/539999 行FFT数据
2026-03-27 12:15:45-INFO-[tdms_reader_frequency.py:174]-  已写入 100000/539999 行FFT数据
2026-03-27 12:15:45-INFO-[tdms_reader_frequency.py:174]-  已写入 100000/539999 行FFT数据
2026-03-27 12:15:45-INFO-[tdms_reader_frequency.py:174]-  已写入 100000/539999 行FFT数据
2026-03-27 12:15:45-INFO-[tdms_reader_frequency.py:174]-  已写入 100000/539999 行FFT数据
2026-03-27 12:15:45-INFO-[tdms_reader_frequency.py:174]-  已写入 100000/539999 行FFT数据
2026-03-27 12:15:45-INFO-[tdms_reader_frequency.py:174]-  已写入 100000/539999 行FFT数据
2026-03-27 12:15:45-INFO-[tdms_reader_frequency.py:174]-  已写入 100000/539999 行FFT数据
2026-03-27 12:15:45-INFO-[tdms_reader_frequency.py:174]-  已写入 100000/539999 行FFT数据
2026-03-27 12:15:45-INFO-[tdms_reader_frequency.py:174]-  已写入 100000/539999 行FFT数据
2026-03-27 12:15:45-INFO-[tdms_reader_frequency.py:174]-  已写入 100000/539999 行FFT数据
2026-03-27 12:15:45-INFO-[tdms_reader_frequency.py:174]-  已写入 100000/539999 行FFT数据
2026-03-27 12:15:45-INFO-[tdms_reader_frequency.py:174]-  已写入 100000/539999 行FFT数据
2026-03-27 12:15:45-INFO-[tdms_reader_frequency.py:174]-  已写入 100000/539999 行FFT数据
2026-03-27 12:15:45-INFO-[tdms_reader_frequency.py:174]-  已写入 100000/539999 行FFT数据
2026-03-27 12:15:45-INFO-[tdms_reader_frequency.py:174]-  已写入 100000/539999 行FFT数据
2026-03-27 12:15:45-INFO-[tdms_reader_frequency.py:174]-  已写入 100000/539999 行FFT数据
2026-03-27 12:15:45-INFO-[tdms_reader_frequency.py:174]-  已写入 100000/539999 行FFT数据
2026-03-27 12:15:49-INFO-[tdms_reader_frequency.py:174]-  已写入 200000/379999 行FFT数据
2026-03-27 12:15:49-INFO-[tdms_reader_frequency.py:174]-  已写入 200000/539999 行FFT数据
2026-03-27 12:15:49-INFO-[tdms_reader_frequency.py:174]-  已写入 200000/539999 行FFT数据
2026-03-27 12:15:49-INFO-[tdms_reader_frequency.py:174]-  已写入 200000/539999 行FFT数据
2026-03-27 12:15:49-INFO-[tdms_reader_frequency.py:174]-  已写入 200000/539999 行FFT数据
2026-03-27 12:15:49-INFO-[tdms_reader_frequency.py:174]-  已写入 200000/539999 行FFT数据
2026-03-27 12:15:49-INFO-[tdms_reader_frequency.py:174]-  已写入 200000/539999 行FFT数据
2026-03-27 12:15:49-INFO-[tdms_reader_frequency.py:174]-  已写入 200000/539999 行FFT数据
2026-03-27 12:15:49-INFO-[tdms_reader_frequency.py:174]-  已写入 200000/539999 行FFT数据
2026-03-27 12:15:49-INFO-[tdms_reader_frequency.py:174]-  已写入 200000/539999 行FFT数据
2026-03-27 12:15:49-INFO-[tdms_reader_frequency.py:174]-  已写入 200000/539999 行FFT数据
2026-03-27 12:15:49-INFO-[tdms_reader_frequency.py:174]-  已写入 200000/539999 行FFT数据
2026-03-27 12:15:50-INFO-[tdms_reader_frequency.py:174]-  已写入 200000/539999 行FFT数据
2026-03-27 12:15:50-INFO-[tdms_reader_frequency.py:174]-  已写入 200000/539999 行FFT数据
2026-03-27 12:15:50-INFO-[tdms_reader_frequency.py:174]-  已写入 200000/539999 行FFT数据
2026-03-27 12:15:50-INFO-[tdms_reader_frequency.py:174]-  已写入 200000/539999 行FFT数据
2026-03-27 12:15:50-INFO-[tdms_reader_frequency.py:174]-  已写入 200000/539999 行FFT数据
2026-03-27 12:15:50-INFO-[tdms_reader_frequency.py:174]-  已写入 200000/539999 行FFT数据
2026-03-27 12:15:50-INFO-[tdms_reader_frequency.py:174]-  已写入 200000/539999 行FFT数据
2026-03-27 12:15:50-INFO-[tdms_reader_frequency.py:174]-  已写入 200000/539999 行FFT数据
2026-03-27 12:15:50-INFO-[tdms_reader_frequency.py:174]-  已写入 200000/539999 行FFT数据
2026-03-27 12:15:50-INFO-[tdms_reader_frequency.py:174]-  已写入 200000/539999 行FFT数据
2026-03-27 12:15:50-INFO-[tdms_reader_frequency.py:174]-  已写入 200000/539999 行FFT数据
2026-03-27 12:15:50-INFO-[tdms_reader_frequency.py:174]-  已写入 200000/539999 行FFT数据
2026-03-27 12:15:50-INFO-[tdms_reader_frequency.py:174]-  已写入 200000/539999 行FFT数据
2026-03-27 12:15:50-INFO-[tdms_reader_frequency.py:174]-  已写入 200000/539999 行FFT数据
2026-03-27 12:15:50-INFO-[tdms_reader_frequency.py:174]-  已写入 200000/539999 行FFT数据
2026-03-27 12:15:50-INFO-[tdms_reader_frequency.py:174]-  已写入 200000/539999 行FFT数据
2026-03-27 12:15:53-INFO-[tdms_reader_frequency.py:174]-  已写入 300000/379999 行FFT数据
2026-03-27 12:15:53-INFO-[tdms_reader_frequency.py:174]-  已写入 300000/539999 行FFT数据
2026-03-27 12:15:53-INFO-[tdms_reader_frequency.py:174]-  已写入 300000/539999 行FFT数据
2026-03-27 12:15:54-INFO-[tdms_reader_frequency.py:174]-  已写入 300000/539999 行FFT数据
2026-03-27 12:15:54-INFO-[tdms_reader_frequency.py:174]-  已写入 300000/539999 行FFT数据
2026-03-27 12:15:54-INFO-[tdms_reader_frequency.py:174]-  已写入 300000/539999 行FFT数据
2026-03-27 12:15:54-INFO-[tdms_reader_frequency.py:174]-  已写入 300000/539999 行FFT数据
2026-03-27 12:15:54-INFO-[tdms_reader_frequency.py:174]-  已写入 300000/539999 行FFT数据
2026-03-27 12:15:54-INFO-[tdms_reader_frequency.py:174]-  已写入 300000/539999 行FFT数据
2026-03-27 12:15:54-INFO-[tdms_reader_frequency.py:174]-  已写入 300000/539999 行FFT数据
2026-03-27 12:15:54-INFO-[tdms_reader_frequency.py:174]-  已写入 300000/539999 行FFT数据
2026-03-27 12:15:54-INFO-[tdms_reader_frequency.py:174]-  已写入 300000/539999 行FFT数据
2026-03-27 12:15:54-INFO-[tdms_reader_frequency.py:174]-  已写入 300000/539999 行FFT数据
2026-03-27 12:15:54-INFO-[tdms_reader_frequency.py:174]-  已写入 300000/539999 行FFT数据
2026-03-27 12:15:54-INFO-[tdms_reader_frequency.py:174]-  已写入 300000/539999 行FFT数据
2026-03-27 12:15:54-INFO-[tdms_reader_frequency.py:174]-  已写入 300000/539999 行FFT数据
2026-03-27 12:15:54-INFO-[tdms_reader_frequency.py:174]-  已写入 300000/539999 行FFT数据
2026-03-27 12:15:54-INFO-[tdms_reader_frequency.py:174]-  已写入 300000/539999 行FFT数据
2026-03-27 12:15:54-INFO-[tdms_reader_frequency.py:174]-  已写入 300000/539999 行FFT数据
2026-03-27 12:15:54-INFO-[tdms_reader_frequency.py:174]-  已写入 300000/539999 行FFT数据
2026-03-27 12:15:54-INFO-[tdms_reader_frequency.py:174]-  已写入 300000/539999 行FFT数据
2026-03-27 12:15:54-INFO-[tdms_reader_frequency.py:174]-  已写入 300000/539999 行FFT数据
2026-03-27 12:15:54-INFO-[tdms_reader_frequency.py:174]-  已写入 300000/539999 行FFT数据
2026-03-27 12:15:54-INFO-[tdms_reader_frequency.py:174]-  已写入 300000/539999 行FFT数据
2026-03-27 12:15:54-INFO-[tdms_reader_frequency.py:174]-  已写入 300000/539999 行FFT数据
2026-03-27 12:15:54-INFO-[tdms_reader_frequency.py:174]-  已写入 300000/539999 行FFT数据
2026-03-27 12:15:54-INFO-[tdms_reader_frequency.py:174]-  已写入 300000/539999 行FFT数据
2026-03-27 12:15:54-INFO-[tdms_reader_frequency.py:174]-  已写入 300000/539999 行FFT数据
2026-03-27 12:15:59-INFO-[tdms_reader_frequency.py:174]-  已写入 379999/379999 行FFT数据
2026-03-27 12:15:59-INFO-[tdms_reader_frequency.py:176]-已处理: 20260309171734.914089.csv -> D:/Lab/process/26.3.9/frequency\2k\FFT_20260309171734.914089.csv
2026-03-27 12:15:59-INFO-[tdms_reader_frequency.py:103]-开始处理文件: D:/Lab/process/26.3.9/time\3k\20260309172736.860642.csv
2026-03-27 12:15:59-INFO-[tdms_reader_frequency.py:111]-使用元数据采样率: 400000 Hz
2026-03-27 12:16:00-INFO-[tdms_reader_frequency.py:174]-  已写入 400000/539999 行FFT数据
2026-03-27 12:16:00-INFO-[tdms_reader_frequency.py:174]-  已写入 400000/539999 行FFT数据
2026-03-27 12:16:00-INFO-[tdms_reader_frequency.py:174]-  已写入 400000/539999 行FFT数据
2026-03-27 12:16:01-INFO-[tdms_reader_frequency.py:174]-  已写入 400000/539999 行FFT数据
2026-03-27 12:16:01-INFO-[tdms_reader_frequency.py:174]-  已写入 400000/539999 行FFT数据
2026-03-27 12:16:01-INFO-[tdms_reader_frequency.py:174]-  已写入 400000/539999 行FFT数据
2026-03-27 12:16:01-INFO-[tdms_reader_frequency.py:174]-  已写入 400000/539999 行FFT数据
2026-03-27 12:16:01-INFO-[tdms_reader_frequency.py:174]-  已写入 400000/539999 行FFT数据
2026-03-27 12:16:01-INFO-[tdms_reader_frequency.py:174]-  已写入 400000/539999 行FFT数据
2026-03-27 12:16:01-INFO-[tdms_reader_frequency.py:174]-  已写入 400000/539999 行FFT数据
2026-03-27 12:16:01-INFO-[tdms_reader_frequency.py:174]-  已写入 400000/539999 行FFT数据
2026-03-27 12:16:01-INFO-[tdms_reader_frequency.py:174]-  已写入 400000/539999 行FFT数据
2026-03-27 12:16:01-INFO-[tdms_reader_frequency.py:174]-  已写入 400000/539999 行FFT数据
2026-03-27 12:16:01-INFO-[tdms_reader_frequency.py:174]-  已写入 400000/539999 行FFT数据
2026-03-27 12:16:02-INFO-[tdms_reader_frequency.py:174]-  已写入 400000/539999 行FFT数据
2026-03-27 12:16:02-INFO-[tdms_reader_frequency.py:174]-  已写入 400000/539999 行FFT数据
2026-03-27 12:16:02-INFO-[tdms_reader_frequency.py:174]-  已写入 400000/539999 行FFT数据
2026-03-27 12:16:02-INFO-[tdms_reader_frequency.py:174]-  已写入 400000/539999 行FFT数据
2026-03-27 12:16:02-INFO-[tdms_reader_frequency.py:174]-  已写入 400000/539999 行FFT数据
2026-03-27 12:16:03-INFO-[tdms_reader_frequency.py:174]-  已写入 400000/539999 行FFT数据
2026-03-27 12:16:02-INFO-[tdms_reader_frequency.py:174]-  已写入 400000/539999 行FFT数据
2026-03-27 12:16:03-INFO-[tdms_reader_frequency.py:174]-  已写入 400000/539999 行FFT数据
2026-03-27 12:16:03-INFO-[tdms_reader_frequency.py:174]-  已写入 400000/539999 行FFT数据
2026-03-27 12:16:03-INFO-[tdms_reader_frequency.py:174]-  已写入 400000/539999 行FFT数据
2026-03-27 12:16:03-INFO-[tdms_reader_frequency.py:118]-成功读取文件: 20260309172736.860642.csv, 数据长度: 1080000
2026-03-27 12:16:03-INFO-[tdms_reader_frequency.py:128]-处理文件: 20260309172736.860642.csv, 通道数: 12
2026-03-27 12:16:03-INFO-[tdms_reader_frequency.py:174]-  已写入 400000/539999 行FFT数据
2026-03-27 12:16:03-INFO-[tdms_reader_frequency.py:174]-  已写入 400000/539999 行FFT数据
2026-03-27 12:16:04-INFO-[tdms_reader_frequency.py:174]-  已写入 400000/539999 行FFT数据
2026-03-27 12:16:07-INFO-[tdms_reader_frequency.py:174]-  已写入 500000/539999 行FFT数据
2026-03-27 12:16:08-INFO-[tdms_reader_frequency.py:174]-  已写入 500000/539999 行FFT数据
2026-03-27 12:16:08-INFO-[tdms_reader_frequency.py:174]-  已写入 500000/539999 行FFT数据
2026-03-27 12:16:08-INFO-[tdms_reader_frequency.py:174]-  已写入 500000/539999 行FFT数据
2026-03-27 12:16:08-INFO-[tdms_reader_frequency.py:174]-  已写入 500000/539999 行FFT数据
2026-03-27 12:16:09-INFO-[tdms_reader_frequency.py:174]-  已写入 500000/539999 行FFT数据
2026-03-27 12:16:09-INFO-[tdms_reader_frequency.py:174]-  已写入 500000/539999 行FFT数据
2026-03-27 12:16:09-INFO-[tdms_reader_frequency.py:174]-  已写入 500000/539999 行FFT数据
2026-03-27 12:16:09-INFO-[tdms_reader_frequency.py:174]-  已写入 500000/539999 行FFT数据
2026-03-27 12:16:09-INFO-[tdms_reader_frequency.py:174]-  已写入 500000/539999 行FFT数据
2026-03-27 12:16:09-INFO-[tdms_reader_frequency.py:174]-  已写入 500000/539999 行FFT数据
2026-03-27 12:16:10-INFO-[tdms_reader_frequency.py:174]-  已写入 500000/539999 行FFT数据
2026-03-27 12:16:10-INFO-[tdms_reader_frequency.py:174]-  已写入 500000/539999 行FFT数据
2026-03-27 12:16:10-INFO-[tdms_reader_frequency.py:174]-  已写入 539999/539999 行FFT数据
2026-03-27 12:16:10-INFO-[tdms_reader_frequency.py:176]-已处理: 20260309171702.511904.csv -> D:/Lab/process/26.3.9/frequency\2k\FFT_20260309171702.511904.csv
2026-03-27 12:16:10-INFO-[tdms_reader_frequency.py:103]-开始处理文件: D:/Lab/process/26.3.9/time\3k\20260309172739.558926.csv
2026-03-27 12:16:10-INFO-[tdms_reader_frequency.py:111]-使用元数据采样率: 400000 Hz
2026-03-27 12:16:10-INFO-[tdms_reader_frequency.py:174]-  已写入 500000/539999 行FFT数据
2026-03-27 12:16:10-INFO-[tdms_reader_frequency.py:174]-  已写入 500000/539999 行FFT数据
2026-03-27 12:16:10-INFO-[tdms_reader_frequency.py:174]-  已写入 500000/539999 行FFT数据
2026-03-27 12:16:10-INFO-[tdms_reader_frequency.py:174]-  已写入 500000/539999 行FFT数据
2026-03-27 12:16:10-INFO-[tdms_reader_frequency.py:174]-  已写入 500000/539999 行FFT数据
2026-03-27 12:16:10-INFO-[tdms_reader_frequency.py:174]-  已写入 539999/539999 行FFT数据
2026-03-27 12:16:10-INFO-[tdms_reader_frequency.py:176]-已处理: 20260309171651.711693.csv -> D:/Lab/process/26.3.9/frequency\2k\FFT_20260309171651.711693.csv
2026-03-27 12:16:10-INFO-[tdms_reader_frequency.py:174]-  已写入 539999/539999 行FFT数据
2026-03-27 12:16:10-INFO-[tdms_reader_frequency.py:176]-已处理: 20260309171659.812699.csv -> D:/Lab/process/26.3.9/frequency\2k\FFT_20260309171659.812699.csv
2026-03-27 12:16:10-INFO-[tdms_reader_frequency.py:174]-  已写入 500000/539999 行FFT数据
2026-03-27 12:16:11-INFO-[tdms_reader_frequency.py:174]-  已写入 500000/539999 行FFT数据
2026-03-27 12:16:11-INFO-[tdms_reader_frequency.py:103]-开始处理文件: D:/Lab/process/26.3.9/time\3k\20260309172742.260473.csv
2026-03-27 12:16:11-INFO-[tdms_reader_frequency.py:111]-使用元数据采样率: 400000 Hz
2026-03-27 12:16:11-INFO-[tdms_reader_frequency.py:103]-开始处理文件: D:/Lab/process/26.3.9/time\3k\20260309172744.957522.csv
2026-03-27 12:16:11-INFO-[tdms_reader_frequency.py:111]-使用元数据采样率: 400000 Hz
2026-03-27 12:16:11-INFO-[tdms_reader_frequency.py:174]-  已写入 500000/539999 行FFT数据
2026-03-27 12:16:11-INFO-[tdms_reader_frequency.py:174]-  已写入 539999/539999 行FFT数据
2026-03-27 12:16:11-INFO-[tdms_reader_frequency.py:176]-已处理: 20260309171721.413819.csv -> D:/Lab/process/26.3.9/frequency\2k\FFT_20260309171721.413819.csv
2026-03-27 12:16:11-INFO-[tdms_reader_frequency.py:174]-  已写入 539999/539999 行FFT数据
2026-03-27 12:16:11-INFO-[tdms_reader_frequency.py:176]-已处理: 20260309171729.513661.csv -> D:/Lab/process/26.3.9/frequency\2k\FFT_20260309171729.513661.csv
2026-03-27 12:16:11-INFO-[tdms_reader_frequency.py:103]-开始处理文件: D:/Lab/process/26.3.9/time\3k\20260309172747.660952.csv
2026-03-27 12:16:11-INFO-[tdms_reader_frequency.py:111]-使用元数据采样率: 400000 Hz
2026-03-27 12:16:11-INFO-[tdms_reader_frequency.py:174]-  已写入 500000/539999 行FFT数据
2026-03-27 12:16:11-INFO-[tdms_reader_frequency.py:103]-开始处理文件: D:/Lab/process/26.3.9/time\3k\20260309172750.360651.csv
2026-03-27 12:16:11-INFO-[tdms_reader_frequency.py:111]-使用元数据采样率: 400000 Hz
2026-03-27 12:16:11-INFO-[tdms_reader_frequency.py:174]-  已写入 500000/539999 行FFT数据
2026-03-27 12:16:12-INFO-[tdms_reader_frequency.py:174]-  已写入 500000/539999 行FFT数据
2026-03-27 12:16:12-INFO-[tdms_reader_frequency.py:174]-  已写入 539999/539999 行FFT数据
2026-03-27 12:16:12-INFO-[tdms_reader_frequency.py:176]-已处理: 20260309171705.211974.csv -> D:/Lab/process/26.3.9/frequency\2k\FFT_20260309171705.211974.csv
2026-03-27 12:16:12-INFO-[tdms_reader_frequency.py:174]-  已写入 539999/539999 行FFT数据
2026-03-27 12:16:12-INFO-[tdms_reader_frequency.py:176]-已处理: 20260309171646.311929.csv -> D:/Lab/process/26.3.9/frequency\2k\FFT_20260309171646.311929.csv
2026-03-27 12:16:12-INFO-[tdms_reader_frequency.py:174]-  已写入 539999/539999 行FFT数据
2026-03-27 12:16:12-INFO-[tdms_reader_frequency.py:176]-已处理: 20260309172720.657481.csv -> D:/Lab/process/26.3.9/frequency\3k\FFT_20260309172720.657481.csv
2026-03-27 12:16:12-INFO-[tdms_reader_frequency.py:103]-开始处理文件: D:/Lab/process/26.3.9/time\3k\20260309172753.060727.csv
2026-03-27 12:16:12-INFO-[tdms_reader_frequency.py:174]-  已写入 500000/539999 行FFT数据
2026-03-27 12:16:12-INFO-[tdms_reader_frequency.py:174]-  已写入 539999/539999 行FFT数据
2026-03-27 12:16:12-INFO-[tdms_reader_frequency.py:176]-已处理: 20260309172728.759021.csv -> D:/Lab/process/26.3.9/frequency\3k\FFT_20260309172728.759021.csv
2026-03-27 12:16:12-INFO-[tdms_reader_frequency.py:103]-开始处理文件: D:/Lab/process/26.3.9/time\3k\20260309172755.761693.csv
2026-03-27 12:16:12-INFO-[tdms_reader_frequency.py:111]-使用元数据采样率: 400000 Hz
2026-03-27 12:16:12-INFO-[tdms_reader_frequency.py:174]-  已写入 500000/539999 行FFT数据
2026-03-27 12:16:12-INFO-[tdms_reader_frequency.py:103]-开始处理文件: D:/Lab/process/26.3.9/time\3k\20260309172758.469347.csv
2026-03-27 12:16:12-INFO-[tdms_reader_frequency.py:111]-使用元数据采样率: 400000 Hz
2026-03-27 12:16:12-INFO-[tdms_reader_frequency.py:103]-开始处理文件: D:/Lab/process/26.3.9/time\3k\20260309172801.162433.csv
2026-03-27 12:16:12-INFO-[tdms_reader_frequency.py:111]-使用元数据采样率: 400000 Hz
2026-03-27 12:16:12-INFO-[tdms_reader_frequency.py:174]-  已写入 539999/539999 行FFT数据
2026-03-27 12:16:12-INFO-[tdms_reader_frequency.py:176]-已处理: 20260309171718.712098.csv -> D:/Lab/process/26.3.9/frequency\2k\FFT_20260309171718.712098.csv
2026-03-27 12:16:13-INFO-[tdms_reader_frequency.py:103]-开始处理文件: D:/Lab/process/26.3.9/time\3k\20260309172803.861618.csv
2026-03-27 12:16:13-INFO-[tdms_reader_frequency.py:111]-使用元数据采样率: 400000 Hz
2026-03-27 12:16:13-INFO-[tdms_reader_frequency.py:174]-  已写入 500000/539999 行FFT数据
2026-03-27 12:16:13-INFO-[tdms_reader_frequency.py:174]-  已写入 100000/539999 行FFT数据
2026-03-27 12:16:13-INFO-[tdms_reader_frequency.py:174]-  已写入 539999/539999 行FFT数据
2026-03-27 12:16:13-INFO-[tdms_reader_frequency.py:176]-已处理: 20260309171707.912154.csv -> D:/Lab/process/26.3.9/frequency\2k\FFT_20260309171707.912154.csv
2026-03-27 12:16:13-INFO-[tdms_reader_frequency.py:174]-  已写入 539999/539999 行FFT数据
2026-03-27 12:16:13-INFO-[tdms_reader_frequency.py:176]-已处理: 20260309171713.311232.csv -> D:/Lab/process/26.3.9/frequency\2k\FFT_20260309171713.311232.csv
2026-03-27 12:16:13-INFO-[tdms_reader_frequency.py:174]-  已写入 539999/539999 行FFT数据
2026-03-27 12:16:13-INFO-[tdms_reader_frequency.py:176]-已处理: 20260309171716.013532.csv -> D:/Lab/process/26.3.9/frequency\2k\FFT_20260309171716.013532.csv
2026-03-27 12:16:13-INFO-[tdms_reader_frequency.py:103]-开始处理文件: D:/Lab/process/26.3.9/time\3k\20260309172806.563735.csv
2026-03-27 12:16:13-INFO-[tdms_reader_frequency.py:111]-使用元数据采样率: 400000 Hz
2026-03-27 12:16:13-INFO-[tdms_reader_frequency.py:103]-开始处理文件: D:/Lab/process/26.3.9/time\3k\20260309172809.262116.csv
2026-03-27 12:16:13-INFO-[tdms_reader_frequency.py:111]-使用元数据采样率: 400000 Hz
2026-03-27 12:16:13-INFO-[tdms_reader_frequency.py:103]-开始处理文件: D:/Lab/process/26.3.9/time\3k\20260309172811.962765.csv
2026-03-27 12:16:13-INFO-[tdms_reader_frequency.py:111]-使用元数据采样率: 400000 Hz
2026-03-27 12:16:13-INFO-[tdms_reader_frequency.py:174]-  已写入 539999/539999 行FFT数据
2026-03-27 12:16:13-INFO-[tdms_reader_frequency.py:176]-已处理: 20260309172723.361497.csv -> D:/Lab/process/26.3.9/frequency\3k\FFT_20260309172723.361497.csv
2026-03-27 12:16:14-INFO-[tdms_reader_frequency.py:174]-  已写入 539999/539999 行FFT数据
2026-03-27 12:16:14-INFO-[tdms_reader_frequency.py:176]-已处理: 20260309171640.909627.csv -> D:/Lab/process/26.3.9/frequency\2k\FFT_20260309171640.909627.csv
2026-03-27 12:16:14-INFO-[tdms_reader_frequency.py:103]-开始处理文件: D:/Lab/process/26.3.9/time\4k\20260309172848.266725.csv
2026-03-27 12:16:14-INFO-[tdms_reader_frequency.py:111]-使用元数据采样率: 400000 Hz
2026-03-27 12:16:14-INFO-[tdms_reader_frequency.py:103]-开始处理文件: D:/Lab/process/26.3.9/time\4k\20260309172850.964484.csv
2026-03-27 12:16:14-INFO-[tdms_reader_frequency.py:111]-使用元数据采样率: 400000 Hz
2026-03-27 12:16:14-INFO-[tdms_reader_frequency.py:174]-  已写入 539999/539999 行FFT数据
2026-03-27 12:16:14-INFO-[tdms_reader_frequency.py:176]-已处理: 20260309172726.061191.csv -> D:/Lab/process/26.3.9/frequency\3k\FFT_20260309172726.061191.csv
2026-03-27 12:16:14-INFO-[tdms_reader_frequency.py:174]-  已写入 539999/539999 行FFT数据
2026-03-27 12:16:14-INFO-[tdms_reader_frequency.py:176]-已处理: 20260309171643.610847.csv -> D:/Lab/process/26.3.9/frequency\2k\FFT_20260309171643.610847.csv
2026-03-27 12:16:14-INFO-[tdms_reader_frequency.py:118]-成功读取文件: 20260309172742.260473.csv, 数据长度: 1080000
2026-03-27 12:16:14-INFO-[tdms_reader_frequency.py:128]-处理文件: 20260309172742.260473.csv, 通道数: 12
2026-03-27 12:16:14-INFO-[tdms_reader_frequency.py:118]-成功读取文件: 20260309172739.558926.csv, 数据长度: 1080000
2026-03-27 12:16:14-INFO-[tdms_reader_frequency.py:174]-  已写入 539999/539999 行FFT数据
2026-03-27 12:16:14-INFO-[tdms_reader_frequency.py:176]-已处理: 20260309171724.111972.csv -> D:/Lab/process/26.3.9/frequency\2k\FFT_20260309171724.111972.csv
2026-03-27 12:16:14-INFO-[tdms_reader_frequency.py:118]-成功读取文件: 20260309172744.957522.csv, 数据长度: 1080000
2026-03-27 12:16:14-INFO-[tdms_reader_frequency.py:128]-处理文件: 20260309172744.957522.csv, 通道数: 12
2026-03-27 12:16:14-INFO-[tdms_reader_frequency.py:174]-  已写入 539999/539999 行FFT数据
2026-03-27 12:16:14-INFO-[tdms_reader_frequency.py:176]-已处理: 20260309171654.410757.csv -> D:/Lab/process/26.3.9/frequency\2k\FFT_20260309171654.410757.csv
2026-03-27 12:16:14-INFO-[tdms_reader_frequency.py:103]-开始处理文件: D:/Lab/process/26.3.9/time\4k\20260309172853.661670.csv
2026-03-27 12:16:14-INFO-[tdms_reader_frequency.py:111]-使用元数据采样率: 400000 Hz
2026-03-27 12:16:14-INFO-[tdms_reader_frequency.py:128]-处理文件: 20260309172739.558926.csv, 通道数: 12
2026-03-27 12:16:14-INFO-[tdms_reader_frequency.py:174]-  已写入 539999/539999 行FFT数据
2026-03-27 12:16:14-INFO-[tdms_reader_frequency.py:176]-已处理: 20260309171657.112097.csv -> D:/Lab/process/26.3.9/frequency\2k\FFT_20260309171657.112097.csv
2026-03-27 12:16:14-INFO-[tdms_reader_frequency.py:103]-开始处理文件: D:/Lab/process/26.3.9/time\4k\20260309172856.365958.csv
2026-03-27 12:16:14-INFO-[tdms_reader_frequency.py:111]-使用元数据采样率: 400000 Hz
2026-03-27 12:16:14-INFO-[tdms_reader_frequency.py:103]-开始处理文件: D:/Lab/process/26.3.9/time\4k\20260309172859.064864.csv
2026-03-27 12:16:14-INFO-[tdms_reader_frequency.py:111]-使用元数据采样率: 400000 Hz
2026-03-27 12:16:14-INFO-[tdms_reader_frequency.py:103]-开始处理文件: D:/Lab/process/26.3.9/time\4k\20260309172901.766059.csv
2026-03-27 12:16:14-INFO-[tdms_reader_frequency.py:111]-使用元数据采样率: 400000 Hz
2026-03-27 12:16:14-INFO-[tdms_reader_frequency.py:174]-  已写入 539999/539999 行FFT数据
2026-03-27 12:16:14-INFO-[tdms_reader_frequency.py:176]-已处理: 20260309171726.813002.csv -> D:/Lab/process/26.3.9/frequency\2k\FFT_20260309171726.813002.csv
2026-03-27 12:16:14-INFO-[tdms_reader_frequency.py:174]-  已写入 539999/539999 行FFT数据
2026-03-27 12:16:15-INFO-[tdms_reader_frequency.py:176]-已处理: 20260309171710.611949.csv -> D:/Lab/process/26.3.9/frequency\2k\FFT_20260309171710.611949.csv
2026-03-27 12:16:15-INFO-[tdms_reader_frequency.py:103]-开始处理文件: D:/Lab/process/26.3.9/time\4k\20260309172904.466852.csv
2026-03-27 12:16:15-INFO-[tdms_reader_frequency.py:111]-使用元数据采样率: 400000 Hz
2026-03-27 12:16:15-INFO-[tdms_reader_frequency.py:103]-开始处理文件: D:/Lab/process/26.3.9/time\4k\20260309172907.166952.csv
2026-03-27 12:16:15-INFO-[tdms_reader_frequency.py:111]-使用元数据采样率: 400000 Hz
2026-03-27 12:16:15-INFO-[tdms_reader_frequency.py:103]-开始处理文件: D:/Lab/process/26.3.9/time\4k\20260309172909.866322.csv
2026-03-27 12:16:15-INFO-[tdms_reader_frequency.py:111]-使用元数据采样率: 400000 Hz
2026-03-27 12:16:15-INFO-[tdms_reader_frequency.py:174]-  已写入 539999/539999 行FFT数据
2026-03-27 12:16:15-INFO-[tdms_reader_frequency.py:176]-已处理: 20260309171732.212390.csv -> D:/Lab/process/26.3.9/frequency\2k\FFT_20260309171732.212390.csv
2026-03-27 12:16:15-INFO-[tdms_reader_frequency.py:174]-  已写入 539999/539999 行FFT数据
2026-03-27 12:16:15-INFO-[tdms_reader_frequency.py:176]-已处理: 20260309172734.159782.csv -> D:/Lab/process/26.3.9/frequency\3k\FFT_20260309172734.159782.csv
2026-03-27 12:16:15-INFO-[tdms_reader_frequency.py:174]-  已写入 539999/539999 行FFT数据
2026-03-27 12:16:15-INFO-[tdms_reader_frequency.py:176]-已处理: 20260309171649.009744.csv -> D:/Lab/process/26.3.9/frequency\2k\FFT_20260309171649.009744.csv
2026-03-27 12:16:15-INFO-[tdms_reader_frequency.py:118]-成功读取文件: 20260309172747.660952.csv, 数据长度: 1080000
2026-03-27 12:16:15-INFO-[tdms_reader_frequency.py:128]-处理文件: 20260309172747.660952.csv, 通道数: 12
2026-03-27 12:16:15-INFO-[tdms_reader_frequency.py:103]-开始处理文件: D:/Lab/process/26.3.9/time\4k\20260309172912.566757.csv
2026-03-27 12:16:15-INFO-[tdms_reader_frequency.py:111]-使用元数据采样率: 400000 Hz
2026-03-27 12:16:15-INFO-[tdms_reader_frequency.py:103]-开始处理文件: D:/Lab/process/26.3.9/time\4k\20260309172915.264995.csv
2026-03-27 12:16:15-INFO-[tdms_reader_frequency.py:111]-使用元数据采样率: 400000 Hz
2026-03-27 12:16:15-INFO-[tdms_reader_frequency.py:103]-开始处理文件: D:/Lab/process/26.3.9/time\4k\20260309172917.966221.csv
2026-03-27 12:16:15-INFO-[tdms_reader_frequency.py:111]-使用元数据采样率: 400000 Hz
2026-03-27 12:16:16-INFO-[tdms_reader_frequency.py:174]-  已写入 539999/539999 行FFT数据
2026-03-27 12:16:16-INFO-[tdms_reader_frequency.py:176]-已处理: 20260309172731.458687.csv -> D:/Lab/process/26.3.9/frequency\3k\FFT_20260309172731.458687.csv
2026-03-27 12:16:16-INFO-[tdms_reader_frequency.py:174]-  已写入 539999/539999 行FFT数据
2026-03-27 12:16:16-INFO-[tdms_reader_frequency.py:176]-已处理: 20260309171638.209984.csv -> D:/Lab/process/26.3.9/frequency\2k\FFT_20260309171638.209984.csv
2026-03-27 12:16:16-INFO-[tdms_reader_frequency.py:118]-成功读取文件: 20260309172753.060727.csv, 数据长度: 1080000
2026-03-27 12:16:16-INFO-[tdms_reader_frequency.py:128]-处理文件: 20260309172753.060727.csv, 通道数: 12
2026-03-27 12:16:16-INFO-[tdms_reader_frequency.py:118]-成功读取文件: 20260309172750.360651.csv, 数据长度: 1080000
2026-03-27 12:16:16-INFO-[tdms_reader_frequency.py:128]-处理文件: 20260309172750.360651.csv, 通道数: 12
2026-03-27 12:16:16-INFO-[tdms_reader_frequency.py:103]-开始处理文件: D:/Lab/process/26.3.9/time\4k\20260309172920.664635.csv
2026-03-27 12:16:16-INFO-[tdms_reader_frequency.py:111]-使用元数据采样率: 400000 Hz
2026-03-27 12:16:16-INFO-[tdms_reader_frequency.py:103]-开始处理文件: D:/Lab/process/26.3.9/time\4k\20260309172923.364761.csv
2026-03-27 12:16:16-INFO-[tdms_reader_frequency.py:111]-使用元数据采样率: 400000 Hz
2026-03-27 12:16:17-INFO-[tdms_reader_frequency.py:118]-成功读取文件: 20260309172806.563735.csv, 数据长度: 1080000
2026-03-27 12:16:17-INFO-[tdms_reader_frequency.py:118]-成功读取文件: 20260309172801.162433.csv, 数据长度: 1080000
2026-03-27 12:16:17-INFO-[tdms_reader_frequency.py:128]-处理文件: 20260309172806.563735.csv, 通道数: 12
2026-03-27 12:16:17-INFO-[tdms_reader_frequency.py:128]-处理文件: 20260309172801.162433.csv, 通道数: 12
2026-03-27 12:16:17-INFO-[tdms_reader_frequency.py:118]-成功读取文件: 20260309172755.761693.csv, 数据长度: 1080000
2026-03-27 12:16:17-INFO-[tdms_reader_frequency.py:128]-处理文件: 20260309172755.761693.csv, 通道数: 12
2026-03-27 12:16:17-INFO-[tdms_reader_frequency.py:118]-成功读取文件: 20260309172758.469347.csv, 数据长度: 1080000
2026-03-27 12:16:17-INFO-[tdms_reader_frequency.py:128]-处理文件: 20260309172758.469347.csv, 通道数: 12
2026-03-27 12:16:17-INFO-[tdms_reader_frequency.py:118]-成功读取文件: 20260309172809.262116.csv, 数据长度: 1080000
2026-03-27 12:16:17-INFO-[tdms_reader_frequency.py:128]-处理文件: 20260309172809.262116.csv, 通道数: 12
2026-03-27 12:16:18-INFO-[tdms_reader_frequency.py:118]-成功读取文件: 20260309172848.266725.csv, 数据长度: 1080000
2026-03-27 12:16:18-INFO-[tdms_reader_frequency.py:128]-处理文件: 20260309172848.266725.csv, 通道数: 12
2026-03-27 12:16:18-INFO-[tdms_reader_frequency.py:118]-成功读取文件: 20260309172803.861618.csv, 数据长度: 1080000
2026-03-27 12:16:18-INFO-[tdms_reader_frequency.py:128]-处理文件: 20260309172803.861618.csv, 通道数: 12
2026-03-27 12:16:18-INFO-[tdms_reader_frequency.py:118]-成功读取文件: 20260309172853.661670.csv, 数据长度: 1080000
2026-03-27 12:16:18-INFO-[tdms_reader_frequency.py:128]-处理文件: 20260309172853.661670.csv, 通道数: 12
2026-03-27 12:16:19-INFO-[tdms_reader_frequency.py:118]-成功读取文件: 20260309172811.962765.csv, 数据长度: 1080000
2026-03-27 12:16:19-INFO-[tdms_reader_frequency.py:128]-处理文件: 20260309172811.962765.csv, 通道数: 12
2026-03-27 12:16:19-INFO-[tdms_reader_frequency.py:118]-成功读取文件: 20260309172901.766059.csv, 数据长度: 1080000
2026-03-27 12:16:19-INFO-[tdms_reader_frequency.py:128]-处理文件: 20260309172901.766059.csv, 通道数: 12
2026-03-27 12:16:19-INFO-[tdms_reader_frequency.py:118]-成功读取文件: 20260309172856.365958.csv, 数据长度: 1080000
2026-03-27 12:16:19-INFO-[tdms_reader_frequency.py:128]-处理文件: 20260309172856.365958.csv, 通道数: 12
2026-03-27 12:16:19-INFO-[tdms_reader_frequency.py:118]-成功读取文件: 20260309172859.064864.csv, 数据长度: 1080000
2026-03-27 12:16:19-INFO-[tdms_reader_frequency.py:128]-处理文件: 20260309172859.064864.csv, 通道数: 12
2026-03-27 12:16:19-INFO-[tdms_reader_frequency.py:118]-成功读取文件: 20260309172907.166952.csv, 数据长度: 1080000
2026-03-27 12:16:19-INFO-[tdms_reader_frequency.py:128]-处理文件: 20260309172907.166952.csv, 通道数: 12
2026-03-27 12:16:19-INFO-[tdms_reader_frequency.py:118]-成功读取文件: 20260309172850.964484.csv, 数据长度: 1080000
2026-03-27 12:16:19-INFO-[tdms_reader_frequency.py:128]-处理文件: 20260309172850.964484.csv, 通道数: 12
2026-03-27 12:16:20-INFO-[tdms_reader_frequency.py:118]-成功读取文件: 20260309172904.466852.csv, 数据长度: 1080000
2026-03-27 12:16:20-INFO-[tdms_reader_frequency.py:128]-处理文件: 20260309172904.466852.csv, 通道数: 12
2026-03-27 12:16:20-INFO-[tdms_reader_frequency.py:118]-成功读取文件: 20260309172917.966221.csv, 数据长度: 1080000
2026-03-27 12:16:20-INFO-[tdms_reader_frequency.py:128]-处理文件: 20260309172917.966221.csv, 通道数: 12
2026-03-27 12:16:20-INFO-[tdms_reader_frequency.py:118]-成功读取文件: 20260309172915.264995.csv, 数据长度: 1080000
2026-03-27 12:16:20-INFO-[tdms_reader_frequency.py:128]-处理文件: 20260309172915.264995.csv, 通道数: 12
2026-03-27 12:16:20-INFO-[tdms_reader_frequency.py:118]-成功读取文件: 20260309172909.866322.csv, 数据长度: 1080000
2026-03-27 12:16:20-INFO-[tdms_reader_frequency.py:128]-处理文件: 20260309172909.866322.csv, 通道数: 12
2026-03-27 12:16:21-INFO-[tdms_reader_frequency.py:118]-成功读取文件: 20260309172920.664635.csv, 数据长度: 1080000
2026-03-27 12:16:21-INFO-[tdms_reader_frequency.py:128]-处理文件: 20260309172920.664635.csv, 通道数: 12
2026-03-27 12:16:21-INFO-[tdms_reader_frequency.py:118]-成功读取文件: 20260309172912.566757.csv, 数据长度: 1080000
2026-03-27 12:16:21-INFO-[tdms_reader_frequency.py:128]-处理文件: 20260309172912.566757.csv, 通道数: 12
2026-03-27 12:16:21-INFO-[tdms_reader_frequency.py:118]-成功读取文件: 20260309172923.364761.csv, 数据长度: 1080000
2026-03-27 12:16:21-INFO-[tdms_reader_frequency.py:128]-处理文件: 20260309172923.364761.csv, 通道数: 12
2026-03-27 12:16:22-INFO-[tdms_reader_frequency.py:174]-  已写入 200000/539999 行FFT数据
2026-03-27 12:16:27-INFO-[tdms_reader_frequency.py:174]-  已写入 100000/539999 行FFT数据
2026-03-27 12:16:27-INFO-[tdms_reader_frequency.py:174]-  已写入 100000/539999 行FFT数据
2026-03-27 12:16:28-INFO-[tdms_reader_frequency.py:174]-  已写入 100000/539999 行FFT数据
2026-03-27 12:16:29-INFO-[tdms_reader_frequency.py:174]-  已写入 100000/539999 行FFT数据
2026-03-27 12:16:29-INFO-[tdms_reader_frequency.py:174]-  已写入 100000/539999 行FFT数据
2026-03-27 12:16:30-INFO-[tdms_reader_frequency.py:174]-  已写入 100000/539999 行FFT数据
2026-03-27 12:16:30-INFO-[tdms_reader_frequency.py:174]-  已写入 100000/539999 行FFT数据
2026-03-27 12:16:31-INFO-[tdms_reader_frequency.py:174]-  已写入 300000/539999 行FFT数据
2026-03-27 12:16:34-INFO-[tdms_reader_frequency.py:174]-  已写入 100000/539999 行FFT数据
2026-03-27 12:16:34-INFO-[tdms_reader_frequency.py:174]-  已写入 100000/539999 行FFT数据
2026-03-27 12:16:34-INFO-[tdms_reader_frequency.py:174]-  已写入 100000/539999 行FFT数据
2026-03-27 12:16:34-INFO-[tdms_reader_frequency.py:174]-  已写入 100000/539999 行FFT数据
2026-03-27 12:16:34-INFO-[tdms_reader_frequency.py:174]-  已写入 100000/539999 行FFT数据
2026-03-27 12:16:34-INFO-[tdms_reader_frequency.py:174]-  已写入 100000/539999 行FFT数据
2026-03-27 12:16:35-INFO-[tdms_reader_frequency.py:174]-  已写入 100000/539999 行FFT数据
2026-03-27 12:16:35-INFO-[tdms_reader_frequency.py:174]-  已写入 100000/539999 行FFT数据
2026-03-27 12:16:35-INFO-[tdms_reader_frequency.py:174]-  已写入 100000/539999 行FFT数据
2026-03-27 12:16:35-INFO-[tdms_reader_frequency.py:174]-  已写入 100000/539999 行FFT数据
2026-03-27 12:16:35-INFO-[tdms_reader_frequency.py:174]-  已写入 100000/539999 行FFT数据
2026-03-27 12:16:36-INFO-[tdms_reader_frequency.py:174]-  已写入 100000/539999 行FFT数据
2026-03-27 12:16:35-INFO-[tdms_reader_frequency.py:174]-  已写入 100000/539999 行FFT数据
2026-03-27 12:16:36-INFO-[tdms_reader_frequency.py:174]-  已写入 100000/539999 行FFT数据
2026-03-27 12:16:36-INFO-[tdms_reader_frequency.py:174]-  已写入 100000/539999 行FFT数据
2026-03-27 12:16:37-INFO-[tdms_reader_frequency.py:174]-  已写入 100000/539999 行FFT数据
2026-03-27 12:16:37-INFO-[tdms_reader_frequency.py:174]-  已写入 100000/539999 行FFT数据
2026-03-27 12:16:37-INFO-[tdms_reader_frequency.py:174]-  已写入 100000/539999 行FFT数据
2026-03-27 12:16:37-INFO-[tdms_reader_frequency.py:174]-  已写入 200000/539999 行FFT数据
2026-03-27 12:16:38-INFO-[tdms_reader_frequency.py:174]-  已写入 200000/539999 行FFT数据
2026-03-27 12:16:38-INFO-[tdms_reader_frequency.py:174]-  已写入 100000/539999 行FFT数据
2026-03-27 12:16:38-INFO-[tdms_reader_frequency.py:174]-  已写入 100000/539999 行FFT数据
2026-03-27 12:16:38-INFO-[tdms_reader_frequency.py:174]-  已写入 200000/539999 行FFT数据
2026-03-27 12:16:38-INFO-[tdms_reader_frequency.py:174]-  已写入 200000/539999 行FFT数据
2026-03-27 12:16:39-INFO-[tdms_reader_frequency.py:174]-  已写入 200000/539999 行FFT数据
2026-03-27 12:16:40-INFO-[tdms_reader_frequency.py:174]-  已写入 200000/539999 行FFT数据
2026-03-27 12:16:40-INFO-[tdms_reader_frequency.py:174]-  已写入 200000/539999 行FFT数据
2026-03-27 12:16:41-INFO-[tdms_reader_frequency.py:174]-  已写入 400000/539999 行FFT数据
2026-03-27 12:16:41-INFO-[tdms_reader_frequency.py:174]-  已写入 200000/539999 行FFT数据
2026-03-27 12:16:41-INFO-[tdms_reader_frequency.py:174]-  已写入 200000/539999 行FFT数据
2026-03-27 12:16:41-INFO-[tdms_reader_frequency.py:174]-  已写入 200000/539999 行FFT数据
2026-03-27 12:16:41-INFO-[tdms_reader_frequency.py:174]-  已写入 200000/539999 行FFT数据
2026-03-27 12:16:42-INFO-[tdms_reader_frequency.py:174]-  已写入 200000/539999 行FFT数据
2026-03-27 12:16:43-INFO-[tdms_reader_frequency.py:174]-  已写入 200000/539999 行FFT数据
2026-03-27 12:16:43-INFO-[tdms_reader_frequency.py:174]-  已写入 200000/539999 行FFT数据
2026-03-27 12:16:43-INFO-[tdms_reader_frequency.py:174]-  已写入 200000/539999 行FFT数据
2026-03-27 12:16:43-INFO-[tdms_reader_frequency.py:174]-  已写入 200000/539999 行FFT数据
2026-03-27 12:16:43-INFO-[tdms_reader_frequency.py:174]-  已写入 200000/539999 行FFT数据
2026-03-27 12:16:44-INFO-[tdms_reader_frequency.py:174]-  已写入 200000/539999 行FFT数据
2026-03-27 12:16:44-INFO-[tdms_reader_frequency.py:174]-  已写入 200000/539999 行FFT数据
2026-03-27 12:16:44-INFO-[tdms_reader_frequency.py:174]-  已写入 200000/539999 行FFT数据
2026-03-27 12:16:44-INFO-[tdms_reader_frequency.py:174]-  已写入 200000/539999 行FFT数据
2026-03-27 12:16:44-INFO-[tdms_reader_frequency.py:174]-  已写入 200000/539999 行FFT数据
2026-03-27 12:16:45-INFO-[tdms_reader_frequency.py:174]-  已写入 200000/539999 行FFT数据
2026-03-27 12:16:45-INFO-[tdms_reader_frequency.py:174]-  已写入 200000/539999 行FFT数据
2026-03-27 12:16:45-INFO-[tdms_reader_frequency.py:174]-  已写入 300000/539999 行FFT数据
2026-03-27 12:16:45-INFO-[tdms_reader_frequency.py:174]-  已写入 200000/539999 行FFT数据
2026-03-27 12:16:46-INFO-[tdms_reader_frequency.py:174]-  已写入 200000/539999 行FFT数据
2026-03-27 12:16:46-INFO-[tdms_reader_frequency.py:174]-  已写入 300000/539999 行FFT数据
2026-03-27 12:16:46-INFO-[tdms_reader_frequency.py:174]-  已写入 300000/539999 行FFT数据
2026-03-27 12:16:46-INFO-[tdms_reader_frequency.py:174]-  已写入 300000/539999 行FFT数据
2026-03-27 12:16:47-INFO-[tdms_reader_frequency.py:174]-  已写入 300000/539999 行FFT数据
2026-03-27 12:16:47-INFO-[tdms_reader_frequency.py:174]-  已写入 300000/539999 行FFT数据
2026-03-27 12:16:48-INFO-[tdms_reader_frequency.py:174]-  已写入 200000/539999 行FFT数据
2026-03-27 12:16:48-INFO-[tdms_reader_frequency.py:174]-  已写入 300000/539999 行FFT数据
2026-03-27 12:16:48-INFO-[tdms_reader_frequency.py:174]-  已写入 300000/539999 行FFT数据
2026-03-27 12:16:49-INFO-[tdms_reader_frequency.py:174]-  已写入 300000/539999 行FFT数据
2026-03-27 12:16:49-INFO-[tdms_reader_frequency.py:174]-  已写入 300000/539999 行FFT数据
2026-03-27 12:16:50-INFO-[tdms_reader_frequency.py:174]-  已写入 300000/539999 行FFT数据
2026-03-27 12:16:50-INFO-[tdms_reader_frequency.py:174]-  已写入 500000/539999 行FFT数据
2026-03-27 12:16:50-INFO-[tdms_reader_frequency.py:174]-  已写入 300000/539999 行FFT数据
2026-03-27 12:16:50-INFO-[tdms_reader_frequency.py:174]-  已写入 300000/539999 行FFT数据
2026-03-27 12:16:50-INFO-[tdms_reader_frequency.py:174]-  已写入 300000/539999 行FFT数据
2026-03-27 12:16:51-INFO-[tdms_reader_frequency.py:174]-  已写入 300000/539999 行FFT数据
2026-03-27 12:16:51-INFO-[tdms_reader_frequency.py:174]-  已写入 300000/539999 行FFT数据
2026-03-27 12:16:51-INFO-[tdms_reader_frequency.py:174]-  已写入 400000/539999 行FFT数据
2026-03-27 12:16:51-INFO-[tdms_reader_frequency.py:174]-  已写入 300000/539999 行FFT数据
2026-03-27 12:16:51-INFO-[tdms_reader_frequency.py:174]-  已写入 300000/539999 行FFT数据
2026-03-27 12:16:52-INFO-[tdms_reader_frequency.py:174]-  已写入 400000/539999 行FFT数据
2026-03-27 12:16:52-INFO-[tdms_reader_frequency.py:174]-  已写入 300000/539999 行FFT数据
2026-03-27 12:16:53-INFO-[tdms_reader_frequency.py:174]-  已写入 300000/539999 行FFT数据
2026-03-27 12:16:53-INFO-[tdms_reader_frequency.py:174]-  已写入 300000/539999 行FFT数据
2026-03-27 12:16:53-INFO-[tdms_reader_frequency.py:174]-  已写入 300000/539999 行FFT数据
2026-03-27 12:16:53-INFO-[tdms_reader_frequency.py:174]-  已写入 300000/539999 行FFT数据
2026-03-27 12:16:53-INFO-[tdms_reader_frequency.py:174]-  已写入 300000/539999 行FFT数据
2026-03-27 12:16:53-INFO-[tdms_reader_frequency.py:174]-  已写入 300000/539999 行FFT数据
2026-03-27 12:16:53-INFO-[tdms_reader_frequency.py:174]-  已写入 539999/539999 行FFT数据
2026-03-27 12:16:53-INFO-[tdms_reader_frequency.py:176]-已处理: 20260309172736.860642.csv -> D:/Lab/process/26.3.9/frequency\3k\FFT_20260309172736.860642.csv
2026-03-27 12:16:53-INFO-[tdms_reader_frequency.py:103]-开始处理文件: D:/Lab/process/26.3.9/time\4k\20260309172926.064459.csv
2026-03-27 12:16:53-INFO-[tdms_reader_frequency.py:111]-使用元数据采样率: 400000 Hz
2026-03-27 12:16:53-INFO-[tdms_reader_frequency.py:174]-  已写入 400000/539999 行FFT数据
2026-03-27 12:16:54-INFO-[tdms_reader_frequency.py:174]-  已写入 400000/539999 行FFT数据
2026-03-27 12:16:54-INFO-[tdms_reader_frequency.py:174]-  已写入 400000/539999 行FFT数据
2026-03-27 12:16:55-INFO-[tdms_reader_frequency.py:174]-  已写入 400000/539999 行FFT数据
2026-03-27 12:16:55-INFO-[tdms_reader_frequency.py:174]-  已写入 400000/539999 行FFT数据
2026-03-27 12:16:55-INFO-[tdms_reader_frequency.py:174]-  已写入 300000/539999 行FFT数据
2026-03-27 12:16:56-INFO-[tdms_reader_frequency.py:174]-  已写入 400000/539999 行FFT数据
2026-03-27 12:16:57-INFO-[tdms_reader_frequency.py:118]-成功读取文件: 20260309172926.064459.csv, 数据长度: 1080000
2026-03-27 12:16:57-INFO-[tdms_reader_frequency.py:128]-处理文件: 20260309172926.064459.csv, 通道数: 12
2026-03-27 12:16:57-INFO-[tdms_reader_frequency.py:174]-  已写入 400000/539999 行FFT数据
2026-03-27 12:16:57-INFO-[tdms_reader_frequency.py:174]-  已写入 400000/539999 行FFT数据
2026-03-27 12:16:57-INFO-[tdms_reader_frequency.py:174]-  已写入 400000/539999 行FFT数据
2026-03-27 12:16:57-INFO-[tdms_reader_frequency.py:174]-  已写入 400000/539999 行FFT数据
2026-03-27 12:16:57-INFO-[tdms_reader_frequency.py:174]-  已写入 400000/539999 行FFT数据
2026-03-27 12:16:57-INFO-[tdms_reader_frequency.py:174]-  已写入 300000/539999 行FFT数据
2026-03-27 12:16:58-INFO-[tdms_reader_frequency.py:174]-  已写入 400000/539999 行FFT数据
2026-03-27 12:16:59-INFO-[tdms_reader_frequency.py:174]-  已写入 400000/539999 行FFT数据
2026-03-27 12:16:59-INFO-[tdms_reader_frequency.py:174]-  已写入 400000/539999 行FFT数据
2026-03-27 12:16:59-INFO-[tdms_reader_frequency.py:174]-  已写入 400000/539999 行FFT数据
2026-03-27 12:17:00-INFO-[tdms_reader_frequency.py:174]-  已写入 400000/539999 行FFT数据
2026-03-27 12:17:00-INFO-[tdms_reader_frequency.py:174]-  已写入 500000/539999 行FFT数据
2026-03-27 12:17:00-INFO-[tdms_reader_frequency.py:174]-  已写入 400000/539999 行FFT数据
2026-03-27 12:17:00-INFO-[tdms_reader_frequency.py:174]-  已写入 500000/539999 行FFT数据
2026-03-27 12:17:00-INFO-[tdms_reader_frequency.py:174]-  已写入 400000/539999 行FFT数据
2026-03-27 12:17:00-INFO-[tdms_reader_frequency.py:174]-  已写入 400000/539999 行FFT数据
2026-03-27 12:17:00-INFO-[tdms_reader_frequency.py:174]-  已写入 400000/539999 行FFT数据
2026-03-27 12:17:01-INFO-[tdms_reader_frequency.py:174]-  已写入 500000/539999 行FFT数据
2026-03-27 12:17:01-INFO-[tdms_reader_frequency.py:174]-  已写入 400000/539999 行FFT数据
2026-03-27 12:17:01-INFO-[tdms_reader_frequency.py:174]-  已写入 500000/539999 行FFT数据
2026-03-27 12:17:02-INFO-[tdms_reader_frequency.py:174]-  已写入 400000/539999 行FFT数据
2026-03-27 12:17:02-INFO-[tdms_reader_frequency.py:174]-  已写入 400000/539999 行FFT数据
2026-03-27 12:17:02-INFO-[tdms_reader_frequency.py:174]-  已写入 500000/539999 行FFT数据
2026-03-27 12:17:02-INFO-[tdms_reader_frequency.py:174]-  已写入 539999/539999 行FFT数据
2026-03-27 12:17:02-INFO-[tdms_reader_frequency.py:176]-已处理: 20260309172742.260473.csv -> D:/Lab/process/26.3.9/frequency\3k\FFT_20260309172742.260473.csv
2026-03-27 12:17:03-INFO-[tdms_reader_frequency.py:174]-  已写入 500000/539999 行FFT数据
2026-03-27 12:17:03-INFO-[tdms_reader_frequency.py:174]-  已写入 500000/539999 行FFT数据
2026-03-27 12:17:03-INFO-[tdms_reader_frequency.py:103]-开始处理文件: D:/Lab/process/26.3.9/time\4k\20260309172928.767801.csv
2026-03-27 12:17:03-INFO-[tdms_reader_frequency.py:111]-使用元数据采样率: 400000 Hz
2026-03-27 12:17:03-INFO-[tdms_reader_frequency.py:174]-  已写入 500000/539999 行FFT数据
2026-03-27 12:17:04-INFO-[tdms_reader_frequency.py:174]-  已写入 539999/539999 行FFT数据
2026-03-27 12:17:04-INFO-[tdms_reader_frequency.py:176]-已处理: 20260309172801.162433.csv -> D:/Lab/process/26.3.9/frequency\3k\FFT_20260309172801.162433.csv
2026-03-27 12:17:04-INFO-[tdms_reader_frequency.py:174]-  已写入 500000/539999 行FFT数据
2026-03-27 12:17:04-INFO-[tdms_reader_frequency.py:103]-开始处理文件: D:/Lab/process/26.3.9/time\4k\20260309172931.468228.csv
2026-03-27 12:17:04-INFO-[tdms_reader_frequency.py:111]-使用元数据采样率: 400000 Hz
2026-03-27 12:17:04-INFO-[tdms_reader_frequency.py:174]-  已写入 539999/539999 行FFT数据
2026-03-27 12:17:04-INFO-[tdms_reader_frequency.py:176]-已处理: 20260309172747.660952.csv -> D:/Lab/process/26.3.9/frequency\3k\FFT_20260309172747.660952.csv
2026-03-27 12:17:04-INFO-[tdms_reader_frequency.py:174]-  已写入 400000/539999 行FFT数据
2026-03-27 12:17:04-INFO-[tdms_reader_frequency.py:174]-  已写入 539999/539999 行FFT数据
2026-03-27 12:17:04-INFO-[tdms_reader_frequency.py:176]-已处理: 20260309172739.558926.csv -> D:/Lab/process/26.3.9/frequency\3k\FFT_20260309172739.558926.csv
2026-03-27 12:17:04-INFO-[tdms_reader_frequency.py:174]-  已写入 400000/539999 行FFT数据
2026-03-27 12:17:05-INFO-[tdms_reader_frequency.py:103]-开始处理文件: D:/Lab/process/26.3.9/time\4k\20260309172934.165986.csv
2026-03-27 12:17:05-INFO-[tdms_reader_frequency.py:111]-使用元数据采样率: 400000 Hz
2026-03-27 12:17:05-INFO-[tdms_reader_frequency.py:103]-开始处理文件: D:/Lab/process/26.3.9/time\4k\20260309172936.867580.csv
2026-03-27 12:17:05-INFO-[tdms_reader_frequency.py:111]-使用元数据采样率: 400000 Hz
2026-03-27 12:17:05-INFO-[tdms_reader_frequency.py:174]-  已写入 539999/539999 行FFT数据
2026-03-27 12:17:05-INFO-[tdms_reader_frequency.py:176]-已处理: 20260309172750.360651.csv -> D:/Lab/process/26.3.9/frequency\3k\FFT_20260309172750.360651.csv
2026-03-27 12:17:05-INFO-[tdms_reader_frequency.py:103]-开始处理文件: D:/Lab/process/26.3.9/time\4k\20260309172939.567028.csv
2026-03-27 12:17:05-INFO-[tdms_reader_frequency.py:111]-使用元数据采样率: 400000 Hz
2026-03-27 12:17:06-INFO-[tdms_reader_frequency.py:174]-  已写入 500000/539999 行FFT数据
2026-03-27 12:17:06-INFO-[tdms_reader_frequency.py:174]-  已写入 539999/539999 行FFT数据
2026-03-27 12:17:06-INFO-[tdms_reader_frequency.py:176]-已处理: 20260309172915.264995.csv -> D:/Lab/process/26.3.9/frequency\4k\FFT_20260309172915.264995.csv
2026-03-27 12:17:06-INFO-[tdms_reader_frequency.py:174]-  已写入 100000/539999 行FFT数据
2026-03-27 12:17:06-INFO-[tdms_reader_frequency.py:174]-  已写入 500000/539999 行FFT数据
2026-03-27 12:17:06-INFO-[tdms_reader_frequency.py:174]-  已写入 539999/539999 行FFT数据
2026-03-27 12:17:06-INFO-[tdms_reader_frequency.py:176]-已处理: 20260309172753.060727.csv -> D:/Lab/process/26.3.9/frequency\3k\FFT_20260309172753.060727.csv
2026-03-27 12:17:06-INFO-[tdms_reader_frequency.py:174]-  已写入 539999/539999 行FFT数据
2026-03-27 12:17:06-INFO-[tdms_reader_frequency.py:176]-已处理: 20260309172755.761693.csv -> D:/Lab/process/26.3.9/frequency\3k\FFT_20260309172755.761693.csv
2026-03-27 12:17:06-INFO-[tdms_reader_frequency.py:174]-  已写入 500000/539999 行FFT数据
2026-03-27 12:17:06-INFO-[tdms_reader_frequency.py:174]-  已写入 500000/539999 行FFT数据
2026-03-27 12:17:06-INFO-[tdms_reader_frequency.py:174]-  已写入 500000/539999 行FFT数据
2026-03-27 12:17:06-INFO-[tdms_reader_frequency.py:174]-  已写入 500000/539999 行FFT数据
2026-03-27 12:17:07-INFO-[tdms_reader_frequency.py:174]-  已写入 539999/539999 行FFT数据
2026-03-27 12:17:07-INFO-[tdms_reader_frequency.py:176]-已处理: 20260309172904.466852.csv -> D:/Lab/process/26.3.9/frequency\4k\FFT_20260309172904.466852.csv
2026-03-27 12:17:07-INFO-[tdms_reader_frequency.py:118]-成功读取文件: 20260309172928.767801.csv, 数据长度: 1080000
2026-03-27 12:17:07-INFO-[tdms_reader_frequency.py:128]-处理文件: 20260309172928.767801.csv, 通道数: 12
2026-03-27 12:17:07-INFO-[tdms_reader_frequency.py:174]-  已写入 500000/539999 行FFT数据
2026-03-27 12:17:07-INFO-[tdms_reader_frequency.py:174]-  已写入 500000/539999 行FFT数据
2026-03-27 12:17:07-INFO-[tdms_reader_frequency.py:174]-  已写入 500000/539999 行FFT数据
2026-03-27 12:17:08-INFO-[tdms_reader_frequency.py:118]-成功读取文件: 20260309172939.567028.csv, 数据长度: 1080000
2026-03-27 12:17:08-INFO-[tdms_reader_frequency.py:174]-  已写入 500000/539999 行FFT数据
2026-03-27 12:17:08-INFO-[tdms_reader_frequency.py:128]-处理文件: 20260309172939.567028.csv, 通道数: 12
2026-03-27 12:17:08-INFO-[tdms_reader_frequency.py:174]-  已写入 500000/539999 行FFT数据
2026-03-27 12:17:08-INFO-[tdms_reader_frequency.py:118]-成功读取文件: 20260309172936.867580.csv, 数据长度: 1080000
2026-03-27 12:17:08-INFO-[tdms_reader_frequency.py:128]-处理文件: 20260309172936.867580.csv, 通道数: 12
2026-03-27 12:17:08-INFO-[tdms_reader_frequency.py:118]-成功读取文件: 20260309172931.468228.csv, 数据长度: 1080000
2026-03-27 12:17:08-INFO-[tdms_reader_frequency.py:128]-处理文件: 20260309172931.468228.csv, 通道数: 12
2026-03-27 12:17:08-INFO-[tdms_reader_frequency.py:174]-  已写入 500000/539999 行FFT数据
2026-03-27 12:17:08-INFO-[tdms_reader_frequency.py:174]-  已写入 539999/539999 行FFT数据
2026-03-27 12:17:08-INFO-[tdms_reader_frequency.py:176]-已处理: 20260309172803.861618.csv -> D:/Lab/process/26.3.9/frequency\3k\FFT_20260309172803.861618.csv
2026-03-27 12:17:08-INFO-[tdms_reader_frequency.py:118]-成功读取文件: 20260309172934.165986.csv, 数据长度: 1080000
2026-03-27 12:17:08-INFO-[tdms_reader_frequency.py:128]-处理文件: 20260309172934.165986.csv, 通道数: 12
2026-03-27 12:17:09-INFO-[tdms_reader_frequency.py:174]-  已写入 539999/539999 行FFT数据
2026-03-27 12:17:09-INFO-[tdms_reader_frequency.py:176]-已处理: 20260309172806.563735.csv -> D:/Lab/process/26.3.9/frequency\3k\FFT_20260309172806.563735.csv
2026-03-27 12:17:09-INFO-[tdms_reader_frequency.py:174]-  已写入 539999/539999 行FFT数据
2026-03-27 12:17:09-INFO-[tdms_reader_frequency.py:176]-已处理: 20260309172758.469347.csv -> D:/Lab/process/26.3.9/frequency\3k\FFT_20260309172758.469347.csv
2026-03-27 12:17:09-INFO-[tdms_reader_frequency.py:174]-  已写入 539999/539999 行FFT数据
2026-03-27 12:17:09-INFO-[tdms_reader_frequency.py:176]-已处理: 20260309172744.957522.csv -> D:/Lab/process/26.3.9/frequency\3k\FFT_20260309172744.957522.csv
2026-03-27 12:17:09-INFO-[tdms_reader_frequency.py:174]-  已写入 539999/539999 行FFT数据
2026-03-27 12:17:09-INFO-[tdms_reader_frequency.py:176]-已处理: 20260309172856.365958.csv -> D:/Lab/process/26.3.9/frequency\4k\FFT_20260309172856.365958.csv
2026-03-27 12:17:09-INFO-[tdms_reader_frequency.py:174]-  已写入 500000/539999 行FFT数据
2026-03-27 12:17:09-INFO-[tdms_reader_frequency.py:174]-  已写入 539999/539999 行FFT数据
2026-03-27 12:17:09-INFO-[tdms_reader_frequency.py:176]-已处理: 20260309172848.266725.csv -> D:/Lab/process/26.3.9/frequency\4k\FFT_20260309172848.266725.csv
2026-03-27 12:17:09-INFO-[tdms_reader_frequency.py:174]-  已写入 500000/539999 行FFT数据
2026-03-27 12:17:09-INFO-[tdms_reader_frequency.py:174]-  已写入 500000/539999 行FFT数据
2026-03-27 12:17:09-INFO-[tdms_reader_frequency.py:174]-  已写入 500000/539999 行FFT数据
2026-03-27 12:17:09-INFO-[tdms_reader_frequency.py:174]-  已写入 539999/539999 行FFT数据
2026-03-27 12:17:09-INFO-[tdms_reader_frequency.py:176]-已处理: 20260309172859.064864.csv -> D:/Lab/process/26.3.9/frequency\4k\FFT_20260309172859.064864.csv
2026-03-27 12:17:10-INFO-[tdms_reader_frequency.py:174]-  已写入 539999/539999 行FFT数据
2026-03-27 12:17:10-INFO-[tdms_reader_frequency.py:176]-已处理: 20260309172923.364761.csv -> D:/Lab/process/26.3.9/frequency\4k\FFT_20260309172923.364761.csv
2026-03-27 12:17:10-INFO-[tdms_reader_frequency.py:174]-  已写入 539999/539999 行FFT数据
2026-03-27 12:17:10-INFO-[tdms_reader_frequency.py:176]-已处理: 20260309172853.661670.csv -> D:/Lab/process/26.3.9/frequency\4k\FFT_20260309172853.661670.csv
2026-03-27 12:17:10-INFO-[tdms_reader_frequency.py:174]-  已写入 500000/539999 行FFT数据
2026-03-27 12:17:10-INFO-[tdms_reader_frequency.py:174]-  已写入 539999/539999 行FFT数据
2026-03-27 12:17:10-INFO-[tdms_reader_frequency.py:176]-已处理: 20260309172850.964484.csv -> D:/Lab/process/26.3.9/frequency\4k\FFT_20260309172850.964484.csv
2026-03-27 12:17:10-INFO-[tdms_reader_frequency.py:174]-  已写入 539999/539999 行FFT数据
2026-03-27 12:17:10-INFO-[tdms_reader_frequency.py:176]-已处理: 20260309172912.566757.csv -> D:/Lab/process/26.3.9/frequency\4k\FFT_20260309172912.566757.csv
2026-03-27 12:17:10-INFO-[tdms_reader_frequency.py:174]-  已写入 539999/539999 行FFT数据
2026-03-27 12:17:10-INFO-[tdms_reader_frequency.py:176]-已处理: 20260309172809.262116.csv -> D:/Lab/process/26.3.9/frequency\3k\FFT_20260309172809.262116.csv
2026-03-27 12:17:11-INFO-[tdms_reader_frequency.py:174]-  已写入 539999/539999 行FFT数据
2026-03-27 12:17:11-INFO-[tdms_reader_frequency.py:176]-已处理: 20260309172917.966221.csv -> D:/Lab/process/26.3.9/frequency\4k\FFT_20260309172917.966221.csv
2026-03-27 12:17:11-INFO-[tdms_reader_frequency.py:174]-  已写入 500000/539999 行FFT数据
2026-03-27 12:17:11-INFO-[tdms_reader_frequency.py:174]-  已写入 539999/539999 行FFT数据
2026-03-27 12:17:11-INFO-[tdms_reader_frequency.py:176]-已处理: 20260309172909.866322.csv -> D:/Lab/process/26.3.9/frequency\4k\FFT_20260309172909.866322.csv
2026-03-27 12:17:11-INFO-[tdms_reader_frequency.py:174]-  已写入 539999/539999 行FFT数据
2026-03-27 12:17:11-INFO-[tdms_reader_frequency.py:176]-已处理: 20260309172901.766059.csv -> D:/Lab/process/26.3.9/frequency\4k\FFT_20260309172901.766059.csv
2026-03-27 12:17:11-INFO-[tdms_reader_frequency.py:174]-  已写入 539999/539999 行FFT数据
2026-03-27 12:17:11-INFO-[tdms_reader_frequency.py:176]-已处理: 20260309172907.166952.csv -> D:/Lab/process/26.3.9/frequency\4k\FFT_20260309172907.166952.csv
2026-03-27 12:17:11-INFO-[tdms_reader_frequency.py:174]-  已写入 200000/539999 行FFT数据
2026-03-27 12:17:11-INFO-[tdms_reader_frequency.py:174]-  已写入 539999/539999 行FFT数据
2026-03-27 12:17:11-INFO-[tdms_reader_frequency.py:176]-已处理: 20260309172811.962765.csv -> D:/Lab/process/26.3.9/frequency\3k\FFT_20260309172811.962765.csv
2026-03-27 12:17:12-INFO-[tdms_reader_frequency.py:174]-  已写入 539999/539999 行FFT数据
2026-03-27 12:17:12-INFO-[tdms_reader_frequency.py:176]-已处理: 20260309172920.664635.csv -> D:/Lab/process/26.3.9/frequency\4k\FFT_20260309172920.664635.csv
2026-03-27 12:17:13-INFO-[tdms_reader_frequency.py:174]-  已写入 100000/539999 行FFT数据
2026-03-27 12:17:14-INFO-[tdms_reader_frequency.py:174]-  已写入 100000/539999 行FFT数据
2026-03-27 12:17:14-INFO-[tdms_reader_frequency.py:174]-  已写入 100000/539999 行FFT数据
2026-03-27 12:17:14-INFO-[tdms_reader_frequency.py:174]-  已写入 100000/539999 行FFT数据
2026-03-27 12:17:14-INFO-[tdms_reader_frequency.py:174]-  已写入 100000/539999 行FFT数据
2026-03-27 12:17:14-INFO-[tdms_reader_frequency.py:174]-  已写入 300000/539999 行FFT数据
2026-03-27 12:17:16-INFO-[tdms_reader_frequency.py:174]-  已写入 200000/539999 行FFT数据
2026-03-27 12:17:16-INFO-[tdms_reader_frequency.py:174]-  已写入 200000/539999 行FFT数据
2026-03-27 12:17:16-INFO-[tdms_reader_frequency.py:174]-  已写入 200000/539999 行FFT数据
2026-03-27 12:17:17-INFO-[tdms_reader_frequency.py:174]-  已写入 200000/539999 行FFT数据
2026-03-27 12:17:17-INFO-[tdms_reader_frequency.py:174]-  已写入 200000/539999 行FFT数据
2026-03-27 12:17:17-INFO-[tdms_reader_frequency.py:174]-  已写入 400000/539999 行FFT数据
2026-03-27 12:17:19-INFO-[tdms_reader_frequency.py:174]-  已写入 300000/539999 行FFT数据
2026-03-27 12:17:19-INFO-[tdms_reader_frequency.py:174]-  已写入 300000/539999 行FFT数据
2026-03-27 12:17:19-INFO-[tdms_reader_frequency.py:174]-  已写入 300000/539999 行FFT数据
2026-03-27 12:17:20-INFO-[tdms_reader_frequency.py:174]-  已写入 300000/539999 行FFT数据
2026-03-27 12:17:20-INFO-[tdms_reader_frequency.py:174]-  已写入 300000/539999 行FFT数据
2026-03-27 12:17:21-INFO-[tdms_reader_frequency.py:174]-  已写入 500000/539999 行FFT数据
2026-03-27 12:17:22-INFO-[tdms_reader_frequency.py:174]-  已写入 539999/539999 行FFT数据
2026-03-27 12:17:22-INFO-[tdms_reader_frequency.py:176]-已处理: 20260309172926.064459.csv -> D:/Lab/process/26.3.9/frequency\4k\FFT_20260309172926.064459.csv
2026-03-27 12:17:22-INFO-[tdms_reader_frequency.py:174]-  已写入 400000/539999 行FFT数据
2026-03-27 12:17:23-INFO-[tdms_reader_frequency.py:174]-  已写入 400000/539999 行FFT数据
2026-03-27 12:17:23-INFO-[tdms_reader_frequency.py:174]-  已写入 400000/539999 行FFT数据
2026-03-27 12:17:23-INFO-[tdms_reader_frequency.py:174]-  已写入 400000/539999 行FFT数据
2026-03-27 12:17:24-INFO-[tdms_reader_frequency.py:174]-  已写入 400000/539999 行FFT数据
2026-03-27 12:17:25-INFO-[tdms_reader_frequency.py:174]-  已写入 500000/539999 行FFT数据
2026-03-27 12:17:26-INFO-[tdms_reader_frequency.py:174]-  已写入 500000/539999 行FFT数据
2026-03-27 12:17:26-INFO-[tdms_reader_frequency.py:174]-  已写入 500000/539999 行FFT数据
2026-03-27 12:17:26-INFO-[tdms_reader_frequency.py:174]-  已写入 500000/539999 行FFT数据
2026-03-27 12:17:26-INFO-[tdms_reader_frequency.py:174]-  已写入 500000/539999 行FFT数据
2026-03-27 12:17:26-INFO-[tdms_reader_frequency.py:174]-  已写入 539999/539999 行FFT数据
2026-03-27 12:17:26-INFO-[tdms_reader_frequency.py:176]-已处理: 20260309172928.767801.csv -> D:/Lab/process/26.3.9/frequency\4k\FFT_20260309172928.767801.csv
2026-03-27 12:17:27-INFO-[tdms_reader_frequency.py:174]-  已写入 539999/539999 行FFT数据
2026-03-27 12:17:27-INFO-[tdms_reader_frequency.py:176]-已处理: 20260309172936.867580.csv -> D:/Lab/process/26.3.9/frequency\4k\FFT_20260309172936.867580.csv
2026-03-27 12:17:27-INFO-[tdms_reader_frequency.py:174]-  已写入 539999/539999 行FFT数据
2026-03-27 12:17:27-INFO-[tdms_reader_frequency.py:176]-已处理: 20260309172934.165986.csv -> D:/Lab/process/26.3.9/frequency\4k\FFT_20260309172934.165986.csv
2026-03-27 12:17:27-INFO-[tdms_reader_frequency.py:174]-  已写入 539999/539999 行FFT数据
2026-03-27 12:17:27-INFO-[tdms_reader_frequency.py:176]-已处理: 20260309172939.567028.csv -> D:/Lab/process/26.3.9/frequency\4k\FFT_20260309172939.567028.csv
2026-03-27 12:17:28-INFO-[tdms_reader_frequency.py:174]-  已写入 539999/539999 行FFT数据
2026-03-27 12:17:28-INFO-[tdms_reader_frequency.py:176]-已处理: 20260309172931.468228.csv -> D:/Lab/process/26.3.9/frequency\4k\FFT_20260309172931.468228.csv
2026-03-27 12:17:29-INFO-[tdms_reader_frequency.py:235]-所有文件处理完成
2026-03-27 12:17:29-INFO-[tdms_reader_frequency_average.py:42]-配置文件加载成功: C:\Users\17584\Documents\ALearning\Project\tools\DataProcess\config\paths.yaml
2026-03-27 12:17:29-INFO-[tdms_reader_frequency_average.py:196]-FFT数据输入目录: D:/Lab/process/26.3.9/frequency
2026-03-27 12:17:29-INFO-[tdms_reader_frequency_average.py:197]-平均FFT输出目录: D:/Lab/process/26.3.9/frequency_ave
2026-03-27 12:17:29-INFO-[tdms_reader_frequency_average.py:210]-找到 62 个FFT CSV文件
2026-03-27 12:17:29-INFO-[tdms_reader_frequency_average.py:63]-按文件夹分组完成，找到 3 个文件夹组
2026-03-27 12:17:29-INFO-[tdms_reader_frequency_average.py:65]-  文件夹 2k: 22 个文件
2026-03-27 12:17:29-INFO-[tdms_reader_frequency_average.py:65]-  文件夹 3k: 20 个文件
2026-03-27 12:17:29-INFO-[tdms_reader_frequency_average.py:65]-  文件夹 4k: 20 个文件
2026-03-27 12:17:29-INFO-[tdms_reader_frequency_average.py:225]-使用 3 个进程并行处理
2026-03-27 12:17:31-INFO-[tdms_reader_frequency_average.py:178]-开始处理文件夹 2k, 共 22 个文件
2026-03-27 12:17:31-INFO-[tdms_reader_frequency_average.py:178]-开始处理文件夹 4k, 共 20 个文件
2026-03-27 12:17:31-INFO-[tdms_reader_frequency_average.py:178]-开始处理文件夹 3k, 共 20 个文件
2026-03-27 12:18:27-WARNING-[tdms_reader_frequency_average.py:99]-文件 FFT_20260309171734.914089.csv 结构不匹配，跳过
2026-03-27 12:18:34-INFO-[tdms_reader_frequency_average.py:159]-已保存平均FFT数据: D:/Lab/process/26.3.9/frequency_ave\4k\average_fft_4k_20files.csv
2026-03-27 12:18:34-INFO-[tdms_reader_frequency_average.py:159]-已保存平均FFT数据: D:/Lab/process/26.3.9/frequency_ave\3k\average_fft_3k_20files.csv
2026-03-27 12:18:37-INFO-[tdms_reader_frequency_average.py:159]-已保存平均FFT数据: D:/Lab/process/26.3.9/frequency_ave\2k\average_fft_2k_21files.csv
2026-03-27 12:18:37-INFO-[tdms_reader_frequency_average.py:234]-处理完成: 成功 3/3 个文件夹组
2026-03-27 12:18:37-INFO-[tdms_reader_frequency_average.py:240]-========================FFT数据平均处理汇总报告===========================
2026-03-27 12:18:37-INFO-[tdms_reader_frequency_average.py:241]-处理时间: 2026-03-27 12:18:37
2026-03-27 12:18:37-INFO-[tdms_reader_frequency_average.py:242]-成功处理的文件数量: 3
2026-03-27 12:18:37-INFO-[tdms_reader_frequency_average.py:243]-处理文件列表:
2026-03-27 12:18:37-INFO-[tdms_reader_frequency_average.py:246]- 1. average_fft_2k_21files.csv
2026-03-27 12:18:37-INFO-[tdms_reader_frequency_average.py:246]- 2. average_fft_3k_20files.csv
2026-03-27 12:18:37-INFO-[tdms_reader_frequency_average.py:246]- 3. average_fft_4k_20files.csv
2026-03-27 12:18:37-INFO-[time_series_plots.py:35]-配置文件加载成功: C:\Users\17584\Documents\ALearning\Project\tools\DataProcess\config\paths.yaml
2026-03-27 12:18:37-INFO-[time_series_plots.py:636]-输入目录: D:/Lab/process/26.3.9/time
2026-03-27 12:18:37-INFO-[time_series_plots.py:637]-输出目录: D:/Lab/results/26.3.9/time
2026-03-27 12:18:37-INFO-[time_series_plots.py:649]-找到 62 个CSV文件
2026-03-27 12:18:37-INFO-[time_series_plots.py:659]-找到 3 个组: ['2k', '3k', '4k']
2026-03-27 12:18:37-INFO-[time_series_plots.py:664]-分析组 2k, 包含 22 个文件
2026-03-27 12:18:37-INFO-[time_series_plots.py:562]-开始分析组，包含 22 个文件
2026-03-27 12:18:37-INFO-[time_series_plots.py:41]-正在读取CSV文件: D:\Lab\process\26.3.9\time\2k\20260309171638.209984.csv
2026-03-27 12:18:38-INFO-[time_series_plots.py:57]-成功读取数据: 1080000 行, 12 个通道
2026-03-27 12:18:39-INFO-[time_series_plots.py:41]-正在读取CSV文件: D:\Lab\process\26.3.9\time\2k\20260309171640.909627.csv
2026-03-27 12:18:40-INFO-[time_series_plots.py:57]-成功读取数据: 1080000 行, 12 个通道
2026-03-27 12:18:42-INFO-[time_series_plots.py:41]-正在读取CSV文件: D:\Lab\process\26.3.9\time\2k\20260309171643.610847.csv
2026-03-27 12:18:42-INFO-[time_series_plots.py:57]-成功读取数据: 1080000 行, 12 个通道
2026-03-27 12:18:44-INFO-[time_series_plots.py:41]-正在读取CSV文件: D:\Lab\process\26.3.9\time\2k\20260309171646.311929.csv
2026-03-27 12:18:45-INFO-[time_series_plots.py:57]-成功读取数据: 1080000 行, 12 个通道
2026-03-27 12:18:46-INFO-[time_series_plots.py:41]-正在读取CSV文件: D:\Lab\process\26.3.9\time\2k\20260309171649.009744.csv
2026-03-27 12:18:47-INFO-[time_series_plots.py:57]-成功读取数据: 1080000 行, 12 个通道
2026-03-27 12:18:49-INFO-[time_series_plots.py:41]-正在读取CSV文件: D:\Lab\process\26.3.9\time\2k\20260309171651.711693.csv
2026-03-27 12:18:50-INFO-[time_series_plots.py:57]-成功读取数据: 1080000 行, 12 个通道
2026-03-27 12:18:51-INFO-[time_series_plots.py:41]-正在读取CSV文件: D:\Lab\process\26.3.9\time\2k\20260309171654.410757.csv
2026-03-27 12:18:52-INFO-[time_series_plots.py:57]-成功读取数据: 1080000 行, 12 个通道
2026-03-27 12:18:54-INFO-[time_series_plots.py:41]-正在读取CSV文件: D:\Lab\process\26.3.9\time\2k\20260309171657.112097.csv
2026-03-27 12:18:55-INFO-[time_series_plots.py:57]-成功读取数据: 1080000 行, 12 个通道
2026-03-27 12:18:56-INFO-[time_series_plots.py:41]-正在读取CSV文件: D:\Lab\process\26.3.9\time\2k\20260309171659.812699.csv
2026-03-27 12:18:59-INFO-[time_series_plots.py:57]-成功读取数据: 1080000 行, 12 个通道
2026-03-27 12:19:01-INFO-[time_series_plots.py:41]-正在读取CSV文件: D:\Lab\process\26.3.9\time\2k\20260309171702.511904.csv
2026-03-27 12:19:02-INFO-[time_series_plots.py:57]-成功读取数据: 1080000 行, 12 个通道
2026-03-27 12:19:03-INFO-[time_series_plots.py:41]-正在读取CSV文件: D:\Lab\process\26.3.9\time\2k\20260309171705.211974.csv
2026-03-27 12:19:04-INFO-[time_series_plots.py:57]-成功读取数据: 1080000 行, 12 个通道
2026-03-27 12:19:06-INFO-[time_series_plots.py:41]-正在读取CSV文件: D:\Lab\process\26.3.9\time\2k\20260309171707.912154.csv
2026-03-27 12:19:06-INFO-[time_series_plots.py:57]-成功读取数据: 1080000 行, 12 个通道
2026-03-27 12:19:08-INFO-[time_series_plots.py:41]-正在读取CSV文件: D:\Lab\process\26.3.9\time\2k\20260309171710.611949.csv
2026-03-27 12:19:09-INFO-[time_series_plots.py:57]-成功读取数据: 1080000 行, 12 个通道
2026-03-27 12:19:11-INFO-[time_series_plots.py:41]-正在读取CSV文件: D:\Lab\process\26.3.9\time\2k\20260309171713.311232.csv
2026-03-27 12:19:11-INFO-[time_series_plots.py:57]-成功读取数据: 1080000 行, 12 个通道
2026-03-27 12:19:13-INFO-[time_series_plots.py:41]-正在读取CSV文件: D:\Lab\process\26.3.9\time\2k\20260309171716.013532.csv
2026-03-27 12:19:14-INFO-[time_series_plots.py:57]-成功读取数据: 1080000 行, 12 个通道
2026-03-27 12:19:16-INFO-[time_series_plots.py:41]-正在读取CSV文件: D:\Lab\process\26.3.9\time\2k\20260309171718.712098.csv
2026-03-27 12:19:16-INFO-[time_series_plots.py:57]-成功读取数据: 1080000 行, 12 个通道
2026-03-27 12:19:18-INFO-[time_series_plots.py:41]-正在读取CSV文件: D:\Lab\process\26.3.9\time\2k\20260309171721.413819.csv
2026-03-27 12:19:19-INFO-[time_series_plots.py:57]-成功读取数据: 1080000 行, 12 个通道
2026-03-27 12:19:21-INFO-[time_series_plots.py:41]-正在读取CSV文件: D:\Lab\process\26.3.9\time\2k\20260309171724.111972.csv
2026-03-27 12:19:21-INFO-[time_series_plots.py:57]-成功读取数据: 1080000 行, 12 个通道
2026-03-27 12:19:23-INFO-[time_series_plots.py:41]-正在读取CSV文件: D:\Lab\process\26.3.9\time\2k\20260309171726.813002.csv
2026-03-27 12:19:24-INFO-[time_series_plots.py:57]-成功读取数据: 1080000 行, 12 个通道
2026-03-27 12:19:26-INFO-[time_series_plots.py:41]-正在读取CSV文件: D:\Lab\process\26.3.9\time\2k\20260309171729.513661.csv
2026-03-27 12:19:26-INFO-[time_series_plots.py:57]-成功读取数据: 1080000 行, 12 个通道
2026-03-27 12:19:28-INFO-[time_series_plots.py:41]-正在读取CSV文件: D:\Lab\process\26.3.9\time\2k\20260309171732.212390.csv
2026-03-27 12:19:29-INFO-[time_series_plots.py:57]-成功读取数据: 1080000 行, 12 个通道
2026-03-27 12:19:31-INFO-[time_series_plots.py:41]-正在读取CSV文件: D:\Lab\process\26.3.9\time\2k\20260309171734.914089.csv
2026-03-27 12:19:31-INFO-[time_series_plots.py:57]-成功读取数据: 760000 行, 12 个通道
2026-03-27 12:19:32-INFO-[time_series_plots.py:152]-开始绘制组时序图
2026-03-27 12:19:35-INFO-[time_series_plots.py:225]-组时序图已保存: D:\Lab\results\26.3.9\time\2k\group_time_series.png
2026-03-27 12:19:35-INFO-[time_series_plots.py:235]-开始绘制组统计量对比图
2026-03-27 12:19:37-INFO-[time_series_plots.py:316]-组统计量对比图已保存: D:\Lab\results\26.3.9\time\2k\group_statistics_comparison.png
2026-03-27 12:19:37-INFO-[time_series_plots.py:326]-开始绘制组稳定性分析图
2026-03-27 12:19:38-INFO-[time_series_plots.py:422]-组稳定性分析图已保存: D:\Lab\results\26.3.9\time\2k\group_stability_analysis.png
2026-03-27 12:19:38-INFO-[time_series_plots.py:432]-开始生成组分析报告
2026-03-27 12:19:38-INFO-[time_series_plots.py:549]-组分析报告已保存: D:\Lab\results\26.3.9\time\2k\time_series_plots_report.json
2026-03-27 12:19:38-INFO-[time_series_plots.py:610]-组分析完成: 2k
2026-03-27 12:19:38-INFO-[time_series_plots.py:664]-分析组 3k, 包含 20 个文件
2026-03-27 12:19:38-INFO-[time_series_plots.py:562]-开始分析组，包含 20 个文件
2026-03-27 12:19:38-INFO-[time_series_plots.py:41]-正在读取CSV文件: D:\Lab\process\26.3.9\time\3k\20260309172720.657481.csv
2026-03-27 12:19:39-INFO-[time_series_plots.py:57]-成功读取数据: 1080000 行, 12 个通道
2026-03-27 12:19:40-INFO-[time_series_plots.py:41]-正在读取CSV文件: D:\Lab\process\26.3.9\time\3k\20260309172723.361497.csv
2026-03-27 12:19:41-INFO-[time_series_plots.py:57]-成功读取数据: 1080000 行, 12 个通道
2026-03-27 12:19:43-INFO-[time_series_plots.py:41]-正在读取CSV文件: D:\Lab\process\26.3.9\time\3k\20260309172726.061191.csv
2026-03-27 12:19:43-INFO-[time_series_plots.py:57]-成功读取数据: 1080000 行, 12 个通道
2026-03-27 12:19:45-INFO-[time_series_plots.py:41]-正在读取CSV文件: D:\Lab\process\26.3.9\time\3k\20260309172728.759021.csv
2026-03-27 12:19:46-INFO-[time_series_plots.py:57]-成功读取数据: 1080000 行, 12 个通道
2026-03-27 12:19:47-INFO-[time_series_plots.py:41]-正在读取CSV文件: D:\Lab\process\26.3.9\time\3k\20260309172731.458687.csv
2026-03-27 12:19:48-INFO-[time_series_plots.py:57]-成功读取数据: 1080000 行, 12 个通道
2026-03-27 12:19:50-INFO-[time_series_plots.py:41]-正在读取CSV文件: D:\Lab\process\26.3.9\time\3k\20260309172734.159782.csv
2026-03-27 12:19:50-INFO-[time_series_plots.py:57]-成功读取数据: 1080000 行, 12 个通道
2026-03-27 12:19:52-INFO-[time_series_plots.py:41]-正在读取CSV文件: D:\Lab\process\26.3.9\time\3k\20260309172736.860642.csv
2026-03-27 12:19:53-INFO-[time_series_plots.py:57]-成功读取数据: 1080000 行, 12 个通道
2026-03-27 12:19:54-INFO-[time_series_plots.py:41]-正在读取CSV文件: D:\Lab\process\26.3.9\time\3k\20260309172739.558926.csv
2026-03-27 12:19:55-INFO-[time_series_plots.py:57]-成功读取数据: 1080000 行, 12 个通道
2026-03-27 12:19:56-INFO-[time_series_plots.py:41]-正在读取CSV文件: D:\Lab\process\26.3.9\time\3k\20260309172742.260473.csv
2026-03-27 12:19:57-INFO-[time_series_plots.py:57]-成功读取数据: 1080000 行, 12 个通道
2026-03-27 12:19:59-INFO-[time_series_plots.py:41]-正在读取CSV文件: D:\Lab\process\26.3.9\time\3k\20260309172744.957522.csv
2026-03-27 12:20:00-INFO-[time_series_plots.py:57]-成功读取数据: 1080000 行, 12 个通道
2026-03-27 12:20:01-INFO-[time_series_plots.py:41]-正在读取CSV文件: D:\Lab\process\26.3.9\time\3k\20260309172747.660952.csv
2026-03-27 12:20:02-INFO-[time_series_plots.py:57]-成功读取数据: 1080000 行, 12 个通道
2026-03-27 12:20:04-INFO-[time_series_plots.py:41]-正在读取CSV文件: D:\Lab\process\26.3.9\time\3k\20260309172750.360651.csv
2026-03-27 12:20:04-INFO-[time_series_plots.py:57]-成功读取数据: 1080000 行, 12 个通道
2026-03-27 12:20:06-INFO-[time_series_plots.py:41]-正在读取CSV文件: D:\Lab\process\26.3.9\time\3k\20260309172753.060727.csv
2026-03-27 12:20:07-INFO-[time_series_plots.py:57]-成功读取数据: 1080000 行, 12 个通道
2026-03-27 12:20:09-INFO-[time_series_plots.py:41]-正在读取CSV文件: D:\Lab\process\26.3.9\time\3k\20260309172755.761693.csv
2026-03-27 12:20:10-INFO-[time_series_plots.py:57]-成功读取数据: 1080000 行, 12 个通道
2026-03-27 12:20:11-INFO-[time_series_plots.py:41]-正在读取CSV文件: D:\Lab\process\26.3.9\time\3k\20260309172758.469347.csv
2026-03-27 12:20:12-INFO-[time_series_plots.py:57]-成功读取数据: 1080000 行, 12 个通道
2026-03-27 12:20:14-INFO-[time_series_plots.py:41]-正在读取CSV文件: D:\Lab\process\26.3.9\time\3k\20260309172801.162433.csv
2026-03-27 12:20:14-INFO-[time_series_plots.py:57]-成功读取数据: 1080000 行, 12 个通道
2026-03-27 12:20:16-INFO-[time_series_plots.py:41]-正在读取CSV文件: D:\Lab\process\26.3.9\time\3k\20260309172803.861618.csv
2026-03-27 12:20:17-INFO-[time_series_plots.py:57]-成功读取数据: 1080000 行, 12 个通道
2026-03-27 12:20:19-INFO-[time_series_plots.py:41]-正在读取CSV文件: D:\Lab\process\26.3.9\time\3k\20260309172806.563735.csv
2026-03-27 12:20:19-INFO-[time_series_plots.py:57]-成功读取数据: 1080000 行, 12 个通道
2026-03-27 12:20:21-INFO-[time_series_plots.py:41]-正在读取CSV文件: D:\Lab\process\26.3.9\time\3k\20260309172809.262116.csv
2026-03-27 12:20:22-INFO-[time_series_plots.py:57]-成功读取数据: 1080000 行, 12 个通道
2026-03-27 12:20:24-INFO-[time_series_plots.py:41]-正在读取CSV文件: D:\Lab\process\26.3.9\time\3k\20260309172811.962765.csv
2026-03-27 12:20:25-INFO-[time_series_plots.py:57]-成功读取数据: 1080000 行, 12 个通道
2026-03-27 12:20:27-INFO-[time_series_plots.py:152]-开始绘制组时序图
2026-03-27 12:20:29-INFO-[time_series_plots.py:225]-组时序图已保存: D:\Lab\results\26.3.9\time\3k\group_time_series.png
2026-03-27 12:20:29-INFO-[time_series_plots.py:235]-开始绘制组统计量对比图
2026-03-27 12:20:31-INFO-[time_series_plots.py:316]-组统计量对比图已保存: D:\Lab\results\26.3.9\time\3k\group_statistics_comparison.png
2026-03-27 12:20:31-INFO-[time_series_plots.py:326]-开始绘制组稳定性分析图
2026-03-27 12:20:32-INFO-[time_series_plots.py:422]-组稳定性分析图已保存: D:\Lab\results\26.3.9\time\3k\group_stability_analysis.png
2026-03-27 12:20:32-INFO-[time_series_plots.py:432]-开始生成组分析报告
2026-03-27 12:20:32-INFO-[time_series_plots.py:549]-组分析报告已保存: D:\Lab\results\26.3.9\time\3k\time_series_plots_report.json
2026-03-27 12:20:32-INFO-[time_series_plots.py:610]-组分析完成: 3k
2026-03-27 12:20:32-INFO-[time_series_plots.py:664]-分析组 4k, 包含 20 个文件
2026-03-27 12:20:32-INFO-[time_series_plots.py:562]-开始分析组，包含 20 个文件
2026-03-27 12:20:32-INFO-[time_series_plots.py:41]-正在读取CSV文件: D:\Lab\process\26.3.9\time\4k\20260309172848.266725.csv
2026-03-27 12:20:33-INFO-[time_series_plots.py:57]-成功读取数据: 1080000 行, 12 个通道
2026-03-27 12:20:34-INFO-[time_series_plots.py:41]-正在读取CSV文件: D:\Lab\process\26.3.9\time\4k\20260309172850.964484.csv
2026-03-27 12:20:35-INFO-[time_series_plots.py:57]-成功读取数据: 1080000 行, 12 个通道
2026-03-27 12:20:37-INFO-[time_series_plots.py:41]-正在读取CSV文件: D:\Lab\process\26.3.9\time\4k\20260309172853.661670.csv
2026-03-27 12:20:37-INFO-[time_series_plots.py:57]-成功读取数据: 1080000 行, 12 个通道
2026-03-27 12:20:39-INFO-[time_series_plots.py:41]-正在读取CSV文件: D:\Lab\process\26.3.9\time\4k\20260309172856.365958.csv
2026-03-27 12:20:40-INFO-[time_series_plots.py:57]-成功读取数据: 1080000 行, 12 个通道
2026-03-27 12:20:41-INFO-[time_series_plots.py:41]-正在读取CSV文件: D:\Lab\process\26.3.9\time\4k\20260309172859.064864.csv
2026-03-27 12:20:42-INFO-[time_series_plots.py:57]-成功读取数据: 1080000 行, 12 个通道
2026-03-27 12:20:44-INFO-[time_series_plots.py:41]-正在读取CSV文件: D:\Lab\process\26.3.9\time\4k\20260309172901.766059.csv
2026-03-27 12:20:44-INFO-[time_series_plots.py:57]-成功读取数据: 1080000 行, 12 个通道
2026-03-27 12:20:46-INFO-[time_series_plots.py:41]-正在读取CSV文件: D:\Lab\process\26.3.9\time\4k\20260309172904.466852.csv
2026-03-27 12:20:47-INFO-[time_series_plots.py:57]-成功读取数据: 1080000 行, 12 个通道
2026-03-27 12:20:48-INFO-[time_series_plots.py:41]-正在读取CSV文件: D:\Lab\process\26.3.9\time\4k\20260309172907.166952.csv
2026-03-27 12:20:49-INFO-[time_series_plots.py:57]-成功读取数据: 1080000 行, 12 个通道
2026-03-27 12:20:51-INFO-[time_series_plots.py:41]-正在读取CSV文件: D:\Lab\process\26.3.9\time\4k\20260309172909.866322.csv
2026-03-27 12:20:51-INFO-[time_series_plots.py:57]-成功读取数据: 1080000 行, 12 个通道
2026-03-27 12:20:53-INFO-[time_series_plots.py:41]-正在读取CSV文件: D:\Lab\process\26.3.9\time\4k\20260309172912.566757.csv
2026-03-27 12:20:54-INFO-[time_series_plots.py:57]-成功读取数据: 1080000 行, 12 个通道
2026-03-27 12:20:55-INFO-[time_series_plots.py:41]-正在读取CSV文件: D:\Lab\process\26.3.9\time\4k\20260309172915.264995.csv
2026-03-27 12:20:56-INFO-[time_series_plots.py:57]-成功读取数据: 1080000 行, 12 个通道
2026-03-27 12:20:58-INFO-[time_series_plots.py:41]-正在读取CSV文件: D:\Lab\process\26.3.9\time\4k\20260309172917.966221.csv
2026-03-27 12:20:59-INFO-[time_series_plots.py:57]-成功读取数据: 1080000 行, 12 个通道
2026-03-27 12:21:00-INFO-[time_series_plots.py:41]-正在读取CSV文件: D:\Lab\process\26.3.9\time\4k\20260309172920.664635.csv
2026-03-27 12:21:01-INFO-[time_series_plots.py:57]-成功读取数据: 1080000 行, 12 个通道
2026-03-27 12:21:03-INFO-[time_series_plots.py:41]-正在读取CSV文件: D:\Lab\process\26.3.9\time\4k\20260309172923.364761.csv
2026-03-27 12:21:04-INFO-[time_series_plots.py:57]-成功读取数据: 1080000 行, 12 个通道
2026-03-27 12:21:05-INFO-[time_series_plots.py:41]-正在读取CSV文件: D:\Lab\process\26.3.9\time\4k\20260309172926.064459.csv
2026-03-27 12:21:06-INFO-[time_series_plots.py:57]-成功读取数据: 1080000 行, 12 个通道
2026-03-27 12:21:08-INFO-[time_series_plots.py:41]-正在读取CSV文件: D:\Lab\process\26.3.9\time\4k\20260309172928.767801.csv
2026-03-27 12:21:09-INFO-[time_series_plots.py:57]-成功读取数据: 1080000 行, 12 个通道
2026-03-27 12:21:10-INFO-[time_series_plots.py:41]-正在读取CSV文件: D:\Lab\process\26.3.9\time\4k\20260309172931.468228.csv
2026-03-27 12:21:11-INFO-[time_series_plots.py:57]-成功读取数据: 1080000 行, 12 个通道
2026-03-27 12:21:13-INFO-[time_series_plots.py:41]-正在读取CSV文件: D:\Lab\process\26.3.9\time\4k\20260309172934.165986.csv
2026-03-27 12:21:14-INFO-[time_series_plots.py:57]-成功读取数据: 1080000 行, 12 个通道
2026-03-27 12:21:15-INFO-[time_series_plots.py:41]-正在读取CSV文件: D:\Lab\process\26.3.9\time\4k\20260309172936.867580.csv
2026-03-27 12:21:16-INFO-[time_series_plots.py:57]-成功读取数据: 1080000 行, 12 个通道
2026-03-27 12:21:18-INFO-[time_series_plots.py:41]-正在读取CSV文件: D:\Lab\process\26.3.9\time\4k\20260309172939.567028.csv
2026-03-27 12:21:19-INFO-[time_series_plots.py:57]-成功读取数据: 1080000 行, 12 个通道
2026-03-27 12:21:20-INFO-[time_series_plots.py:152]-开始绘制组时序图
2026-03-27 12:21:23-INFO-[time_series_plots.py:225]-组时序图已保存: D:\Lab\results\26.3.9\time\4k\group_time_series.png
2026-03-27 12:21:23-INFO-[time_series_plots.py:235]-开始绘制组统计量对比图
2026-03-27 12:21:24-INFO-[time_series_plots.py:316]-组统计量对比图已保存: D:\Lab\results\26.3.9\time\4k\group_statistics_comparison.png
2026-03-27 12:21:24-INFO-[time_series_plots.py:326]-开始绘制组稳定性分析图
2026-03-27 12:21:26-INFO-[time_series_plots.py:422]-组稳定性分析图已保存: D:\Lab\results\26.3.9\time\4k\group_stability_analysis.png
2026-03-27 12:21:26-INFO-[time_series_plots.py:432]-开始生成组分析报告
2026-03-27 12:21:26-INFO-[time_series_plots.py:549]-组分析报告已保存: D:\Lab\results\26.3.9\time\4k\time_series_plots_report.json
2026-03-27 12:21:26-INFO-[time_series_plots.py:610]-组分析完成: 4k
2026-03-27 12:21:26-INFO-[time_series_plots.py:693]-时域分析完成! 成功分析 3 个组
2026-03-27 12:21:26-INFO-[time_series_plots.py:694]-总体报告: D:\Lab\results\26.3.9\time\analysis_summary.json
2026-03-27 12:21:26-INFO-[frequency_plots.py:64]-配置文件加载成功: C:\Users\17584\Documents\ALearning\Project\tools\DataProcess\config\paths.yaml
2026-03-27 12:21:26-INFO-[frequency_plots.py:895]-FFT输入目录: D:/Lab/process/26.3.9/frequency
2026-03-27 12:21:26-INFO-[frequency_plots.py:896]-FFT输出目录: D:/Lab/results/26.3.9/frequency
2026-03-27 12:21:26-INFO-[frequency_plots.py:908]-找到 62 个平均FFT CSV文件
2026-03-27 12:21:26-INFO-[frequency_plots.py:918]-找到 3 个FFT组: ['2k', '3k', '4k']
2026-03-27 12:21:26-INFO-[frequency_plots.py:926]-分析FFT组 2k, 包含 22 个文件
2026-03-27 12:21:26-INFO-[frequency_plots.py:818]-开始分析FFT组，包含 22 个文件
2026-03-27 12:21:26-INFO-[frequency_plots.py:70]-正在读取FFT CSV文件: D:\Lab\process\26.3.9\frequency\2k\FFT_20260309171638.209984.csv
2026-03-27 12:21:27-INFO-[frequency_plots.py:108]-识别到 12 个通道
2026-03-27 12:21:27-INFO-[frequency_plots.py:81]-成功读取FFT数据: 539999 行, 12 个幅度通道, 12 个相位通道
2026-03-27 12:21:28-INFO-[frequency_plots.py:70]-正在读取FFT CSV文件: D:\Lab\process\26.3.9\frequency\2k\FFT_20260309171640.909627.csv
2026-03-27 12:21:29-INFO-[frequency_plots.py:108]-识别到 12 个通道
2026-03-27 12:21:29-INFO-[frequency_plots.py:81]-成功读取FFT数据: 539999 行, 12 个幅度通道, 12 个相位通道
2026-03-27 12:21:29-INFO-[frequency_plots.py:70]-正在读取FFT CSV文件: D:\Lab\process\26.3.9\frequency\2k\FFT_20260309171643.610847.csv
2026-03-27 12:21:30-INFO-[frequency_plots.py:108]-识别到 12 个通道
2026-03-27 12:21:30-INFO-[frequency_plots.py:81]-成功读取FFT数据: 539999 行, 12 个幅度通道, 12 个相位通道
2026-03-27 12:21:31-INFO-[frequency_plots.py:70]-正在读取FFT CSV文件: D:\Lab\process\26.3.9\frequency\2k\FFT_20260309171646.311929.csv
2026-03-27 12:21:32-INFO-[frequency_plots.py:108]-识别到 12 个通道
2026-03-27 12:21:32-INFO-[frequency_plots.py:81]-成功读取FFT数据: 539999 行, 12 个幅度通道, 12 个相位通道
2026-03-27 12:21:33-INFO-[frequency_plots.py:70]-正在读取FFT CSV文件: D:\Lab\process\26.3.9\frequency\2k\FFT_20260309171649.009744.csv
2026-03-27 12:21:34-INFO-[frequency_plots.py:108]-识别到 12 个通道
2026-03-27 12:21:34-INFO-[frequency_plots.py:81]-成功读取FFT数据: 539999 行, 12 个幅度通道, 12 个相位通道
2026-03-27 12:21:35-INFO-[frequency_plots.py:70]-正在读取FFT CSV文件: D:\Lab\process\26.3.9\frequency\2k\FFT_20260309171651.711693.csv
2026-03-27 12:21:36-INFO-[frequency_plots.py:108]-识别到 12 个通道
2026-03-27 12:21:36-INFO-[frequency_plots.py:81]-成功读取FFT数据: 539999 行, 12 个幅度通道, 12 个相位通道
2026-03-27 12:21:36-INFO-[frequency_plots.py:70]-正在读取FFT CSV文件: D:\Lab\process\26.3.9\frequency\2k\FFT_20260309171654.410757.csv
2026-03-27 12:21:37-INFO-[frequency_plots.py:108]-识别到 12 个通道
2026-03-27 12:21:37-INFO-[frequency_plots.py:81]-成功读取FFT数据: 539999 行, 12 个幅度通道, 12 个相位通道
2026-03-27 12:21:38-INFO-[frequency_plots.py:70]-正在读取FFT CSV文件: D:\Lab\process\26.3.9\frequency\2k\FFT_20260309171657.112097.csv
2026-03-27 12:21:39-INFO-[frequency_plots.py:108]-识别到 12 个通道
2026-03-27 12:21:39-INFO-[frequency_plots.py:81]-成功读取FFT数据: 539999 行, 12 个幅度通道, 12 个相位通道
2026-03-27 12:21:40-INFO-[frequency_plots.py:70]-正在读取FFT CSV文件: D:\Lab\process\26.3.9\frequency\2k\FFT_20260309171659.812699.csv
2026-03-27 12:21:41-INFO-[frequency_plots.py:108]-识别到 12 个通道
2026-03-27 12:21:41-INFO-[frequency_plots.py:81]-成功读取FFT数据: 539999 行, 12 个幅度通道, 12 个相位通道
2026-03-27 12:21:42-INFO-[frequency_plots.py:70]-正在读取FFT CSV文件: D:\Lab\process\26.3.9\frequency\2k\FFT_20260309171702.511904.csv
2026-03-27 12:21:43-INFO-[frequency_plots.py:108]-识别到 12 个通道
2026-03-27 12:21:43-INFO-[frequency_plots.py:81]-成功读取FFT数据: 539999 行, 12 个幅度通道, 12 个相位通道
2026-03-27 12:21:43-INFO-[frequency_plots.py:70]-正在读取FFT CSV文件: D:\Lab\process\26.3.9\frequency\2k\FFT_20260309171705.211974.csv
2026-03-27 12:21:44-INFO-[frequency_plots.py:108]-识别到 12 个通道
2026-03-27 12:21:44-INFO-[frequency_plots.py:81]-成功读取FFT数据: 539999 行, 12 个幅度通道, 12 个相位通道
2026-03-27 12:21:45-INFO-[frequency_plots.py:70]-正在读取FFT CSV文件: D:\Lab\process\26.3.9\frequency\2k\FFT_20260309171707.912154.csv
2026-03-27 12:21:46-INFO-[frequency_plots.py:108]-识别到 12 个通道
2026-03-27 12:21:46-INFO-[frequency_plots.py:81]-成功读取FFT数据: 539999 行, 12 个幅度通道, 12 个相位通道
2026-03-27 12:21:47-INFO-[frequency_plots.py:70]-正在读取FFT CSV文件: D:\Lab\process\26.3.9\frequency\2k\FFT_20260309171710.611949.csv
2026-03-27 12:21:48-INFO-[frequency_plots.py:108]-识别到 12 个通道
2026-03-27 12:21:48-INFO-[frequency_plots.py:81]-成功读取FFT数据: 539999 行, 12 个幅度通道, 12 个相位通道
2026-03-27 12:21:49-INFO-[frequency_plots.py:70]-正在读取FFT CSV文件: D:\Lab\process\26.3.9\frequency\2k\FFT_20260309171713.311232.csv
2026-03-27 12:21:50-INFO-[frequency_plots.py:108]-识别到 12 个通道
2026-03-27 12:21:50-INFO-[frequency_plots.py:81]-成功读取FFT数据: 539999 行, 12 个幅度通道, 12 个相位通道
2026-03-27 12:21:51-INFO-[frequency_plots.py:70]-正在读取FFT CSV文件: D:\Lab\process\26.3.9\frequency\2k\FFT_20260309171716.013532.csv
2026-03-27 12:21:52-INFO-[frequency_plots.py:108]-识别到 12 个通道
2026-03-27 12:21:52-INFO-[frequency_plots.py:81]-成功读取FFT数据: 539999 行, 12 个幅度通道, 12 个相位通道
2026-03-27 12:21:53-INFO-[frequency_plots.py:70]-正在读取FFT CSV文件: D:\Lab\process\26.3.9\frequency\2k\FFT_20260309171718.712098.csv
2026-03-27 12:21:54-INFO-[frequency_plots.py:108]-识别到 12 个通道
2026-03-27 12:21:54-INFO-[frequency_plots.py:81]-成功读取FFT数据: 539999 行, 12 个幅度通道, 12 个相位通道
2026-03-27 12:21:54-INFO-[frequency_plots.py:70]-正在读取FFT CSV文件: D:\Lab\process\26.3.9\frequency\2k\FFT_20260309171721.413819.csv
2026-03-27 12:21:55-INFO-[frequency_plots.py:108]-识别到 12 个通道
2026-03-27 12:21:55-INFO-[frequency_plots.py:81]-成功读取FFT数据: 539999 行, 12 个幅度通道, 12 个相位通道
2026-03-27 12:21:56-INFO-[frequency_plots.py:70]-正在读取FFT CSV文件: D:\Lab\process\26.3.9\frequency\2k\FFT_20260309171724.111972.csv
2026-03-27 12:21:57-INFO-[frequency_plots.py:108]-识别到 12 个通道
2026-03-27 12:21:57-INFO-[frequency_plots.py:81]-成功读取FFT数据: 539999 行, 12 个幅度通道, 12 个相位通道
2026-03-27 12:21:58-INFO-[frequency_plots.py:70]-正在读取FFT CSV文件: D:\Lab\process\26.3.9\frequency\2k\FFT_20260309171726.813002.csv
2026-03-27 12:21:59-INFO-[frequency_plots.py:108]-识别到 12 个通道
2026-03-27 12:21:59-INFO-[frequency_plots.py:81]-成功读取FFT数据: 539999 行, 12 个幅度通道, 12 个相位通道
2026-03-27 12:22:00-INFO-[frequency_plots.py:70]-正在读取FFT CSV文件: D:\Lab\process\26.3.9\frequency\2k\FFT_20260309171729.513661.csv
2026-03-27 12:22:01-INFO-[frequency_plots.py:108]-识别到 12 个通道
2026-03-27 12:22:01-INFO-[frequency_plots.py:81]-成功读取FFT数据: 539999 行, 12 个幅度通道, 12 个相位通道
2026-03-27 12:22:01-INFO-[frequency_plots.py:70]-正在读取FFT CSV文件: D:\Lab\process\26.3.9\frequency\2k\FFT_20260309171732.212390.csv
2026-03-27 12:22:03-INFO-[frequency_plots.py:108]-识别到 12 个通道
2026-03-27 12:22:03-INFO-[frequency_plots.py:81]-成功读取FFT数据: 539999 行, 12 个幅度通道, 12 个相位通道
2026-03-27 12:22:03-INFO-[frequency_plots.py:70]-正在读取FFT CSV文件: D:\Lab\process\26.3.9\frequency\2k\FFT_20260309171734.914089.csv
2026-03-27 12:22:04-INFO-[frequency_plots.py:108]-识别到 12 个通道
2026-03-27 12:22:04-INFO-[frequency_plots.py:81]-成功读取FFT数据: 379999 行, 12 个幅度通道, 12 个相位通道
2026-03-27 12:22:05-INFO-[frequency_plots.py:189]-??????????
2026-03-27 12:22:17-INFO-[frequency_plots.py:238]-?????????: D:\Lab\results\26.3.9\frequency\2k\group_amplitude_spectrum_1.png
2026-03-27 12:22:35-INFO-[frequency_plots.py:250]-?????????: D:\Lab\results\26.3.9\frequency\2k\group_amplitude_spectrum_2.png
2026-03-27 12:23:51-INFO-[frequency_plots.py:264]-?????????: D:\Lab\results\26.3.9\frequency\2k\group_amplitude_spectrum_3.png
2026-03-27 12:23:51-INFO-[frequency_plots.py:275]-??????????
2026-03-27 12:23:56-INFO-[frequency_plots.py:338]-?????????: D:\Lab\results\26.3.9\frequency\2k\group_phase_analysis.png
2026-03-27 12:23:56-INFO-[frequency_plots.py:349]-????????????
2026-03-27 12:23:58-INFO-[frequency_plots.py:404]-???????????: D:\Lab\results\26.3.9\frequency\2k\group_dominant_frequencies.png
2026-03-27 12:23:58-INFO-[frequency_plots.py:418]-?????????????
2026-03-27 12:23:58-INFO-[frequency_plots.py:70]-正在读取FFT CSV文件: D:\Lab\process\26.3.9\frequency\2k\FFT_20260309171638.209984.csv
2026-03-27 12:24:00-INFO-[frequency_plots.py:108]-识别到 12 个通道
2026-03-27 12:24:00-INFO-[frequency_plots.py:81]-成功读取FFT数据: 539999 行, 12 个幅度通道, 12 个相位通道
2026-03-27 12:24:00-INFO-[frequency_plots.py:70]-正在读取FFT CSV文件: D:\Lab\process\26.3.9\frequency\2k\FFT_20260309171638.209984.csv
2026-03-27 12:24:03-INFO-[frequency_plots.py:108]-识别到 12 个通道
2026-03-27 12:24:03-INFO-[frequency_plots.py:81]-成功读取FFT数据: 539999 行, 12 个幅度通道, 12 个相位通道
2026-03-27 12:24:03-INFO-[frequency_plots.py:70]-正在读取FFT CSV文件: D:\Lab\process\26.3.9\frequency\2k\FFT_20260309171640.909627.csv
2026-03-27 12:24:05-INFO-[frequency_plots.py:108]-识别到 12 个通道
2026-03-27 12:24:05-INFO-[frequency_plots.py:81]-成功读取FFT数据: 539999 行, 12 个幅度通道, 12 个相位通道
2026-03-27 12:24:05-INFO-[frequency_plots.py:70]-正在读取FFT CSV文件: D:\Lab\process\26.3.9\frequency\2k\FFT_20260309171643.610847.csv
2026-03-27 12:24:08-INFO-[frequency_plots.py:108]-识别到 12 个通道
2026-03-27 12:24:08-INFO-[frequency_plots.py:81]-成功读取FFT数据: 539999 行, 12 个幅度通道, 12 个相位通道
2026-03-27 12:24:08-INFO-[frequency_plots.py:70]-正在读取FFT CSV文件: D:\Lab\process\26.3.9\frequency\2k\FFT_20260309171646.311929.csv
2026-03-27 12:24:10-INFO-[frequency_plots.py:108]-识别到 12 个通道
2026-03-27 12:24:10-INFO-[frequency_plots.py:81]-成功读取FFT数据: 539999 行, 12 个幅度通道, 12 个相位通道
2026-03-27 12:24:10-INFO-[frequency_plots.py:70]-正在读取FFT CSV文件: D:\Lab\process\26.3.9\frequency\2k\FFT_20260309171649.009744.csv
2026-03-27 12:24:12-INFO-[frequency_plots.py:108]-识别到 12 个通道
2026-03-27 12:24:12-INFO-[frequency_plots.py:81]-成功读取FFT数据: 539999 行, 12 个幅度通道, 12 个相位通道
2026-03-27 12:24:12-INFO-[frequency_plots.py:70]-正在读取FFT CSV文件: D:\Lab\process\26.3.9\frequency\2k\FFT_20260309171651.711693.csv
2026-03-27 12:24:15-INFO-[frequency_plots.py:108]-识别到 12 个通道
2026-03-27 12:24:15-INFO-[frequency_plots.py:81]-成功读取FFT数据: 539999 行, 12 个幅度通道, 12 个相位通道
2026-03-27 12:24:15-INFO-[frequency_plots.py:70]-正在读取FFT CSV文件: D:\Lab\process\26.3.9\frequency\2k\FFT_20260309171654.410757.csv
2026-03-27 12:24:17-INFO-[frequency_plots.py:108]-识别到 12 个通道
2026-03-27 12:24:17-INFO-[frequency_plots.py:81]-成功读取FFT数据: 539999 行, 12 个幅度通道, 12 个相位通道
2026-03-27 12:24:17-INFO-[frequency_plots.py:70]-正在读取FFT CSV文件: D:\Lab\process\26.3.9\frequency\2k\FFT_20260309171657.112097.csv
2026-03-27 12:24:20-INFO-[frequency_plots.py:108]-识别到 12 个通道
2026-03-27 12:24:20-INFO-[frequency_plots.py:81]-成功读取FFT数据: 539999 行, 12 个幅度通道, 12 个相位通道
2026-03-27 12:24:20-INFO-[frequency_plots.py:70]-正在读取FFT CSV文件: D:\Lab\process\26.3.9\frequency\2k\FFT_20260309171659.812699.csv
2026-03-27 12:24:22-INFO-[frequency_plots.py:108]-识别到 12 个通道
2026-03-27 12:24:22-INFO-[frequency_plots.py:81]-成功读取FFT数据: 539999 行, 12 个幅度通道, 12 个相位通道
2026-03-27 12:24:22-INFO-[frequency_plots.py:70]-正在读取FFT CSV文件: D:\Lab\process\26.3.9\frequency\2k\FFT_20260309171702.511904.csv
2026-03-27 12:24:25-INFO-[frequency_plots.py:108]-识别到 12 个通道
2026-03-27 12:24:25-INFO-[frequency_plots.py:81]-成功读取FFT数据: 539999 行, 12 个幅度通道, 12 个相位通道
2026-03-27 12:24:25-INFO-[frequency_plots.py:70]-正在读取FFT CSV文件: D:\Lab\process\26.3.9\frequency\2k\FFT_20260309171705.211974.csv
2026-03-27 12:24:27-INFO-[frequency_plots.py:108]-识别到 12 个通道
2026-03-27 12:24:27-INFO-[frequency_plots.py:81]-成功读取FFT数据: 539999 行, 12 个幅度通道, 12 个相位通道
2026-03-27 12:24:27-INFO-[frequency_plots.py:70]-正在读取FFT CSV文件: D:\Lab\process\26.3.9\frequency\2k\FFT_20260309171707.912154.csv
2026-03-27 12:24:30-INFO-[frequency_plots.py:108]-识别到 12 个通道
2026-03-27 12:24:30-INFO-[frequency_plots.py:81]-成功读取FFT数据: 539999 行, 12 个幅度通道, 12 个相位通道
2026-03-27 12:24:30-INFO-[frequency_plots.py:70]-正在读取FFT CSV文件: D:\Lab\process\26.3.9\frequency\2k\FFT_20260309171710.611949.csv
2026-03-27 12:24:32-INFO-[frequency_plots.py:108]-识别到 12 个通道
2026-03-27 12:24:32-INFO-[frequency_plots.py:81]-成功读取FFT数据: 539999 行, 12 个幅度通道, 12 个相位通道
2026-03-27 12:24:32-INFO-[frequency_plots.py:70]-正在读取FFT CSV文件: D:\Lab\process\26.3.9\frequency\2k\FFT_20260309171713.311232.csv
2026-03-27 12:24:34-INFO-[frequency_plots.py:108]-识别到 12 个通道
2026-03-27 12:24:34-INFO-[frequency_plots.py:81]-成功读取FFT数据: 539999 行, 12 个幅度通道, 12 个相位通道
2026-03-27 12:24:34-INFO-[frequency_plots.py:70]-正在读取FFT CSV文件: D:\Lab\process\26.3.9\frequency\2k\FFT_20260309171716.013532.csv
2026-03-27 12:24:37-INFO-[frequency_plots.py:108]-识别到 12 个通道
2026-03-27 12:24:37-INFO-[frequency_plots.py:81]-成功读取FFT数据: 539999 行, 12 个幅度通道, 12 个相位通道
2026-03-27 12:24:37-INFO-[frequency_plots.py:70]-正在读取FFT CSV文件: D:\Lab\process\26.3.9\frequency\2k\FFT_20260309171718.712098.csv
2026-03-27 12:24:39-INFO-[frequency_plots.py:108]-识别到 12 个通道
2026-03-27 12:24:39-INFO-[frequency_plots.py:81]-成功读取FFT数据: 539999 行, 12 个幅度通道, 12 个相位通道
2026-03-27 12:24:39-INFO-[frequency_plots.py:70]-正在读取FFT CSV文件: D:\Lab\process\26.3.9\frequency\2k\FFT_20260309171721.413819.csv
2026-03-27 12:24:42-INFO-[frequency_plots.py:108]-识别到 12 个通道
2026-03-27 12:24:42-INFO-[frequency_plots.py:81]-成功读取FFT数据: 539999 行, 12 个幅度通道, 12 个相位通道
2026-03-27 12:24:42-INFO-[frequency_plots.py:70]-正在读取FFT CSV文件: D:\Lab\process\26.3.9\frequency\2k\FFT_20260309171724.111972.csv
2026-03-27 12:24:44-INFO-[frequency_plots.py:108]-识别到 12 个通道
2026-03-27 12:24:44-INFO-[frequency_plots.py:81]-成功读取FFT数据: 539999 行, 12 个幅度通道, 12 个相位通道
2026-03-27 12:24:44-INFO-[frequency_plots.py:70]-正在读取FFT CSV文件: D:\Lab\process\26.3.9\frequency\2k\FFT_20260309171726.813002.csv
2026-03-27 12:24:47-INFO-[frequency_plots.py:108]-识别到 12 个通道
2026-03-27 12:24:47-INFO-[frequency_plots.py:81]-成功读取FFT数据: 539999 行, 12 个幅度通道, 12 个相位通道
2026-03-27 12:24:47-INFO-[frequency_plots.py:70]-正在读取FFT CSV文件: D:\Lab\process\26.3.9\frequency\2k\FFT_20260309171729.513661.csv
2026-03-27 12:24:49-INFO-[frequency_plots.py:108]-识别到 12 个通道
2026-03-27 12:24:49-INFO-[frequency_plots.py:81]-成功读取FFT数据: 539999 行, 12 个幅度通道, 12 个相位通道
2026-03-27 12:24:49-INFO-[frequency_plots.py:70]-正在读取FFT CSV文件: D:\Lab\process\26.3.9\frequency\2k\FFT_20260309171732.212390.csv
2026-03-27 12:24:51-INFO-[frequency_plots.py:108]-识别到 12 个通道
2026-03-27 12:24:51-INFO-[frequency_plots.py:81]-成功读取FFT数据: 539999 行, 12 个幅度通道, 12 个相位通道
2026-03-27 12:24:51-INFO-[frequency_plots.py:70]-正在读取FFT CSV文件: D:\Lab\process\26.3.9\frequency\2k\FFT_20260309171734.914089.csv
2026-03-27 12:24:53-INFO-[frequency_plots.py:108]-识别到 12 个通道
2026-03-27 12:24:53-INFO-[frequency_plots.py:81]-成功读取FFT数据: 379999 行, 12 个幅度通道, 12 个相位通道
2026-03-27 12:24:53-WARNING-[frequency_plots.py:443]-???? FFT_20260309171734.914089.csv: ??????? (379999 vs 539999)
2026-03-27 12:24:56-INFO-[frequency_plots.py:489]-????????????: D:\Lab\results\26.3.9\frequency\2k\group_stability_analysis.png
2026-03-27 12:24:56-INFO-[frequency_plots.py:512]-????????????
2026-03-27 12:25:03-INFO-[frequency_plots.py:565]-???????????: D:\Lab\results\26.3.9\frequency\2k\group_feature_frequencies.png
2026-03-27 12:25:03-INFO-[frequency_plots.py:625]-开始生成组分析报告
2026-03-27 12:25:03-INFO-[frequency_plots.py:751]-组分析报告已保存: D:\Lab\results\26.3.9\frequency\2k\frequency_plots_report.json
2026-03-27 12:25:03-INFO-[frequency_plots.py:866]-FFT组分析完成: 2k
2026-03-27 12:25:03-INFO-[frequency_plots.py:926]-分析FFT组 3k, 包含 20 个文件
2026-03-27 12:25:03-INFO-[frequency_plots.py:818]-开始分析FFT组，包含 20 个文件
2026-03-27 12:25:03-INFO-[frequency_plots.py:70]-正在读取FFT CSV文件: D:\Lab\process\26.3.9\frequency\3k\FFT_20260309172720.657481.csv
2026-03-27 12:25:06-INFO-[frequency_plots.py:108]-识别到 12 个通道
2026-03-27 12:25:06-INFO-[frequency_plots.py:81]-成功读取FFT数据: 539999 行, 12 个幅度通道, 12 个相位通道
2026-03-27 12:25:07-INFO-[frequency_plots.py:70]-正在读取FFT CSV文件: D:\Lab\process\26.3.9\frequency\3k\FFT_20260309172723.361497.csv
2026-03-27 12:25:09-INFO-[frequency_plots.py:108]-识别到 12 个通道
2026-03-27 12:25:09-INFO-[frequency_plots.py:81]-成功读取FFT数据: 539999 行, 12 个幅度通道, 12 个相位通道
2026-03-27 12:25:10-INFO-[frequency_plots.py:70]-正在读取FFT CSV文件: D:\Lab\process\26.3.9\frequency\3k\FFT_20260309172726.061191.csv
2026-03-27 12:25:12-INFO-[frequency_plots.py:108]-识别到 12 个通道
2026-03-27 12:25:12-INFO-[frequency_plots.py:81]-成功读取FFT数据: 539999 行, 12 个幅度通道, 12 个相位通道
2026-03-27 12:25:13-INFO-[frequency_plots.py:70]-正在读取FFT CSV文件: D:\Lab\process\26.3.9\frequency\3k\FFT_20260309172728.759021.csv
2026-03-27 12:25:16-INFO-[frequency_plots.py:108]-识别到 12 个通道
2026-03-27 12:25:16-INFO-[frequency_plots.py:81]-成功读取FFT数据: 539999 行, 12 个幅度通道, 12 个相位通道
2026-03-27 12:25:17-INFO-[frequency_plots.py:70]-正在读取FFT CSV文件: D:\Lab\process\26.3.9\frequency\3k\FFT_20260309172731.458687.csv
2026-03-27 12:25:19-INFO-[frequency_plots.py:108]-识别到 12 个通道
2026-03-27 12:25:19-INFO-[frequency_plots.py:81]-成功读取FFT数据: 539999 行, 12 个幅度通道, 12 个相位通道
2026-03-27 12:25:20-INFO-[frequency_plots.py:70]-正在读取FFT CSV文件: D:\Lab\process\26.3.9\frequency\3k\FFT_20260309172734.159782.csv
2026-03-27 12:25:23-INFO-[frequency_plots.py:108]-识别到 12 个通道
2026-03-27 12:25:23-INFO-[frequency_plots.py:81]-成功读取FFT数据: 539999 行, 12 个幅度通道, 12 个相位通道
2026-03-27 12:25:24-INFO-[frequency_plots.py:70]-正在读取FFT CSV文件: D:\Lab\process\26.3.9\frequency\3k\FFT_20260309172736.860642.csv
2026-03-27 12:25:26-INFO-[frequency_plots.py:108]-识别到 12 个通道
2026-03-27 12:25:26-INFO-[frequency_plots.py:81]-成功读取FFT数据: 539999 行, 12 个幅度通道, 12 个相位通道
2026-03-27 12:25:27-INFO-[frequency_plots.py:70]-正在读取FFT CSV文件: D:\Lab\process\26.3.9\frequency\3k\FFT_20260309172739.558926.csv
2026-03-27 12:25:30-INFO-[frequency_plots.py:108]-识别到 12 个通道
2026-03-27 12:25:30-INFO-[frequency_plots.py:81]-成功读取FFT数据: 539999 行, 12 个幅度通道, 12 个相位通道
2026-03-27 12:25:31-INFO-[frequency_plots.py:70]-正在读取FFT CSV文件: D:\Lab\process\26.3.9\frequency\3k\FFT_20260309172742.260473.csv
2026-03-27 12:25:33-INFO-[frequency_plots.py:108]-识别到 12 个通道
2026-03-27 12:25:33-INFO-[frequency_plots.py:81]-成功读取FFT数据: 539999 行, 12 个幅度通道, 12 个相位通道
2026-03-27 12:25:34-INFO-[frequency_plots.py:70]-正在读取FFT CSV文件: D:\Lab\process\26.3.9\frequency\3k\FFT_20260309172744.957522.csv
2026-03-27 12:25:36-INFO-[frequency_plots.py:108]-识别到 12 个通道
2026-03-27 12:25:36-INFO-[frequency_plots.py:81]-成功读取FFT数据: 539999 行, 12 个幅度通道, 12 个相位通道
2026-03-27 12:25:37-INFO-[frequency_plots.py:70]-正在读取FFT CSV文件: D:\Lab\process\26.3.9\frequency\3k\FFT_20260309172747.660952.csv
2026-03-27 12:25:40-INFO-[frequency_plots.py:108]-识别到 12 个通道
2026-03-27 12:25:40-INFO-[frequency_plots.py:81]-成功读取FFT数据: 539999 行, 12 个幅度通道, 12 个相位通道
2026-03-27 12:25:41-INFO-[frequency_plots.py:70]-正在读取FFT CSV文件: D:\Lab\process\26.3.9\frequency\3k\FFT_20260309172750.360651.csv
2026-03-27 12:25:43-INFO-[frequency_plots.py:108]-识别到 12 个通道
2026-03-27 12:25:43-INFO-[frequency_plots.py:81]-成功读取FFT数据: 539999 行, 12 个幅度通道, 12 个相位通道
2026-03-27 12:25:44-INFO-[frequency_plots.py:70]-正在读取FFT CSV文件: D:\Lab\process\26.3.9\frequency\3k\FFT_20260309172753.060727.csv
2026-03-27 12:25:47-INFO-[frequency_plots.py:108]-识别到 12 个通道
2026-03-27 12:25:47-INFO-[frequency_plots.py:81]-成功读取FFT数据: 539999 行, 12 个幅度通道, 12 个相位通道
2026-03-27 12:25:48-INFO-[frequency_plots.py:70]-正在读取FFT CSV文件: D:\Lab\process\26.3.9\frequency\3k\FFT_20260309172755.761693.csv
2026-03-27 12:25:50-INFO-[frequency_plots.py:108]-识别到 12 个通道
2026-03-27 12:25:50-INFO-[frequency_plots.py:81]-成功读取FFT数据: 539999 行, 12 个幅度通道, 12 个相位通道
2026-03-27 12:25:51-INFO-[frequency_plots.py:70]-正在读取FFT CSV文件: D:\Lab\process\26.3.9\frequency\3k\FFT_20260309172758.469347.csv
2026-03-27 12:25:54-INFO-[frequency_plots.py:108]-识别到 12 个通道
2026-03-27 12:25:54-INFO-[frequency_plots.py:81]-成功读取FFT数据: 539999 行, 12 个幅度通道, 12 个相位通道
2026-03-27 12:25:55-INFO-[frequency_plots.py:70]-正在读取FFT CSV文件: D:\Lab\process\26.3.9\frequency\3k\FFT_20260309172801.162433.csv
2026-03-27 12:25:57-INFO-[frequency_plots.py:108]-识别到 12 个通道
2026-03-27 12:25:57-INFO-[frequency_plots.py:81]-成功读取FFT数据: 539999 行, 12 个幅度通道, 12 个相位通道
2026-03-27 12:25:58-INFO-[frequency_plots.py:70]-正在读取FFT CSV文件: D:\Lab\process\26.3.9\frequency\3k\FFT_20260309172803.861618.csv
2026-03-27 12:26:01-INFO-[frequency_plots.py:108]-识别到 12 个通道
2026-03-27 12:26:01-INFO-[frequency_plots.py:81]-成功读取FFT数据: 539999 行, 12 个幅度通道, 12 个相位通道
2026-03-27 12:26:02-INFO-[frequency_plots.py:70]-正在读取FFT CSV文件: D:\Lab\process\26.3.9\frequency\3k\FFT_20260309172806.563735.csv
2026-03-27 12:26:04-INFO-[frequency_plots.py:108]-识别到 12 个通道
2026-03-27 12:26:04-INFO-[frequency_plots.py:81]-成功读取FFT数据: 539999 行, 12 个幅度通道, 12 个相位通道
2026-03-27 12:26:05-INFO-[frequency_plots.py:70]-正在读取FFT CSV文件: D:\Lab\process\26.3.9\frequency\3k\FFT_20260309172809.262116.csv
2026-03-27 12:26:08-INFO-[frequency_plots.py:108]-识别到 12 个通道
2026-03-27 12:26:08-INFO-[frequency_plots.py:81]-成功读取FFT数据: 539999 行, 12 个幅度通道, 12 个相位通道
2026-03-27 12:26:09-INFO-[frequency_plots.py:70]-正在读取FFT CSV文件: D:\Lab\process\26.3.9\frequency\3k\FFT_20260309172811.962765.csv
2026-03-27 12:26:11-INFO-[frequency_plots.py:108]-识别到 12 个通道
2026-03-27 12:26:11-INFO-[frequency_plots.py:81]-成功读取FFT数据: 539999 行, 12 个幅度通道, 12 个相位通道
2026-03-27 12:26:12-INFO-[frequency_plots.py:189]-??????????
2026-03-27 12:26:31-INFO-[frequency_plots.py:238]-?????????: D:\Lab\results\26.3.9\frequency\3k\group_amplitude_spectrum_1.png
2026-03-27 12:26:57-INFO-[frequency_plots.py:250]-?????????: D:\Lab\results\26.3.9\frequency\3k\group_amplitude_spectrum_2.png
2026-03-27 12:28:08-INFO-[frequency_plots.py:264]-?????????: D:\Lab\results\26.3.9\frequency\3k\group_amplitude_spectrum_3.png
2026-03-27 12:28:08-INFO-[frequency_plots.py:275]-??????????
2026-03-27 12:28:13-INFO-[frequency_plots.py:338]-?????????: D:\Lab\results\26.3.9\frequency\3k\group_phase_analysis.png
2026-03-27 12:28:13-INFO-[frequency_plots.py:349]-????????????
2026-03-27 12:28:14-INFO-[frequency_plots.py:404]-???????????: D:\Lab\results\26.3.9\frequency\3k\group_dominant_frequencies.png
2026-03-27 12:28:14-INFO-[frequency_plots.py:418]-?????????????
2026-03-27 12:28:14-INFO-[frequency_plots.py:70]-正在读取FFT CSV文件: D:\Lab\process\26.3.9\frequency\3k\FFT_20260309172720.657481.csv
2026-03-27 12:28:17-INFO-[frequency_plots.py:108]-识别到 12 个通道
2026-03-27 12:28:17-INFO-[frequency_plots.py:81]-成功读取FFT数据: 539999 行, 12 个幅度通道, 12 个相位通道
2026-03-27 12:28:17-INFO-[frequency_plots.py:70]-正在读取FFT CSV文件: D:\Lab\process\26.3.9\frequency\3k\FFT_20260309172720.657481.csv
2026-03-27 12:28:19-INFO-[frequency_plots.py:108]-识别到 12 个通道
2026-03-27 12:28:19-INFO-[frequency_plots.py:81]-成功读取FFT数据: 539999 行, 12 个幅度通道, 12 个相位通道
2026-03-27 12:28:19-INFO-[frequency_plots.py:70]-正在读取FFT CSV文件: D:\Lab\process\26.3.9\frequency\3k\FFT_20260309172723.361497.csv
2026-03-27 12:28:22-INFO-[frequency_plots.py:108]-识别到 12 个通道
2026-03-27 12:28:22-INFO-[frequency_plots.py:81]-成功读取FFT数据: 539999 行, 12 个幅度通道, 12 个相位通道
2026-03-27 12:28:22-INFO-[frequency_plots.py:70]-正在读取FFT CSV文件: D:\Lab\process\26.3.9\frequency\3k\FFT_20260309172726.061191.csv
2026-03-27 12:28:24-INFO-[frequency_plots.py:108]-识别到 12 个通道
2026-03-27 12:28:24-INFO-[frequency_plots.py:81]-成功读取FFT数据: 539999 行, 12 个幅度通道, 12 个相位通道
2026-03-27 12:28:24-INFO-[frequency_plots.py:70]-正在读取FFT CSV文件: D:\Lab\process\26.3.9\frequency\3k\FFT_20260309172728.759021.csv
2026-03-27 12:28:27-INFO-[frequency_plots.py:108]-识别到 12 个通道
2026-03-27 12:28:27-INFO-[frequency_plots.py:81]-成功读取FFT数据: 539999 行, 12 个幅度通道, 12 个相位通道
2026-03-27 12:28:27-INFO-[frequency_plots.py:70]-正在读取FFT CSV文件: D:\Lab\process\26.3.9\frequency\3k\FFT_20260309172731.458687.csv
2026-03-27 12:28:29-INFO-[frequency_plots.py:108]-识别到 12 个通道
2026-03-27 12:28:29-INFO-[frequency_plots.py:81]-成功读取FFT数据: 539999 行, 12 个幅度通道, 12 个相位通道
2026-03-27 12:28:29-INFO-[frequency_plots.py:70]-正在读取FFT CSV文件: D:\Lab\process\26.3.9\frequency\3k\FFT_20260309172734.159782.csv
2026-03-27 12:28:32-INFO-[frequency_plots.py:108]-识别到 12 个通道
2026-03-27 12:28:32-INFO-[frequency_plots.py:81]-成功读取FFT数据: 539999 行, 12 个幅度通道, 12 个相位通道
2026-03-27 12:28:32-INFO-[frequency_plots.py:70]-正在读取FFT CSV文件: D:\Lab\process\26.3.9\frequency\3k\FFT_20260309172736.860642.csv
2026-03-27 12:28:34-INFO-[frequency_plots.py:108]-识别到 12 个通道
2026-03-27 12:28:34-INFO-[frequency_plots.py:81]-成功读取FFT数据: 539999 行, 12 个幅度通道, 12 个相位通道
2026-03-27 12:28:34-INFO-[frequency_plots.py:70]-正在读取FFT CSV文件: D:\Lab\process\26.3.9\frequency\3k\FFT_20260309172739.558926.csv
2026-03-27 12:28:37-INFO-[frequency_plots.py:108]-识别到 12 个通道
2026-03-27 12:28:37-INFO-[frequency_plots.py:81]-成功读取FFT数据: 539999 行, 12 个幅度通道, 12 个相位通道
2026-03-27 12:28:37-INFO-[frequency_plots.py:70]-正在读取FFT CSV文件: D:\Lab\process\26.3.9\frequency\3k\FFT_20260309172742.260473.csv
2026-03-27 12:28:39-INFO-[frequency_plots.py:108]-识别到 12 个通道
2026-03-27 12:28:39-INFO-[frequency_plots.py:81]-成功读取FFT数据: 539999 行, 12 个幅度通道, 12 个相位通道
2026-03-27 12:28:39-INFO-[frequency_plots.py:70]-正在读取FFT CSV文件: D:\Lab\process\26.3.9\frequency\3k\FFT_20260309172744.957522.csv
2026-03-27 12:28:42-INFO-[frequency_plots.py:108]-识别到 12 个通道
2026-03-27 12:28:42-INFO-[frequency_plots.py:81]-成功读取FFT数据: 539999 行, 12 个幅度通道, 12 个相位通道
2026-03-27 12:28:42-INFO-[frequency_plots.py:70]-正在读取FFT CSV文件: D:\Lab\process\26.3.9\frequency\3k\FFT_20260309172747.660952.csv
2026-03-27 12:28:44-INFO-[frequency_plots.py:108]-识别到 12 个通道
2026-03-27 12:28:44-INFO-[frequency_plots.py:81]-成功读取FFT数据: 539999 行, 12 个幅度通道, 12 个相位通道
2026-03-27 12:28:44-INFO-[frequency_plots.py:70]-正在读取FFT CSV文件: D:\Lab\process\26.3.9\frequency\3k\FFT_20260309172750.360651.csv
2026-03-27 12:28:47-INFO-[frequency_plots.py:108]-识别到 12 个通道
2026-03-27 12:28:47-INFO-[frequency_plots.py:81]-成功读取FFT数据: 539999 行, 12 个幅度通道, 12 个相位通道
2026-03-27 12:28:47-INFO-[frequency_plots.py:70]-正在读取FFT CSV文件: D:\Lab\process\26.3.9\frequency\3k\FFT_20260309172753.060727.csv
2026-03-27 12:28:49-INFO-[frequency_plots.py:108]-识别到 12 个通道
2026-03-27 12:28:49-INFO-[frequency_plots.py:81]-成功读取FFT数据: 539999 行, 12 个幅度通道, 12 个相位通道
2026-03-27 12:28:49-INFO-[frequency_plots.py:70]-正在读取FFT CSV文件: D:\Lab\process\26.3.9\frequency\3k\FFT_20260309172755.761693.csv
2026-03-27 12:28:52-INFO-[frequency_plots.py:108]-识别到 12 个通道
2026-03-27 12:28:52-INFO-[frequency_plots.py:81]-成功读取FFT数据: 539999 行, 12 个幅度通道, 12 个相位通道
2026-03-27 12:28:52-INFO-[frequency_plots.py:70]-正在读取FFT CSV文件: D:\Lab\process\26.3.9\frequency\3k\FFT_20260309172758.469347.csv
2026-03-27 12:28:54-INFO-[frequency_plots.py:108]-识别到 12 个通道
2026-03-27 12:28:54-INFO-[frequency_plots.py:81]-成功读取FFT数据: 539999 行, 12 个幅度通道, 12 个相位通道
2026-03-27 12:28:54-INFO-[frequency_plots.py:70]-正在读取FFT CSV文件: D:\Lab\process\26.3.9\frequency\3k\FFT_20260309172801.162433.csv
2026-03-27 12:28:57-INFO-[frequency_plots.py:108]-识别到 12 个通道
2026-03-27 12:28:57-INFO-[frequency_plots.py:81]-成功读取FFT数据: 539999 行, 12 个幅度通道, 12 个相位通道
2026-03-27 12:28:57-INFO-[frequency_plots.py:70]-正在读取FFT CSV文件: D:\Lab\process\26.3.9\frequency\3k\FFT_20260309172803.861618.csv
2026-03-27 12:28:59-INFO-[frequency_plots.py:108]-识别到 12 个通道
2026-03-27 12:28:59-INFO-[frequency_plots.py:81]-成功读取FFT数据: 539999 行, 12 个幅度通道, 12 个相位通道
2026-03-27 12:28:59-INFO-[frequency_plots.py:70]-正在读取FFT CSV文件: D:\Lab\process\26.3.9\frequency\3k\FFT_20260309172806.563735.csv
2026-03-27 12:29:02-INFO-[frequency_plots.py:108]-识别到 12 个通道
2026-03-27 12:29:02-INFO-[frequency_plots.py:81]-成功读取FFT数据: 539999 行, 12 个幅度通道, 12 个相位通道
2026-03-27 12:29:02-INFO-[frequency_plots.py:70]-正在读取FFT CSV文件: D:\Lab\process\26.3.9\frequency\3k\FFT_20260309172809.262116.csv
2026-03-27 12:29:04-INFO-[frequency_plots.py:108]-识别到 12 个通道
2026-03-27 12:29:04-INFO-[frequency_plots.py:81]-成功读取FFT数据: 539999 行, 12 个幅度通道, 12 个相位通道
2026-03-27 12:29:04-INFO-[frequency_plots.py:70]-正在读取FFT CSV文件: D:\Lab\process\26.3.9\frequency\3k\FFT_20260309172811.962765.csv
2026-03-27 12:29:07-INFO-[frequency_plots.py:108]-识别到 12 个通道
2026-03-27 12:29:07-INFO-[frequency_plots.py:81]-成功读取FFT数据: 539999 行, 12 个幅度通道, 12 个相位通道
2026-03-27 12:29:10-INFO-[frequency_plots.py:489]-????????????: D:\Lab\results\26.3.9\frequency\3k\group_stability_analysis.png
2026-03-27 12:29:10-INFO-[frequency_plots.py:512]-????????????
2026-03-27 12:29:17-INFO-[frequency_plots.py:565]-???????????: D:\Lab\results\26.3.9\frequency\3k\group_feature_frequencies.png
2026-03-27 12:29:17-INFO-[frequency_plots.py:625]-开始生成组分析报告
2026-03-27 12:29:17-INFO-[frequency_plots.py:751]-组分析报告已保存: D:\Lab\results\26.3.9\frequency\3k\frequency_plots_report.json
2026-03-27 12:29:17-INFO-[frequency_plots.py:866]-FFT组分析完成: 3k
2026-03-27 12:29:17-INFO-[frequency_plots.py:926]-分析FFT组 4k, 包含 20 个文件
2026-03-27 12:29:17-INFO-[frequency_plots.py:818]-开始分析FFT组，包含 20 个文件
2026-03-27 12:29:17-INFO-[frequency_plots.py:70]-正在读取FFT CSV文件: D:\Lab\process\26.3.9\frequency\4k\FFT_20260309172848.266725.csv
2026-03-27 12:29:19-INFO-[frequency_plots.py:108]-识别到 12 个通道
2026-03-27 12:29:19-INFO-[frequency_plots.py:81]-成功读取FFT数据: 539999 行, 12 个幅度通道, 12 个相位通道
2026-03-27 12:29:20-INFO-[frequency_plots.py:70]-正在读取FFT CSV文件: D:\Lab\process\26.3.9\frequency\4k\FFT_20260309172850.964484.csv
2026-03-27 12:29:23-INFO-[frequency_plots.py:108]-识别到 12 个通道
2026-03-27 12:29:23-INFO-[frequency_plots.py:81]-成功读取FFT数据: 539999 行, 12 个幅度通道, 12 个相位通道
2026-03-27 12:29:24-INFO-[frequency_plots.py:70]-正在读取FFT CSV文件: D:\Lab\process\26.3.9\frequency\4k\FFT_20260309172853.661670.csv
2026-03-27 12:29:26-INFO-[frequency_plots.py:108]-识别到 12 个通道
2026-03-27 12:29:26-INFO-[frequency_plots.py:81]-成功读取FFT数据: 539999 行, 12 个幅度通道, 12 个相位通道
2026-03-27 12:29:27-INFO-[frequency_plots.py:70]-正在读取FFT CSV文件: D:\Lab\process\26.3.9\frequency\4k\FFT_20260309172856.365958.csv
2026-03-27 12:29:30-INFO-[frequency_plots.py:108]-识别到 12 个通道
2026-03-27 12:29:30-INFO-[frequency_plots.py:81]-成功读取FFT数据: 539999 行, 12 个幅度通道, 12 个相位通道
2026-03-27 12:29:31-INFO-[frequency_plots.py:70]-正在读取FFT CSV文件: D:\Lab\process\26.3.9\frequency\4k\FFT_20260309172859.064864.csv
2026-03-27 12:29:34-INFO-[frequency_plots.py:108]-识别到 12 个通道
2026-03-27 12:29:34-INFO-[frequency_plots.py:81]-成功读取FFT数据: 539999 行, 12 个幅度通道, 12 个相位通道
2026-03-27 12:29:35-INFO-[frequency_plots.py:70]-正在读取FFT CSV文件: D:\Lab\process\26.3.9\frequency\4k\FFT_20260309172901.766059.csv
2026-03-27 12:29:37-INFO-[frequency_plots.py:108]-识别到 12 个通道
2026-03-27 12:29:37-INFO-[frequency_plots.py:81]-成功读取FFT数据: 539999 行, 12 个幅度通道, 12 个相位通道
2026-03-27 12:29:38-INFO-[frequency_plots.py:70]-正在读取FFT CSV文件: D:\Lab\process\26.3.9\frequency\4k\FFT_20260309172904.466852.csv
2026-03-27 12:29:41-INFO-[frequency_plots.py:108]-识别到 12 个通道
2026-03-27 12:29:41-INFO-[frequency_plots.py:81]-成功读取FFT数据: 539999 行, 12 个幅度通道, 12 个相位通道
2026-03-27 12:29:42-INFO-[frequency_plots.py:70]-正在读取FFT CSV文件: D:\Lab\process\26.3.9\frequency\4k\FFT_20260309172907.166952.csv
2026-03-27 12:29:44-INFO-[frequency_plots.py:108]-识别到 12 个通道
2026-03-27 12:29:44-INFO-[frequency_plots.py:81]-成功读取FFT数据: 539999 行, 12 个幅度通道, 12 个相位通道
2026-03-27 12:29:45-INFO-[frequency_plots.py:70]-正在读取FFT CSV文件: D:\Lab\process\26.3.9\frequency\4k\FFT_20260309172909.866322.csv
2026-03-27 12:29:47-INFO-[frequency_plots.py:108]-识别到 12 个通道
2026-03-27 12:29:47-INFO-[frequency_plots.py:81]-成功读取FFT数据: 539999 行, 12 个幅度通道, 12 个相位通道
2026-03-27 12:29:48-INFO-[frequency_plots.py:70]-正在读取FFT CSV文件: D:\Lab\process\26.3.9\frequency\4k\FFT_20260309172912.566757.csv
2026-03-27 12:29:49-INFO-[frequency_plots.py:108]-识别到 12 个通道
2026-03-27 12:29:49-INFO-[frequency_plots.py:81]-成功读取FFT数据: 539999 行, 12 个幅度通道, 12 个相位通道
2026-03-27 12:29:50-INFO-[frequency_plots.py:70]-正在读取FFT CSV文件: D:\Lab\process\26.3.9\frequency\4k\FFT_20260309172915.264995.csv
2026-03-27 12:29:51-INFO-[frequency_plots.py:108]-识别到 12 个通道
2026-03-27 12:29:51-INFO-[frequency_plots.py:81]-成功读取FFT数据: 539999 行, 12 个幅度通道, 12 个相位通道
2026-03-27 12:29:52-INFO-[frequency_plots.py:70]-正在读取FFT CSV文件: D:\Lab\process\26.3.9\frequency\4k\FFT_20260309172917.966221.csv
2026-03-27 12:29:53-INFO-[frequency_plots.py:108]-识别到 12 个通道
2026-03-27 12:29:53-INFO-[frequency_plots.py:81]-成功读取FFT数据: 539999 行, 12 个幅度通道, 12 个相位通道
2026-03-27 12:29:54-INFO-[frequency_plots.py:70]-正在读取FFT CSV文件: D:\Lab\process\26.3.9\frequency\4k\FFT_20260309172920.664635.csv
2026-03-27 12:29:55-INFO-[frequency_plots.py:108]-识别到 12 个通道
2026-03-27 12:29:55-INFO-[frequency_plots.py:81]-成功读取FFT数据: 539999 行, 12 个幅度通道, 12 个相位通道
2026-03-27 12:29:55-INFO-[frequency_plots.py:70]-正在读取FFT CSV文件: D:\Lab\process\26.3.9\frequency\4k\FFT_20260309172923.364761.csv
2026-03-27 12:29:57-INFO-[frequency_plots.py:108]-识别到 12 个通道
2026-03-27 12:29:57-INFO-[frequency_plots.py:81]-成功读取FFT数据: 539999 行, 12 个幅度通道, 12 个相位通道
2026-03-27 12:29:57-INFO-[frequency_plots.py:70]-正在读取FFT CSV文件: D:\Lab\process\26.3.9\frequency\4k\FFT_20260309172926.064459.csv
2026-03-27 12:29:58-INFO-[frequency_plots.py:108]-识别到 12 个通道
2026-03-27 12:29:58-INFO-[frequency_plots.py:81]-成功读取FFT数据: 539999 行, 12 个幅度通道, 12 个相位通道
2026-03-27 12:29:59-INFO-[frequency_plots.py:70]-正在读取FFT CSV文件: D:\Lab\process\26.3.9\frequency\4k\FFT_20260309172928.767801.csv
2026-03-27 12:30:00-INFO-[frequency_plots.py:108]-识别到 12 个通道
2026-03-27 12:30:00-INFO-[frequency_plots.py:81]-成功读取FFT数据: 539999 行, 12 个幅度通道, 12 个相位通道
2026-03-27 12:30:01-INFO-[frequency_plots.py:70]-正在读取FFT CSV文件: D:\Lab\process\26.3.9\frequency\4k\FFT_20260309172931.468228.csv
2026-03-27 12:30:02-INFO-[frequency_plots.py:108]-识别到 12 个通道
2026-03-27 12:30:02-INFO-[frequency_plots.py:81]-成功读取FFT数据: 539999 行, 12 个幅度通道, 12 个相位通道
2026-03-27 12:30:03-INFO-[frequency_plots.py:70]-正在读取FFT CSV文件: D:\Lab\process\26.3.9\frequency\4k\FFT_20260309172934.165986.csv
2026-03-27 12:30:04-INFO-[frequency_plots.py:108]-识别到 12 个通道
2026-03-27 12:30:04-INFO-[frequency_plots.py:81]-成功读取FFT数据: 539999 行, 12 个幅度通道, 12 个相位通道
2026-03-27 12:30:05-INFO-[frequency_plots.py:70]-正在读取FFT CSV文件: D:\Lab\process\26.3.9\frequency\4k\FFT_20260309172936.867580.csv
2026-03-27 12:30:06-INFO-[frequency_plots.py:108]-识别到 12 个通道
2026-03-27 12:30:06-INFO-[frequency_plots.py:81]-成功读取FFT数据: 539999 行, 12 个幅度通道, 12 个相位通道
2026-03-27 12:30:07-INFO-[frequency_plots.py:70]-正在读取FFT CSV文件: D:\Lab\process\26.3.9\frequency\4k\FFT_20260309172939.567028.csv
2026-03-27 12:30:08-INFO-[frequency_plots.py:108]-识别到 12 个通道
2026-03-27 12:30:08-INFO-[frequency_plots.py:81]-成功读取FFT数据: 539999 行, 12 个幅度通道, 12 个相位通道
2026-03-27 12:30:08-INFO-[frequency_plots.py:189]-??????????
2026-03-27 12:30:20-INFO-[frequency_plots.py:238]-?????????: D:\Lab\results\26.3.9\frequency\4k\group_amplitude_spectrum_1.png
2026-03-27 12:30:37-INFO-[frequency_plots.py:250]-?????????: D:\Lab\results\26.3.9\frequency\4k\group_amplitude_spectrum_2.png
2026-03-27 12:31:24-INFO-[frequency_plots.py:264]-?????????: D:\Lab\results\26.3.9\frequency\4k\group_amplitude_spectrum_3.png
2026-03-27 12:31:24-INFO-[frequency_plots.py:275]-??????????
2026-03-27 12:31:27-INFO-[frequency_plots.py:338]-?????????: D:\Lab\results\26.3.9\frequency\4k\group_phase_analysis.png
2026-03-27 12:31:27-INFO-[frequency_plots.py:349]-????????????
2026-03-27 12:31:28-INFO-[frequency_plots.py:404]-???????????: D:\Lab\results\26.3.9\frequency\4k\group_dominant_frequencies.png
2026-03-27 12:31:28-INFO-[frequency_plots.py:418]-?????????????
2026-03-27 12:31:28-INFO-[frequency_plots.py:70]-正在读取FFT CSV文件: D:\Lab\process\26.3.9\frequency\4k\FFT_20260309172848.266725.csv
2026-03-27 12:31:29-INFO-[frequency_plots.py:108]-识别到 12 个通道
2026-03-27 12:31:29-INFO-[frequency_plots.py:81]-成功读取FFT数据: 539999 行, 12 个幅度通道, 12 个相位通道
2026-03-27 12:31:29-INFO-[frequency_plots.py:70]-正在读取FFT CSV文件: D:\Lab\process\26.3.9\frequency\4k\FFT_20260309172848.266725.csv
2026-03-27 12:31:30-INFO-[frequency_plots.py:108]-识别到 12 个通道
2026-03-27 12:31:30-INFO-[frequency_plots.py:81]-成功读取FFT数据: 539999 行, 12 个幅度通道, 12 个相位通道
2026-03-27 12:31:30-INFO-[frequency_plots.py:70]-正在读取FFT CSV文件: D:\Lab\process\26.3.9\frequency\4k\FFT_20260309172850.964484.csv
2026-03-27 12:31:32-INFO-[frequency_plots.py:108]-识别到 12 个通道
2026-03-27 12:31:32-INFO-[frequency_plots.py:81]-成功读取FFT数据: 539999 行, 12 个幅度通道, 12 个相位通道
2026-03-27 12:31:32-INFO-[frequency_plots.py:70]-正在读取FFT CSV文件: D:\Lab\process\26.3.9\frequency\4k\FFT_20260309172853.661670.csv
2026-03-27 12:31:33-INFO-[frequency_plots.py:108]-识别到 12 个通道
2026-03-27 12:31:33-INFO-[frequency_plots.py:81]-成功读取FFT数据: 539999 行, 12 个幅度通道, 12 个相位通道
2026-03-27 12:31:33-INFO-[frequency_plots.py:70]-正在读取FFT CSV文件: D:\Lab\process\26.3.9\frequency\4k\FFT_20260309172856.365958.csv
2026-03-27 12:31:34-INFO-[frequency_plots.py:108]-识别到 12 个通道
2026-03-27 12:31:34-INFO-[frequency_plots.py:81]-成功读取FFT数据: 539999 行, 12 个幅度通道, 12 个相位通道
2026-03-27 12:31:34-INFO-[frequency_plots.py:70]-正在读取FFT CSV文件: D:\Lab\process\26.3.9\frequency\4k\FFT_20260309172859.064864.csv
2026-03-27 12:31:35-INFO-[frequency_plots.py:108]-识别到 12 个通道
2026-03-27 12:31:35-INFO-[frequency_plots.py:81]-成功读取FFT数据: 539999 行, 12 个幅度通道, 12 个相位通道
2026-03-27 12:31:35-INFO-[frequency_plots.py:70]-正在读取FFT CSV文件: D:\Lab\process\26.3.9\frequency\4k\FFT_20260309172901.766059.csv
2026-03-27 12:31:36-INFO-[frequency_plots.py:108]-识别到 12 个通道
2026-03-27 12:31:36-INFO-[frequency_plots.py:81]-成功读取FFT数据: 539999 行, 12 个幅度通道, 12 个相位通道
2026-03-27 12:31:36-INFO-[frequency_plots.py:70]-正在读取FFT CSV文件: D:\Lab\process\26.3.9\frequency\4k\FFT_20260309172904.466852.csv
2026-03-27 12:31:38-INFO-[frequency_plots.py:108]-识别到 12 个通道
2026-03-27 12:31:38-INFO-[frequency_plots.py:81]-成功读取FFT数据: 539999 行, 12 个幅度通道, 12 个相位通道
2026-03-27 12:31:38-INFO-[frequency_plots.py:70]-正在读取FFT CSV文件: D:\Lab\process\26.3.9\frequency\4k\FFT_20260309172907.166952.csv
2026-03-27 12:31:39-INFO-[frequency_plots.py:108]-识别到 12 个通道
2026-03-27 12:31:39-INFO-[frequency_plots.py:81]-成功读取FFT数据: 539999 行, 12 个幅度通道, 12 个相位通道
2026-03-27 12:31:39-INFO-[frequency_plots.py:70]-正在读取FFT CSV文件: D:\Lab\process\26.3.9\frequency\4k\FFT_20260309172909.866322.csv
2026-03-27 12:31:40-INFO-[frequency_plots.py:108]-识别到 12 个通道
2026-03-27 12:31:40-INFO-[frequency_plots.py:81]-成功读取FFT数据: 539999 行, 12 个幅度通道, 12 个相位通道
2026-03-27 12:31:40-INFO-[frequency_plots.py:70]-正在读取FFT CSV文件: D:\Lab\process\26.3.9\frequency\4k\FFT_20260309172912.566757.csv
2026-03-27 12:31:41-INFO-[frequency_plots.py:108]-识别到 12 个通道
2026-03-27 12:31:41-INFO-[frequency_plots.py:81]-成功读取FFT数据: 539999 行, 12 个幅度通道, 12 个相位通道
2026-03-27 12:31:41-INFO-[frequency_plots.py:70]-正在读取FFT CSV文件: D:\Lab\process\26.3.9\frequency\4k\FFT_20260309172915.264995.csv
2026-03-27 12:31:42-INFO-[frequency_plots.py:108]-识别到 12 个通道
2026-03-27 12:31:42-INFO-[frequency_plots.py:81]-成功读取FFT数据: 539999 行, 12 个幅度通道, 12 个相位通道
2026-03-27 12:31:42-INFO-[frequency_plots.py:70]-正在读取FFT CSV文件: D:\Lab\process\26.3.9\frequency\4k\FFT_20260309172917.966221.csv
2026-03-27 12:31:44-INFO-[frequency_plots.py:108]-识别到 12 个通道
2026-03-27 12:31:44-INFO-[frequency_plots.py:81]-成功读取FFT数据: 539999 行, 12 个幅度通道, 12 个相位通道
2026-03-27 12:31:44-INFO-[frequency_plots.py:70]-正在读取FFT CSV文件: D:\Lab\process\26.3.9\frequency\4k\FFT_20260309172920.664635.csv
2026-03-27 12:31:45-INFO-[frequency_plots.py:108]-识别到 12 个通道
2026-03-27 12:31:45-INFO-[frequency_plots.py:81]-成功读取FFT数据: 539999 行, 12 个幅度通道, 12 个相位通道
2026-03-27 12:31:45-INFO-[frequency_plots.py:70]-正在读取FFT CSV文件: D:\Lab\process\26.3.9\frequency\4k\FFT_20260309172923.364761.csv
2026-03-27 12:31:46-INFO-[frequency_plots.py:108]-识别到 12 个通道
2026-03-27 12:31:46-INFO-[frequency_plots.py:81]-成功读取FFT数据: 539999 行, 12 个幅度通道, 12 个相位通道
2026-03-27 12:31:46-INFO-[frequency_plots.py:70]-正在读取FFT CSV文件: D:\Lab\process\26.3.9\frequency\4k\FFT_20260309172926.064459.csv
2026-03-27 12:31:47-INFO-[frequency_plots.py:108]-识别到 12 个通道
2026-03-27 12:31:47-INFO-[frequency_plots.py:81]-成功读取FFT数据: 539999 行, 12 个幅度通道, 12 个相位通道
2026-03-27 12:31:47-INFO-[frequency_plots.py:70]-正在读取FFT CSV文件: D:\Lab\process\26.3.9\frequency\4k\FFT_20260309172928.767801.csv
2026-03-27 12:31:48-INFO-[frequency_plots.py:108]-识别到 12 个通道
2026-03-27 12:31:48-INFO-[frequency_plots.py:81]-成功读取FFT数据: 539999 行, 12 个幅度通道, 12 个相位通道
2026-03-27 12:31:48-INFO-[frequency_plots.py:70]-正在读取FFT CSV文件: D:\Lab\process\26.3.9\frequency\4k\FFT_20260309172931.468228.csv
2026-03-27 12:31:50-INFO-[frequency_plots.py:108]-识别到 12 个通道
2026-03-27 12:31:50-INFO-[frequency_plots.py:81]-成功读取FFT数据: 539999 行, 12 个幅度通道, 12 个相位通道
2026-03-27 12:31:50-INFO-[frequency_plots.py:70]-正在读取FFT CSV文件: D:\Lab\process\26.3.9\frequency\4k\FFT_20260309172934.165986.csv
2026-03-27 12:31:51-INFO-[frequency_plots.py:108]-识别到 12 个通道
2026-03-27 12:31:51-INFO-[frequency_plots.py:81]-成功读取FFT数据: 539999 行, 12 个幅度通道, 12 个相位通道
2026-03-27 12:31:51-INFO-[frequency_plots.py:70]-正在读取FFT CSV文件: D:\Lab\process\26.3.9\frequency\4k\FFT_20260309172936.867580.csv
2026-03-27 12:31:52-INFO-[frequency_plots.py:108]-识别到 12 个通道
2026-03-27 12:31:52-INFO-[frequency_plots.py:81]-成功读取FFT数据: 539999 行, 12 个幅度通道, 12 个相位通道
2026-03-27 12:31:52-INFO-[frequency_plots.py:70]-正在读取FFT CSV文件: D:\Lab\process\26.3.9\frequency\4k\FFT_20260309172939.567028.csv
2026-03-27 12:31:53-INFO-[frequency_plots.py:108]-识别到 12 个通道
2026-03-27 12:31:53-INFO-[frequency_plots.py:81]-成功读取FFT数据: 539999 行, 12 个幅度通道, 12 个相位通道
2026-03-27 12:31:55-INFO-[frequency_plots.py:489]-????????????: D:\Lab\results\26.3.9\frequency\4k\group_stability_analysis.png
2026-03-27 12:31:55-INFO-[frequency_plots.py:512]-????????????
2026-03-27 12:31:56-INFO-[frequency_plots.py:565]-???????????: D:\Lab\results\26.3.9\frequency\4k\group_feature_frequencies.png
2026-03-27 12:31:56-INFO-[frequency_plots.py:625]-开始生成组分析报告
2026-03-27 12:31:56-INFO-[frequency_plots.py:751]-组分析报告已保存: D:\Lab\results\26.3.9\frequency\4k\frequency_plots_report.json
2026-03-27 12:31:56-INFO-[frequency_plots.py:866]-FFT组分析完成: 4k
2026-03-27 12:31:56-INFO-[frequency_plots.py:956]-FFT分析完成! 成功分析 3 个组
2026-03-27 12:31:56-INFO-[frequency_plots.py:957]-总体报告: D:\Lab\results\26.3.9\frequency\fft_analysis_summary.json
2026-03-27 12:31:56-INFO-[main.py:68]------------------------------执行完成-----------------------------
