2025-11-24 16:22:40-INFO-[main.py:33]--------------------------启动数据分析系统-------------------------
2025-11-24 16:22:40-INFO-[file_utils.py:39]-paths.yaml 生成成功: C:\Users\17584\Documents\ALearning\Project\tools\DataProcess\config\paths.yaml
2025-11-24 16:22:40-INFO-[tdms_reader_time.py:40]-配置文件加载成功: C:\Users\17584\Documents\ALearning\Project\tools\DataProcess\config\paths.yaml
2025-11-24 16:22:40-INFO-[tdms_reader_time.py:178]-原始数据目录: D:/Lab/raw/2025.11.24
2025-11-24 16:22:40-INFO-[tdms_reader_time.py:179]-输出目录: D:/Lab/process/2025.11.24/time
2025-11-24 16:22:40-INFO-[tdms_reader_time.py:191]-找到 31 个TDMS文件
2025-11-24 16:23:55-INFO-[tdms_reader_time.py:195]-所有文件处理完成
2025-11-24 16:23:55-INFO-[tdms_reader_frequency.py:41]-配置文件加载成功: C:\Users\17584\Documents\ALearning\Project\tools\DataProcess\config\paths.yaml
2025-11-24 16:23:55-INFO-[tdms_reader_frequency.py:188]-输入数据目录: D:/Lab/process/2025.11.24/time
2025-11-24 16:23:55-INFO-[tdms_reader_frequency.py:189]-输出目录: D:/Lab/process/2025.11.24/frequency
2025-11-24 16:23:55-INFO-[tdms_reader_frequency.py:202]-找到 31 个CSV文件
2025-11-24 16:23:55-INFO-[tdms_reader_frequency.py:205]-开始并行处理文件...
2025-11-24 16:24:01-INFO-[tdms_reader_frequency.py:76]-开始处理文件: D:/Lab/process/2025.11.24/time\cross-phase-transition\20251124155425.109285.csv
2025-11-24 16:24:01-INFO-[tdms_reader_frequency.py:76]-开始处理文件: D:/Lab/process/2025.11.24/time\cross-phase-transition\20251124155431.509039.csv
2025-11-24 16:24:01-INFO-[tdms_reader_frequency.py:84]-使用元数据采样率: 50000 Hz
2025-11-24 16:24:01-INFO-[tdms_reader_frequency.py:84]-使用元数据采样率: 50000 Hz
2025-11-24 16:24:01-INFO-[tdms_reader_frequency.py:84]-使用元数据采样率: 50000 Hz
2025-11-24 16:24:01-INFO-[tdms_reader_frequency.py:76]-开始处理文件: D:/Lab/process/2025.11.24/time\cross-phase-transition\20251124155434.708630.csv
2025-11-24 16:24:01-INFO-[tdms_reader_frequency.py:76]-开始处理文件: D:/Lab/process/2025.11.24/time\cross-phase-transition\20251124155437.909330.csv
2025-11-24 16:24:01-INFO-[tdms_reader_frequency.py:76]-开始处理文件: D:/Lab/process/2025.11.24/time\cross-phase-transition\20251124155441.108611.csv
2025-11-24 16:24:01-INFO-[tdms_reader_frequency.py:84]-使用元数据采样率: 50000 Hz
2025-11-24 16:24:01-INFO-[tdms_reader_frequency.py:76]-开始处理文件: D:/Lab/process/2025.11.24/time\cross-phase-transition\20251124155444.307134.csv
2025-11-24 16:24:01-INFO-[tdms_reader_frequency.py:84]-使用元数据采样率: 50000 Hz
2025-11-24 16:24:01-INFO-[tdms_reader_frequency.py:84]-使用元数据采样率: 50000 Hz
2025-11-24 16:24:01-INFO-[tdms_reader_frequency.py:84]-使用元数据采样率: 50000 Hz
2025-11-24 16:24:01-INFO-[tdms_reader_frequency.py:76]-开始处理文件: D:/Lab/process/2025.11.24/time\cross-phase-transition\20251124155447.506790.csv
2025-11-24 16:24:01-INFO-[tdms_reader_frequency.py:84]-使用元数据采样率: 50000 Hz
2025-11-24 16:24:01-INFO-[tdms_reader_frequency.py:76]-开始处理文件: D:/Lab/process/2025.11.24/time\cross-phase-transition\20251124155450.708379.csv
2025-11-24 16:24:01-INFO-[tdms_reader_frequency.py:84]-使用元数据采样率: 50000 Hz
2025-11-24 16:24:01-INFO-[tdms_reader_frequency.py:76]-开始处理文件: D:/Lab/process/2025.11.24/time\cross-phase-transition\20251124155453.907783.csv
2025-11-24 16:24:01-INFO-[tdms_reader_frequency.py:76]-开始处理文件: D:/Lab/process/2025.11.24/time\cross-phase-transition\20251124155457.108864.csv
2025-11-24 16:24:01-INFO-[tdms_reader_frequency.py:76]-开始处理文件: D:/Lab/process/2025.11.24/time\cross-phase-transition\20251124155506.709558.csv
2025-11-24 16:24:01-INFO-[tdms_reader_frequency.py:76]-开始处理文件: D:/Lab/process/2025.11.24/time\cross-phase-transition\20251124155509.908605.csv
2025-11-24 16:24:01-INFO-[tdms_reader_frequency.py:76]-开始处理文件: D:/Lab/process/2025.11.24/time\cross-phase-transition\20251124155513.109141.csv
2025-11-24 16:24:01-INFO-[tdms_reader_frequency.py:76]-开始处理文件: D:/Lab/process/2025.11.24/time\cross-phase-transition\20251124155503.508866.csv
2025-11-24 16:24:01-INFO-[tdms_reader_frequency.py:76]-开始处理文件: D:/Lab/process/2025.11.24/time\cross-phase-transition\20251124155500.309022.csv
2025-11-24 16:24:01-INFO-[tdms_reader_frequency.py:76]-开始处理文件: D:/Lab/process/2025.11.24/time\cross-phase-transition\20251124155516.310143.csv
2025-11-24 16:24:01-INFO-[tdms_reader_frequency.py:76]-开始处理文件: D:/Lab/process/2025.11.24/time\cross-phase-transition\20251124155519.510852.csv
2025-11-24 16:24:01-INFO-[tdms_reader_frequency.py:76]-开始处理文件: D:/Lab/process/2025.11.24/time\cross-phase-transition\20251124155522.712351.csv
2025-11-24 16:24:01-INFO-[tdms_reader_frequency.py:76]-开始处理文件: D:/Lab/process/2025.11.24/time\cross-phase-transition\20251124155525.909389.csv
2025-11-24 16:24:01-INFO-[tdms_reader_frequency.py:76]-开始处理文件: D:/Lab/process/2025.11.24/time\cross-phase-transition\20251124155529.111850.csv
2025-11-24 16:24:01-INFO-[tdms_reader_frequency.py:76]-开始处理文件: D:/Lab/process/2025.11.24/time\cross-phase-transition\20251124155535.510158.csv
2025-11-24 16:24:01-INFO-[tdms_reader_frequency.py:76]-开始处理文件: D:/Lab/process/2025.11.24/time\cross-phase-transition\20251124155538.714568.csv
2025-11-24 16:24:01-INFO-[tdms_reader_frequency.py:84]-使用元数据采样率: 50000 Hz
2025-11-24 16:24:01-INFO-[tdms_reader_frequency.py:84]-使用元数据采样率: 50000 Hz
2025-11-24 16:24:01-INFO-[tdms_reader_frequency.py:84]-使用元数据采样率: 50000 Hz
2025-11-24 16:24:01-INFO-[tdms_reader_frequency.py:84]-使用元数据采样率: 50000 Hz
2025-11-24 16:24:01-INFO-[tdms_reader_frequency.py:84]-使用元数据采样率: 50000 Hz
2025-11-24 16:24:01-INFO-[tdms_reader_frequency.py:84]-使用元数据采样率: 50000 Hz
2025-11-24 16:24:01-INFO-[tdms_reader_frequency.py:84]-使用元数据采样率: 50000 Hz
2025-11-24 16:24:01-INFO-[tdms_reader_frequency.py:84]-使用元数据采样率: 50000 Hz
2025-11-24 16:24:01-INFO-[tdms_reader_frequency.py:84]-使用元数据采样率: 50000 Hz
2025-11-24 16:24:01-INFO-[tdms_reader_frequency.py:84]-使用元数据采样率: 50000 Hz
2025-11-24 16:24:01-INFO-[tdms_reader_frequency.py:84]-使用元数据采样率: 50000 Hz
2025-11-24 16:24:01-INFO-[tdms_reader_frequency.py:84]-使用元数据采样率: 50000 Hz
2025-11-24 16:24:01-INFO-[tdms_reader_frequency.py:84]-使用元数据采样率: 50000 Hz
2025-11-24 16:24:01-INFO-[tdms_reader_frequency.py:84]-使用元数据采样率: 50000 Hz
2025-11-24 16:24:01-INFO-[tdms_reader_frequency.py:84]-使用元数据采样率: 50000 Hz
2025-11-24 16:24:01-INFO-[tdms_reader_frequency.py:76]-开始处理文件: D:/Lab/process/2025.11.24/time\cross-phase-transition\20251124155541.912428.csv
2025-11-24 16:24:01-INFO-[tdms_reader_frequency.py:76]-开始处理文件: D:/Lab/process/2025.11.24/time\cross-phase-transition\20251124155545.113352.csv
2025-11-24 16:24:01-INFO-[tdms_reader_frequency.py:76]-开始处理文件: D:/Lab/process/2025.11.24/time\cross-phase-transition\20251124155548.314151.csv
2025-11-24 16:24:01-INFO-[tdms_reader_frequency.py:84]-使用元数据采样率: 50000 Hz
2025-11-24 16:24:01-INFO-[tdms_reader_frequency.py:84]-使用元数据采样率: 50000 Hz
2025-11-24 16:24:01-INFO-[tdms_reader_frequency.py:76]-开始处理文件: D:/Lab/process/2025.11.24/time\cross-phase-transition\20251124155551.514500.csv
2025-11-24 16:24:01-INFO-[tdms_reader_frequency.py:84]-使用元数据采样率: 50000 Hz
2025-11-24 16:24:01-INFO-[tdms_reader_frequency.py:84]-使用元数据采样率: 50000 Hz
2025-11-24 16:24:04-INFO-[tdms_reader_frequency.py:91]-成功读取文件: 20251124155441.108611.csv, 数据长度: 1600000
2025-11-24 16:24:04-INFO-[tdms_reader_frequency.py:91]-成功读取文件: 20251124155434.708630.csv, 数据长度: 1600000
2025-11-24 16:24:04-INFO-[tdms_reader_frequency.py:91]-成功读取文件: 20251124155506.709558.csv, 数据长度: 1600000
2025-11-24 16:24:04-INFO-[tdms_reader_frequency.py:91]-成功读取文件: 20251124155548.314151.csv, 数据长度: 1600000
2025-11-24 16:24:04-INFO-[tdms_reader_frequency.py:91]-成功读取文件: 20251124155450.708379.csv, 数据长度: 1600000
2025-11-24 16:24:05-INFO-[tdms_reader_frequency.py:101]-处理文件: 20251124155441.108611.csv, 通道数: 8
2025-11-24 16:24:05-INFO-[tdms_reader_frequency.py:91]-成功读取文件: 20251124155444.307134.csv, 数据长度: 1600000
2025-11-24 16:24:05-INFO-[tdms_reader_frequency.py:91]-成功读取文件: 20251124155529.111850.csv, 数据长度: 1600000
2025-11-24 16:24:05-INFO-[tdms_reader_frequency.py:91]-成功读取文件: 20251124155447.506790.csv, 数据长度: 1600000
2025-11-24 16:24:05-INFO-[tdms_reader_frequency.py:91]-成功读取文件: 20251124155522.712351.csv, 数据长度: 1600000
2025-11-24 16:24:05-INFO-[tdms_reader_frequency.py:91]-成功读取文件: 20251124155525.909389.csv, 数据长度: 1600000
2025-11-24 16:24:05-INFO-[tdms_reader_frequency.py:101]-处理文件: 20251124155506.709558.csv, 通道数: 8
2025-11-24 16:24:05-INFO-[tdms_reader_frequency.py:101]-处理文件: 20251124155548.314151.csv, 通道数: 8
2025-11-24 16:24:05-INFO-[tdms_reader_frequency.py:101]-处理文件: 20251124155450.708379.csv, 通道数: 8
2025-11-24 16:24:05-INFO-[tdms_reader_frequency.py:101]-处理文件: 20251124155434.708630.csv, 通道数: 8
2025-11-24 16:24:05-INFO-[tdms_reader_frequency.py:91]-成功读取文件: 20251124155513.109141.csv, 数据长度: 1600000
2025-11-24 16:24:05-INFO-[tdms_reader_frequency.py:101]-处理文件: 20251124155522.712351.csv, 通道数: 8
2025-11-24 16:24:05-INFO-[tdms_reader_frequency.py:101]-处理文件: 20251124155447.506790.csv, 通道数: 8
2025-11-24 16:24:05-INFO-[tdms_reader_frequency.py:101]-处理文件: 20251124155529.111850.csv, 通道数: 8
2025-11-24 16:24:05-INFO-[tdms_reader_frequency.py:101]-处理文件: 20251124155444.307134.csv, 通道数: 8
2025-11-24 16:24:05-INFO-[tdms_reader_frequency.py:101]-处理文件: 20251124155525.909389.csv, 通道数: 8
2025-11-24 16:24:05-INFO-[tdms_reader_frequency.py:91]-成功读取文件: 20251124155431.509039.csv, 数据长度: 1600000
2025-11-24 16:24:05-INFO-[tdms_reader_frequency.py:91]-成功读取文件: 20251124155519.510852.csv, 数据长度: 1600000
2025-11-24 16:24:05-INFO-[tdms_reader_frequency.py:91]-成功读取文件: 20251124155457.108864.csv, 数据长度: 1600000
2025-11-24 16:24:05-INFO-[tdms_reader_frequency.py:91]-成功读取文件: 20251124155503.508866.csv, 数据长度: 1600000
2025-11-24 16:24:05-INFO-[tdms_reader_frequency.py:91]-成功读取文件: 20251124155532.310142.csv, 数据长度: 1600000
2025-11-24 16:24:05-INFO-[tdms_reader_frequency.py:91]-成功读取文件: 20251124155535.510158.csv, 数据长度: 1600000
2025-11-24 16:24:05-INFO-[tdms_reader_frequency.py:101]-处理文件: 20251124155513.109141.csv, 通道数: 8
2025-11-24 16:24:05-INFO-[tdms_reader_frequency.py:91]-成功读取文件: 20251124155428.308953.csv, 数据长度: 1600000
2025-11-24 16:24:05-INFO-[tdms_reader_frequency.py:91]-成功读取文件: 20251124155545.113352.csv, 数据长度: 1600000
2025-11-24 16:24:05-INFO-[tdms_reader_frequency.py:91]-成功读取文件: 20251124155437.909330.csv, 数据长度: 1600000
2025-11-24 16:24:05-INFO-[tdms_reader_frequency.py:91]-成功读取文件: 20251124155500.309022.csv, 数据长度: 1600000
2025-11-24 16:24:05-INFO-[tdms_reader_frequency.py:101]-处理文件: 20251124155500.309022.csv, 通道数: 8
2025-11-24 16:24:05-INFO-[tdms_reader_frequency.py:91]-成功读取文件: 20251124155425.109285.csv, 数据长度: 1600000
2025-11-24 16:24:05-INFO-[tdms_reader_frequency.py:91]-成功读取文件: 20251124155509.908605.csv, 数据长度: 1600000
2025-11-24 16:24:05-INFO-[tdms_reader_frequency.py:101]-处理文件: 20251124155431.509039.csv, 通道数: 8
2025-11-24 16:24:05-INFO-[tdms_reader_frequency.py:91]-成功读取文件: 20251124155541.912428.csv, 数据长度: 1600000
2025-11-24 16:24:05-INFO-[tdms_reader_frequency.py:91]-成功读取文件: 20251124155453.907783.csv, 数据长度: 1600000
2025-11-24 16:24:05-INFO-[tdms_reader_frequency.py:101]-处理文件: 20251124155457.108864.csv, 通道数: 8
2025-11-24 16:24:05-INFO-[tdms_reader_frequency.py:91]-成功读取文件: 20251124155551.514500.csv, 数据长度: 1600000
2025-11-24 16:24:05-INFO-[tdms_reader_frequency.py:101]-处理文件: 20251124155535.510158.csv, 通道数: 8
2025-11-24 16:24:05-INFO-[tdms_reader_frequency.py:101]-处理文件: 20251124155532.310142.csv, 通道数: 8
2025-11-24 16:24:05-INFO-[tdms_reader_frequency.py:101]-处理文件: 20251124155428.308953.csv, 通道数: 8
2025-11-24 16:24:05-INFO-[tdms_reader_frequency.py:101]-处理文件: 20251124155545.113352.csv, 通道数: 8
2025-11-24 16:24:05-INFO-[tdms_reader_frequency.py:101]-处理文件: 20251124155425.109285.csv, 通道数: 8
2025-11-24 16:24:05-INFO-[tdms_reader_frequency.py:101]-处理文件: 20251124155519.510852.csv, 通道数: 8
2025-11-24 16:24:05-INFO-[tdms_reader_frequency.py:101]-处理文件: 20251124155541.912428.csv, 通道数: 8
2025-11-24 16:24:05-INFO-[tdms_reader_frequency.py:101]-处理文件: 20251124155453.907783.csv, 通道数: 8
2025-11-24 16:24:05-INFO-[tdms_reader_frequency.py:101]-处理文件: 20251124155437.909330.csv, 通道数: 8
2025-11-24 16:24:05-INFO-[tdms_reader_frequency.py:101]-处理文件: 20251124155551.514500.csv, 通道数: 8
2025-11-24 16:24:05-INFO-[tdms_reader_frequency.py:101]-处理文件: 20251124155503.508866.csv, 通道数: 8
2025-11-24 16:24:06-INFO-[tdms_reader_frequency.py:91]-成功读取文件: 20251124155538.714568.csv, 数据长度: 1600000
2025-11-24 16:24:06-INFO-[tdms_reader_frequency.py:101]-处理文件: 20251124155538.714568.csv, 通道数: 8
2025-11-24 16:24:06-INFO-[tdms_reader_frequency.py:91]-成功读取文件: 20251124155516.310143.csv, 数据长度: 1600000
2025-11-24 16:24:06-INFO-[tdms_reader_frequency.py:101]-处理文件: 20251124155516.310143.csv, 通道数: 8
2025-11-24 16:24:17-INFO-[tdms_reader_frequency.py:147]-  已写入 100000/799999 行FFT数据
2025-11-24 16:24:18-INFO-[tdms_reader_frequency.py:147]-  已写入 100000/799999 行FFT数据
2025-11-24 16:24:18-INFO-[tdms_reader_frequency.py:147]-  已写入 100000/799999 行FFT数据
2025-11-24 16:24:18-INFO-[tdms_reader_frequency.py:147]-  已写入 100000/799999 行FFT数据
2025-11-24 16:24:18-INFO-[tdms_reader_frequency.py:147]-  已写入 100000/799999 行FFT数据
2025-11-24 16:24:18-INFO-[tdms_reader_frequency.py:147]-  已写入 100000/799999 行FFT数据
2025-11-24 16:24:18-INFO-[tdms_reader_frequency.py:147]-  已写入 100000/799999 行FFT数据
2025-11-24 16:24:18-INFO-[tdms_reader_frequency.py:147]-  已写入 100000/799999 行FFT数据
2025-11-24 16:24:18-INFO-[tdms_reader_frequency.py:147]-  已写入 100000/799999 行FFT数据
2025-11-24 16:24:18-INFO-[tdms_reader_frequency.py:147]-  已写入 100000/799999 行FFT数据
2025-11-24 16:24:18-INFO-[tdms_reader_frequency.py:147]-  已写入 100000/799999 行FFT数据
2025-11-24 16:24:18-INFO-[tdms_reader_frequency.py:147]-  已写入 100000/799999 行FFT数据
2025-11-24 16:24:18-INFO-[tdms_reader_frequency.py:147]-  已写入 100000/799999 行FFT数据
2025-11-24 16:24:18-INFO-[tdms_reader_frequency.py:147]-  已写入 100000/799999 行FFT数据
2025-11-24 16:24:19-INFO-[tdms_reader_frequency.py:147]-  已写入 100000/799999 行FFT数据
2025-11-24 16:24:19-INFO-[tdms_reader_frequency.py:147]-  已写入 100000/799999 行FFT数据
2025-11-24 16:24:19-INFO-[tdms_reader_frequency.py:147]-  已写入 100000/799999 行FFT数据
2025-11-24 16:24:19-INFO-[tdms_reader_frequency.py:147]-  已写入 100000/799999 行FFT数据
2025-11-24 16:24:19-INFO-[tdms_reader_frequency.py:147]-  已写入 100000/799999 行FFT数据
2025-11-24 16:24:22-INFO-[tdms_reader_frequency.py:147]-  已写入 100000/799999 行FFT数据
2025-11-24 16:24:22-INFO-[tdms_reader_frequency.py:147]-  已写入 100000/799999 行FFT数据
2025-11-24 16:24:22-INFO-[tdms_reader_frequency.py:147]-  已写入 100000/799999 行FFT数据
2025-11-24 16:24:22-INFO-[tdms_reader_frequency.py:147]-  已写入 100000/799999 行FFT数据
2025-11-24 16:24:22-INFO-[tdms_reader_frequency.py:147]-  已写入 100000/799999 行FFT数据
2025-11-24 16:24:22-INFO-[tdms_reader_frequency.py:147]-  已写入 100000/799999 行FFT数据
2025-11-24 16:24:22-INFO-[tdms_reader_frequency.py:147]-  已写入 100000/799999 行FFT数据
2025-11-24 16:24:22-INFO-[tdms_reader_frequency.py:147]-  已写入 100000/799999 行FFT数据
2025-11-24 16:24:23-INFO-[tdms_reader_frequency.py:147]-  已写入 100000/799999 行FFT数据
2025-11-24 16:24:26-INFO-[tdms_reader_frequency.py:147]-  已写入 200000/799999 行FFT数据
2025-11-24 16:24:26-INFO-[tdms_reader_frequency.py:147]-  已写入 200000/799999 行FFT数据
2025-11-24 16:24:26-INFO-[tdms_reader_frequency.py:147]-  已写入 200000/799999 行FFT数据
2025-11-24 16:24:26-INFO-[tdms_reader_frequency.py:147]-  已写入 200000/799999 行FFT数据
2025-11-24 16:24:26-INFO-[tdms_reader_frequency.py:147]-  已写入 200000/799999 行FFT数据
2025-11-24 16:24:26-INFO-[tdms_reader_frequency.py:147]-  已写入 200000/799999 行FFT数据
2025-11-24 16:24:27-INFO-[tdms_reader_frequency.py:147]-  已写入 200000/799999 行FFT数据
2025-11-24 16:24:27-INFO-[tdms_reader_frequency.py:147]-  已写入 200000/799999 行FFT数据
2025-11-24 16:24:27-INFO-[tdms_reader_frequency.py:147]-  已写入 200000/799999 行FFT数据
2025-11-24 16:24:27-INFO-[tdms_reader_frequency.py:147]-  已写入 200000/799999 行FFT数据
2025-11-24 16:24:27-INFO-[tdms_reader_frequency.py:147]-  已写入 200000/799999 行FFT数据
2025-11-24 16:24:27-INFO-[tdms_reader_frequency.py:147]-  已写入 200000/799999 行FFT数据
2025-11-24 16:24:27-INFO-[tdms_reader_frequency.py:147]-  已写入 200000/799999 行FFT数据
2025-11-24 16:24:27-INFO-[tdms_reader_frequency.py:147]-  已写入 200000/799999 行FFT数据
2025-11-24 16:24:27-INFO-[tdms_reader_frequency.py:147]-  已写入 200000/799999 行FFT数据
2025-11-24 16:24:27-INFO-[tdms_reader_frequency.py:147]-  已写入 200000/799999 行FFT数据
2025-11-24 16:24:27-INFO-[tdms_reader_frequency.py:147]-  已写入 200000/799999 行FFT数据
2025-11-24 16:24:27-INFO-[tdms_reader_frequency.py:147]-  已写入 200000/799999 行FFT数据
2025-11-24 16:24:27-INFO-[tdms_reader_frequency.py:147]-  已写入 200000/799999 行FFT数据
2025-11-24 16:24:28-INFO-[tdms_reader_frequency.py:147]-  已写入 200000/799999 行FFT数据
2025-11-24 16:24:28-INFO-[tdms_reader_frequency.py:147]-  已写入 200000/799999 行FFT数据
2025-11-24 16:24:28-INFO-[tdms_reader_frequency.py:147]-  已写入 200000/799999 行FFT数据
2025-11-24 16:24:28-INFO-[tdms_reader_frequency.py:147]-  已写入 200000/799999 行FFT数据
2025-11-24 16:24:28-INFO-[tdms_reader_frequency.py:147]-  已写入 200000/799999 行FFT数据
2025-11-24 16:24:28-INFO-[tdms_reader_frequency.py:147]-  已写入 200000/799999 行FFT数据
2025-11-24 16:24:29-INFO-[tdms_reader_frequency.py:147]-  已写入 200000/799999 行FFT数据
2025-11-24 16:24:29-INFO-[tdms_reader_frequency.py:147]-  已写入 200000/799999 行FFT数据
2025-11-24 16:24:29-INFO-[tdms_reader_frequency.py:147]-  已写入 200000/799999 行FFT数据
2025-11-24 16:24:34-INFO-[tdms_reader_frequency.py:147]-  已写入 300000/799999 行FFT数据
2025-11-24 16:24:34-INFO-[tdms_reader_frequency.py:147]-  已写入 300000/799999 行FFT数据
2025-11-24 16:24:34-INFO-[tdms_reader_frequency.py:147]-  已写入 300000/799999 行FFT数据
2025-11-24 16:24:34-INFO-[tdms_reader_frequency.py:147]-  已写入 300000/799999 行FFT数据
2025-11-24 16:24:34-INFO-[tdms_reader_frequency.py:147]-  已写入 300000/799999 行FFT数据
2025-11-24 16:24:34-INFO-[tdms_reader_frequency.py:147]-  已写入 300000/799999 行FFT数据
2025-11-24 16:24:35-INFO-[tdms_reader_frequency.py:147]-  已写入 300000/799999 行FFT数据
2025-11-24 16:24:35-INFO-[tdms_reader_frequency.py:147]-  已写入 300000/799999 行FFT数据
2025-11-24 16:24:35-INFO-[tdms_reader_frequency.py:147]-  已写入 300000/799999 行FFT数据
2025-11-24 16:24:35-INFO-[tdms_reader_frequency.py:147]-  已写入 300000/799999 行FFT数据
2025-11-24 16:24:35-INFO-[tdms_reader_frequency.py:147]-  已写入 300000/799999 行FFT数据
2025-11-24 16:24:35-INFO-[tdms_reader_frequency.py:147]-  已写入 300000/799999 行FFT数据
2025-11-24 16:24:35-INFO-[tdms_reader_frequency.py:147]-  已写入 300000/799999 行FFT数据
2025-11-24 16:24:35-INFO-[tdms_reader_frequency.py:147]-  已写入 300000/799999 行FFT数据
2025-11-24 16:24:35-INFO-[tdms_reader_frequency.py:147]-  已写入 300000/799999 行FFT数据
2025-11-24 16:24:35-INFO-[tdms_reader_frequency.py:147]-  已写入 300000/799999 行FFT数据
2025-11-24 16:24:36-INFO-[tdms_reader_frequency.py:147]-  已写入 300000/799999 行FFT数据
2025-11-24 16:24:36-INFO-[tdms_reader_frequency.py:147]-  已写入 300000/799999 行FFT数据
2025-11-24 16:24:36-INFO-[tdms_reader_frequency.py:147]-  已写入 300000/799999 行FFT数据
2025-11-24 16:24:36-INFO-[tdms_reader_frequency.py:147]-  已写入 300000/799999 行FFT数据
2025-11-24 16:24:36-INFO-[tdms_reader_frequency.py:147]-  已写入 300000/799999 行FFT数据
2025-11-24 16:24:36-INFO-[tdms_reader_frequency.py:147]-  已写入 300000/799999 行FFT数据
2025-11-24 16:24:36-INFO-[tdms_reader_frequency.py:147]-  已写入 300000/799999 行FFT数据
2025-11-24 16:24:36-INFO-[tdms_reader_frequency.py:147]-  已写入 300000/799999 行FFT数据
2025-11-24 16:24:36-INFO-[tdms_reader_frequency.py:147]-  已写入 300000/799999 行FFT数据
2025-11-24 16:24:37-INFO-[tdms_reader_frequency.py:147]-  已写入 300000/799999 行FFT数据
2025-11-24 16:24:37-INFO-[tdms_reader_frequency.py:147]-  已写入 300000/799999 行FFT数据
2025-11-24 16:24:37-INFO-[tdms_reader_frequency.py:147]-  已写入 300000/799999 行FFT数据
2025-11-24 16:24:38-INFO-[tdms_reader_frequency.py:147]-  已写入 400000/799999 行FFT数据
2025-11-24 16:24:39-INFO-[tdms_reader_frequency.py:147]-  已写入 400000/799999 行FFT数据
2025-11-24 16:24:39-INFO-[tdms_reader_frequency.py:147]-  已写入 400000/799999 行FFT数据
2025-11-24 16:24:40-INFO-[tdms_reader_frequency.py:147]-  已写入 400000/799999 行FFT数据
2025-11-24 16:24:40-INFO-[tdms_reader_frequency.py:147]-  已写入 400000/799999 行FFT数据
2025-11-24 16:24:40-INFO-[tdms_reader_frequency.py:147]-  已写入 400000/799999 行FFT数据
2025-11-24 16:24:41-INFO-[tdms_reader_frequency.py:147]-  已写入 400000/799999 行FFT数据
2025-11-24 16:24:41-INFO-[tdms_reader_frequency.py:147]-  已写入 400000/799999 行FFT数据
2025-11-24 16:24:41-INFO-[tdms_reader_frequency.py:147]-  已写入 400000/799999 行FFT数据
2025-11-24 16:24:41-INFO-[tdms_reader_frequency.py:147]-  已写入 400000/799999 行FFT数据
2025-11-24 16:24:41-INFO-[tdms_reader_frequency.py:147]-  已写入 400000/799999 行FFT数据
2025-11-24 16:24:41-INFO-[tdms_reader_frequency.py:147]-  已写入 400000/799999 行FFT数据
2025-11-24 16:24:43-INFO-[tdms_reader_frequency.py:147]-  已写入 400000/799999 行FFT数据
2025-11-24 16:24:44-INFO-[tdms_reader_frequency.py:147]-  已写入 400000/799999 行FFT数据
2025-11-24 16:24:44-INFO-[tdms_reader_frequency.py:147]-  已写入 400000/799999 行FFT数据
2025-11-24 16:24:44-INFO-[tdms_reader_frequency.py:147]-  已写入 400000/799999 行FFT数据
2025-11-24 16:24:44-INFO-[tdms_reader_frequency.py:147]-  已写入 400000/799999 行FFT数据
2025-11-24 16:24:44-INFO-[tdms_reader_frequency.py:147]-  已写入 400000/799999 行FFT数据
2025-11-24 16:24:44-INFO-[tdms_reader_frequency.py:147]-  已写入 400000/799999 行FFT数据
2025-11-24 16:24:44-INFO-[tdms_reader_frequency.py:147]-  已写入 400000/799999 行FFT数据
2025-11-24 16:24:44-INFO-[tdms_reader_frequency.py:147]-  已写入 400000/799999 行FFT数据
2025-11-24 16:24:44-INFO-[tdms_reader_frequency.py:147]-  已写入 400000/799999 行FFT数据
2025-11-24 16:24:44-INFO-[tdms_reader_frequency.py:147]-  已写入 400000/799999 行FFT数据
2025-11-24 16:24:44-INFO-[tdms_reader_frequency.py:147]-  已写入 400000/799999 行FFT数据
2025-11-24 16:24:45-INFO-[tdms_reader_frequency.py:147]-  已写入 400000/799999 行FFT数据
2025-11-24 16:24:45-INFO-[tdms_reader_frequency.py:147]-  已写入 400000/799999 行FFT数据
2025-11-24 16:24:45-INFO-[tdms_reader_frequency.py:147]-  已写入 400000/799999 行FFT数据
2025-11-24 16:24:46-INFO-[tdms_reader_frequency.py:147]-  已写入 500000/799999 行FFT数据
2025-11-24 16:24:46-INFO-[tdms_reader_frequency.py:147]-  已写入 500000/799999 行FFT数据
2025-11-24 16:24:47-INFO-[tdms_reader_frequency.py:147]-  已写入 500000/799999 行FFT数据
2025-11-24 16:24:47-INFO-[tdms_reader_frequency.py:147]-  已写入 500000/799999 行FFT数据
2025-11-24 16:24:47-INFO-[tdms_reader_frequency.py:147]-  已写入 500000/799999 行FFT数据
2025-11-24 16:24:48-INFO-[tdms_reader_frequency.py:147]-  已写入 500000/799999 行FFT数据
2025-11-24 16:24:49-INFO-[tdms_reader_frequency.py:147]-  已写入 500000/799999 行FFT数据
2025-11-24 16:24:49-INFO-[tdms_reader_frequency.py:147]-  已写入 500000/799999 行FFT数据
2025-11-24 16:24:49-INFO-[tdms_reader_frequency.py:147]-  已写入 500000/799999 行FFT数据
2025-11-24 16:24:49-INFO-[tdms_reader_frequency.py:147]-  已写入 500000/799999 行FFT数据
2025-11-24 16:24:49-INFO-[tdms_reader_frequency.py:147]-  已写入 500000/799999 行FFT数据
2025-11-24 16:24:49-INFO-[tdms_reader_frequency.py:147]-  已写入 500000/799999 行FFT数据
2025-11-24 16:24:49-INFO-[tdms_reader_frequency.py:147]-  已写入 500000/799999 行FFT数据
2025-11-24 16:24:49-INFO-[tdms_reader_frequency.py:147]-  已写入 500000/799999 行FFT数据
2025-11-24 16:24:49-INFO-[tdms_reader_frequency.py:147]-  已写入 500000/799999 行FFT数据
2025-11-24 16:24:50-INFO-[tdms_reader_frequency.py:147]-  已写入 500000/799999 行FFT数据
2025-11-24 16:24:50-INFO-[tdms_reader_frequency.py:147]-  已写入 500000/799999 行FFT数据
2025-11-24 16:24:50-INFO-[tdms_reader_frequency.py:147]-  已写入 500000/799999 行FFT数据
2025-11-24 16:24:50-INFO-[tdms_reader_frequency.py:147]-  已写入 500000/799999 行FFT数据
2025-11-24 16:24:50-INFO-[tdms_reader_frequency.py:147]-  已写入 500000/799999 行FFT数据
2025-11-24 16:24:50-INFO-[tdms_reader_frequency.py:147]-  已写入 500000/799999 行FFT数据
2025-11-24 16:24:50-INFO-[tdms_reader_frequency.py:147]-  已写入 500000/799999 行FFT数据
2025-11-24 16:24:50-INFO-[tdms_reader_frequency.py:147]-  已写入 500000/799999 行FFT数据
2025-11-24 16:24:50-INFO-[tdms_reader_frequency.py:147]-  已写入 500000/799999 行FFT数据
2025-11-24 16:24:50-INFO-[tdms_reader_frequency.py:147]-  已写入 500000/799999 行FFT数据
2025-11-24 16:24:51-INFO-[tdms_reader_frequency.py:147]-  已写入 500000/799999 行FFT数据
2025-11-24 16:24:51-INFO-[tdms_reader_frequency.py:147]-  已写入 500000/799999 行FFT数据
2025-11-24 16:24:51-INFO-[tdms_reader_frequency.py:147]-  已写入 500000/799999 行FFT数据
2025-11-24 16:24:51-INFO-[tdms_reader_frequency.py:147]-  已写入 600000/799999 行FFT数据
2025-11-24 16:24:51-INFO-[tdms_reader_frequency.py:147]-  已写入 600000/799999 行FFT数据
2025-11-24 16:24:52-INFO-[tdms_reader_frequency.py:147]-  已写入 600000/799999 行FFT数据
2025-11-24 16:24:53-INFO-[tdms_reader_frequency.py:147]-  已写入 600000/799999 行FFT数据
2025-11-24 16:24:56-INFO-[tdms_reader_frequency.py:147]-  已写入 600000/799999 行FFT数据
2025-11-24 16:24:57-INFO-[tdms_reader_frequency.py:147]-  已写入 600000/799999 行FFT数据
2025-11-24 16:24:58-INFO-[tdms_reader_frequency.py:147]-  已写入 600000/799999 行FFT数据
2025-11-24 16:24:58-INFO-[tdms_reader_frequency.py:147]-  已写入 600000/799999 行FFT数据
2025-11-24 16:24:58-INFO-[tdms_reader_frequency.py:147]-  已写入 600000/799999 行FFT数据
2025-11-24 16:24:58-INFO-[tdms_reader_frequency.py:147]-  已写入 600000/799999 行FFT数据
2025-11-24 16:24:58-INFO-[tdms_reader_frequency.py:147]-  已写入 600000/799999 行FFT数据
2025-11-24 16:24:58-INFO-[tdms_reader_frequency.py:147]-  已写入 600000/799999 行FFT数据
2025-11-24 16:24:59-INFO-[tdms_reader_frequency.py:147]-  已写入 600000/799999 行FFT数据
2025-11-24 16:24:59-INFO-[tdms_reader_frequency.py:147]-  已写入 600000/799999 行FFT数据
2025-11-24 16:24:59-INFO-[tdms_reader_frequency.py:147]-  已写入 600000/799999 行FFT数据
2025-11-24 16:24:59-INFO-[tdms_reader_frequency.py:147]-  已写入 600000/799999 行FFT数据
2025-11-24 16:24:59-INFO-[tdms_reader_frequency.py:147]-  已写入 600000/799999 行FFT数据
2025-11-24 16:24:59-INFO-[tdms_reader_frequency.py:147]-  已写入 600000/799999 行FFT数据
2025-11-24 16:24:59-INFO-[tdms_reader_frequency.py:147]-  已写入 600000/799999 行FFT数据
2025-11-24 16:24:59-INFO-[tdms_reader_frequency.py:147]-  已写入 600000/799999 行FFT数据
2025-11-24 16:24:59-INFO-[tdms_reader_frequency.py:147]-  已写入 600000/799999 行FFT数据
2025-11-24 16:24:59-INFO-[tdms_reader_frequency.py:147]-  已写入 600000/799999 行FFT数据
2025-11-24 16:24:59-INFO-[tdms_reader_frequency.py:147]-  已写入 600000/799999 行FFT数据
2025-11-24 16:24:59-INFO-[tdms_reader_frequency.py:147]-  已写入 600000/799999 行FFT数据
2025-11-24 16:24:59-INFO-[tdms_reader_frequency.py:147]-  已写入 600000/799999 行FFT数据
2025-11-24 16:24:59-INFO-[tdms_reader_frequency.py:147]-  已写入 600000/799999 行FFT数据
2025-11-24 16:24:59-INFO-[tdms_reader_frequency.py:147]-  已写入 600000/799999 行FFT数据
2025-11-24 16:25:00-INFO-[tdms_reader_frequency.py:147]-  已写入 700000/799999 行FFT数据
2025-11-24 16:25:00-INFO-[tdms_reader_frequency.py:147]-  已写入 700000/799999 行FFT数据
2025-11-24 16:25:00-INFO-[tdms_reader_frequency.py:147]-  已写入 700000/799999 行FFT数据
2025-11-24 16:25:01-INFO-[tdms_reader_frequency.py:147]-  已写入 600000/799999 行FFT数据
2025-11-24 16:25:01-INFO-[tdms_reader_frequency.py:147]-  已写入 700000/799999 行FFT数据
2025-11-24 16:25:01-INFO-[tdms_reader_frequency.py:147]-  已写入 700000/799999 行FFT数据
2025-11-24 16:25:02-INFO-[tdms_reader_frequency.py:147]-  已写入 700000/799999 行FFT数据
2025-11-24 16:25:03-INFO-[tdms_reader_frequency.py:147]-  已写入 700000/799999 行FFT数据
2025-11-24 16:25:03-INFO-[tdms_reader_frequency.py:147]-  已写入 700000/799999 行FFT数据
2025-11-24 16:25:04-INFO-[tdms_reader_frequency.py:147]-  已写入 700000/799999 行FFT数据
2025-11-24 16:25:04-INFO-[tdms_reader_frequency.py:147]-  已写入 700000/799999 行FFT数据
2025-11-24 16:25:04-INFO-[tdms_reader_frequency.py:147]-  已写入 700000/799999 行FFT数据
2025-11-24 16:25:04-INFO-[tdms_reader_frequency.py:147]-  已写入 700000/799999 行FFT数据
2025-11-24 16:25:04-INFO-[tdms_reader_frequency.py:147]-  已写入 700000/799999 行FFT数据
2025-11-24 16:25:04-INFO-[tdms_reader_frequency.py:147]-  已写入 700000/799999 行FFT数据
2025-11-24 16:25:04-INFO-[tdms_reader_frequency.py:147]-  已写入 700000/799999 行FFT数据
2025-11-24 16:25:04-INFO-[tdms_reader_frequency.py:147]-  已写入 700000/799999 行FFT数据
2025-11-24 16:25:05-INFO-[tdms_reader_frequency.py:147]-  已写入 700000/799999 行FFT数据
2025-11-24 16:25:05-INFO-[tdms_reader_frequency.py:147]-  已写入 700000/799999 行FFT数据
2025-11-24 16:25:05-INFO-[tdms_reader_frequency.py:147]-  已写入 700000/799999 行FFT数据
2025-11-24 16:25:05-INFO-[tdms_reader_frequency.py:147]-  已写入 700000/799999 行FFT数据
2025-11-24 16:25:05-INFO-[tdms_reader_frequency.py:147]-  已写入 700000/799999 行FFT数据
2025-11-24 16:25:05-INFO-[tdms_reader_frequency.py:147]-  已写入 700000/799999 行FFT数据
2025-11-24 16:25:05-INFO-[tdms_reader_frequency.py:147]-  已写入 700000/799999 行FFT数据
2025-11-24 16:25:05-INFO-[tdms_reader_frequency.py:147]-  已写入 700000/799999 行FFT数据
2025-11-24 16:25:05-INFO-[tdms_reader_frequency.py:147]-  已写入 700000/799999 行FFT数据
2025-11-24 16:25:05-INFO-[tdms_reader_frequency.py:147]-  已写入 799999/799999 行FFT数据
2025-11-24 16:25:05-INFO-[tdms_reader_frequency.py:147]-  已写入 700000/799999 行FFT数据
2025-11-24 16:25:06-INFO-[tdms_reader_frequency.py:149]-已处理: 20251124155532.310142.csv -> D:/Lab/process/2025.11.24/frequency\cross-phase-transition\FFT_20251124155532.310142.csv
2025-11-24 16:25:06-INFO-[tdms_reader_frequency.py:76]-开始处理文件: D:/Lab/process/2025.11.24/time\cross-phase-transition\20251124155554.712441.csv
2025-11-24 16:25:06-INFO-[tdms_reader_frequency.py:84]-使用元数据采样率: 50000 Hz
2025-11-24 16:25:06-INFO-[tdms_reader_frequency.py:147]-  已写入 700000/799999 行FFT数据
2025-11-24 16:25:06-INFO-[tdms_reader_frequency.py:147]-  已写入 799999/799999 行FFT数据
2025-11-24 16:25:06-INFO-[tdms_reader_frequency.py:147]-  已写入 700000/799999 行FFT数据
2025-11-24 16:25:06-INFO-[tdms_reader_frequency.py:147]-  已写入 799999/799999 行FFT数据
2025-11-24 16:25:06-INFO-[tdms_reader_frequency.py:149]-已处理: 20251124155431.509039.csv -> D:/Lab/process/2025.11.24/frequency\cross-phase-transition\FFT_20251124155431.509039.csv
2025-11-24 16:25:06-INFO-[tdms_reader_frequency.py:149]-已处理: 20251124155525.909389.csv -> D:/Lab/process/2025.11.24/frequency\cross-phase-transition\FFT_20251124155525.909389.csv
2025-11-24 16:25:06-INFO-[tdms_reader_frequency.py:76]-开始处理文件: D:/Lab/process/2025.11.24/time\cross-phase-transition\20251124155557.915932.csv
2025-11-24 16:25:06-INFO-[tdms_reader_frequency.py:84]-使用元数据采样率: 50000 Hz
2025-11-24 16:25:06-INFO-[tdms_reader_frequency.py:76]-开始处理文件: D:/Lab/process/2025.11.24/time\cross-phase-transition\20251124155601.114768.csv
2025-11-24 16:25:06-INFO-[tdms_reader_frequency.py:84]-使用元数据采样率: 50000 Hz
2025-11-24 16:25:07-INFO-[tdms_reader_frequency.py:147]-  已写入 799999/799999 行FFT数据
2025-11-24 16:25:07-INFO-[tdms_reader_frequency.py:149]-已处理: 20251124155434.708630.csv -> D:/Lab/process/2025.11.24/frequency\cross-phase-transition\FFT_20251124155434.708630.csv
2025-11-24 16:25:07-INFO-[tdms_reader_frequency.py:147]-  已写入 799999/799999 行FFT数据
2025-11-24 16:25:07-INFO-[tdms_reader_frequency.py:149]-已处理: 20251124155509.908605.csv -> D:/Lab/process/2025.11.24/frequency\cross-phase-transition\FFT_20251124155509.908605.csv
2025-11-24 16:25:08-INFO-[tdms_reader_frequency.py:147]-  已写入 799999/799999 行FFT数据
2025-11-24 16:25:08-INFO-[tdms_reader_frequency.py:149]-已处理: 20251124155522.712351.csv -> D:/Lab/process/2025.11.24/frequency\cross-phase-transition\FFT_20251124155522.712351.csv
2025-11-24 16:25:09-INFO-[tdms_reader_frequency.py:147]-  已写入 799999/799999 行FFT数据
2025-11-24 16:25:09-INFO-[tdms_reader_frequency.py:149]-已处理: 20251124155500.309022.csv -> D:/Lab/process/2025.11.24/frequency\cross-phase-transition\FFT_20251124155500.309022.csv
2025-11-24 16:25:09-INFO-[tdms_reader_frequency.py:147]-  已写入 799999/799999 行FFT数据
2025-11-24 16:25:09-INFO-[tdms_reader_frequency.py:149]-已处理: 20251124155529.111850.csv -> D:/Lab/process/2025.11.24/frequency\cross-phase-transition\FFT_20251124155529.111850.csv
2025-11-24 16:25:09-INFO-[tdms_reader_frequency.py:147]-  已写入 799999/799999 行FFT数据
2025-11-24 16:25:09-INFO-[tdms_reader_frequency.py:149]-已处理: 20251124155444.307134.csv -> D:/Lab/process/2025.11.24/frequency\cross-phase-transition\FFT_20251124155444.307134.csv
2025-11-24 16:25:09-INFO-[tdms_reader_frequency.py:91]-成功读取文件: 20251124155557.915932.csv, 数据长度: 1600000
2025-11-24 16:25:09-INFO-[tdms_reader_frequency.py:101]-处理文件: 20251124155557.915932.csv, 通道数: 8
2025-11-24 16:25:09-INFO-[tdms_reader_frequency.py:147]-  已写入 799999/799999 行FFT数据
2025-11-24 16:25:09-INFO-[tdms_reader_frequency.py:149]-已处理: 20251124155447.506790.csv -> D:/Lab/process/2025.11.24/frequency\cross-phase-transition\FFT_20251124155447.506790.csv
2025-11-24 16:25:09-INFO-[tdms_reader_frequency.py:147]-  已写入 799999/799999 行FFT数据
2025-11-24 16:25:09-INFO-[tdms_reader_frequency.py:91]-成功读取文件: 20251124155554.712441.csv, 数据长度: 1600000
2025-11-24 16:25:10-INFO-[tdms_reader_frequency.py:147]-  已写入 799999/799999 行FFT数据
2025-11-24 16:25:10-INFO-[tdms_reader_frequency.py:149]-已处理: 20251124155513.109141.csv -> D:/Lab/process/2025.11.24/frequency\cross-phase-transition\FFT_20251124155513.109141.csv
2025-11-24 16:25:10-INFO-[tdms_reader_frequency.py:147]-  已写入 799999/799999 行FFT数据
2025-11-24 16:25:10-INFO-[tdms_reader_frequency.py:149]-已处理: 20251124155519.510852.csv -> D:/Lab/process/2025.11.24/frequency\cross-phase-transition\FFT_20251124155519.510852.csv
2025-11-24 16:25:10-INFO-[tdms_reader_frequency.py:147]-  已写入 799999/799999 行FFT数据
2025-11-24 16:25:10-INFO-[tdms_reader_frequency.py:147]-  已写入 799999/799999 行FFT数据
2025-11-24 16:25:10-INFO-[tdms_reader_frequency.py:147]-  已写入 799999/799999 行FFT数据
2025-11-24 16:25:10-INFO-[tdms_reader_frequency.py:101]-处理文件: 20251124155554.712441.csv, 通道数: 8
2025-11-24 16:25:10-INFO-[tdms_reader_frequency.py:147]-  已写入 799999/799999 行FFT数据
2025-11-24 16:25:10-INFO-[tdms_reader_frequency.py:147]-  已写入 799999/799999 行FFT数据
2025-11-24 16:25:10-INFO-[tdms_reader_frequency.py:149]-已处理: 20251124155538.714568.csv -> D:/Lab/process/2025.11.24/frequency\cross-phase-transition\FFT_20251124155538.714568.csv
2025-11-24 16:25:10-INFO-[tdms_reader_frequency.py:149]-已处理: 20251124155428.308953.csv -> D:/Lab/process/2025.11.24/frequency\cross-phase-transition\FFT_20251124155428.308953.csv
2025-11-24 16:25:10-INFO-[tdms_reader_frequency.py:149]-已处理: 20251124155457.108864.csv -> D:/Lab/process/2025.11.24/frequency\cross-phase-transition\FFT_20251124155457.108864.csv
2025-11-24 16:25:10-INFO-[tdms_reader_frequency.py:147]-  已写入 799999/799999 行FFT数据
2025-11-24 16:25:10-INFO-[tdms_reader_frequency.py:149]-已处理: 20251124155503.508866.csv -> D:/Lab/process/2025.11.24/frequency\cross-phase-transition\FFT_20251124155503.508866.csv
2025-11-24 16:25:10-INFO-[tdms_reader_frequency.py:149]-已处理: 20251124155541.912428.csv -> D:/Lab/process/2025.11.24/frequency\cross-phase-transition\FFT_20251124155541.912428.csv
2025-11-24 16:25:10-INFO-[tdms_reader_frequency.py:149]-已处理: 20251124155425.109285.csv -> D:/Lab/process/2025.11.24/frequency\cross-phase-transition\FFT_20251124155425.109285.csv
2025-11-24 16:25:10-INFO-[tdms_reader_frequency.py:149]-已处理: 20251124155437.909330.csv -> D:/Lab/process/2025.11.24/frequency\cross-phase-transition\FFT_20251124155437.909330.csv
2025-11-24 16:25:10-INFO-[tdms_reader_frequency.py:147]-  已写入 799999/799999 行FFT数据
2025-11-24 16:25:10-INFO-[tdms_reader_frequency.py:149]-已处理: 20251124155548.314151.csv -> D:/Lab/process/2025.11.24/frequency\cross-phase-transition\FFT_20251124155548.314151.csv
2025-11-24 16:25:10-INFO-[tdms_reader_frequency.py:147]-  已写入 799999/799999 行FFT数据
2025-11-24 16:25:10-INFO-[tdms_reader_frequency.py:147]-  已写入 799999/799999 行FFT数据
2025-11-24 16:25:10-INFO-[tdms_reader_frequency.py:149]-已处理: 20251124155516.310143.csv -> D:/Lab/process/2025.11.24/frequency\cross-phase-transition\FFT_20251124155516.310143.csv
2025-11-24 16:25:10-INFO-[tdms_reader_frequency.py:149]-已处理: 20251124155506.709558.csv -> D:/Lab/process/2025.11.24/frequency\cross-phase-transition\FFT_20251124155506.709558.csv
2025-11-24 16:25:10-INFO-[tdms_reader_frequency.py:147]-  已写入 799999/799999 行FFT数据
2025-11-24 16:25:10-INFO-[tdms_reader_frequency.py:149]-已处理: 20251124155551.514500.csv -> D:/Lab/process/2025.11.24/frequency\cross-phase-transition\FFT_20251124155551.514500.csv
2025-11-24 16:25:10-INFO-[tdms_reader_frequency.py:147]-  已写入 799999/799999 行FFT数据
2025-11-24 16:25:10-INFO-[tdms_reader_frequency.py:149]-已处理: 20251124155535.510158.csv -> D:/Lab/process/2025.11.24/frequency\cross-phase-transition\FFT_20251124155535.510158.csv
2025-11-24 16:25:10-INFO-[tdms_reader_frequency.py:91]-成功读取文件: 20251124155601.114768.csv, 数据长度: 1450000
2025-11-24 16:25:10-INFO-[tdms_reader_frequency.py:101]-处理文件: 20251124155601.114768.csv, 通道数: 8
2025-11-24 16:25:10-INFO-[tdms_reader_frequency.py:147]-  已写入 799999/799999 行FFT数据
2025-11-24 16:25:10-INFO-[tdms_reader_frequency.py:149]-已处理: 20251124155441.108611.csv -> D:/Lab/process/2025.11.24/frequency\cross-phase-transition\FFT_20251124155441.108611.csv
2025-11-24 16:25:10-INFO-[tdms_reader_frequency.py:147]-  已写入 799999/799999 行FFT数据
2025-11-24 16:25:10-INFO-[tdms_reader_frequency.py:149]-已处理: 20251124155450.708379.csv -> D:/Lab/process/2025.11.24/frequency\cross-phase-transition\FFT_20251124155450.708379.csv
2025-11-24 16:25:10-INFO-[tdms_reader_frequency.py:147]-  已写入 799999/799999 行FFT数据
2025-11-24 16:25:10-INFO-[tdms_reader_frequency.py:149]-已处理: 20251124155545.113352.csv -> D:/Lab/process/2025.11.24/frequency\cross-phase-transition\FFT_20251124155545.113352.csv
2025-11-24 16:25:10-INFO-[tdms_reader_frequency.py:147]-  已写入 799999/799999 行FFT数据
2025-11-24 16:25:10-INFO-[tdms_reader_frequency.py:149]-已处理: 20251124155453.907783.csv -> D:/Lab/process/2025.11.24/frequency\cross-phase-transition\FFT_20251124155453.907783.csv
2025-11-24 16:25:13-INFO-[tdms_reader_frequency.py:147]-  已写入 100000/799999 行FFT数据
2025-11-24 16:25:13-INFO-[tdms_reader_frequency.py:147]-  已写入 100000/799999 行FFT数据
2025-11-24 16:25:14-INFO-[tdms_reader_frequency.py:147]-  已写入 100000/724999 行FFT数据
2025-11-24 16:25:15-INFO-[tdms_reader_frequency.py:147]-  已写入 200000/799999 行FFT数据
2025-11-24 16:25:15-INFO-[tdms_reader_frequency.py:147]-  已写入 200000/799999 行FFT数据
2025-11-24 16:25:16-INFO-[tdms_reader_frequency.py:147]-  已写入 200000/724999 行FFT数据
2025-11-24 16:25:17-INFO-[tdms_reader_frequency.py:147]-  已写入 300000/799999 行FFT数据
2025-11-24 16:25:17-INFO-[tdms_reader_frequency.py:147]-  已写入 300000/799999 行FFT数据
2025-11-24 16:25:18-INFO-[tdms_reader_frequency.py:147]-  已写入 300000/724999 行FFT数据
2025-11-24 16:25:19-INFO-[tdms_reader_frequency.py:147]-  已写入 400000/799999 行FFT数据
2025-11-24 16:25:19-INFO-[tdms_reader_frequency.py:147]-  已写入 400000/799999 行FFT数据
2025-11-24 16:25:20-INFO-[tdms_reader_frequency.py:147]-  已写入 400000/724999 行FFT数据
2025-11-24 16:25:21-INFO-[tdms_reader_frequency.py:147]-  已写入 500000/799999 行FFT数据
2025-11-24 16:25:21-INFO-[tdms_reader_frequency.py:147]-  已写入 500000/799999 行FFT数据
2025-11-24 16:25:22-INFO-[tdms_reader_frequency.py:147]-  已写入 500000/724999 行FFT数据
2025-11-24 16:25:23-INFO-[tdms_reader_frequency.py:147]-  已写入 600000/799999 行FFT数据
2025-11-24 16:25:23-INFO-[tdms_reader_frequency.py:147]-  已写入 600000/799999 行FFT数据
2025-11-24 16:25:24-INFO-[tdms_reader_frequency.py:147]-  已写入 600000/724999 行FFT数据
2025-11-24 16:25:25-INFO-[tdms_reader_frequency.py:147]-  已写入 700000/799999 行FFT数据
2025-11-24 16:25:25-INFO-[tdms_reader_frequency.py:147]-  已写入 700000/799999 行FFT数据
2025-11-24 16:25:26-INFO-[tdms_reader_frequency.py:147]-  已写入 700000/724999 行FFT数据
2025-11-24 16:25:26-INFO-[tdms_reader_frequency.py:147]-  已写入 724999/724999 行FFT数据
2025-11-24 16:25:26-INFO-[tdms_reader_frequency.py:149]-已处理: 20251124155601.114768.csv -> D:/Lab/process/2025.11.24/frequency\cross-phase-transition\FFT_20251124155601.114768.csv
2025-11-24 16:25:27-INFO-[tdms_reader_frequency.py:147]-  已写入 799999/799999 行FFT数据
2025-11-24 16:25:27-INFO-[tdms_reader_frequency.py:149]-已处理: 20251124155557.915932.csv -> D:/Lab/process/2025.11.24/frequency\cross-phase-transition\FFT_20251124155557.915932.csv
2025-11-24 16:25:27-INFO-[tdms_reader_frequency.py:147]-  已写入 799999/799999 行FFT数据
2025-11-24 16:25:27-INFO-[tdms_reader_frequency.py:149]-已处理: 20251124155554.712441.csv -> D:/Lab/process/2025.11.24/frequency\cross-phase-transition\FFT_20251124155554.712441.csv
2025-11-24 16:25:28-INFO-[tdms_reader_frequency.py:208]-所有文件处理完成
2025-11-24 16:25:28-INFO-[tdms_reader_frequency_average.py:42]-配置文件加载成功: C:\Users\17584\Documents\ALearning\Project\tools\DataProcess\config\paths.yaml
2025-11-24 16:25:28-INFO-[tdms_reader_frequency_average.py:196]-FFT数据输入目录: D:/Lab/process/2025.11.24/frequency
2025-11-24 16:25:28-INFO-[tdms_reader_frequency_average.py:197]-平均FFT输出目录: D:/Lab/process/2025.11.24/frequency_ave
2025-11-24 16:25:28-INFO-[tdms_reader_frequency_average.py:210]-找到 31 个FFT CSV文件
2025-11-24 16:25:28-INFO-[tdms_reader_frequency_average.py:63]-按文件夹分组完成，找到 1 个文件夹组
2025-11-24 16:25:28-INFO-[tdms_reader_frequency_average.py:65]-  文件夹 cross-phase-transition: 31 个文件
2025-11-24 16:25:28-INFO-[tdms_reader_frequency_average.py:225]-使用 1 个进程并行处理
2025-11-24 16:25:30-INFO-[tdms_reader_frequency_average.py:178]-开始处理文件夹 cross-phase-transition, 共 31 个文件
2025-11-24 16:26:16-WARNING-[tdms_reader_frequency_average.py:99]-文件 FFT_20251124155601.114768.csv 结构不匹配，跳过
2025-11-24 16:26:25-INFO-[tdms_reader_frequency_average.py:159]-已保存平均FFT数据: D:/Lab/process/2025.11.24/frequency_ave\cross-phase-transition\average_fft_cross-phase-transition_30files.csv
2025-11-24 16:26:26-INFO-[tdms_reader_frequency_average.py:234]-处理完成: 成功 1/1 个文件夹组
2025-11-24 16:26:26-INFO-[tdms_reader_frequency_average.py:240]-========================FFT数据平均处理汇总报告===========================
2025-11-24 16:26:26-INFO-[tdms_reader_frequency_average.py:241]-处理时间: 2025-11-24 16:26:26
2025-11-24 16:26:26-INFO-[tdms_reader_frequency_average.py:242]-成功处理的文件数量: 1
2025-11-24 16:26:26-INFO-[tdms_reader_frequency_average.py:243]-处理文件列表:
2025-11-24 16:26:26-INFO-[tdms_reader_frequency_average.py:246]- 1. average_fft_cross-phase-transition_30files.csv
2025-11-24 16:26:26-INFO-[time_series_plots.py:36]-配置文件加载成功: C:\Users\17584\Documents\ALearning\Project\tools\DataProcess\config\paths.yaml
2025-11-24 16:26:26-INFO-[time_series_plots.py:662]-输入目录: D:/Lab/process/2025.11.24/time
2025-11-24 16:26:26-INFO-[time_series_plots.py:663]-输出目录: D:/Lab/results/2025.11.24/time
2025-11-24 16:26:26-INFO-[time_series_plots.py:675]-找到 31 个CSV文件
2025-11-24 16:26:26-INFO-[time_series_plots.py:685]-找到 1 个组: ['cross-phase-transition']
2025-11-24 16:26:26-INFO-[time_series_plots.py:690]-分析组 cross-phase-transition, 包含 31 个文件
2025-11-24 16:26:26-INFO-[time_series_plots.py:588]-开始分析组，包含 31 个文件
2025-11-24 16:26:26-INFO-[time_series_plots.py:42]-正在读取CSV文件: D:\Lab\process\2025.11.24\time\cross-phase-transition\20251124155425.109285.csv
2025-11-24 16:26:26-INFO-[time_series_plots.py:78]-成功读取数据: 1600000 行, 8 个通道
2025-11-24 16:26:28-INFO-[time_series_plots.py:42]-正在读取CSV文件: D:\Lab\process\2025.11.24\time\cross-phase-transition\20251124155428.308953.csv
2025-11-24 16:26:29-INFO-[time_series_plots.py:78]-成功读取数据: 1600000 行, 8 个通道
2025-11-24 16:26:30-INFO-[time_series_plots.py:42]-正在读取CSV文件: D:\Lab\process\2025.11.24\time\cross-phase-transition\20251124155431.509039.csv
2025-11-24 16:26:31-INFO-[time_series_plots.py:78]-成功读取数据: 1600000 行, 8 个通道
2025-11-24 16:26:33-INFO-[time_series_plots.py:42]-正在读取CSV文件: D:\Lab\process\2025.11.24\time\cross-phase-transition\20251124155434.708630.csv
2025-11-24 16:26:33-INFO-[time_series_plots.py:78]-成功读取数据: 1600000 行, 8 个通道
2025-11-24 16:26:35-INFO-[time_series_plots.py:42]-正在读取CSV文件: D:\Lab\process\2025.11.24\time\cross-phase-transition\20251124155437.909330.csv
2025-11-24 16:26:36-INFO-[time_series_plots.py:78]-成功读取数据: 1600000 行, 8 个通道
2025-11-24 16:26:37-INFO-[time_series_plots.py:42]-正在读取CSV文件: D:\Lab\process\2025.11.24\time\cross-phase-transition\20251124155441.108611.csv
2025-11-24 16:26:38-INFO-[time_series_plots.py:78]-成功读取数据: 1600000 行, 8 个通道
2025-11-24 16:26:40-INFO-[time_series_plots.py:42]-正在读取CSV文件: D:\Lab\process\2025.11.24\time\cross-phase-transition\20251124155444.307134.csv
2025-11-24 16:26:41-INFO-[time_series_plots.py:78]-成功读取数据: 1600000 行, 8 个通道
2025-11-24 16:26:42-INFO-[time_series_plots.py:42]-正在读取CSV文件: D:\Lab\process\2025.11.24\time\cross-phase-transition\20251124155447.506790.csv
2025-11-24 16:26:43-INFO-[time_series_plots.py:78]-成功读取数据: 1600000 行, 8 个通道
2025-11-24 16:26:45-INFO-[time_series_plots.py:42]-正在读取CSV文件: D:\Lab\process\2025.11.24\time\cross-phase-transition\20251124155450.708379.csv
2025-11-24 16:26:46-INFO-[time_series_plots.py:78]-成功读取数据: 1600000 行, 8 个通道
2025-11-24 16:26:47-INFO-[time_series_plots.py:42]-正在读取CSV文件: D:\Lab\process\2025.11.24\time\cross-phase-transition\20251124155453.907783.csv
2025-11-24 16:26:48-INFO-[time_series_plots.py:78]-成功读取数据: 1600000 行, 8 个通道
2025-11-24 16:26:50-INFO-[time_series_plots.py:42]-正在读取CSV文件: D:\Lab\process\2025.11.24\time\cross-phase-transition\20251124155457.108864.csv
2025-11-24 16:26:51-INFO-[time_series_plots.py:78]-成功读取数据: 1600000 行, 8 个通道
2025-11-24 16:26:52-INFO-[time_series_plots.py:42]-正在读取CSV文件: D:\Lab\process\2025.11.24\time\cross-phase-transition\20251124155500.309022.csv
2025-11-24 16:26:53-INFO-[time_series_plots.py:78]-成功读取数据: 1600000 行, 8 个通道
2025-11-24 16:26:55-INFO-[time_series_plots.py:42]-正在读取CSV文件: D:\Lab\process\2025.11.24\time\cross-phase-transition\20251124155503.508866.csv
2025-11-24 16:26:56-INFO-[time_series_plots.py:78]-成功读取数据: 1600000 行, 8 个通道
2025-11-24 16:26:57-INFO-[time_series_plots.py:42]-正在读取CSV文件: D:\Lab\process\2025.11.24\time\cross-phase-transition\20251124155506.709558.csv
2025-11-24 16:26:58-INFO-[time_series_plots.py:78]-成功读取数据: 1600000 行, 8 个通道
2025-11-24 16:27:00-INFO-[time_series_plots.py:42]-正在读取CSV文件: D:\Lab\process\2025.11.24\time\cross-phase-transition\20251124155509.908605.csv
2025-11-24 16:27:00-INFO-[time_series_plots.py:78]-成功读取数据: 1600000 行, 8 个通道
2025-11-24 16:27:02-INFO-[time_series_plots.py:42]-正在读取CSV文件: D:\Lab\process\2025.11.24\time\cross-phase-transition\20251124155513.109141.csv
2025-11-24 16:27:03-INFO-[time_series_plots.py:78]-成功读取数据: 1600000 行, 8 个通道
2025-11-24 16:27:04-INFO-[time_series_plots.py:42]-正在读取CSV文件: D:\Lab\process\2025.11.24\time\cross-phase-transition\20251124155516.310143.csv
2025-11-24 16:27:05-INFO-[time_series_plots.py:78]-成功读取数据: 1600000 行, 8 个通道
2025-11-24 16:27:07-INFO-[time_series_plots.py:42]-正在读取CSV文件: D:\Lab\process\2025.11.24\time\cross-phase-transition\20251124155519.510852.csv
2025-11-24 16:27:07-INFO-[time_series_plots.py:78]-成功读取数据: 1600000 行, 8 个通道
2025-11-24 16:27:09-INFO-[time_series_plots.py:42]-正在读取CSV文件: D:\Lab\process\2025.11.24\time\cross-phase-transition\20251124155522.712351.csv
2025-11-24 16:27:10-INFO-[time_series_plots.py:78]-成功读取数据: 1600000 行, 8 个通道
2025-11-24 16:27:11-INFO-[time_series_plots.py:42]-正在读取CSV文件: D:\Lab\process\2025.11.24\time\cross-phase-transition\20251124155525.909389.csv
2025-11-24 16:27:12-INFO-[time_series_plots.py:78]-成功读取数据: 1600000 行, 8 个通道
2025-11-24 16:27:14-INFO-[time_series_plots.py:42]-正在读取CSV文件: D:\Lab\process\2025.11.24\time\cross-phase-transition\20251124155529.111850.csv
2025-11-24 16:27:14-INFO-[time_series_plots.py:78]-成功读取数据: 1600000 行, 8 个通道
2025-11-24 16:27:16-INFO-[time_series_plots.py:42]-正在读取CSV文件: D:\Lab\process\2025.11.24\time\cross-phase-transition\20251124155532.310142.csv
2025-11-24 16:27:17-INFO-[time_series_plots.py:78]-成功读取数据: 1600000 行, 8 个通道
2025-11-24 16:27:18-INFO-[time_series_plots.py:42]-正在读取CSV文件: D:\Lab\process\2025.11.24\time\cross-phase-transition\20251124155535.510158.csv
2025-11-24 16:27:19-INFO-[time_series_plots.py:78]-成功读取数据: 1600000 行, 8 个通道
2025-11-24 16:27:21-INFO-[time_series_plots.py:42]-正在读取CSV文件: D:\Lab\process\2025.11.24\time\cross-phase-transition\20251124155538.714568.csv
2025-11-24 16:27:22-INFO-[time_series_plots.py:78]-成功读取数据: 1600000 行, 8 个通道
2025-11-24 16:27:23-INFO-[time_series_plots.py:42]-正在读取CSV文件: D:\Lab\process\2025.11.24\time\cross-phase-transition\20251124155541.912428.csv
2025-11-24 16:27:24-INFO-[time_series_plots.py:78]-成功读取数据: 1600000 行, 8 个通道
2025-11-24 16:27:26-INFO-[time_series_plots.py:42]-正在读取CSV文件: D:\Lab\process\2025.11.24\time\cross-phase-transition\20251124155545.113352.csv
2025-11-24 16:27:27-INFO-[time_series_plots.py:78]-成功读取数据: 1600000 行, 8 个通道
2025-11-24 16:27:29-INFO-[time_series_plots.py:42]-正在读取CSV文件: D:\Lab\process\2025.11.24\time\cross-phase-transition\20251124155548.314151.csv
2025-11-24 16:27:30-INFO-[time_series_plots.py:78]-成功读取数据: 1600000 行, 8 个通道
2025-11-24 16:27:31-INFO-[time_series_plots.py:42]-正在读取CSV文件: D:\Lab\process\2025.11.24\time\cross-phase-transition\20251124155551.514500.csv
2025-11-24 16:27:32-INFO-[time_series_plots.py:78]-成功读取数据: 1600000 行, 8 个通道
2025-11-24 16:27:34-INFO-[time_series_plots.py:42]-正在读取CSV文件: D:\Lab\process\2025.11.24\time\cross-phase-transition\20251124155554.712441.csv
2025-11-24 16:27:35-INFO-[time_series_plots.py:78]-成功读取数据: 1600000 行, 8 个通道
2025-11-24 16:27:37-INFO-[time_series_plots.py:42]-正在读取CSV文件: D:\Lab\process\2025.11.24\time\cross-phase-transition\20251124155557.915932.csv
2025-11-24 16:27:37-INFO-[time_series_plots.py:78]-成功读取数据: 1600000 行, 8 个通道
2025-11-24 16:27:39-INFO-[time_series_plots.py:42]-正在读取CSV文件: D:\Lab\process\2025.11.24\time\cross-phase-transition\20251124155601.114768.csv
2025-11-24 16:27:40-INFO-[time_series_plots.py:78]-成功读取数据: 1450000 行, 8 个通道
2025-11-24 16:27:42-INFO-[time_series_plots.py:178]-开始绘制组时序图
2025-11-24 16:27:44-INFO-[time_series_plots.py:251]-组时序图已保存: D:\Lab\results\2025.11.24\time\cross-phase-transition\group_time_series.png
2025-11-24 16:27:44-INFO-[time_series_plots.py:261]-开始绘制组统计量对比图
2025-11-24 16:27:46-INFO-[time_series_plots.py:342]-组统计量对比图已保存: D:\Lab\results\2025.11.24\time\cross-phase-transition\group_statistics_comparison.png
2025-11-24 16:27:46-INFO-[time_series_plots.py:352]-开始绘制组稳定性分析图
2025-11-24 16:27:47-INFO-[time_series_plots.py:448]-组稳定性分析图已保存: D:\Lab\results\2025.11.24\time\cross-phase-transition\group_stability_analysis.png
2025-11-24 16:27:47-INFO-[time_series_plots.py:458]-开始生成组分析报告
2025-11-24 16:27:47-INFO-[time_series_plots.py:575]-组分析报告已保存: D:\Lab\results\2025.11.24\time\cross-phase-transition\group_analysis_report.json
2025-11-24 16:27:47-INFO-[time_series_plots.py:636]-组分析完成: cross-phase-transition
2025-11-24 16:27:47-INFO-[time_series_plots.py:719]-时域分析完成! 成功分析 1 个组
2025-11-24 16:27:47-INFO-[time_series_plots.py:720]-总体报告: D:\Lab\results\2025.11.24\time\analysis_summary.json
2025-11-24 16:27:47-INFO-[main.py:55]------------------------------执行完成-----------------------------
2025-11-24 16:39:30-INFO-[main.py:33]--------------------------启动数据分析系统-------------------------
2025-11-24 16:39:30-INFO-[file_utils.py:39]-paths.yaml 生成成功: C:\Users\17584\Documents\ALearning\Project\tools\DataProcess\config\paths.yaml
2025-11-24 16:39:30-INFO-[tdms_reader_time.py:40]-配置文件加载成功: C:\Users\17584\Documents\ALearning\Project\tools\DataProcess\config\paths.yaml
2025-11-24 16:39:30-INFO-[tdms_reader_time.py:178]-原始数据目录: D:/Lab/raw/2025.11.21
2025-11-24 16:39:30-INFO-[tdms_reader_time.py:179]-输出目录: D:/Lab/process/2025.11.21/time
2025-11-24 16:39:30-INFO-[tdms_reader_time.py:191]-找到 20 个TDMS文件
2025-11-24 16:40:01-INFO-[tdms_reader_time.py:195]-所有文件处理完成
2025-11-24 16:40:01-INFO-[tdms_reader_frequency.py:41]-配置文件加载成功: C:\Users\17584\Documents\ALearning\Project\tools\DataProcess\config\paths.yaml
2025-11-24 16:40:01-INFO-[tdms_reader_frequency.py:188]-输入数据目录: D:/Lab/process/2025.11.21/time
2025-11-24 16:40:01-INFO-[tdms_reader_frequency.py:189]-输出目录: D:/Lab/process/2025.11.21/frequency
2025-11-24 16:40:01-INFO-[tdms_reader_frequency.py:202]-找到 20 个CSV文件
2025-11-24 16:40:01-INFO-[tdms_reader_frequency.py:205]-开始并行处理文件...
2025-11-24 16:40:05-INFO-[tdms_reader_frequency.py:76]-开始处理文件: D:/Lab/process/2025.11.21/time\plasma-discharge\20251121154856.015181.csv
2025-11-24 16:40:05-INFO-[tdms_reader_frequency.py:84]-使用元数据采样率: 50000 Hz
2025-11-24 16:40:05-INFO-[tdms_reader_frequency.py:76]-开始处理文件: D:/Lab/process/2025.11.21/time\plasma-discharge\20251121154859.213977.csv
2025-11-24 16:40:05-INFO-[tdms_reader_frequency.py:84]-使用元数据采样率: 50000 Hz
2025-11-24 16:40:05-INFO-[tdms_reader_frequency.py:76]-开始处理文件: D:/Lab/process/2025.11.21/time\plasma-discharge\20251121154902.414584.csv
2025-11-24 16:40:05-INFO-[tdms_reader_frequency.py:84]-使用元数据采样率: 50000 Hz
2025-11-24 16:40:05-INFO-[tdms_reader_frequency.py:76]-开始处理文件: D:/Lab/process/2025.11.21/time\plasma-discharge\20251121154905.615133.csv
2025-11-24 16:40:05-INFO-[tdms_reader_frequency.py:84]-使用元数据采样率: 50000 Hz
2025-11-24 16:40:05-INFO-[tdms_reader_frequency.py:76]-开始处理文件: D:/Lab/process/2025.11.21/time\plasma-discharge\20251121154908.815700.csv
2025-11-24 16:40:05-INFO-[tdms_reader_frequency.py:84]-使用元数据采样率: 50000 Hz
2025-11-24 16:40:05-INFO-[tdms_reader_frequency.py:76]-开始处理文件: D:/Lab/process/2025.11.21/time\plasma-discharge\20251121154912.017282.csv
2025-11-24 16:40:05-INFO-[tdms_reader_frequency.py:84]-使用元数据采样率: 50000 Hz
2025-11-24 16:40:05-INFO-[tdms_reader_frequency.py:76]-开始处理文件: D:/Lab/process/2025.11.21/time\plasma-discharge\20251121154915.217811.csv
2025-11-24 16:40:05-INFO-[tdms_reader_frequency.py:84]-使用元数据采样率: 50000 Hz
2025-11-24 16:40:05-INFO-[tdms_reader_frequency.py:76]-开始处理文件: D:/Lab/process/2025.11.21/time\plasma-discharge\20251121154918.416524.csv
2025-11-24 16:40:05-INFO-[tdms_reader_frequency.py:84]-使用元数据采样率: 50000 Hz
2025-11-24 16:40:05-INFO-[tdms_reader_frequency.py:76]-开始处理文件: D:/Lab/process/2025.11.21/time\plasma-discharge\20251121154921.615828.csv
2025-11-24 16:40:05-INFO-[tdms_reader_frequency.py:76]-开始处理文件: D:/Lab/process/2025.11.21/time\plasma-discharge\20251121154924.816766.csv
2025-11-24 16:40:05-INFO-[tdms_reader_frequency.py:84]-使用元数据采样率: 50000 Hz
2025-11-24 16:40:05-INFO-[tdms_reader_frequency.py:84]-使用元数据采样率: 50000 Hz
2025-11-24 16:40:05-INFO-[tdms_reader_frequency.py:76]-开始处理文件: D:/Lab/process/2025.11.21/time\plasma-discharge\20251121154928.019051.csv
2025-11-24 16:40:05-INFO-[tdms_reader_frequency.py:84]-使用元数据采样率: 50000 Hz
2025-11-24 16:40:05-INFO-[tdms_reader_frequency.py:76]-开始处理文件: D:/Lab/process/2025.11.21/time\plasma-discharge\20251121154931.218087.csv
2025-11-24 16:40:05-INFO-[tdms_reader_frequency.py:84]-使用元数据采样率: 50000 Hz
2025-11-24 16:40:05-INFO-[tdms_reader_frequency.py:76]-开始处理文件: D:/Lab/process/2025.11.21/time\plasma-discharge\20251121154934.417224.csv
2025-11-24 16:40:05-INFO-[tdms_reader_frequency.py:84]-使用元数据采样率: 50000 Hz
2025-11-24 16:40:05-INFO-[tdms_reader_frequency.py:76]-开始处理文件: D:/Lab/process/2025.11.21/time\plasma-discharge\20251121154937.619380.csv
2025-11-24 16:40:05-INFO-[tdms_reader_frequency.py:84]-使用元数据采样率: 50000 Hz
2025-11-24 16:40:05-INFO-[tdms_reader_frequency.py:76]-开始处理文件: D:/Lab/process/2025.11.21/time\plasma-discharge\20251121154940.817556.csv
2025-11-24 16:40:05-INFO-[tdms_reader_frequency.py:84]-使用元数据采样率: 50000 Hz
2025-11-24 16:40:05-INFO-[tdms_reader_frequency.py:76]-开始处理文件: D:/Lab/process/2025.11.21/time\plasma-discharge\20251121154944.019139.csv
2025-11-24 16:40:05-INFO-[tdms_reader_frequency.py:84]-使用元数据采样率: 50000 Hz
2025-11-24 16:40:05-INFO-[tdms_reader_frequency.py:76]-开始处理文件: D:/Lab/process/2025.11.21/time\plasma-discharge\20251121154947.221591.csv
2025-11-24 16:40:05-INFO-[tdms_reader_frequency.py:84]-使用元数据采样率: 50000 Hz
2025-11-24 16:40:05-INFO-[tdms_reader_frequency.py:76]-开始处理文件: D:/Lab/process/2025.11.21/time\plasma-discharge\20251121154953.617356.csv
2025-11-24 16:40:05-INFO-[tdms_reader_frequency.py:76]-开始处理文件: D:/Lab/process/2025.11.21/time\plasma-discharge\20251121154950.419948.csv
2025-11-24 16:40:05-INFO-[tdms_reader_frequency.py:84]-使用元数据采样率: 50000 Hz
2025-11-24 16:40:05-INFO-[tdms_reader_frequency.py:84]-使用元数据采样率: 50000 Hz
2025-11-24 16:40:05-INFO-[tdms_reader_frequency.py:76]-开始处理文件: D:/Lab/process/2025.11.21/time\plasma-discharge\20251121154956.816886.csv
2025-11-24 16:40:05-INFO-[tdms_reader_frequency.py:84]-使用元数据采样率: 50000 Hz
2025-11-24 16:40:07-INFO-[tdms_reader_frequency.py:91]-成功读取文件: 20251121154856.015181.csv, 数据长度: 1600000
2025-11-24 16:40:07-INFO-[tdms_reader_frequency.py:101]-处理文件: 20251121154856.015181.csv, 通道数: 8
2025-11-24 16:40:07-INFO-[tdms_reader_frequency.py:91]-成功读取文件: 20251121154859.213977.csv, 数据长度: 1600000
2025-11-24 16:40:07-INFO-[tdms_reader_frequency.py:101]-处理文件: 20251121154859.213977.csv, 通道数: 8
2025-11-24 16:40:07-INFO-[tdms_reader_frequency.py:91]-成功读取文件: 20251121154902.414584.csv, 数据长度: 1600000
2025-11-24 16:40:07-INFO-[tdms_reader_frequency.py:101]-处理文件: 20251121154902.414584.csv, 通道数: 8
2025-11-24 16:40:07-INFO-[tdms_reader_frequency.py:91]-成功读取文件: 20251121154956.816886.csv, 数据长度: 1300000
2025-11-24 16:40:07-INFO-[tdms_reader_frequency.py:101]-处理文件: 20251121154956.816886.csv, 通道数: 8
2025-11-24 16:40:07-INFO-[tdms_reader_frequency.py:91]-成功读取文件: 20251121154905.615133.csv, 数据长度: 1600000
2025-11-24 16:40:07-INFO-[tdms_reader_frequency.py:101]-处理文件: 20251121154905.615133.csv, 通道数: 8
2025-11-24 16:40:07-INFO-[tdms_reader_frequency.py:91]-成功读取文件: 20251121154912.017282.csv, 数据长度: 1600000
2025-11-24 16:40:07-INFO-[tdms_reader_frequency.py:101]-处理文件: 20251121154912.017282.csv, 通道数: 8
2025-11-24 16:40:07-INFO-[tdms_reader_frequency.py:91]-成功读取文件: 20251121154908.815700.csv, 数据长度: 1600000
2025-11-24 16:40:07-INFO-[tdms_reader_frequency.py:101]-处理文件: 20251121154908.815700.csv, 通道数: 8
2025-11-24 16:40:07-INFO-[tdms_reader_frequency.py:91]-成功读取文件: 20251121154915.217811.csv, 数据长度: 1600000
2025-11-24 16:40:07-INFO-[tdms_reader_frequency.py:101]-处理文件: 20251121154915.217811.csv, 通道数: 8
2025-11-24 16:40:07-INFO-[tdms_reader_frequency.py:91]-成功读取文件: 20251121154924.816766.csv, 数据长度: 1600000
2025-11-24 16:40:07-INFO-[tdms_reader_frequency.py:91]-成功读取文件: 20251121154921.615828.csv, 数据长度: 1600000
2025-11-24 16:40:07-INFO-[tdms_reader_frequency.py:101]-处理文件: 20251121154924.816766.csv, 通道数: 8
2025-11-24 16:40:07-INFO-[tdms_reader_frequency.py:101]-处理文件: 20251121154921.615828.csv, 通道数: 8
2025-11-24 16:40:07-INFO-[tdms_reader_frequency.py:91]-成功读取文件: 20251121154928.019051.csv, 数据长度: 1600000
2025-11-24 16:40:07-INFO-[tdms_reader_frequency.py:101]-处理文件: 20251121154928.019051.csv, 通道数: 8
2025-11-24 16:40:07-INFO-[tdms_reader_frequency.py:91]-成功读取文件: 20251121154918.416524.csv, 数据长度: 1600000
2025-11-24 16:40:07-INFO-[tdms_reader_frequency.py:101]-处理文件: 20251121154918.416524.csv, 通道数: 8
2025-11-24 16:40:07-INFO-[tdms_reader_frequency.py:91]-成功读取文件: 20251121154940.817556.csv, 数据长度: 1600000
2025-11-24 16:40:07-INFO-[tdms_reader_frequency.py:101]-处理文件: 20251121154940.817556.csv, 通道数: 8
2025-11-24 16:40:07-INFO-[tdms_reader_frequency.py:91]-成功读取文件: 20251121154931.218087.csv, 数据长度: 1600000
2025-11-24 16:40:07-INFO-[tdms_reader_frequency.py:101]-处理文件: 20251121154931.218087.csv, 通道数: 8
2025-11-24 16:40:07-INFO-[tdms_reader_frequency.py:91]-成功读取文件: 20251121154950.419948.csv, 数据长度: 1600000
2025-11-24 16:40:07-INFO-[tdms_reader_frequency.py:101]-处理文件: 20251121154950.419948.csv, 通道数: 8
2025-11-24 16:40:07-INFO-[tdms_reader_frequency.py:91]-成功读取文件: 20251121154937.619380.csv, 数据长度: 1600000
2025-11-24 16:40:07-INFO-[tdms_reader_frequency.py:101]-处理文件: 20251121154937.619380.csv, 通道数: 8
2025-11-24 16:40:07-INFO-[tdms_reader_frequency.py:91]-成功读取文件: 20251121154934.417224.csv, 数据长度: 1600000
2025-11-24 16:40:07-INFO-[tdms_reader_frequency.py:101]-处理文件: 20251121154934.417224.csv, 通道数: 8
2025-11-24 16:40:07-INFO-[tdms_reader_frequency.py:91]-成功读取文件: 20251121154947.221591.csv, 数据长度: 1600000
2025-11-24 16:40:07-INFO-[tdms_reader_frequency.py:101]-处理文件: 20251121154947.221591.csv, 通道数: 8
2025-11-24 16:40:07-INFO-[tdms_reader_frequency.py:91]-成功读取文件: 20251121154944.019139.csv, 数据长度: 1600000
2025-11-24 16:40:07-INFO-[tdms_reader_frequency.py:101]-处理文件: 20251121154944.019139.csv, 通道数: 8
2025-11-24 16:40:07-INFO-[tdms_reader_frequency.py:91]-成功读取文件: 20251121154953.617356.csv, 数据长度: 1600000
2025-11-24 16:40:07-INFO-[tdms_reader_frequency.py:101]-处理文件: 20251121154953.617356.csv, 通道数: 8
2025-11-24 16:40:13-INFO-[tdms_reader_frequency.py:147]-  已写入 100000/799999 行FFT数据
2025-11-24 16:40:13-INFO-[tdms_reader_frequency.py:147]-  已写入 100000/799999 行FFT数据
2025-11-24 16:40:13-INFO-[tdms_reader_frequency.py:147]-  已写入 100000/799999 行FFT数据
2025-11-24 16:40:13-INFO-[tdms_reader_frequency.py:147]-  已写入 100000/649999 行FFT数据
2025-11-24 16:40:13-INFO-[tdms_reader_frequency.py:147]-  已写入 100000/799999 行FFT数据
2025-11-24 16:40:13-INFO-[tdms_reader_frequency.py:147]-  已写入 100000/799999 行FFT数据
2025-11-24 16:40:13-INFO-[tdms_reader_frequency.py:147]-  已写入 100000/799999 行FFT数据
2025-11-24 16:40:13-INFO-[tdms_reader_frequency.py:147]-  已写入 100000/799999 行FFT数据
2025-11-24 16:40:14-INFO-[tdms_reader_frequency.py:147]-  已写入 100000/799999 行FFT数据
2025-11-24 16:40:14-INFO-[tdms_reader_frequency.py:147]-  已写入 100000/799999 行FFT数据
2025-11-24 16:40:14-INFO-[tdms_reader_frequency.py:147]-  已写入 100000/799999 行FFT数据
2025-11-24 16:40:14-INFO-[tdms_reader_frequency.py:147]-  已写入 100000/799999 行FFT数据
2025-11-24 16:40:14-INFO-[tdms_reader_frequency.py:147]-  已写入 100000/799999 行FFT数据
2025-11-24 16:40:14-INFO-[tdms_reader_frequency.py:147]-  已写入 100000/799999 行FFT数据
2025-11-24 16:40:14-INFO-[tdms_reader_frequency.py:147]-  已写入 100000/799999 行FFT数据
2025-11-24 16:40:14-INFO-[tdms_reader_frequency.py:147]-  已写入 100000/799999 行FFT数据
2025-11-24 16:40:14-INFO-[tdms_reader_frequency.py:147]-  已写入 100000/799999 行FFT数据
2025-11-24 16:40:14-INFO-[tdms_reader_frequency.py:147]-  已写入 100000/799999 行FFT数据
2025-11-24 16:40:14-INFO-[tdms_reader_frequency.py:147]-  已写入 100000/799999 行FFT数据
2025-11-24 16:40:14-INFO-[tdms_reader_frequency.py:147]-  已写入 100000/799999 行FFT数据
2025-11-24 16:40:16-INFO-[tdms_reader_frequency.py:147]-  已写入 200000/799999 行FFT数据
2025-11-24 16:40:16-INFO-[tdms_reader_frequency.py:147]-  已写入 200000/799999 行FFT数据
2025-11-24 16:40:16-INFO-[tdms_reader_frequency.py:147]-  已写入 200000/799999 行FFT数据
2025-11-24 16:40:16-INFO-[tdms_reader_frequency.py:147]-  已写入 200000/799999 行FFT数据
2025-11-24 16:40:16-INFO-[tdms_reader_frequency.py:147]-  已写入 200000/649999 行FFT数据
2025-11-24 16:40:16-INFO-[tdms_reader_frequency.py:147]-  已写入 200000/799999 行FFT数据
2025-11-24 16:40:16-INFO-[tdms_reader_frequency.py:147]-  已写入 200000/799999 行FFT数据
2025-11-24 16:40:16-INFO-[tdms_reader_frequency.py:147]-  已写入 200000/799999 行FFT数据
2025-11-24 16:40:16-INFO-[tdms_reader_frequency.py:147]-  已写入 200000/799999 行FFT数据
2025-11-24 16:40:18-INFO-[tdms_reader_frequency.py:147]-  已写入 200000/799999 行FFT数据
2025-11-24 16:40:19-INFO-[tdms_reader_frequency.py:147]-  已写入 200000/799999 行FFT数据
2025-11-24 16:40:19-INFO-[tdms_reader_frequency.py:147]-  已写入 200000/799999 行FFT数据
2025-11-24 16:40:19-INFO-[tdms_reader_frequency.py:147]-  已写入 200000/799999 行FFT数据
2025-11-24 16:40:19-INFO-[tdms_reader_frequency.py:147]-  已写入 200000/799999 行FFT数据
2025-11-24 16:40:19-INFO-[tdms_reader_frequency.py:147]-  已写入 200000/799999 行FFT数据
2025-11-24 16:40:19-INFO-[tdms_reader_frequency.py:147]-  已写入 200000/799999 行FFT数据
2025-11-24 16:40:19-INFO-[tdms_reader_frequency.py:147]-  已写入 200000/799999 行FFT数据
2025-11-24 16:40:19-INFO-[tdms_reader_frequency.py:147]-  已写入 200000/799999 行FFT数据
2025-11-24 16:40:19-INFO-[tdms_reader_frequency.py:147]-  已写入 200000/799999 行FFT数据
2025-11-24 16:40:19-INFO-[tdms_reader_frequency.py:147]-  已写入 200000/799999 行FFT数据
2025-11-24 16:40:21-INFO-[tdms_reader_frequency.py:147]-  已写入 300000/799999 行FFT数据
2025-11-24 16:40:21-INFO-[tdms_reader_frequency.py:147]-  已写入 300000/799999 行FFT数据
2025-11-24 16:40:21-INFO-[tdms_reader_frequency.py:147]-  已写入 300000/799999 行FFT数据
2025-11-24 16:40:21-INFO-[tdms_reader_frequency.py:147]-  已写入 300000/799999 行FFT数据
2025-11-24 16:40:21-INFO-[tdms_reader_frequency.py:147]-  已写入 300000/799999 行FFT数据
2025-11-24 16:40:21-INFO-[tdms_reader_frequency.py:147]-  已写入 300000/799999 行FFT数据
2025-11-24 16:40:21-INFO-[tdms_reader_frequency.py:147]-  已写入 300000/649999 行FFT数据
2025-11-24 16:40:21-INFO-[tdms_reader_frequency.py:147]-  已写入 300000/799999 行FFT数据
2025-11-24 16:40:21-INFO-[tdms_reader_frequency.py:147]-  已写入 300000/799999 行FFT数据
2025-11-24 16:40:21-INFO-[tdms_reader_frequency.py:147]-  已写入 300000/799999 行FFT数据
2025-11-24 16:40:21-INFO-[tdms_reader_frequency.py:147]-  已写入 300000/799999 行FFT数据
2025-11-24 16:40:21-INFO-[tdms_reader_frequency.py:147]-  已写入 300000/799999 行FFT数据
2025-11-24 16:40:21-INFO-[tdms_reader_frequency.py:147]-  已写入 300000/799999 行FFT数据
2025-11-24 16:40:21-INFO-[tdms_reader_frequency.py:147]-  已写入 300000/799999 行FFT数据
2025-11-24 16:40:21-INFO-[tdms_reader_frequency.py:147]-  已写入 300000/799999 行FFT数据
2025-11-24 16:40:21-INFO-[tdms_reader_frequency.py:147]-  已写入 300000/799999 行FFT数据
2025-11-24 16:40:21-INFO-[tdms_reader_frequency.py:147]-  已写入 300000/799999 行FFT数据
2025-11-24 16:40:21-INFO-[tdms_reader_frequency.py:147]-  已写入 300000/799999 行FFT数据
2025-11-24 16:40:21-INFO-[tdms_reader_frequency.py:147]-  已写入 300000/799999 行FFT数据
2025-11-24 16:40:21-INFO-[tdms_reader_frequency.py:147]-  已写入 300000/799999 行FFT数据
2025-11-24 16:40:23-INFO-[tdms_reader_frequency.py:147]-  已写入 400000/799999 行FFT数据
2025-11-24 16:40:23-INFO-[tdms_reader_frequency.py:147]-  已写入 400000/799999 行FFT数据
2025-11-24 16:40:23-INFO-[tdms_reader_frequency.py:147]-  已写入 400000/799999 行FFT数据
2025-11-24 16:40:23-INFO-[tdms_reader_frequency.py:147]-  已写入 400000/799999 行FFT数据
2025-11-24 16:40:23-INFO-[tdms_reader_frequency.py:147]-  已写入 400000/799999 行FFT数据
2025-11-24 16:40:23-INFO-[tdms_reader_frequency.py:147]-  已写入 400000/799999 行FFT数据
2025-11-24 16:40:23-INFO-[tdms_reader_frequency.py:147]-  已写入 400000/649999 行FFT数据
2025-11-24 16:40:23-INFO-[tdms_reader_frequency.py:147]-  已写入 400000/799999 行FFT数据
2025-11-24 16:40:23-INFO-[tdms_reader_frequency.py:147]-  已写入 400000/799999 行FFT数据
2025-11-24 16:40:24-INFO-[tdms_reader_frequency.py:147]-  已写入 400000/799999 行FFT数据
2025-11-24 16:40:24-INFO-[tdms_reader_frequency.py:147]-  已写入 400000/799999 行FFT数据
2025-11-24 16:40:24-INFO-[tdms_reader_frequency.py:147]-  已写入 400000/799999 行FFT数据
2025-11-24 16:40:24-INFO-[tdms_reader_frequency.py:147]-  已写入 400000/799999 行FFT数据
2025-11-24 16:40:24-INFO-[tdms_reader_frequency.py:147]-  已写入 400000/799999 行FFT数据
2025-11-24 16:40:24-INFO-[tdms_reader_frequency.py:147]-  已写入 400000/799999 行FFT数据
2025-11-24 16:40:24-INFO-[tdms_reader_frequency.py:147]-  已写入 400000/799999 行FFT数据
2025-11-24 16:40:24-INFO-[tdms_reader_frequency.py:147]-  已写入 400000/799999 行FFT数据
2025-11-24 16:40:24-INFO-[tdms_reader_frequency.py:147]-  已写入 400000/799999 行FFT数据
2025-11-24 16:40:24-INFO-[tdms_reader_frequency.py:147]-  已写入 400000/799999 行FFT数据
2025-11-24 16:40:24-INFO-[tdms_reader_frequency.py:147]-  已写入 400000/799999 行FFT数据
2025-11-24 16:40:26-INFO-[tdms_reader_frequency.py:147]-  已写入 500000/799999 行FFT数据
2025-11-24 16:40:26-INFO-[tdms_reader_frequency.py:147]-  已写入 500000/799999 行FFT数据
2025-11-24 16:40:26-INFO-[tdms_reader_frequency.py:147]-  已写入 500000/799999 行FFT数据
2025-11-24 16:40:26-INFO-[tdms_reader_frequency.py:147]-  已写入 500000/799999 行FFT数据
2025-11-24 16:40:26-INFO-[tdms_reader_frequency.py:147]-  已写入 500000/799999 行FFT数据
2025-11-24 16:40:26-INFO-[tdms_reader_frequency.py:147]-  已写入 500000/799999 行FFT数据
2025-11-24 16:40:26-INFO-[tdms_reader_frequency.py:147]-  已写入 500000/649999 行FFT数据
2025-11-24 16:40:26-INFO-[tdms_reader_frequency.py:147]-  已写入 500000/799999 行FFT数据
2025-11-24 16:40:26-INFO-[tdms_reader_frequency.py:147]-  已写入 500000/799999 行FFT数据
2025-11-24 16:40:26-INFO-[tdms_reader_frequency.py:147]-  已写入 500000/799999 行FFT数据
2025-11-24 16:40:26-INFO-[tdms_reader_frequency.py:147]-  已写入 500000/799999 行FFT数据
2025-11-24 16:40:28-INFO-[tdms_reader_frequency.py:147]-  已写入 500000/799999 行FFT数据
2025-11-24 16:40:28-INFO-[tdms_reader_frequency.py:147]-  已写入 500000/799999 行FFT数据
2025-11-24 16:40:28-INFO-[tdms_reader_frequency.py:147]-  已写入 500000/799999 行FFT数据
2025-11-24 16:40:28-INFO-[tdms_reader_frequency.py:147]-  已写入 500000/799999 行FFT数据
2025-11-24 16:40:28-INFO-[tdms_reader_frequency.py:147]-  已写入 500000/799999 行FFT数据
2025-11-24 16:40:29-INFO-[tdms_reader_frequency.py:147]-  已写入 500000/799999 行FFT数据
2025-11-24 16:40:29-INFO-[tdms_reader_frequency.py:147]-  已写入 500000/799999 行FFT数据
2025-11-24 16:40:29-INFO-[tdms_reader_frequency.py:147]-  已写入 500000/799999 行FFT数据
2025-11-24 16:40:29-INFO-[tdms_reader_frequency.py:147]-  已写入 500000/799999 行FFT数据
2025-11-24 16:40:30-INFO-[tdms_reader_frequency.py:147]-  已写入 600000/799999 行FFT数据
2025-11-24 16:40:30-INFO-[tdms_reader_frequency.py:147]-  已写入 600000/799999 行FFT数据
2025-11-24 16:40:30-INFO-[tdms_reader_frequency.py:147]-  已写入 600000/799999 行FFT数据
2025-11-24 16:40:30-INFO-[tdms_reader_frequency.py:147]-  已写入 600000/799999 行FFT数据
2025-11-24 16:40:31-INFO-[tdms_reader_frequency.py:147]-  已写入 600000/799999 行FFT数据
2025-11-24 16:40:31-INFO-[tdms_reader_frequency.py:147]-  已写入 600000/799999 行FFT数据
2025-11-24 16:40:31-INFO-[tdms_reader_frequency.py:147]-  已写入 600000/649999 行FFT数据
2025-11-24 16:40:31-INFO-[tdms_reader_frequency.py:147]-  已写入 600000/799999 行FFT数据
2025-11-24 16:40:31-INFO-[tdms_reader_frequency.py:147]-  已写入 600000/799999 行FFT数据
2025-11-24 16:40:31-INFO-[tdms_reader_frequency.py:147]-  已写入 600000/799999 行FFT数据
2025-11-24 16:40:31-INFO-[tdms_reader_frequency.py:147]-  已写入 600000/799999 行FFT数据
2025-11-24 16:40:31-INFO-[tdms_reader_frequency.py:147]-  已写入 600000/799999 行FFT数据
2025-11-24 16:40:31-INFO-[tdms_reader_frequency.py:147]-  已写入 600000/799999 行FFT数据
2025-11-24 16:40:31-INFO-[tdms_reader_frequency.py:147]-  已写入 600000/799999 行FFT数据
2025-11-24 16:40:31-INFO-[tdms_reader_frequency.py:147]-  已写入 600000/799999 行FFT数据
2025-11-24 16:40:31-INFO-[tdms_reader_frequency.py:147]-  已写入 600000/799999 行FFT数据
2025-11-24 16:40:31-INFO-[tdms_reader_frequency.py:147]-  已写入 600000/799999 行FFT数据
2025-11-24 16:40:31-INFO-[tdms_reader_frequency.py:147]-  已写入 600000/799999 行FFT数据
2025-11-24 16:40:31-INFO-[tdms_reader_frequency.py:147]-  已写入 600000/799999 行FFT数据
2025-11-24 16:40:31-INFO-[tdms_reader_frequency.py:147]-  已写入 600000/799999 行FFT数据
2025-11-24 16:40:32-INFO-[tdms_reader_frequency.py:147]-  已写入 649999/649999 行FFT数据
2025-11-24 16:40:32-INFO-[tdms_reader_frequency.py:149]-已处理: 20251121154956.816886.csv -> D:/Lab/process/2025.11.21/frequency\plasma-discharge\FFT_20251121154956.816886.csv
2025-11-24 16:40:33-INFO-[tdms_reader_frequency.py:147]-  已写入 700000/799999 行FFT数据
2025-11-24 16:40:33-INFO-[tdms_reader_frequency.py:147]-  已写入 700000/799999 行FFT数据
2025-11-24 16:40:33-INFO-[tdms_reader_frequency.py:147]-  已写入 700000/799999 行FFT数据
2025-11-24 16:40:33-INFO-[tdms_reader_frequency.py:147]-  已写入 700000/799999 行FFT数据
2025-11-24 16:40:33-INFO-[tdms_reader_frequency.py:147]-  已写入 700000/799999 行FFT数据
2025-11-24 16:40:33-INFO-[tdms_reader_frequency.py:147]-  已写入 700000/799999 行FFT数据
2025-11-24 16:40:33-INFO-[tdms_reader_frequency.py:147]-  已写入 700000/799999 行FFT数据
2025-11-24 16:40:33-INFO-[tdms_reader_frequency.py:147]-  已写入 700000/799999 行FFT数据
2025-11-24 16:40:33-INFO-[tdms_reader_frequency.py:147]-  已写入 700000/799999 行FFT数据
2025-11-24 16:40:33-INFO-[tdms_reader_frequency.py:147]-  已写入 700000/799999 行FFT数据
2025-11-24 16:40:33-INFO-[tdms_reader_frequency.py:147]-  已写入 700000/799999 行FFT数据
2025-11-24 16:40:33-INFO-[tdms_reader_frequency.py:147]-  已写入 700000/799999 行FFT数据
2025-11-24 16:40:33-INFO-[tdms_reader_frequency.py:147]-  已写入 700000/799999 行FFT数据
2025-11-24 16:40:33-INFO-[tdms_reader_frequency.py:147]-  已写入 700000/799999 行FFT数据
2025-11-24 16:40:33-INFO-[tdms_reader_frequency.py:147]-  已写入 700000/799999 行FFT数据
2025-11-24 16:40:33-INFO-[tdms_reader_frequency.py:147]-  已写入 700000/799999 行FFT数据
2025-11-24 16:40:33-INFO-[tdms_reader_frequency.py:147]-  已写入 700000/799999 行FFT数据
2025-11-24 16:40:33-INFO-[tdms_reader_frequency.py:147]-  已写入 700000/799999 行FFT数据
2025-11-24 16:40:33-INFO-[tdms_reader_frequency.py:147]-  已写入 700000/799999 行FFT数据
2025-11-24 16:40:37-INFO-[tdms_reader_frequency.py:147]-  已写入 799999/799999 行FFT数据
2025-11-24 16:40:37-INFO-[tdms_reader_frequency.py:149]-已处理: 20251121154905.615133.csv -> D:/Lab/process/2025.11.21/frequency\plasma-discharge\FFT_20251121154905.615133.csv
2025-11-24 16:40:37-INFO-[tdms_reader_frequency.py:147]-  已写入 799999/799999 行FFT数据
2025-11-24 16:40:37-INFO-[tdms_reader_frequency.py:149]-已处理: 20251121154856.015181.csv -> D:/Lab/process/2025.11.21/frequency\plasma-discharge\FFT_20251121154856.015181.csv
2025-11-24 16:40:37-INFO-[tdms_reader_frequency.py:147]-  已写入 799999/799999 行FFT数据
2025-11-24 16:40:37-INFO-[tdms_reader_frequency.py:149]-已处理: 20251121154859.213977.csv -> D:/Lab/process/2025.11.21/frequency\plasma-discharge\FFT_20251121154859.213977.csv
2025-11-24 16:40:37-INFO-[tdms_reader_frequency.py:147]-  已写入 799999/799999 行FFT数据
2025-11-24 16:40:37-INFO-[tdms_reader_frequency.py:149]-已处理: 20251121154908.815700.csv -> D:/Lab/process/2025.11.21/frequency\plasma-discharge\FFT_20251121154908.815700.csv
2025-11-24 16:40:37-INFO-[tdms_reader_frequency.py:147]-  已写入 799999/799999 行FFT数据
2025-11-24 16:40:37-INFO-[tdms_reader_frequency.py:149]-已处理: 20251121154902.414584.csv -> D:/Lab/process/2025.11.21/frequency\plasma-discharge\FFT_20251121154902.414584.csv
2025-11-24 16:40:38-INFO-[tdms_reader_frequency.py:147]-  已写入 799999/799999 行FFT数据
2025-11-24 16:40:38-INFO-[tdms_reader_frequency.py:149]-已处理: 20251121154912.017282.csv -> D:/Lab/process/2025.11.21/frequency\plasma-discharge\FFT_20251121154912.017282.csv
2025-11-24 16:40:38-INFO-[tdms_reader_frequency.py:147]-  已写入 799999/799999 行FFT数据
2025-11-24 16:40:38-INFO-[tdms_reader_frequency.py:149]-已处理: 20251121154915.217811.csv -> D:/Lab/process/2025.11.21/frequency\plasma-discharge\FFT_20251121154915.217811.csv
2025-11-24 16:40:38-INFO-[tdms_reader_frequency.py:147]-  已写入 799999/799999 行FFT数据
2025-11-24 16:40:38-INFO-[tdms_reader_frequency.py:149]-已处理: 20251121154940.817556.csv -> D:/Lab/process/2025.11.21/frequency\plasma-discharge\FFT_20251121154940.817556.csv
2025-11-24 16:40:38-INFO-[tdms_reader_frequency.py:147]-  已写入 799999/799999 行FFT数据
2025-11-24 16:40:38-INFO-[tdms_reader_frequency.py:149]-已处理: 20251121154918.416524.csv -> D:/Lab/process/2025.11.21/frequency\plasma-discharge\FFT_20251121154918.416524.csv
2025-11-24 16:40:38-INFO-[tdms_reader_frequency.py:147]-  已写入 799999/799999 行FFT数据
2025-11-24 16:40:38-INFO-[tdms_reader_frequency.py:147]-  已写入 799999/799999 行FFT数据
2025-11-24 16:40:38-INFO-[tdms_reader_frequency.py:149]-已处理: 20251121154924.816766.csv -> D:/Lab/process/2025.11.21/frequency\plasma-discharge\FFT_20251121154924.816766.csv
2025-11-24 16:40:38-INFO-[tdms_reader_frequency.py:149]-已处理: 20251121154950.419948.csv -> D:/Lab/process/2025.11.21/frequency\plasma-discharge\FFT_20251121154950.419948.csv
2025-11-24 16:40:38-INFO-[tdms_reader_frequency.py:147]-  已写入 799999/799999 行FFT数据
2025-11-24 16:40:38-INFO-[tdms_reader_frequency.py:149]-已处理: 20251121154928.019051.csv -> D:/Lab/process/2025.11.21/frequency\plasma-discharge\FFT_20251121154928.019051.csv
2025-11-24 16:40:38-INFO-[tdms_reader_frequency.py:147]-  已写入 799999/799999 行FFT数据
2025-11-24 16:40:38-INFO-[tdms_reader_frequency.py:149]-已处理: 20251121154931.218087.csv -> D:/Lab/process/2025.11.21/frequency\plasma-discharge\FFT_20251121154931.218087.csv
2025-11-24 16:40:38-INFO-[tdms_reader_frequency.py:147]-  已写入 799999/799999 行FFT数据
2025-11-24 16:40:38-INFO-[tdms_reader_frequency.py:149]-已处理: 20251121154937.619380.csv -> D:/Lab/process/2025.11.21/frequency\plasma-discharge\FFT_20251121154937.619380.csv
2025-11-24 16:40:38-INFO-[tdms_reader_frequency.py:147]-  已写入 799999/799999 行FFT数据
2025-11-24 16:40:38-INFO-[tdms_reader_frequency.py:149]-已处理: 20251121154921.615828.csv -> D:/Lab/process/2025.11.21/frequency\plasma-discharge\FFT_20251121154921.615828.csv
2025-11-24 16:40:38-INFO-[tdms_reader_frequency.py:147]-  已写入 799999/799999 行FFT数据
2025-11-24 16:40:38-INFO-[tdms_reader_frequency.py:149]-已处理: 20251121154934.417224.csv -> D:/Lab/process/2025.11.21/frequency\plasma-discharge\FFT_20251121154934.417224.csv
2025-11-24 16:40:38-INFO-[tdms_reader_frequency.py:147]-  已写入 799999/799999 行FFT数据
2025-11-24 16:40:38-INFO-[tdms_reader_frequency.py:149]-已处理: 20251121154947.221591.csv -> D:/Lab/process/2025.11.21/frequency\plasma-discharge\FFT_20251121154947.221591.csv
2025-11-24 16:40:38-INFO-[tdms_reader_frequency.py:147]-  已写入 799999/799999 行FFT数据
2025-11-24 16:40:38-INFO-[tdms_reader_frequency.py:149]-已处理: 20251121154953.617356.csv -> D:/Lab/process/2025.11.21/frequency\plasma-discharge\FFT_20251121154953.617356.csv
2025-11-24 16:40:38-INFO-[tdms_reader_frequency.py:147]-  已写入 799999/799999 行FFT数据
2025-11-24 16:40:38-INFO-[tdms_reader_frequency.py:149]-已处理: 20251121154944.019139.csv -> D:/Lab/process/2025.11.21/frequency\plasma-discharge\FFT_20251121154944.019139.csv
2025-11-24 16:40:39-INFO-[tdms_reader_frequency.py:208]-所有文件处理完成
2025-11-24 16:40:39-INFO-[tdms_reader_frequency_average.py:42]-配置文件加载成功: C:\Users\17584\Documents\ALearning\Project\tools\DataProcess\config\paths.yaml
2025-11-24 16:40:39-INFO-[tdms_reader_frequency_average.py:196]-FFT数据输入目录: D:/Lab/process/2025.11.21/frequency
2025-11-24 16:40:39-INFO-[tdms_reader_frequency_average.py:197]-平均FFT输出目录: D:/Lab/process/2025.11.21/frequency_ave
2025-11-24 16:40:39-INFO-[tdms_reader_frequency_average.py:210]-找到 20 个FFT CSV文件
2025-11-24 16:40:39-INFO-[tdms_reader_frequency_average.py:63]-按文件夹分组完成，找到 1 个文件夹组
2025-11-24 16:40:39-INFO-[tdms_reader_frequency_average.py:65]-  文件夹 plasma-discharge: 20 个文件
2025-11-24 16:40:39-INFO-[tdms_reader_frequency_average.py:225]-使用 1 个进程并行处理
2025-11-24 16:40:40-INFO-[tdms_reader_frequency_average.py:178]-开始处理文件夹 plasma-discharge, 共 20 个文件
2025-11-24 16:41:05-WARNING-[tdms_reader_frequency_average.py:99]-文件 FFT_20251121154956.816886.csv 结构不匹配，跳过
2025-11-24 16:41:14-INFO-[tdms_reader_frequency_average.py:159]-已保存平均FFT数据: D:/Lab/process/2025.11.21/frequency_ave\plasma-discharge\average_fft_plasma-discharge_19files.csv
2025-11-24 16:41:14-INFO-[tdms_reader_frequency_average.py:234]-处理完成: 成功 1/1 个文件夹组
2025-11-24 16:41:14-INFO-[tdms_reader_frequency_average.py:240]-========================FFT数据平均处理汇总报告===========================
2025-11-24 16:41:14-INFO-[tdms_reader_frequency_average.py:241]-处理时间: 2025-11-24 16:41:14
2025-11-24 16:41:14-INFO-[tdms_reader_frequency_average.py:242]-成功处理的文件数量: 1
2025-11-24 16:41:14-INFO-[tdms_reader_frequency_average.py:243]-处理文件列表:
2025-11-24 16:41:14-INFO-[tdms_reader_frequency_average.py:246]- 1. average_fft_plasma-discharge_19files.csv
2025-11-24 16:41:14-INFO-[time_series_plots.py:36]-配置文件加载成功: C:\Users\17584\Documents\ALearning\Project\tools\DataProcess\config\paths.yaml
2025-11-24 16:41:14-INFO-[time_series_plots.py:662]-输入目录: D:/Lab/process/2025.11.21/time
2025-11-24 16:41:14-INFO-[time_series_plots.py:663]-输出目录: D:/Lab/results/2025.11.21/time
2025-11-24 16:41:14-INFO-[time_series_plots.py:675]-找到 20 个CSV文件
2025-11-24 16:41:14-INFO-[time_series_plots.py:685]-找到 1 个组: ['plasma-discharge']
2025-11-24 16:41:14-INFO-[time_series_plots.py:690]-分析组 plasma-discharge, 包含 20 个文件
2025-11-24 16:41:14-INFO-[time_series_plots.py:588]-开始分析组，包含 20 个文件
2025-11-24 16:41:14-INFO-[time_series_plots.py:42]-正在读取CSV文件: D:\Lab\process\2025.11.21\time\plasma-discharge\20251121154856.015181.csv
2025-11-24 16:41:15-INFO-[time_series_plots.py:78]-成功读取数据: 1600000 行, 8 个通道
2025-11-24 16:41:16-INFO-[time_series_plots.py:42]-正在读取CSV文件: D:\Lab\process\2025.11.21\time\plasma-discharge\20251121154859.213977.csv
2025-11-24 16:41:17-INFO-[time_series_plots.py:78]-成功读取数据: 1600000 行, 8 个通道
2025-11-24 16:41:19-INFO-[time_series_plots.py:42]-正在读取CSV文件: D:\Lab\process\2025.11.21\time\plasma-discharge\20251121154902.414584.csv
2025-11-24 16:41:20-INFO-[time_series_plots.py:78]-成功读取数据: 1600000 行, 8 个通道
2025-11-24 16:41:21-INFO-[time_series_plots.py:42]-正在读取CSV文件: D:\Lab\process\2025.11.21\time\plasma-discharge\20251121154905.615133.csv
2025-11-24 16:41:22-INFO-[time_series_plots.py:78]-成功读取数据: 1600000 行, 8 个通道
2025-11-24 16:41:23-INFO-[time_series_plots.py:42]-正在读取CSV文件: D:\Lab\process\2025.11.21\time\plasma-discharge\20251121154908.815700.csv
2025-11-24 16:41:24-INFO-[time_series_plots.py:78]-成功读取数据: 1600000 行, 8 个通道
2025-11-24 16:41:26-INFO-[time_series_plots.py:42]-正在读取CSV文件: D:\Lab\process\2025.11.21\time\plasma-discharge\20251121154912.017282.csv
2025-11-24 16:41:26-INFO-[time_series_plots.py:78]-成功读取数据: 1600000 行, 8 个通道
2025-11-24 16:41:28-INFO-[time_series_plots.py:42]-正在读取CSV文件: D:\Lab\process\2025.11.21\time\plasma-discharge\20251121154915.217811.csv
2025-11-24 16:41:29-INFO-[time_series_plots.py:78]-成功读取数据: 1600000 行, 8 个通道
2025-11-24 16:41:30-INFO-[time_series_plots.py:42]-正在读取CSV文件: D:\Lab\process\2025.11.21\time\plasma-discharge\20251121154918.416524.csv
2025-11-24 16:41:31-INFO-[time_series_plots.py:78]-成功读取数据: 1600000 行, 8 个通道
2025-11-24 16:41:33-INFO-[time_series_plots.py:42]-正在读取CSV文件: D:\Lab\process\2025.11.21\time\plasma-discharge\20251121154921.615828.csv
2025-11-24 16:41:33-INFO-[time_series_plots.py:78]-成功读取数据: 1600000 行, 8 个通道
2025-11-24 16:41:35-INFO-[time_series_plots.py:42]-正在读取CSV文件: D:\Lab\process\2025.11.21\time\plasma-discharge\20251121154924.816766.csv
2025-11-24 16:41:36-INFO-[time_series_plots.py:78]-成功读取数据: 1600000 行, 8 个通道
2025-11-24 16:41:37-INFO-[time_series_plots.py:42]-正在读取CSV文件: D:\Lab\process\2025.11.21\time\plasma-discharge\20251121154928.019051.csv
2025-11-24 16:41:38-INFO-[time_series_plots.py:78]-成功读取数据: 1600000 行, 8 个通道
2025-11-24 16:41:40-INFO-[time_series_plots.py:42]-正在读取CSV文件: D:\Lab\process\2025.11.21\time\plasma-discharge\20251121154931.218087.csv
2025-11-24 16:41:40-INFO-[time_series_plots.py:78]-成功读取数据: 1600000 行, 8 个通道
2025-11-24 16:41:42-INFO-[time_series_plots.py:42]-正在读取CSV文件: D:\Lab\process\2025.11.21\time\plasma-discharge\20251121154934.417224.csv
2025-11-24 16:41:43-INFO-[time_series_plots.py:78]-成功读取数据: 1600000 行, 8 个通道
2025-11-24 16:41:44-INFO-[time_series_plots.py:42]-正在读取CSV文件: D:\Lab\process\2025.11.21\time\plasma-discharge\20251121154937.619380.csv
2025-11-24 16:41:45-INFO-[time_series_plots.py:78]-成功读取数据: 1600000 行, 8 个通道
2025-11-24 16:41:47-INFO-[time_series_plots.py:42]-正在读取CSV文件: D:\Lab\process\2025.11.21\time\plasma-discharge\20251121154940.817556.csv
2025-11-24 16:41:47-INFO-[time_series_plots.py:78]-成功读取数据: 1600000 行, 8 个通道
2025-11-24 16:41:49-INFO-[time_series_plots.py:42]-正在读取CSV文件: D:\Lab\process\2025.11.21\time\plasma-discharge\20251121154944.019139.csv
2025-11-24 16:41:50-INFO-[time_series_plots.py:78]-成功读取数据: 1600000 行, 8 个通道
2025-11-24 16:41:51-INFO-[time_series_plots.py:42]-正在读取CSV文件: D:\Lab\process\2025.11.21\time\plasma-discharge\20251121154947.221591.csv
2025-11-24 16:41:52-INFO-[time_series_plots.py:78]-成功读取数据: 1600000 行, 8 个通道
2025-11-24 16:41:54-INFO-[time_series_plots.py:42]-正在读取CSV文件: D:\Lab\process\2025.11.21\time\plasma-discharge\20251121154950.419948.csv
2025-11-24 16:41:55-INFO-[time_series_plots.py:78]-成功读取数据: 1600000 行, 8 个通道
2025-11-24 16:41:56-INFO-[time_series_plots.py:42]-正在读取CSV文件: D:\Lab\process\2025.11.21\time\plasma-discharge\20251121154953.617356.csv
2025-11-24 16:41:57-INFO-[time_series_plots.py:78]-成功读取数据: 1600000 行, 8 个通道
2025-11-24 16:41:58-INFO-[time_series_plots.py:42]-正在读取CSV文件: D:\Lab\process\2025.11.21\time\plasma-discharge\20251121154956.816886.csv
2025-11-24 16:41:59-INFO-[time_series_plots.py:78]-成功读取数据: 1300000 行, 8 个通道
2025-11-24 16:42:00-INFO-[time_series_plots.py:178]-开始绘制组时序图
2025-11-24 16:42:03-INFO-[time_series_plots.py:251]-组时序图已保存: D:\Lab\results\2025.11.21\time\plasma-discharge\group_time_series.png
2025-11-24 16:42:03-INFO-[time_series_plots.py:261]-开始绘制组统计量对比图
2025-11-24 16:42:04-INFO-[time_series_plots.py:342]-组统计量对比图已保存: D:\Lab\results\2025.11.21\time\plasma-discharge\group_statistics_comparison.png
2025-11-24 16:42:04-INFO-[time_series_plots.py:352]-开始绘制组稳定性分析图
2025-11-24 16:42:05-INFO-[time_series_plots.py:448]-组稳定性分析图已保存: D:\Lab\results\2025.11.21\time\plasma-discharge\group_stability_analysis.png
2025-11-24 16:42:05-INFO-[time_series_plots.py:458]-开始生成组分析报告
2025-11-24 16:42:05-INFO-[time_series_plots.py:575]-组分析报告已保存: D:\Lab\results\2025.11.21\time\plasma-discharge\group_analysis_report.json
2025-11-24 16:42:05-INFO-[time_series_plots.py:636]-组分析完成: plasma-discharge
2025-11-24 16:42:05-INFO-[time_series_plots.py:719]-时域分析完成! 成功分析 1 个组
2025-11-24 16:42:05-INFO-[time_series_plots.py:720]-总体报告: D:\Lab\results\2025.11.21\time\analysis_summary.json
2025-11-24 16:42:05-INFO-[main.py:55]------------------------------执行完成-----------------------------
2025-11-24 16:58:37-INFO-[main.py:33]--------------------------启动数据分析系统-------------------------
2025-11-24 16:58:37-INFO-[file_utils.py:39]-paths.yaml 生成成功: C:\Users\17584\Documents\ALearning\Project\tools\DataProcess\config\paths.yaml
2025-11-24 16:58:37-INFO-[tdms_reader_frequency.py:41]-配置文件加载成功: C:\Users\17584\Documents\ALearning\Project\tools\DataProcess\config\paths.yaml
2025-11-24 16:58:37-INFO-[tdms_reader_frequency.py:188]-输入数据目录: D:/Lab/process/2025.11.11/time
2025-11-24 16:58:37-INFO-[tdms_reader_frequency.py:189]-输出目录: D:/Lab/process/2025.11.11/frequency
2025-11-24 16:58:37-INFO-[tdms_reader_frequency.py:202]-找到 80 个CSV文件
2025-11-24 16:58:37-INFO-[tdms_reader_frequency.py:205]-开始并行处理文件...
2025-11-24 16:58:42-INFO-[tdms_reader_frequency.py:76]-开始处理文件: D:/Lab/process/2025.11.11/time\GROUP1\20251111161634.934035.csv
2025-11-24 16:58:42-INFO-[tdms_reader_frequency.py:84]-使用元数据采样率: 50000 Hz
2025-11-24 16:58:42-INFO-[tdms_reader_frequency.py:76]-开始处理文件: D:/Lab/process/2025.11.11/time\GROUP1\20251111161638.134949.csv
2025-11-24 16:58:42-INFO-[tdms_reader_frequency.py:84]-使用元数据采样率: 50000 Hz
2025-11-24 16:58:42-INFO-[tdms_reader_frequency.py:76]-开始处理文件: D:/Lab/process/2025.11.11/time\GROUP1\20251111161641.335227.csv
2025-11-24 16:58:42-INFO-[tdms_reader_frequency.py:84]-使用元数据采样率: 50000 Hz
2025-11-24 16:58:42-INFO-[tdms_reader_frequency.py:76]-开始处理文件: D:/Lab/process/2025.11.11/time\GROUP1\20251111161644.534299.csv
2025-11-24 16:58:42-INFO-[tdms_reader_frequency.py:84]-使用元数据采样率: 50000 Hz
2025-11-24 16:58:43-INFO-[tdms_reader_frequency.py:76]-开始处理文件: D:/Lab/process/2025.11.11/time\GROUP1\20251111161647.733148.csv
2025-11-24 16:58:43-INFO-[tdms_reader_frequency.py:84]-使用元数据采样率: 50000 Hz
2025-11-24 16:58:43-INFO-[tdms_reader_frequency.py:76]-开始处理文件: D:/Lab/process/2025.11.11/time\GROUP1\20251111161650.936288.csv
2025-11-24 16:58:43-INFO-[tdms_reader_frequency.py:84]-使用元数据采样率: 50000 Hz
2025-11-24 16:58:43-INFO-[tdms_reader_frequency.py:76]-开始处理文件: D:/Lab/process/2025.11.11/time\GROUP1\20251111161654.133815.csv
2025-11-24 16:58:43-INFO-[tdms_reader_frequency.py:84]-使用元数据采样率: 50000 Hz
2025-11-24 16:58:43-INFO-[tdms_reader_frequency.py:76]-开始处理文件: D:/Lab/process/2025.11.11/time\GROUP1\20251111161657.332589.csv
2025-11-24 16:58:43-INFO-[tdms_reader_frequency.py:84]-使用元数据采样率: 50000 Hz
2025-11-24 16:58:43-INFO-[tdms_reader_frequency.py:76]-开始处理文件: D:/Lab/process/2025.11.11/time\GROUP1\20251111161700.535144.csv
2025-11-24 16:58:43-INFO-[tdms_reader_frequency.py:84]-使用元数据采样率: 50000 Hz
2025-11-24 16:58:43-INFO-[tdms_reader_frequency.py:76]-开始处理文件: D:/Lab/process/2025.11.11/time\GROUP1\20251111161703.736152.csv
2025-11-24 16:58:43-INFO-[tdms_reader_frequency.py:84]-使用元数据采样率: 50000 Hz
2025-11-24 16:58:43-INFO-[tdms_reader_frequency.py:76]-开始处理文件: D:/Lab/process/2025.11.11/time\GROUP1\20251111161706.936906.csv
2025-11-24 16:58:43-INFO-[tdms_reader_frequency.py:84]-使用元数据采样率: 50000 Hz
2025-11-24 16:58:43-INFO-[tdms_reader_frequency.py:76]-开始处理文件: D:/Lab/process/2025.11.11/time\GROUP1\20251111161710.134401.csv
2025-11-24 16:58:43-INFO-[tdms_reader_frequency.py:84]-使用元数据采样率: 50000 Hz
2025-11-24 16:58:43-INFO-[tdms_reader_frequency.py:76]-开始处理文件: D:/Lab/process/2025.11.11/time\GROUP1\20251111161713.334197.csv
2025-11-24 16:58:43-INFO-[tdms_reader_frequency.py:84]-使用元数据采样率: 50000 Hz
2025-11-24 16:58:43-INFO-[tdms_reader_frequency.py:76]-开始处理文件: D:/Lab/process/2025.11.11/time\GROUP1\20251111161716.534160.csv
2025-11-24 16:58:43-INFO-[tdms_reader_frequency.py:84]-使用元数据采样率: 50000 Hz
2025-11-24 16:58:43-INFO-[tdms_reader_frequency.py:76]-开始处理文件: D:/Lab/process/2025.11.11/time\GROUP1\20251111161719.736773.csv
2025-11-24 16:58:43-INFO-[tdms_reader_frequency.py:84]-使用元数据采样率: 50000 Hz
2025-11-24 16:58:43-INFO-[tdms_reader_frequency.py:76]-开始处理文件: D:/Lab/process/2025.11.11/time\GROUP1\20251111161722.937210.csv
2025-11-24 16:58:43-INFO-[tdms_reader_frequency.py:84]-使用元数据采样率: 50000 Hz
2025-11-24 16:58:43-INFO-[tdms_reader_frequency.py:76]-开始处理文件: D:/Lab/process/2025.11.11/time\GROUP1\20251111161726.134814.csv
2025-11-24 16:58:43-INFO-[tdms_reader_frequency.py:84]-使用元数据采样率: 50000 Hz
2025-11-24 16:58:43-INFO-[tdms_reader_frequency.py:76]-开始处理文件: D:/Lab/process/2025.11.11/time\GROUP1\20251111161729.334125.csv
2025-11-24 16:58:43-INFO-[tdms_reader_frequency.py:84]-使用元数据采样率: 50000 Hz
2025-11-24 16:58:43-INFO-[tdms_reader_frequency.py:76]-开始处理文件: D:/Lab/process/2025.11.11/time\GROUP1\20251111161732.536553.csv
2025-11-24 16:58:43-INFO-[tdms_reader_frequency.py:84]-使用元数据采样率: 50000 Hz
2025-11-24 16:58:43-INFO-[tdms_reader_frequency.py:76]-开始处理文件: D:/Lab/process/2025.11.11/time\GROUP1\20251111161735.737496.csv
2025-11-24 16:58:43-INFO-[tdms_reader_frequency.py:76]-开始处理文件: D:/Lab/process/2025.11.11/time\GROUP1\20251111161738.935403.csv
2025-11-24 16:58:43-INFO-[tdms_reader_frequency.py:76]-开始处理文件: D:/Lab/process/2025.11.11/time\GROUP1\20251111161742.134913.csv
2025-11-24 16:58:43-INFO-[tdms_reader_frequency.py:84]-使用元数据采样率: 50000 Hz
2025-11-24 16:58:43-INFO-[tdms_reader_frequency.py:84]-使用元数据采样率: 50000 Hz
2025-11-24 16:58:43-INFO-[tdms_reader_frequency.py:84]-使用元数据采样率: 50000 Hz
2025-11-24 16:58:43-INFO-[tdms_reader_frequency.py:76]-开始处理文件: D:/Lab/process/2025.11.11/time\GROUP1\20251111161745.334812.csv
2025-11-24 16:58:43-INFO-[tdms_reader_frequency.py:76]-开始处理文件: D:/Lab/process/2025.11.11/time\GROUP1\20251111161751.736184.csv
2025-11-24 16:58:43-INFO-[tdms_reader_frequency.py:76]-开始处理文件: D:/Lab/process/2025.11.11/time\GROUP1\20251111161748.533627.csv
2025-11-24 16:58:43-INFO-[tdms_reader_frequency.py:76]-开始处理文件: D:/Lab/process/2025.11.11/time\GROUP1\20251111161754.935566.csv
2025-11-24 16:58:43-INFO-[tdms_reader_frequency.py:84]-使用元数据采样率: 50000 Hz
2025-11-24 16:58:43-INFO-[tdms_reader_frequency.py:84]-使用元数据采样率: 50000 Hz
2025-11-24 16:58:43-INFO-[tdms_reader_frequency.py:84]-使用元数据采样率: 50000 Hz
2025-11-24 16:58:43-INFO-[tdms_reader_frequency.py:76]-开始处理文件: D:/Lab/process/2025.11.11/time\GROUP1\20251111161758.134829.csv
2025-11-24 16:58:43-INFO-[tdms_reader_frequency.py:84]-使用元数据采样率: 50000 Hz
2025-11-24 16:58:43-INFO-[tdms_reader_frequency.py:76]-开始处理文件: D:/Lab/process/2025.11.11/time\GROUP1\20251111161801.333804.csv
2025-11-24 16:58:43-INFO-[tdms_reader_frequency.py:84]-使用元数据采样率: 50000 Hz
2025-11-24 16:58:44-INFO-[tdms_reader_frequency.py:91]-成功读取文件: 20251111161634.934035.csv, 数据长度: 1600000
2025-11-24 16:58:44-INFO-[tdms_reader_frequency.py:101]-处理文件: 20251111161634.934035.csv, 通道数: 8
2025-11-24 16:58:44-INFO-[tdms_reader_frequency.py:91]-成功读取文件: 20251111161638.134949.csv, 数据长度: 1600000
2025-11-24 16:58:44-INFO-[tdms_reader_frequency.py:101]-处理文件: 20251111161638.134949.csv, 通道数: 8
2025-11-24 16:58:45-INFO-[tdms_reader_frequency.py:91]-成功读取文件: 20251111161641.335227.csv, 数据长度: 1600000
2025-11-24 16:58:45-INFO-[tdms_reader_frequency.py:101]-处理文件: 20251111161641.335227.csv, 通道数: 8
2025-11-24 16:58:45-INFO-[tdms_reader_frequency.py:91]-成功读取文件: 20251111161644.534299.csv, 数据长度: 1600000
2025-11-24 16:58:45-INFO-[tdms_reader_frequency.py:101]-处理文件: 20251111161644.534299.csv, 通道数: 8
2025-11-24 16:58:45-INFO-[tdms_reader_frequency.py:91]-成功读取文件: 20251111161700.535144.csv, 数据长度: 1600000
2025-11-24 16:58:45-INFO-[tdms_reader_frequency.py:91]-成功读取文件: 20251111161647.733148.csv, 数据长度: 1600000
2025-11-24 16:58:45-INFO-[tdms_reader_frequency.py:101]-处理文件: 20251111161700.535144.csv, 通道数: 8
2025-11-24 16:58:45-INFO-[tdms_reader_frequency.py:91]-成功读取文件: 20251111161650.936288.csv, 数据长度: 1600000
2025-11-24 16:58:45-INFO-[tdms_reader_frequency.py:101]-处理文件: 20251111161647.733148.csv, 通道数: 8
2025-11-24 16:58:45-INFO-[tdms_reader_frequency.py:101]-处理文件: 20251111161650.936288.csv, 通道数: 8
2025-11-24 16:58:45-INFO-[tdms_reader_frequency.py:91]-成功读取文件: 20251111161657.332589.csv, 数据长度: 1600000
2025-11-24 16:58:45-INFO-[tdms_reader_frequency.py:101]-处理文件: 20251111161657.332589.csv, 通道数: 8
2025-11-24 16:58:45-INFO-[tdms_reader_frequency.py:91]-成功读取文件: 20251111161758.134829.csv, 数据长度: 1600000
2025-11-24 16:58:45-INFO-[tdms_reader_frequency.py:101]-处理文件: 20251111161758.134829.csv, 通道数: 8
2025-11-24 16:58:46-INFO-[tdms_reader_frequency.py:91]-成功读取文件: 20251111161703.736152.csv, 数据长度: 1600000
2025-11-24 16:58:46-INFO-[tdms_reader_frequency.py:101]-处理文件: 20251111161703.736152.csv, 通道数: 8
2025-11-24 16:58:46-INFO-[tdms_reader_frequency.py:91]-成功读取文件: 20251111161710.134401.csv, 数据长度: 1600000
2025-11-24 16:58:46-INFO-[tdms_reader_frequency.py:101]-处理文件: 20251111161710.134401.csv, 通道数: 8
2025-11-24 16:58:46-INFO-[tdms_reader_frequency.py:91]-成功读取文件: 20251111161706.936906.csv, 数据长度: 1600000
2025-11-24 16:58:46-INFO-[tdms_reader_frequency.py:101]-处理文件: 20251111161706.936906.csv, 通道数: 8
2025-11-24 16:58:46-INFO-[tdms_reader_frequency.py:91]-成功读取文件: 20251111161754.935566.csv, 数据长度: 1600000
2025-11-24 16:58:46-INFO-[tdms_reader_frequency.py:91]-成功读取文件: 20251111161654.133815.csv, 数据长度: 1600000
2025-11-24 16:58:46-INFO-[tdms_reader_frequency.py:101]-处理文件: 20251111161754.935566.csv, 通道数: 8
2025-11-24 16:58:46-INFO-[tdms_reader_frequency.py:91]-成功读取文件: 20251111161726.134814.csv, 数据长度: 1600000
2025-11-24 16:58:46-INFO-[tdms_reader_frequency.py:101]-处理文件: 20251111161654.133815.csv, 通道数: 8
2025-11-24 16:58:46-INFO-[tdms_reader_frequency.py:101]-处理文件: 20251111161726.134814.csv, 通道数: 8
2025-11-24 16:58:46-INFO-[tdms_reader_frequency.py:91]-成功读取文件: 20251111161713.334197.csv, 数据长度: 1600000
2025-11-24 16:58:46-INFO-[tdms_reader_frequency.py:101]-处理文件: 20251111161713.334197.csv, 通道数: 8
2025-11-24 16:58:46-INFO-[tdms_reader_frequency.py:91]-成功读取文件: 20251111161745.334812.csv, 数据长度: 1600000
2025-11-24 16:58:46-INFO-[tdms_reader_frequency.py:101]-处理文件: 20251111161745.334812.csv, 通道数: 8
2025-11-24 16:58:46-INFO-[tdms_reader_frequency.py:91]-成功读取文件: 20251111161748.533627.csv, 数据长度: 1600000
2025-11-24 16:58:46-INFO-[tdms_reader_frequency.py:101]-处理文件: 20251111161748.533627.csv, 通道数: 8
2025-11-24 16:58:46-INFO-[tdms_reader_frequency.py:91]-成功读取文件: 20251111161722.937210.csv, 数据长度: 1600000
2025-11-24 16:58:47-INFO-[tdms_reader_frequency.py:101]-处理文件: 20251111161722.937210.csv, 通道数: 8
2025-11-24 16:58:47-INFO-[tdms_reader_frequency.py:91]-成功读取文件: 20251111161729.334125.csv, 数据长度: 1600000
2025-11-24 16:58:47-INFO-[tdms_reader_frequency.py:101]-处理文件: 20251111161729.334125.csv, 通道数: 8
2025-11-24 16:58:47-INFO-[tdms_reader_frequency.py:91]-成功读取文件: 20251111161751.736184.csv, 数据长度: 1600000
2025-11-24 16:58:47-INFO-[tdms_reader_frequency.py:91]-成功读取文件: 20251111161732.536553.csv, 数据长度: 1600000
2025-11-24 16:58:47-INFO-[tdms_reader_frequency.py:91]-成功读取文件: 20251111161738.935403.csv, 数据长度: 1600000
2025-11-24 16:58:47-INFO-[tdms_reader_frequency.py:101]-处理文件: 20251111161751.736184.csv, 通道数: 8
2025-11-24 16:58:47-INFO-[tdms_reader_frequency.py:91]-成功读取文件: 20251111161716.534160.csv, 数据长度: 1600000
2025-11-24 16:58:47-INFO-[tdms_reader_frequency.py:101]-处理文件: 20251111161738.935403.csv, 通道数: 8
2025-11-24 16:58:47-INFO-[tdms_reader_frequency.py:101]-处理文件: 20251111161716.534160.csv, 通道数: 8
2025-11-24 16:58:47-INFO-[tdms_reader_frequency.py:91]-成功读取文件: 20251111161735.737496.csv, 数据长度: 1600000
2025-11-24 16:58:47-INFO-[tdms_reader_frequency.py:91]-成功读取文件: 20251111161719.736773.csv, 数据长度: 1600000
2025-11-24 16:58:47-INFO-[tdms_reader_frequency.py:101]-处理文件: 20251111161735.737496.csv, 通道数: 8
2025-11-24 16:58:47-INFO-[tdms_reader_frequency.py:91]-成功读取文件: 20251111161742.134913.csv, 数据长度: 1600000
2025-11-24 16:58:47-INFO-[tdms_reader_frequency.py:101]-处理文件: 20251111161742.134913.csv, 通道数: 8
2025-11-24 16:58:47-INFO-[tdms_reader_frequency.py:101]-处理文件: 20251111161732.536553.csv, 通道数: 8
2025-11-24 16:58:47-INFO-[tdms_reader_frequency.py:101]-处理文件: 20251111161719.736773.csv, 通道数: 8
2025-11-24 16:58:47-INFO-[tdms_reader_frequency.py:91]-成功读取文件: 20251111161801.333804.csv, 数据长度: 1600000
2025-11-24 16:58:47-INFO-[tdms_reader_frequency.py:101]-处理文件: 20251111161801.333804.csv, 通道数: 8
2025-11-24 16:58:52-INFO-[tdms_reader_frequency.py:147]-  已写入 100000/799999 行FFT数据
2025-11-24 16:58:52-INFO-[tdms_reader_frequency.py:147]-  已写入 100000/799999 行FFT数据
2025-11-24 16:58:53-INFO-[tdms_reader_frequency.py:147]-  已写入 100000/799999 行FFT数据
2025-11-24 16:58:53-INFO-[tdms_reader_frequency.py:147]-  已写入 100000/799999 行FFT数据
2025-11-24 16:58:54-INFO-[tdms_reader_frequency.py:147]-  已写入 100000/799999 行FFT数据
2025-11-24 16:58:54-INFO-[tdms_reader_frequency.py:147]-  已写入 100000/799999 行FFT数据
2025-11-24 16:58:54-INFO-[tdms_reader_frequency.py:147]-  已写入 100000/799999 行FFT数据
2025-11-24 16:58:54-INFO-[tdms_reader_frequency.py:147]-  已写入 100000/799999 行FFT数据
2025-11-24 16:58:54-INFO-[tdms_reader_frequency.py:147]-  已写入 100000/799999 行FFT数据
2025-11-24 16:58:54-INFO-[tdms_reader_frequency.py:147]-  已写入 100000/799999 行FFT数据
2025-11-24 16:58:54-INFO-[tdms_reader_frequency.py:147]-  已写入 100000/799999 行FFT数据
2025-11-24 16:58:54-INFO-[tdms_reader_frequency.py:147]-  已写入 100000/799999 行FFT数据
2025-11-24 16:58:54-INFO-[tdms_reader_frequency.py:147]-  已写入 100000/799999 行FFT数据
2025-11-24 16:58:54-INFO-[tdms_reader_frequency.py:147]-  已写入 100000/799999 行FFT数据
2025-11-24 16:58:54-INFO-[tdms_reader_frequency.py:147]-  已写入 100000/799999 行FFT数据
2025-11-24 16:58:54-INFO-[tdms_reader_frequency.py:147]-  已写入 100000/799999 行FFT数据
2025-11-24 16:58:54-INFO-[tdms_reader_frequency.py:147]-  已写入 100000/799999 行FFT数据
2025-11-24 16:58:54-INFO-[tdms_reader_frequency.py:147]-  已写入 100000/799999 行FFT数据
2025-11-24 16:58:54-INFO-[tdms_reader_frequency.py:147]-  已写入 100000/799999 行FFT数据
2025-11-24 16:58:54-INFO-[tdms_reader_frequency.py:147]-  已写入 100000/799999 行FFT数据
2025-11-24 16:58:54-INFO-[tdms_reader_frequency.py:147]-  已写入 100000/799999 行FFT数据
2025-11-24 16:58:55-INFO-[tdms_reader_frequency.py:147]-  已写入 100000/799999 行FFT数据
2025-11-24 16:58:55-INFO-[tdms_reader_frequency.py:147]-  已写入 100000/799999 行FFT数据
2025-11-24 16:58:55-INFO-[tdms_reader_frequency.py:147]-  已写入 100000/799999 行FFT数据
2025-11-24 16:58:55-INFO-[tdms_reader_frequency.py:147]-  已写入 100000/799999 行FFT数据
2025-11-24 16:58:55-INFO-[tdms_reader_frequency.py:147]-  已写入 100000/799999 行FFT数据
2025-11-24 16:58:55-INFO-[tdms_reader_frequency.py:147]-  已写入 100000/799999 行FFT数据
2025-11-24 16:58:55-INFO-[tdms_reader_frequency.py:147]-  已写入 100000/799999 行FFT数据
2025-11-24 16:58:55-INFO-[tdms_reader_frequency.py:147]-  已写入 200000/799999 行FFT数据
2025-11-24 16:58:55-INFO-[tdms_reader_frequency.py:147]-  已写入 200000/799999 行FFT数据
2025-11-24 16:58:56-INFO-[tdms_reader_frequency.py:147]-  已写入 200000/799999 行FFT数据
2025-11-24 16:58:57-INFO-[tdms_reader_frequency.py:147]-  已写入 200000/799999 行FFT数据
2025-11-24 16:58:57-INFO-[tdms_reader_frequency.py:147]-  已写入 200000/799999 行FFT数据
2025-11-24 16:58:57-INFO-[tdms_reader_frequency.py:147]-  已写入 200000/799999 行FFT数据
2025-11-24 16:58:57-INFO-[tdms_reader_frequency.py:147]-  已写入 200000/799999 行FFT数据
2025-11-24 16:58:57-INFO-[tdms_reader_frequency.py:147]-  已写入 200000/799999 行FFT数据
2025-11-24 16:58:57-INFO-[tdms_reader_frequency.py:147]-  已写入 200000/799999 行FFT数据
2025-11-24 16:58:57-INFO-[tdms_reader_frequency.py:147]-  已写入 200000/799999 行FFT数据
2025-11-24 16:58:57-INFO-[tdms_reader_frequency.py:147]-  已写入 200000/799999 行FFT数据
2025-11-24 16:58:57-INFO-[tdms_reader_frequency.py:147]-  已写入 200000/799999 行FFT数据
2025-11-24 16:58:57-INFO-[tdms_reader_frequency.py:147]-  已写入 200000/799999 行FFT数据
2025-11-24 16:58:57-INFO-[tdms_reader_frequency.py:147]-  已写入 200000/799999 行FFT数据
2025-11-24 16:58:57-INFO-[tdms_reader_frequency.py:147]-  已写入 200000/799999 行FFT数据
2025-11-24 16:58:57-INFO-[tdms_reader_frequency.py:147]-  已写入 200000/799999 行FFT数据
2025-11-24 16:58:58-INFO-[tdms_reader_frequency.py:147]-  已写入 200000/799999 行FFT数据
2025-11-24 16:58:58-INFO-[tdms_reader_frequency.py:147]-  已写入 200000/799999 行FFT数据
2025-11-24 16:58:58-INFO-[tdms_reader_frequency.py:147]-  已写入 200000/799999 行FFT数据
2025-11-24 16:58:58-INFO-[tdms_reader_frequency.py:147]-  已写入 200000/799999 行FFT数据
2025-11-24 16:58:58-INFO-[tdms_reader_frequency.py:147]-  已写入 200000/799999 行FFT数据
2025-11-24 16:58:58-INFO-[tdms_reader_frequency.py:147]-  已写入 200000/799999 行FFT数据
2025-11-24 16:58:58-INFO-[tdms_reader_frequency.py:147]-  已写入 200000/799999 行FFT数据
2025-11-24 16:58:58-INFO-[tdms_reader_frequency.py:147]-  已写入 200000/799999 行FFT数据
2025-11-24 16:58:58-INFO-[tdms_reader_frequency.py:147]-  已写入 200000/799999 行FFT数据
2025-11-24 16:58:58-INFO-[tdms_reader_frequency.py:147]-  已写入 200000/799999 行FFT数据
2025-11-24 16:58:58-INFO-[tdms_reader_frequency.py:147]-  已写入 200000/799999 行FFT数据
2025-11-24 16:58:58-INFO-[tdms_reader_frequency.py:147]-  已写入 200000/799999 行FFT数据
2025-11-24 16:58:59-INFO-[tdms_reader_frequency.py:147]-  已写入 300000/799999 行FFT数据
2025-11-24 16:58:59-INFO-[tdms_reader_frequency.py:147]-  已写入 300000/799999 行FFT数据
2025-11-24 16:58:59-INFO-[tdms_reader_frequency.py:147]-  已写入 300000/799999 行FFT数据
2025-11-24 16:59:00-INFO-[tdms_reader_frequency.py:147]-  已写入 300000/799999 行FFT数据
2025-11-24 16:59:01-INFO-[tdms_reader_frequency.py:147]-  已写入 300000/799999 行FFT数据
2025-11-24 16:59:01-INFO-[tdms_reader_frequency.py:147]-  已写入 300000/799999 行FFT数据
2025-11-24 16:59:01-INFO-[tdms_reader_frequency.py:147]-  已写入 300000/799999 行FFT数据
2025-11-24 16:59:01-INFO-[tdms_reader_frequency.py:147]-  已写入 300000/799999 行FFT数据
2025-11-24 16:59:01-INFO-[tdms_reader_frequency.py:147]-  已写入 300000/799999 行FFT数据
2025-11-24 16:59:01-INFO-[tdms_reader_frequency.py:147]-  已写入 300000/799999 行FFT数据
2025-11-24 16:59:01-INFO-[tdms_reader_frequency.py:147]-  已写入 300000/799999 行FFT数据
2025-11-24 16:59:01-INFO-[tdms_reader_frequency.py:147]-  已写入 300000/799999 行FFT数据
2025-11-24 16:59:01-INFO-[tdms_reader_frequency.py:147]-  已写入 300000/799999 行FFT数据
2025-11-24 16:59:01-INFO-[tdms_reader_frequency.py:147]-  已写入 300000/799999 行FFT数据
2025-11-24 16:59:01-INFO-[tdms_reader_frequency.py:147]-  已写入 300000/799999 行FFT数据
2025-11-24 16:59:01-INFO-[tdms_reader_frequency.py:147]-  已写入 300000/799999 行FFT数据
2025-11-24 16:59:01-INFO-[tdms_reader_frequency.py:147]-  已写入 300000/799999 行FFT数据
2025-11-24 16:59:01-INFO-[tdms_reader_frequency.py:147]-  已写入 300000/799999 行FFT数据
2025-11-24 16:59:01-INFO-[tdms_reader_frequency.py:147]-  已写入 300000/799999 行FFT数据
2025-11-24 16:59:02-INFO-[tdms_reader_frequency.py:147]-  已写入 300000/799999 行FFT数据
2025-11-24 16:59:02-INFO-[tdms_reader_frequency.py:147]-  已写入 300000/799999 行FFT数据
2025-11-24 16:59:02-INFO-[tdms_reader_frequency.py:147]-  已写入 300000/799999 行FFT数据
2025-11-24 16:59:02-INFO-[tdms_reader_frequency.py:147]-  已写入 300000/799999 行FFT数据
2025-11-24 16:59:02-INFO-[tdms_reader_frequency.py:147]-  已写入 300000/799999 行FFT数据
2025-11-24 16:59:02-INFO-[tdms_reader_frequency.py:147]-  已写入 300000/799999 行FFT数据
2025-11-24 16:59:02-INFO-[tdms_reader_frequency.py:147]-  已写入 300000/799999 行FFT数据
2025-11-24 16:59:02-INFO-[tdms_reader_frequency.py:147]-  已写入 300000/799999 行FFT数据
2025-11-24 16:59:02-INFO-[tdms_reader_frequency.py:147]-  已写入 400000/799999 行FFT数据
2025-11-24 16:59:02-INFO-[tdms_reader_frequency.py:147]-  已写入 300000/799999 行FFT数据
2025-11-24 16:59:02-INFO-[tdms_reader_frequency.py:147]-  已写入 400000/799999 行FFT数据
2025-11-24 16:59:03-INFO-[tdms_reader_frequency.py:147]-  已写入 400000/799999 行FFT数据
2025-11-24 16:59:04-INFO-[tdms_reader_frequency.py:147]-  已写入 400000/799999 行FFT数据
2025-11-24 16:59:04-INFO-[tdms_reader_frequency.py:147]-  已写入 400000/799999 行FFT数据
2025-11-24 16:59:04-INFO-[tdms_reader_frequency.py:147]-  已写入 400000/799999 行FFT数据
2025-11-24 16:59:04-INFO-[tdms_reader_frequency.py:147]-  已写入 400000/799999 行FFT数据
2025-11-24 16:59:04-INFO-[tdms_reader_frequency.py:147]-  已写入 400000/799999 行FFT数据
2025-11-24 16:59:04-INFO-[tdms_reader_frequency.py:147]-  已写入 400000/799999 行FFT数据
2025-11-24 16:59:04-INFO-[tdms_reader_frequency.py:147]-  已写入 400000/799999 行FFT数据
2025-11-24 16:59:04-INFO-[tdms_reader_frequency.py:147]-  已写入 400000/799999 行FFT数据
2025-11-24 16:59:04-INFO-[tdms_reader_frequency.py:147]-  已写入 400000/799999 行FFT数据
2025-11-24 16:59:04-INFO-[tdms_reader_frequency.py:147]-  已写入 400000/799999 行FFT数据
2025-11-24 16:59:04-INFO-[tdms_reader_frequency.py:147]-  已写入 400000/799999 行FFT数据
2025-11-24 16:59:04-INFO-[tdms_reader_frequency.py:147]-  已写入 400000/799999 行FFT数据
2025-11-24 16:59:04-INFO-[tdms_reader_frequency.py:147]-  已写入 400000/799999 行FFT数据
2025-11-24 16:59:04-INFO-[tdms_reader_frequency.py:147]-  已写入 400000/799999 行FFT数据
2025-11-24 16:59:05-INFO-[tdms_reader_frequency.py:147]-  已写入 400000/799999 行FFT数据
2025-11-24 16:59:05-INFO-[tdms_reader_frequency.py:147]-  已写入 400000/799999 行FFT数据
2025-11-24 16:59:05-INFO-[tdms_reader_frequency.py:147]-  已写入 400000/799999 行FFT数据
2025-11-24 16:59:05-INFO-[tdms_reader_frequency.py:147]-  已写入 400000/799999 行FFT数据
2025-11-24 16:59:05-INFO-[tdms_reader_frequency.py:147]-  已写入 400000/799999 行FFT数据
2025-11-24 16:59:05-INFO-[tdms_reader_frequency.py:147]-  已写入 400000/799999 行FFT数据
2025-11-24 16:59:05-INFO-[tdms_reader_frequency.py:147]-  已写入 400000/799999 行FFT数据
2025-11-24 16:59:05-INFO-[tdms_reader_frequency.py:147]-  已写入 400000/799999 行FFT数据
2025-11-24 16:59:05-INFO-[tdms_reader_frequency.py:147]-  已写入 500000/799999 行FFT数据
2025-11-24 16:59:05-INFO-[tdms_reader_frequency.py:147]-  已写入 400000/799999 行FFT数据
2025-11-24 16:59:05-INFO-[tdms_reader_frequency.py:147]-  已写入 400000/799999 行FFT数据
2025-11-24 16:59:06-INFO-[tdms_reader_frequency.py:147]-  已写入 400000/799999 行FFT数据
2025-11-24 16:59:06-INFO-[tdms_reader_frequency.py:147]-  已写入 500000/799999 行FFT数据
2025-11-24 16:59:06-INFO-[tdms_reader_frequency.py:147]-  已写入 500000/799999 行FFT数据
2025-11-24 16:59:07-INFO-[tdms_reader_frequency.py:147]-  已写入 500000/799999 行FFT数据
2025-11-24 16:59:07-INFO-[tdms_reader_frequency.py:147]-  已写入 500000/799999 行FFT数据
2025-11-24 16:59:07-INFO-[tdms_reader_frequency.py:147]-  已写入 500000/799999 行FFT数据
2025-11-24 16:59:07-INFO-[tdms_reader_frequency.py:147]-  已写入 500000/799999 行FFT数据
2025-11-24 16:59:07-INFO-[tdms_reader_frequency.py:147]-  已写入 500000/799999 行FFT数据
2025-11-24 16:59:07-INFO-[tdms_reader_frequency.py:147]-  已写入 500000/799999 行FFT数据
2025-11-24 16:59:07-INFO-[tdms_reader_frequency.py:147]-  已写入 500000/799999 行FFT数据
2025-11-24 16:59:07-INFO-[tdms_reader_frequency.py:147]-  已写入 500000/799999 行FFT数据
2025-11-24 16:59:08-INFO-[tdms_reader_frequency.py:147]-  已写入 500000/799999 行FFT数据
2025-11-24 16:59:08-INFO-[tdms_reader_frequency.py:147]-  已写入 500000/799999 行FFT数据
2025-11-24 16:59:08-INFO-[tdms_reader_frequency.py:147]-  已写入 500000/799999 行FFT数据
2025-11-24 16:59:08-INFO-[tdms_reader_frequency.py:147]-  已写入 500000/799999 行FFT数据
2025-11-24 16:59:08-INFO-[tdms_reader_frequency.py:147]-  已写入 500000/799999 行FFT数据
2025-11-24 16:59:08-INFO-[tdms_reader_frequency.py:147]-  已写入 500000/799999 行FFT数据
2025-11-24 16:59:08-INFO-[tdms_reader_frequency.py:147]-  已写入 500000/799999 行FFT数据
2025-11-24 16:59:08-INFO-[tdms_reader_frequency.py:147]-  已写入 500000/799999 行FFT数据
2025-11-24 16:59:08-INFO-[tdms_reader_frequency.py:147]-  已写入 500000/799999 行FFT数据
2025-11-24 16:59:08-INFO-[tdms_reader_frequency.py:147]-  已写入 500000/799999 行FFT数据
2025-11-24 16:59:08-INFO-[tdms_reader_frequency.py:147]-  已写入 500000/799999 行FFT数据
2025-11-24 16:59:08-INFO-[tdms_reader_frequency.py:147]-  已写入 500000/799999 行FFT数据
2025-11-24 16:59:08-INFO-[tdms_reader_frequency.py:147]-  已写入 500000/799999 行FFT数据
2025-11-24 16:59:08-INFO-[tdms_reader_frequency.py:147]-  已写入 500000/799999 行FFT数据
2025-11-24 16:59:09-INFO-[tdms_reader_frequency.py:147]-  已写入 600000/799999 行FFT数据
2025-11-24 16:59:09-INFO-[tdms_reader_frequency.py:147]-  已写入 500000/799999 行FFT数据
2025-11-24 16:59:09-INFO-[tdms_reader_frequency.py:147]-  已写入 500000/799999 行FFT数据
2025-11-24 16:59:09-INFO-[tdms_reader_frequency.py:147]-  已写入 500000/799999 行FFT数据
2025-11-24 16:59:09-INFO-[tdms_reader_frequency.py:147]-  已写入 600000/799999 行FFT数据
2025-11-24 16:59:09-INFO-[tdms_reader_frequency.py:147]-  已写入 600000/799999 行FFT数据
2025-11-24 16:59:10-INFO-[tdms_reader_frequency.py:147]-  已写入 600000/799999 行FFT数据
2025-11-24 16:59:10-INFO-[tdms_reader_frequency.py:147]-  已写入 600000/799999 行FFT数据
2025-11-24 16:59:10-INFO-[tdms_reader_frequency.py:147]-  已写入 600000/799999 行FFT数据
2025-11-24 16:59:11-INFO-[tdms_reader_frequency.py:147]-  已写入 600000/799999 行FFT数据
2025-11-24 16:59:11-INFO-[tdms_reader_frequency.py:147]-  已写入 600000/799999 行FFT数据
2025-11-24 16:59:11-INFO-[tdms_reader_frequency.py:147]-  已写入 600000/799999 行FFT数据
2025-11-24 16:59:11-INFO-[tdms_reader_frequency.py:147]-  已写入 600000/799999 行FFT数据
2025-11-24 16:59:11-INFO-[tdms_reader_frequency.py:147]-  已写入 600000/799999 行FFT数据
2025-11-24 16:59:11-INFO-[tdms_reader_frequency.py:147]-  已写入 600000/799999 行FFT数据
2025-11-24 16:59:11-INFO-[tdms_reader_frequency.py:147]-  已写入 600000/799999 行FFT数据
2025-11-24 16:59:11-INFO-[tdms_reader_frequency.py:147]-  已写入 600000/799999 行FFT数据
2025-11-24 16:59:11-INFO-[tdms_reader_frequency.py:147]-  已写入 600000/799999 行FFT数据
2025-11-24 16:59:11-INFO-[tdms_reader_frequency.py:147]-  已写入 600000/799999 行FFT数据
2025-11-24 16:59:11-INFO-[tdms_reader_frequency.py:147]-  已写入 600000/799999 行FFT数据
2025-11-24 16:59:11-INFO-[tdms_reader_frequency.py:147]-  已写入 600000/799999 行FFT数据
2025-11-24 16:59:11-INFO-[tdms_reader_frequency.py:147]-  已写入 600000/799999 行FFT数据
2025-11-24 16:59:11-INFO-[tdms_reader_frequency.py:147]-  已写入 600000/799999 行FFT数据
2025-11-24 16:59:11-INFO-[tdms_reader_frequency.py:147]-  已写入 600000/799999 行FFT数据
2025-11-24 16:59:11-INFO-[tdms_reader_frequency.py:147]-  已写入 600000/799999 行FFT数据
2025-11-24 16:59:11-INFO-[tdms_reader_frequency.py:147]-  已写入 600000/799999 行FFT数据
2025-11-24 16:59:12-INFO-[tdms_reader_frequency.py:147]-  已写入 700000/799999 行FFT数据
2025-11-24 16:59:12-INFO-[tdms_reader_frequency.py:147]-  已写入 600000/799999 行FFT数据
2025-11-24 16:59:12-INFO-[tdms_reader_frequency.py:147]-  已写入 600000/799999 行FFT数据
2025-11-24 16:59:12-INFO-[tdms_reader_frequency.py:147]-  已写入 600000/799999 行FFT数据
2025-11-24 16:59:12-INFO-[tdms_reader_frequency.py:147]-  已写入 600000/799999 行FFT数据
2025-11-24 16:59:12-INFO-[tdms_reader_frequency.py:147]-  已写入 600000/799999 行FFT数据
2025-11-24 16:59:12-INFO-[tdms_reader_frequency.py:147]-  已写入 700000/799999 行FFT数据
2025-11-24 16:59:14-INFO-[tdms_reader_frequency.py:147]-  已写入 700000/799999 行FFT数据
2025-11-24 16:59:16-INFO-[tdms_reader_frequency.py:147]-  已写入 700000/799999 行FFT数据
2025-11-24 16:59:16-INFO-[tdms_reader_frequency.py:147]-  已写入 700000/799999 行FFT数据
2025-11-24 16:59:16-INFO-[tdms_reader_frequency.py:147]-  已写入 700000/799999 行FFT数据
2025-11-24 16:59:16-INFO-[tdms_reader_frequency.py:147]-  已写入 700000/799999 行FFT数据
2025-11-24 16:59:16-INFO-[tdms_reader_frequency.py:147]-  已写入 700000/799999 行FFT数据
2025-11-24 16:59:16-INFO-[tdms_reader_frequency.py:147]-  已写入 700000/799999 行FFT数据
2025-11-24 16:59:16-INFO-[tdms_reader_frequency.py:147]-  已写入 700000/799999 行FFT数据
2025-11-24 16:59:16-INFO-[tdms_reader_frequency.py:147]-  已写入 700000/799999 行FFT数据
2025-11-24 16:59:16-INFO-[tdms_reader_frequency.py:147]-  已写入 700000/799999 行FFT数据
2025-11-24 16:59:16-INFO-[tdms_reader_frequency.py:147]-  已写入 700000/799999 行FFT数据
2025-11-24 16:59:16-INFO-[tdms_reader_frequency.py:147]-  已写入 700000/799999 行FFT数据
2025-11-24 16:59:16-INFO-[tdms_reader_frequency.py:147]-  已写入 700000/799999 行FFT数据
2025-11-24 16:59:17-INFO-[tdms_reader_frequency.py:147]-  已写入 700000/799999 行FFT数据
2025-11-24 16:59:17-INFO-[tdms_reader_frequency.py:147]-  已写入 700000/799999 行FFT数据
2025-11-24 16:59:17-INFO-[tdms_reader_frequency.py:147]-  已写入 700000/799999 行FFT数据
2025-11-24 16:59:17-INFO-[tdms_reader_frequency.py:147]-  已写入 700000/799999 行FFT数据
2025-11-24 16:59:17-INFO-[tdms_reader_frequency.py:147]-  已写入 700000/799999 行FFT数据
2025-11-24 16:59:17-INFO-[tdms_reader_frequency.py:147]-  已写入 700000/799999 行FFT数据
2025-11-24 16:59:17-INFO-[tdms_reader_frequency.py:147]-  已写入 700000/799999 行FFT数据
2025-11-24 16:59:17-INFO-[tdms_reader_frequency.py:147]-  已写入 700000/799999 行FFT数据
2025-11-24 16:59:17-INFO-[tdms_reader_frequency.py:147]-  已写入 799999/799999 行FFT数据
2025-11-24 16:59:17-INFO-[tdms_reader_frequency.py:149]-已处理: 20251111161638.134949.csv -> D:/Lab/process/2025.11.11/frequency\GROUP1\FFT_20251111161638.134949.csv
2025-11-24 16:59:17-INFO-[tdms_reader_frequency.py:147]-  已写入 700000/799999 行FFT数据
2025-11-24 16:59:17-INFO-[tdms_reader_frequency.py:147]-  已写入 700000/799999 行FFT数据
2025-11-24 16:59:17-INFO-[tdms_reader_frequency.py:76]-开始处理文件: D:/Lab/process/2025.11.11/time\GROUP1\20251111161804.535129.csv
2025-11-24 16:59:17-INFO-[tdms_reader_frequency.py:84]-使用元数据采样率: 50000 Hz
2025-11-24 16:59:18-INFO-[tdms_reader_frequency.py:147]-  已写入 700000/799999 行FFT数据
2025-11-24 16:59:18-INFO-[tdms_reader_frequency.py:147]-  已写入 700000/799999 行FFT数据
2025-11-24 16:59:18-INFO-[tdms_reader_frequency.py:147]-  已写入 799999/799999 行FFT数据
2025-11-24 16:59:18-INFO-[tdms_reader_frequency.py:149]-已处理: 20251111161634.934035.csv -> D:/Lab/process/2025.11.11/frequency\GROUP1\FFT_20251111161634.934035.csv
2025-11-24 16:59:18-INFO-[tdms_reader_frequency.py:76]-开始处理文件: D:/Lab/process/2025.11.11/time\GROUP1\20251111161807.734294.csv
2025-11-24 16:59:18-INFO-[tdms_reader_frequency.py:84]-使用元数据采样率: 50000 Hz
2025-11-24 16:59:18-INFO-[tdms_reader_frequency.py:147]-  已写入 700000/799999 行FFT数据
2025-11-24 16:59:18-INFO-[tdms_reader_frequency.py:147]-  已写入 799999/799999 行FFT数据
2025-11-24 16:59:18-INFO-[tdms_reader_frequency.py:149]-已处理: 20251111161641.335227.csv -> D:/Lab/process/2025.11.11/frequency\GROUP1\FFT_20251111161641.335227.csv
2025-11-24 16:59:18-INFO-[tdms_reader_frequency.py:76]-开始处理文件: D:/Lab/process/2025.11.11/time\GROUP1\20251111161810.932971.csv
2025-11-24 16:59:18-INFO-[tdms_reader_frequency.py:84]-使用元数据采样率: 50000 Hz
2025-11-24 16:59:19-INFO-[tdms_reader_frequency.py:91]-成功读取文件: 20251111161810.932971.csv, 数据长度: 500000
2025-11-24 16:59:19-INFO-[tdms_reader_frequency.py:101]-处理文件: 20251111161810.932971.csv, 通道数: 8
2025-11-24 16:59:19-INFO-[tdms_reader_frequency.py:147]-  已写入 799999/799999 行FFT数据
2025-11-24 16:59:19-INFO-[tdms_reader_frequency.py:149]-已处理: 20251111161710.134401.csv -> D:/Lab/process/2025.11.11/frequency\GROUP1\FFT_20251111161710.134401.csv
2025-11-24 16:59:19-INFO-[tdms_reader_frequency.py:147]-  已写入 799999/799999 行FFT数据
2025-11-24 16:59:19-INFO-[tdms_reader_frequency.py:149]-已处理: 20251111161700.535144.csv -> D:/Lab/process/2025.11.11/frequency\GROUP1\FFT_20251111161700.535144.csv
2025-11-24 16:59:19-INFO-[tdms_reader_frequency.py:76]-开始处理文件: D:/Lab/process/2025.11.11/time\GROUP2\20251111162727.536629.csv
2025-11-24 16:59:19-INFO-[tdms_reader_frequency.py:84]-使用元数据采样率: 50000 Hz
2025-11-24 16:59:19-INFO-[tdms_reader_frequency.py:147]-  已写入 799999/799999 行FFT数据
2025-11-24 16:59:19-INFO-[tdms_reader_frequency.py:149]-已处理: 20251111161657.332589.csv -> D:/Lab/process/2025.11.11/frequency\GROUP1\FFT_20251111161657.332589.csv
2025-11-24 16:59:19-INFO-[tdms_reader_frequency.py:76]-开始处理文件: D:/Lab/process/2025.11.11/time\GROUP2\20251111162730.736447.csv
2025-11-24 16:59:19-INFO-[tdms_reader_frequency.py:84]-使用元数据采样率: 50000 Hz
2025-11-24 16:59:19-INFO-[tdms_reader_frequency.py:147]-  已写入 799999/799999 行FFT数据
2025-11-24 16:59:19-INFO-[tdms_reader_frequency.py:149]-已处理: 20251111161644.534299.csv -> D:/Lab/process/2025.11.11/frequency\GROUP1\FFT_20251111161644.534299.csv
2025-11-24 16:59:19-INFO-[tdms_reader_frequency.py:147]-  已写入 799999/799999 行FFT数据
2025-11-24 16:59:19-INFO-[tdms_reader_frequency.py:76]-开始处理文件: D:/Lab/process/2025.11.11/time\GROUP2\20251111162733.934607.csv
2025-11-24 16:59:19-INFO-[tdms_reader_frequency.py:149]-已处理: 20251111161758.134829.csv -> D:/Lab/process/2025.11.11/frequency\GROUP1\FFT_20251111161758.134829.csv
2025-11-24 16:59:19-INFO-[tdms_reader_frequency.py:84]-使用元数据采样率: 50000 Hz
2025-11-24 16:59:19-INFO-[tdms_reader_frequency.py:147]-  已写入 799999/799999 行FFT数据
2025-11-24 16:59:19-INFO-[tdms_reader_frequency.py:149]-已处理: 20251111161729.334125.csv -> D:/Lab/process/2025.11.11/frequency\GROUP1\FFT_20251111161729.334125.csv
2025-11-24 16:59:19-INFO-[tdms_reader_frequency.py:147]-  已写入 799999/799999 行FFT数据
2025-11-24 16:59:19-INFO-[tdms_reader_frequency.py:149]-已处理: 20251111161748.533627.csv -> D:/Lab/process/2025.11.11/frequency\GROUP1\FFT_20251111161748.533627.csv
2025-11-24 16:59:19-INFO-[tdms_reader_frequency.py:76]-开始处理文件: D:/Lab/process/2025.11.11/time\GROUP2\20251111162737.136395.csv
2025-11-24 16:59:19-INFO-[tdms_reader_frequency.py:84]-使用元数据采样率: 50000 Hz
2025-11-24 16:59:19-INFO-[tdms_reader_frequency.py:91]-成功读取文件: 20251111161804.535129.csv, 数据长度: 1600000
2025-11-24 16:59:19-INFO-[tdms_reader_frequency.py:147]-  已写入 799999/799999 行FFT数据
2025-11-24 16:59:19-INFO-[tdms_reader_frequency.py:147]-  已写入 799999/799999 行FFT数据
2025-11-24 16:59:19-INFO-[tdms_reader_frequency.py:101]-处理文件: 20251111161804.535129.csv, 通道数: 8
2025-11-24 16:59:19-INFO-[tdms_reader_frequency.py:149]-已处理: 20251111161703.736152.csv -> D:/Lab/process/2025.11.11/frequency\GROUP1\FFT_20251111161703.736152.csv
2025-11-24 16:59:19-INFO-[tdms_reader_frequency.py:149]-已处理: 20251111161654.133815.csv -> D:/Lab/process/2025.11.11/frequency\GROUP1\FFT_20251111161654.133815.csv
2025-11-24 16:59:20-INFO-[tdms_reader_frequency.py:76]-开始处理文件: D:/Lab/process/2025.11.11/time\GROUP2\20251111162740.336186.csv
2025-11-24 16:59:20-INFO-[tdms_reader_frequency.py:84]-使用元数据采样率: 50000 Hz
2025-11-24 16:59:20-INFO-[tdms_reader_frequency.py:76]-开始处理文件: D:/Lab/process/2025.11.11/time\GROUP2\20251111162743.537230.csv
2025-11-24 16:59:20-INFO-[tdms_reader_frequency.py:147]-  已写入 799999/799999 行FFT数据
2025-11-24 16:59:20-INFO-[tdms_reader_frequency.py:84]-使用元数据采样率: 50000 Hz
2025-11-24 16:59:20-INFO-[tdms_reader_frequency.py:147]-  已写入 799999/799999 行FFT数据
2025-11-24 16:59:20-INFO-[tdms_reader_frequency.py:149]-已处理: 20251111161650.936288.csv -> D:/Lab/process/2025.11.11/frequency\GROUP1\FFT_20251111161650.936288.csv
2025-11-24 16:59:20-INFO-[tdms_reader_frequency.py:149]-已处理: 20251111161713.334197.csv -> D:/Lab/process/2025.11.11/frequency\GROUP1\FFT_20251111161713.334197.csv
2025-11-24 16:59:20-INFO-[tdms_reader_frequency.py:84]-使用元数据采样率: 50000 Hz
2025-11-24 16:59:20-INFO-[tdms_reader_frequency.py:76]-开始处理文件: D:/Lab/process/2025.11.11/time\GROUP2\20251111162749.933710.csv
2025-11-24 16:59:20-INFO-[tdms_reader_frequency.py:76]-开始处理文件: D:/Lab/process/2025.11.11/time\GROUP2\20251111162753.132526.csv
2025-11-24 16:59:20-INFO-[tdms_reader_frequency.py:84]-使用元数据采样率: 50000 Hz
2025-11-24 16:59:20-INFO-[tdms_reader_frequency.py:84]-使用元数据采样率: 50000 Hz
2025-11-24 16:59:20-INFO-[tdms_reader_frequency.py:147]-  已写入 799999/799999 行FFT数据
2025-11-24 16:59:20-INFO-[tdms_reader_frequency.py:149]-已处理: 20251111161742.134913.csv -> D:/Lab/process/2025.11.11/frequency\GROUP1\FFT_20251111161742.134913.csv
2025-11-24 16:59:20-INFO-[tdms_reader_frequency.py:147]-  已写入 799999/799999 行FFT数据
2025-11-24 16:59:20-INFO-[tdms_reader_frequency.py:149]-已处理: 20251111161647.733148.csv -> D:/Lab/process/2025.11.11/frequency\GROUP1\FFT_20251111161647.733148.csv
2025-11-24 16:59:20-INFO-[tdms_reader_frequency.py:76]-开始处理文件: D:/Lab/process/2025.11.11/time\GROUP2\20251111162756.337381.csv
2025-11-24 16:59:20-INFO-[tdms_reader_frequency.py:84]-使用元数据采样率: 50000 Hz
2025-11-24 16:59:20-INFO-[tdms_reader_frequency.py:76]-开始处理文件: D:/Lab/process/2025.11.11/time\GROUP2\20251111162759.532624.csv
2025-11-24 16:59:20-INFO-[tdms_reader_frequency.py:84]-使用元数据采样率: 50000 Hz
2025-11-24 16:59:20-INFO-[tdms_reader_frequency.py:147]-  已写入 799999/799999 行FFT数据
2025-11-24 16:59:20-INFO-[tdms_reader_frequency.py:149]-已处理: 20251111161726.134814.csv -> D:/Lab/process/2025.11.11/frequency\GROUP1\FFT_20251111161726.134814.csv
2025-11-24 16:59:20-INFO-[tdms_reader_frequency.py:147]-  已写入 799999/799999 行FFT数据
2025-11-24 16:59:20-INFO-[tdms_reader_frequency.py:149]-已处理: 20251111161801.333804.csv -> D:/Lab/process/2025.11.11/frequency\GROUP1\FFT_20251111161801.333804.csv
2025-11-24 16:59:20-INFO-[tdms_reader_frequency.py:76]-开始处理文件: D:/Lab/process/2025.11.11/time\GROUP2\20251111162802.737400.csv
2025-11-24 16:59:20-INFO-[tdms_reader_frequency.py:76]-开始处理文件: D:/Lab/process/2025.11.11/time\GROUP2\20251111162805.935394.csv
2025-11-24 16:59:20-INFO-[tdms_reader_frequency.py:84]-使用元数据采样率: 50000 Hz
2025-11-24 16:59:20-INFO-[tdms_reader_frequency.py:84]-使用元数据采样率: 50000 Hz
2025-11-24 16:59:20-INFO-[tdms_reader_frequency.py:147]-  已写入 799999/799999 行FFT数据
2025-11-24 16:59:20-INFO-[tdms_reader_frequency.py:149]-已处理: 20251111161745.334812.csv -> D:/Lab/process/2025.11.11/frequency\GROUP1\FFT_20251111161745.334812.csv
2025-11-24 16:59:20-INFO-[tdms_reader_frequency.py:147]-  已写入 799999/799999 行FFT数据
2025-11-24 16:59:20-INFO-[tdms_reader_frequency.py:149]-已处理: 20251111161706.936906.csv -> D:/Lab/process/2025.11.11/frequency\GROUP1\FFT_20251111161706.936906.csv
2025-11-24 16:59:20-INFO-[tdms_reader_frequency.py:76]-开始处理文件: D:/Lab/process/2025.11.11/time\GROUP2\20251111162809.135176.csv
2025-11-24 16:59:20-INFO-[tdms_reader_frequency.py:84]-使用元数据采样率: 50000 Hz
2025-11-24 16:59:20-INFO-[tdms_reader_frequency.py:76]-开始处理文件: D:/Lab/process/2025.11.11/time\GROUP2\20251111162812.336424.csv
2025-11-24 16:59:20-INFO-[tdms_reader_frequency.py:84]-使用元数据采样率: 50000 Hz
2025-11-24 16:59:20-INFO-[tdms_reader_frequency.py:76]-开始处理文件: D:/Lab/process/2025.11.11/time\GROUP2\20251111162815.532723.csv
2025-11-24 16:59:20-INFO-[tdms_reader_frequency.py:84]-使用元数据采样率: 50000 Hz
2025-11-24 16:59:20-INFO-[tdms_reader_frequency.py:76]-开始处理文件: D:/Lab/process/2025.11.11/time\GROUP2\20251111162818.736491.csv
2025-11-24 16:59:20-INFO-[tdms_reader_frequency.py:84]-使用元数据采样率: 50000 Hz
2025-11-24 16:59:20-INFO-[tdms_reader_frequency.py:91]-成功读取文件: 20251111161807.734294.csv, 数据长度: 1600000
2025-11-24 16:59:20-INFO-[tdms_reader_frequency.py:101]-处理文件: 20251111161807.734294.csv, 通道数: 8
2025-11-24 16:59:20-INFO-[tdms_reader_frequency.py:147]-  已写入 799999/799999 行FFT数据
2025-11-24 16:59:20-INFO-[tdms_reader_frequency.py:149]-已处理: 20251111161722.937210.csv -> D:/Lab/process/2025.11.11/frequency\GROUP1\FFT_20251111161722.937210.csv
2025-11-24 16:59:20-INFO-[tdms_reader_frequency.py:147]-  已写入 799999/799999 行FFT数据
2025-11-24 16:59:20-INFO-[tdms_reader_frequency.py:149]-已处理: 20251111161751.736184.csv -> D:/Lab/process/2025.11.11/frequency\GROUP1\FFT_20251111161751.736184.csv
2025-11-24 16:59:20-INFO-[tdms_reader_frequency.py:147]-  已写入 799999/799999 行FFT数据
2025-11-24 16:59:20-INFO-[tdms_reader_frequency.py:149]-已处理: 20251111161738.935403.csv -> D:/Lab/process/2025.11.11/frequency\GROUP1\FFT_20251111161738.935403.csv
2025-11-24 16:59:21-INFO-[tdms_reader_frequency.py:76]-开始处理文件: D:/Lab/process/2025.11.11/time\GROUP2\20251111162821.935331.csv
2025-11-24 16:59:21-INFO-[tdms_reader_frequency.py:76]-开始处理文件: D:/Lab/process/2025.11.11/time\GROUP2\20251111162825.134459.csv
2025-11-24 16:59:21-INFO-[tdms_reader_frequency.py:84]-使用元数据采样率: 50000 Hz
2025-11-24 16:59:21-INFO-[tdms_reader_frequency.py:84]-使用元数据采样率: 50000 Hz
2025-11-24 16:59:21-INFO-[tdms_reader_frequency.py:76]-开始处理文件: D:/Lab/process/2025.11.11/time\GROUP2\20251111162828.335829.csv
2025-11-24 16:59:21-INFO-[tdms_reader_frequency.py:84]-使用元数据采样率: 50000 Hz
2025-11-24 16:59:21-INFO-[tdms_reader_frequency.py:147]-  已写入 799999/799999 行FFT数据
2025-11-24 16:59:21-INFO-[tdms_reader_frequency.py:149]-已处理: 20251111161754.935566.csv -> D:/Lab/process/2025.11.11/frequency\GROUP1\FFT_20251111161754.935566.csv
2025-11-24 16:59:21-INFO-[tdms_reader_frequency.py:147]-  已写入 799999/799999 行FFT数据
2025-11-24 16:59:21-INFO-[tdms_reader_frequency.py:149]-已处理: 20251111161735.737496.csv -> D:/Lab/process/2025.11.11/frequency\GROUP1\FFT_20251111161735.737496.csv
2025-11-24 16:59:21-INFO-[tdms_reader_frequency.py:147]-  已写入 799999/799999 行FFT数据
2025-11-24 16:59:21-INFO-[tdms_reader_frequency.py:149]-已处理: 20251111161719.736773.csv -> D:/Lab/process/2025.11.11/frequency\GROUP1\FFT_20251111161719.736773.csv
2025-11-24 16:59:21-INFO-[tdms_reader_frequency.py:147]-  已写入 799999/799999 行FFT数据
2025-11-24 16:59:21-INFO-[tdms_reader_frequency.py:149]-已处理: 20251111161716.534160.csv -> D:/Lab/process/2025.11.11/frequency\GROUP1\FFT_20251111161716.534160.csv
2025-11-24 16:59:21-INFO-[tdms_reader_frequency.py:76]-开始处理文件: D:/Lab/process/2025.11.11/time\GROUP2\20251111162831.533051.csv
2025-11-24 16:59:21-INFO-[tdms_reader_frequency.py:84]-使用元数据采样率: 50000 Hz
2025-11-24 16:59:21-INFO-[tdms_reader_frequency.py:76]-开始处理文件: D:/Lab/process/2025.11.11/time\GROUP2\20251111162834.736376.csv
2025-11-24 16:59:21-INFO-[tdms_reader_frequency.py:76]-开始处理文件: D:/Lab/process/2025.11.11/time\GROUP2\20251111162837.934603.csv
2025-11-24 16:59:21-INFO-[tdms_reader_frequency.py:84]-使用元数据采样率: 50000 Hz
2025-11-24 16:59:21-INFO-[tdms_reader_frequency.py:76]-开始处理文件: D:/Lab/process/2025.11.11/time\GROUP2\20251111162841.136283.csv
2025-11-24 16:59:21-INFO-[tdms_reader_frequency.py:84]-使用元数据采样率: 50000 Hz
2025-11-24 16:59:21-INFO-[tdms_reader_frequency.py:84]-使用元数据采样率: 50000 Hz
2025-11-24 16:59:21-INFO-[tdms_reader_frequency.py:147]-  已写入 799999/799999 行FFT数据
2025-11-24 16:59:21-INFO-[tdms_reader_frequency.py:149]-已处理: 20251111161732.536553.csv -> D:/Lab/process/2025.11.11/frequency\GROUP1\FFT_20251111161732.536553.csv
2025-11-24 16:59:21-INFO-[tdms_reader_frequency.py:76]-开始处理文件: D:/Lab/process/2025.11.11/time\GROUP2\20251111162844.334724.csv
2025-11-24 16:59:21-INFO-[tdms_reader_frequency.py:84]-使用元数据采样率: 50000 Hz
2025-11-24 16:59:23-INFO-[tdms_reader_frequency.py:147]-  已写入 100000/249999 行FFT数据
2025-11-24 16:59:23-INFO-[tdms_reader_frequency.py:91]-成功读取文件: 20251111162730.736447.csv, 数据长度: 1600000
2025-11-24 16:59:23-INFO-[tdms_reader_frequency.py:101]-处理文件: 20251111162730.736447.csv, 通道数: 8
2025-11-24 16:59:24-INFO-[tdms_reader_frequency.py:147]-  已写入 100000/799999 行FFT数据
2025-11-24 16:59:24-INFO-[tdms_reader_frequency.py:147]-  已写入 100000/799999 行FFT数据
2025-11-24 16:59:24-INFO-[tdms_reader_frequency.py:91]-成功读取文件: 20251111162727.536629.csv, 数据长度: 1600000
2025-11-24 16:59:24-INFO-[tdms_reader_frequency.py:101]-处理文件: 20251111162727.536629.csv, 通道数: 8
2025-11-24 16:59:24-INFO-[tdms_reader_frequency.py:147]-  已写入 200000/249999 行FFT数据
2025-11-24 16:59:25-INFO-[tdms_reader_frequency.py:91]-成功读取文件: 20251111162746.733035.csv, 数据长度: 1600000
2025-11-24 16:59:25-INFO-[tdms_reader_frequency.py:101]-处理文件: 20251111162746.733035.csv, 通道数: 8
2025-11-24 16:59:25-INFO-[tdms_reader_frequency.py:91]-成功读取文件: 20251111162753.132526.csv, 数据长度: 1600000
2025-11-24 16:59:25-INFO-[tdms_reader_frequency.py:101]-处理文件: 20251111162753.132526.csv, 通道数: 8
2025-11-24 16:59:25-INFO-[tdms_reader_frequency.py:147]-  已写入 249999/249999 行FFT数据
2025-11-24 16:59:25-INFO-[tdms_reader_frequency.py:149]-已处理: 20251111161810.932971.csv -> D:/Lab/process/2025.11.11/frequency\GROUP1\FFT_20251111161810.932971.csv
2025-11-24 16:59:26-INFO-[tdms_reader_frequency.py:76]-开始处理文件: D:/Lab/process/2025.11.11/time\GROUP2\20251111162847.534959.csv
2025-11-24 16:59:26-INFO-[tdms_reader_frequency.py:84]-使用元数据采样率: 50000 Hz
2025-11-24 16:59:26-INFO-[tdms_reader_frequency.py:91]-成功读取文件: 20251111162743.537230.csv, 数据长度: 1600000
2025-11-24 16:59:26-INFO-[tdms_reader_frequency.py:101]-处理文件: 20251111162743.537230.csv, 通道数: 8
2025-11-24 16:59:26-INFO-[tdms_reader_frequency.py:91]-成功读取文件: 20251111162733.934607.csv, 数据长度: 1600000
2025-11-24 16:59:26-INFO-[tdms_reader_frequency.py:101]-处理文件: 20251111162733.934607.csv, 通道数: 8
2025-11-24 16:59:26-INFO-[tdms_reader_frequency.py:147]-  已写入 200000/799999 行FFT数据
2025-11-24 16:59:26-INFO-[tdms_reader_frequency.py:147]-  已写入 200000/799999 行FFT数据
2025-11-24 16:59:26-INFO-[tdms_reader_frequency.py:91]-成功读取文件: 20251111162737.136395.csv, 数据长度: 1600000
2025-11-24 16:59:26-INFO-[tdms_reader_frequency.py:101]-处理文件: 20251111162737.136395.csv, 通道数: 8
2025-11-24 16:59:26-INFO-[tdms_reader_frequency.py:91]-成功读取文件: 20251111162749.933710.csv, 数据长度: 1600000
2025-11-24 16:59:26-INFO-[tdms_reader_frequency.py:101]-处理文件: 20251111162749.933710.csv, 通道数: 8
2025-11-24 16:59:27-INFO-[tdms_reader_frequency.py:91]-成功读取文件: 20251111162756.337381.csv, 数据长度: 1600000
2025-11-24 16:59:27-INFO-[tdms_reader_frequency.py:101]-处理文件: 20251111162756.337381.csv, 通道数: 8
2025-11-24 16:59:27-INFO-[tdms_reader_frequency.py:91]-成功读取文件: 20251111162740.336186.csv, 数据长度: 1600000
2025-11-24 16:59:27-INFO-[tdms_reader_frequency.py:101]-处理文件: 20251111162740.336186.csv, 通道数: 8
2025-11-24 16:59:27-INFO-[tdms_reader_frequency.py:91]-成功读取文件: 20251111162802.737400.csv, 数据长度: 1600000
2025-11-24 16:59:27-INFO-[tdms_reader_frequency.py:101]-处理文件: 20251111162802.737400.csv, 通道数: 8
2025-11-24 16:59:27-INFO-[tdms_reader_frequency.py:91]-成功读取文件: 20251111162759.532624.csv, 数据长度: 1600000
2025-11-24 16:59:27-INFO-[tdms_reader_frequency.py:101]-处理文件: 20251111162759.532624.csv, 通道数: 8
2025-11-24 16:59:27-INFO-[tdms_reader_frequency.py:91]-成功读取文件: 20251111162805.935394.csv, 数据长度: 1600000
2025-11-24 16:59:27-INFO-[tdms_reader_frequency.py:101]-处理文件: 20251111162805.935394.csv, 通道数: 8
2025-11-24 16:59:27-INFO-[tdms_reader_frequency.py:91]-成功读取文件: 20251111162815.532723.csv, 数据长度: 1600000
2025-11-24 16:59:27-INFO-[tdms_reader_frequency.py:101]-处理文件: 20251111162815.532723.csv, 通道数: 8
2025-11-24 16:59:27-INFO-[tdms_reader_frequency.py:91]-成功读取文件: 20251111162809.135176.csv, 数据长度: 1600000
2025-11-24 16:59:27-INFO-[tdms_reader_frequency.py:101]-处理文件: 20251111162809.135176.csv, 通道数: 8
2025-11-24 16:59:27-INFO-[tdms_reader_frequency.py:91]-成功读取文件: 20251111162812.336424.csv, 数据长度: 1600000
2025-11-24 16:59:27-INFO-[tdms_reader_frequency.py:91]-成功读取文件: 20251111162825.134459.csv, 数据长度: 1600000
2025-11-24 16:59:27-INFO-[tdms_reader_frequency.py:101]-处理文件: 20251111162812.336424.csv, 通道数: 8
2025-11-24 16:59:27-INFO-[tdms_reader_frequency.py:101]-处理文件: 20251111162825.134459.csv, 通道数: 8
2025-11-24 16:59:28-INFO-[tdms_reader_frequency.py:91]-成功读取文件: 20251111162821.935331.csv, 数据长度: 1600000
2025-11-24 16:59:28-INFO-[tdms_reader_frequency.py:101]-处理文件: 20251111162821.935331.csv, 通道数: 8
2025-11-24 16:59:28-INFO-[tdms_reader_frequency.py:91]-成功读取文件: 20251111162828.335829.csv, 数据长度: 1600000
2025-11-24 16:59:28-INFO-[tdms_reader_frequency.py:101]-处理文件: 20251111162828.335829.csv, 通道数: 8
2025-11-24 16:59:28-INFO-[tdms_reader_frequency.py:91]-成功读取文件: 20251111162818.736491.csv, 数据长度: 1600000
2025-11-24 16:59:28-INFO-[tdms_reader_frequency.py:91]-成功读取文件: 20251111162831.533051.csv, 数据长度: 1600000
2025-11-24 16:59:28-INFO-[tdms_reader_frequency.py:101]-处理文件: 20251111162818.736491.csv, 通道数: 8
2025-11-24 16:59:28-INFO-[tdms_reader_frequency.py:101]-处理文件: 20251111162831.533051.csv, 通道数: 8
2025-11-24 16:59:28-INFO-[tdms_reader_frequency.py:147]-  已写入 100000/799999 行FFT数据
2025-11-24 16:59:28-INFO-[tdms_reader_frequency.py:91]-成功读取文件: 20251111162841.136283.csv, 数据长度: 1600000
2025-11-24 16:59:28-INFO-[tdms_reader_frequency.py:101]-处理文件: 20251111162841.136283.csv, 通道数: 8
2025-11-24 16:59:28-INFO-[tdms_reader_frequency.py:91]-成功读取文件: 20251111162834.736376.csv, 数据长度: 1600000
2025-11-24 16:59:28-INFO-[tdms_reader_frequency.py:91]-成功读取文件: 20251111162837.934603.csv, 数据长度: 1600000
2025-11-24 16:59:28-INFO-[tdms_reader_frequency.py:101]-处理文件: 20251111162834.736376.csv, 通道数: 8
2025-11-24 16:59:28-INFO-[tdms_reader_frequency.py:101]-处理文件: 20251111162837.934603.csv, 通道数: 8
2025-11-24 16:59:28-INFO-[tdms_reader_frequency.py:91]-成功读取文件: 20251111162844.334724.csv, 数据长度: 1600000
2025-11-24 16:59:28-INFO-[tdms_reader_frequency.py:101]-处理文件: 20251111162844.334724.csv, 通道数: 8
2025-11-24 16:59:29-INFO-[tdms_reader_frequency.py:147]-  已写入 100000/799999 行FFT数据
2025-11-24 16:59:30-INFO-[tdms_reader_frequency.py:147]-  已写入 300000/799999 行FFT数据
2025-11-24 16:59:30-INFO-[tdms_reader_frequency.py:147]-  已写入 300000/799999 行FFT数据
2025-11-24 16:59:30-INFO-[tdms_reader_frequency.py:91]-成功读取文件: 20251111162847.534959.csv, 数据长度: 1600000
2025-11-24 16:59:30-INFO-[tdms_reader_frequency.py:101]-处理文件: 20251111162847.534959.csv, 通道数: 8
2025-11-24 16:59:32-INFO-[tdms_reader_frequency.py:147]-  已写入 100000/799999 行FFT数据
2025-11-24 16:59:32-INFO-[tdms_reader_frequency.py:147]-  已写入 100000/799999 行FFT数据
2025-11-24 16:59:32-INFO-[tdms_reader_frequency.py:147]-  已写入 200000/799999 行FFT数据
2025-11-24 16:59:32-INFO-[tdms_reader_frequency.py:147]-  已写入 100000/799999 行FFT数据
2025-11-24 16:59:32-INFO-[tdms_reader_frequency.py:147]-  已写入 100000/799999 行FFT数据
2025-11-24 16:59:32-INFO-[tdms_reader_frequency.py:147]-  已写入 200000/799999 行FFT数据
2025-11-24 16:59:33-INFO-[tdms_reader_frequency.py:147]-  已写入 100000/799999 行FFT数据
2025-11-24 16:59:34-INFO-[tdms_reader_frequency.py:147]-  已写入 400000/799999 行FFT数据
2025-11-24 16:59:34-INFO-[tdms_reader_frequency.py:147]-  已写入 400000/799999 行FFT数据
2025-11-24 16:59:35-INFO-[tdms_reader_frequency.py:147]-  已写入 100000/799999 行FFT数据
2025-11-24 16:59:35-INFO-[tdms_reader_frequency.py:147]-  已写入 100000/799999 行FFT数据
2025-11-24 16:59:35-INFO-[tdms_reader_frequency.py:147]-  已写入 100000/799999 行FFT数据
2025-11-24 16:59:35-INFO-[tdms_reader_frequency.py:147]-  已写入 100000/799999 行FFT数据
2025-11-24 16:59:35-INFO-[tdms_reader_frequency.py:147]-  已写入 100000/799999 行FFT数据
2025-11-24 16:59:35-INFO-[tdms_reader_frequency.py:147]-  已写入 100000/799999 行FFT数据
2025-11-24 16:59:35-INFO-[tdms_reader_frequency.py:147]-  已写入 100000/799999 行FFT数据
2025-11-24 16:59:35-INFO-[tdms_reader_frequency.py:147]-  已写入 100000/799999 行FFT数据
2025-11-24 16:59:35-INFO-[tdms_reader_frequency.py:147]-  已写入 100000/799999 行FFT数据
2025-11-24 16:59:35-INFO-[tdms_reader_frequency.py:147]-  已写入 100000/799999 行FFT数据
2025-11-24 16:59:35-INFO-[tdms_reader_frequency.py:147]-  已写入 100000/799999 行FFT数据
2025-11-24 16:59:36-INFO-[tdms_reader_frequency.py:147]-  已写入 100000/799999 行FFT数据
2025-11-24 16:59:36-INFO-[tdms_reader_frequency.py:147]-  已写入 200000/799999 行FFT数据
2025-11-24 16:59:36-INFO-[tdms_reader_frequency.py:147]-  已写入 100000/799999 行FFT数据
2025-11-24 16:59:36-INFO-[tdms_reader_frequency.py:147]-  已写入 100000/799999 行FFT数据
2025-11-24 16:59:36-INFO-[tdms_reader_frequency.py:147]-  已写入 200000/799999 行FFT数据
2025-11-24 16:59:36-INFO-[tdms_reader_frequency.py:147]-  已写入 300000/799999 行FFT数据
2025-11-24 16:59:36-INFO-[tdms_reader_frequency.py:147]-  已写入 100000/799999 行FFT数据
2025-11-24 16:59:36-INFO-[tdms_reader_frequency.py:147]-  已写入 100000/799999 行FFT数据
2025-11-24 16:59:36-INFO-[tdms_reader_frequency.py:147]-  已写入 100000/799999 行FFT数据
2025-11-24 16:59:36-INFO-[tdms_reader_frequency.py:147]-  已写入 300000/799999 行FFT数据
2025-11-24 16:59:36-INFO-[tdms_reader_frequency.py:147]-  已写入 200000/799999 行FFT数据
2025-11-24 16:59:36-INFO-[tdms_reader_frequency.py:147]-  已写入 100000/799999 行FFT数据
2025-11-24 16:59:36-INFO-[tdms_reader_frequency.py:147]-  已写入 200000/799999 行FFT数据
2025-11-24 16:59:36-INFO-[tdms_reader_frequency.py:147]-  已写入 100000/799999 行FFT数据
2025-11-24 16:59:39-INFO-[tdms_reader_frequency.py:147]-  已写入 200000/799999 行FFT数据
2025-11-24 16:59:39-INFO-[tdms_reader_frequency.py:147]-  已写入 500000/799999 行FFT数据
2025-11-24 16:59:40-INFO-[tdms_reader_frequency.py:147]-  已写入 500000/799999 行FFT数据
2025-11-24 16:59:40-INFO-[tdms_reader_frequency.py:147]-  已写入 200000/799999 行FFT数据
2025-11-24 16:59:40-INFO-[tdms_reader_frequency.py:147]-  已写入 200000/799999 行FFT数据
2025-11-24 16:59:40-INFO-[tdms_reader_frequency.py:147]-  已写入 200000/799999 行FFT数据
2025-11-24 16:59:41-INFO-[tdms_reader_frequency.py:147]-  已写入 200000/799999 行FFT数据
2025-11-24 16:59:41-INFO-[tdms_reader_frequency.py:147]-  已写入 200000/799999 行FFT数据
2025-11-24 16:59:41-INFO-[tdms_reader_frequency.py:147]-  已写入 200000/799999 行FFT数据
2025-11-24 16:59:41-INFO-[tdms_reader_frequency.py:147]-  已写入 200000/799999 行FFT数据
2025-11-24 16:59:41-INFO-[tdms_reader_frequency.py:147]-  已写入 200000/799999 行FFT数据
2025-11-24 16:59:41-INFO-[tdms_reader_frequency.py:147]-  已写入 200000/799999 行FFT数据
2025-11-24 16:59:41-INFO-[tdms_reader_frequency.py:147]-  已写入 200000/799999 行FFT数据
2025-11-24 16:59:41-INFO-[tdms_reader_frequency.py:147]-  已写入 200000/799999 行FFT数据
2025-11-24 16:59:41-INFO-[tdms_reader_frequency.py:147]-  已写入 200000/799999 行FFT数据
2025-11-24 16:59:41-INFO-[tdms_reader_frequency.py:147]-  已写入 400000/799999 行FFT数据
2025-11-24 16:59:41-INFO-[tdms_reader_frequency.py:147]-  已写入 200000/799999 行FFT数据
2025-11-24 16:59:41-INFO-[tdms_reader_frequency.py:147]-  已写入 200000/799999 行FFT数据
2025-11-24 16:59:41-INFO-[tdms_reader_frequency.py:147]-  已写入 200000/799999 行FFT数据
2025-11-24 16:59:41-INFO-[tdms_reader_frequency.py:147]-  已写入 300000/799999 行FFT数据
2025-11-24 16:59:41-INFO-[tdms_reader_frequency.py:147]-  已写入 300000/799999 行FFT数据
2025-11-24 16:59:41-INFO-[tdms_reader_frequency.py:147]-  已写入 200000/799999 行FFT数据
2025-11-24 16:59:41-INFO-[tdms_reader_frequency.py:147]-  已写入 200000/799999 行FFT数据
2025-11-24 16:59:42-INFO-[tdms_reader_frequency.py:147]-  已写入 400000/799999 行FFT数据
2025-11-24 16:59:42-INFO-[tdms_reader_frequency.py:147]-  已写入 300000/799999 行FFT数据
2025-11-24 16:59:42-INFO-[tdms_reader_frequency.py:147]-  已写入 300000/799999 行FFT数据
2025-11-24 16:59:42-INFO-[tdms_reader_frequency.py:147]-  已写入 200000/799999 行FFT数据
2025-11-24 16:59:42-INFO-[tdms_reader_frequency.py:147]-  已写入 200000/799999 行FFT数据
2025-11-24 16:59:42-INFO-[tdms_reader_frequency.py:147]-  已写入 300000/799999 行FFT数据
2025-11-24 16:59:43-INFO-[tdms_reader_frequency.py:147]-  已写入 600000/799999 行FFT数据
2025-11-24 16:59:43-INFO-[tdms_reader_frequency.py:147]-  已写入 600000/799999 行FFT数据
2025-11-24 16:59:43-INFO-[tdms_reader_frequency.py:147]-  已写入 300000/799999 行FFT数据
2025-11-24 16:59:43-INFO-[tdms_reader_frequency.py:147]-  已写入 300000/799999 行FFT数据
2025-11-24 16:59:43-INFO-[tdms_reader_frequency.py:147]-  已写入 300000/799999 行FFT数据
2025-11-24 16:59:44-INFO-[tdms_reader_frequency.py:147]-  已写入 300000/799999 行FFT数据
2025-11-24 16:59:44-INFO-[tdms_reader_frequency.py:147]-  已写入 300000/799999 行FFT数据
2025-11-24 16:59:44-INFO-[tdms_reader_frequency.py:147]-  已写入 300000/799999 行FFT数据
2025-11-24 16:59:44-INFO-[tdms_reader_frequency.py:147]-  已写入 300000/799999 行FFT数据
2025-11-24 16:59:44-INFO-[tdms_reader_frequency.py:147]-  已写入 300000/799999 行FFT数据
2025-11-24 16:59:44-INFO-[tdms_reader_frequency.py:147]-  已写入 300000/799999 行FFT数据
2025-11-24 16:59:44-INFO-[tdms_reader_frequency.py:147]-  已写入 300000/799999 行FFT数据
2025-11-24 16:59:44-INFO-[tdms_reader_frequency.py:147]-  已写入 300000/799999 行FFT数据
2025-11-24 16:59:44-INFO-[tdms_reader_frequency.py:147]-  已写入 300000/799999 行FFT数据
2025-11-24 16:59:44-INFO-[tdms_reader_frequency.py:147]-  已写入 500000/799999 行FFT数据
2025-11-24 16:59:44-INFO-[tdms_reader_frequency.py:147]-  已写入 300000/799999 行FFT数据
2025-11-24 16:59:44-INFO-[tdms_reader_frequency.py:147]-  已写入 300000/799999 行FFT数据
2025-11-24 16:59:44-INFO-[tdms_reader_frequency.py:147]-  已写入 300000/799999 行FFT数据
2025-11-24 16:59:44-INFO-[tdms_reader_frequency.py:147]-  已写入 400000/799999 行FFT数据
2025-11-24 16:59:44-INFO-[tdms_reader_frequency.py:147]-  已写入 300000/799999 行FFT数据
2025-11-24 16:59:45-INFO-[tdms_reader_frequency.py:147]-  已写入 400000/799999 行FFT数据
2025-11-24 16:59:45-INFO-[tdms_reader_frequency.py:147]-  已写入 300000/799999 行FFT数据
2025-11-24 16:59:45-INFO-[tdms_reader_frequency.py:147]-  已写入 500000/799999 行FFT数据
2025-11-24 16:59:45-INFO-[tdms_reader_frequency.py:147]-  已写入 400000/799999 行FFT数据
2025-11-24 16:59:45-INFO-[tdms_reader_frequency.py:147]-  已写入 400000/799999 行FFT数据
2025-11-24 16:59:45-INFO-[tdms_reader_frequency.py:147]-  已写入 300000/799999 行FFT数据
2025-11-24 16:59:45-INFO-[tdms_reader_frequency.py:147]-  已写入 300000/799999 行FFT数据
2025-11-24 16:59:46-INFO-[tdms_reader_frequency.py:147]-  已写入 400000/799999 行FFT数据
2025-11-24 16:59:46-INFO-[tdms_reader_frequency.py:147]-  已写入 700000/799999 行FFT数据
2025-11-24 16:59:49-INFO-[tdms_reader_frequency.py:147]-  已写入 700000/799999 行FFT数据
2025-11-24 16:59:49-INFO-[tdms_reader_frequency.py:147]-  已写入 400000/799999 行FFT数据
2025-11-24 16:59:49-INFO-[tdms_reader_frequency.py:147]-  已写入 400000/799999 行FFT数据
2025-11-24 16:59:49-INFO-[tdms_reader_frequency.py:147]-  已写入 400000/799999 行FFT数据
2025-11-24 16:59:49-INFO-[tdms_reader_frequency.py:147]-  已写入 400000/799999 行FFT数据
2025-11-24 16:59:49-INFO-[tdms_reader_frequency.py:147]-  已写入 400000/799999 行FFT数据
2025-11-24 16:59:49-INFO-[tdms_reader_frequency.py:147]-  已写入 400000/799999 行FFT数据
2025-11-24 16:59:50-INFO-[tdms_reader_frequency.py:147]-  已写入 400000/799999 行FFT数据
2025-11-24 16:59:50-INFO-[tdms_reader_frequency.py:147]-  已写入 400000/799999 行FFT数据
2025-11-24 16:59:50-INFO-[tdms_reader_frequency.py:147]-  已写入 400000/799999 行FFT数据
2025-11-24 16:59:50-INFO-[tdms_reader_frequency.py:147]-  已写入 400000/799999 行FFT数据
2025-11-24 16:59:50-INFO-[tdms_reader_frequency.py:147]-  已写入 400000/799999 行FFT数据
2025-11-24 16:59:50-INFO-[tdms_reader_frequency.py:147]-  已写入 600000/799999 行FFT数据
2025-11-24 16:59:50-INFO-[tdms_reader_frequency.py:147]-  已写入 400000/799999 行FFT数据
2025-11-24 16:59:50-INFO-[tdms_reader_frequency.py:147]-  已写入 400000/799999 行FFT数据
2025-11-24 16:59:50-INFO-[tdms_reader_frequency.py:147]-  已写入 400000/799999 行FFT数据
2025-11-24 16:59:50-INFO-[tdms_reader_frequency.py:147]-  已写入 400000/799999 行FFT数据
2025-11-24 16:59:50-INFO-[tdms_reader_frequency.py:147]-  已写入 500000/799999 行FFT数据
2025-11-24 16:59:50-INFO-[tdms_reader_frequency.py:147]-  已写入 400000/799999 行FFT数据
2025-11-24 16:59:50-INFO-[tdms_reader_frequency.py:147]-  已写入 400000/799999 行FFT数据
2025-11-24 16:59:50-INFO-[tdms_reader_frequency.py:147]-  已写入 600000/799999 行FFT数据
2025-11-24 16:59:50-INFO-[tdms_reader_frequency.py:147]-  已写入 500000/799999 行FFT数据
2025-11-24 16:59:50-INFO-[tdms_reader_frequency.py:147]-  已写入 500000/799999 行FFT数据
2025-11-24 16:59:50-INFO-[tdms_reader_frequency.py:147]-  已写入 500000/799999 行FFT数据
2025-11-24 16:59:51-INFO-[tdms_reader_frequency.py:147]-  已写入 400000/799999 行FFT数据
2025-11-24 16:59:51-INFO-[tdms_reader_frequency.py:147]-  已写入 400000/799999 行FFT数据
2025-11-24 16:59:51-INFO-[tdms_reader_frequency.py:147]-  已写入 500000/799999 行FFT数据
2025-11-24 16:59:51-INFO-[tdms_reader_frequency.py:147]-  已写入 799999/799999 行FFT数据
2025-11-24 16:59:51-INFO-[tdms_reader_frequency.py:149]-已处理: 20251111161804.535129.csv -> D:/Lab/process/2025.11.11/frequency\GROUP1\FFT_20251111161804.535129.csv
2025-11-24 16:59:51-INFO-[tdms_reader_frequency.py:76]-开始处理文件: D:/Lab/process/2025.11.11/time\GROUP2\20251111162850.736415.csv
2025-11-24 16:59:51-INFO-[tdms_reader_frequency.py:84]-使用元数据采样率: 50000 Hz
2025-11-24 16:59:52-INFO-[tdms_reader_frequency.py:147]-  已写入 500000/799999 行FFT数据
2025-11-24 16:59:52-INFO-[tdms_reader_frequency.py:147]-  已写入 799999/799999 行FFT数据
2025-11-24 16:59:52-INFO-[tdms_reader_frequency.py:149]-已处理: 20251111161807.734294.csv -> D:/Lab/process/2025.11.11/frequency\GROUP1\FFT_20251111161807.734294.csv
2025-11-24 16:59:52-INFO-[tdms_reader_frequency.py:147]-  已写入 500000/799999 行FFT数据
2025-11-24 16:59:52-INFO-[tdms_reader_frequency.py:76]-开始处理文件: D:/Lab/process/2025.11.11/time\GROUP2\20251111162853.933152.csv
2025-11-24 16:59:52-INFO-[tdms_reader_frequency.py:84]-使用元数据采样率: 50000 Hz
2025-11-24 16:59:52-INFO-[tdms_reader_frequency.py:147]-  已写入 500000/799999 行FFT数据
2025-11-24 16:59:52-INFO-[tdms_reader_frequency.py:147]-  已写入 500000/799999 行FFT数据
2025-11-24 16:59:53-INFO-[tdms_reader_frequency.py:147]-  已写入 500000/799999 行FFT数据
2025-11-24 16:59:53-INFO-[tdms_reader_frequency.py:147]-  已写入 500000/799999 行FFT数据
2025-11-24 16:59:53-INFO-[tdms_reader_frequency.py:147]-  已写入 500000/799999 行FFT数据
2025-11-24 16:59:53-INFO-[tdms_reader_frequency.py:147]-  已写入 500000/799999 行FFT数据
2025-11-24 16:59:53-INFO-[tdms_reader_frequency.py:147]-  已写入 500000/799999 行FFT数据
2025-11-24 16:59:53-INFO-[tdms_reader_frequency.py:147]-  已写入 500000/799999 行FFT数据
2025-11-24 16:59:53-INFO-[tdms_reader_frequency.py:147]-  已写入 500000/799999 行FFT数据
2025-11-24 16:59:53-INFO-[tdms_reader_frequency.py:147]-  已写入 500000/799999 行FFT数据
2025-11-24 16:59:53-INFO-[tdms_reader_frequency.py:147]-  已写入 500000/799999 行FFT数据
2025-11-24 16:59:53-INFO-[tdms_reader_frequency.py:147]-  已写入 500000/799999 行FFT数据
2025-11-24 16:59:53-INFO-[tdms_reader_frequency.py:147]-  已写入 700000/799999 行FFT数据
2025-11-24 16:59:53-INFO-[tdms_reader_frequency.py:147]-  已写入 500000/799999 行FFT数据
2025-11-24 16:59:53-INFO-[tdms_reader_frequency.py:147]-  已写入 500000/799999 行FFT数据
2025-11-24 16:59:53-INFO-[tdms_reader_frequency.py:147]-  已写入 500000/799999 行FFT数据
2025-11-24 16:59:53-INFO-[tdms_reader_frequency.py:147]-  已写入 600000/799999 行FFT数据
2025-11-24 16:59:53-INFO-[tdms_reader_frequency.py:147]-  已写入 700000/799999 行FFT数据
2025-11-24 16:59:53-INFO-[tdms_reader_frequency.py:147]-  已写入 600000/799999 行FFT数据
2025-11-24 16:59:53-INFO-[tdms_reader_frequency.py:147]-  已写入 600000/799999 行FFT数据
2025-11-24 16:59:54-INFO-[tdms_reader_frequency.py:91]-成功读取文件: 20251111162850.736415.csv, 数据长度: 1600000
2025-11-24 16:59:54-INFO-[tdms_reader_frequency.py:101]-处理文件: 20251111162850.736415.csv, 通道数: 8
2025-11-24 16:59:54-INFO-[tdms_reader_frequency.py:147]-  已写入 600000/799999 行FFT数据
2025-11-24 16:59:56-INFO-[tdms_reader_frequency.py:147]-  已写入 500000/799999 行FFT数据
2025-11-24 16:59:57-INFO-[tdms_reader_frequency.py:147]-  已写入 500000/799999 行FFT数据
2025-11-24 16:59:57-INFO-[tdms_reader_frequency.py:91]-成功读取文件: 20251111162853.933152.csv, 数据长度: 1600000
2025-11-24 16:59:57-INFO-[tdms_reader_frequency.py:101]-处理文件: 20251111162853.933152.csv, 通道数: 8
2025-11-24 16:59:57-INFO-[tdms_reader_frequency.py:147]-  已写入 600000/799999 行FFT数据
2025-11-24 16:59:58-INFO-[tdms_reader_frequency.py:147]-  已写入 600000/799999 行FFT数据
2025-11-24 16:59:58-INFO-[tdms_reader_frequency.py:147]-  已写入 600000/799999 行FFT数据
2025-11-24 16:59:58-INFO-[tdms_reader_frequency.py:147]-  已写入 600000/799999 行FFT数据
2025-11-24 16:59:58-INFO-[tdms_reader_frequency.py:147]-  已写入 600000/799999 行FFT数据
2025-11-24 16:59:58-INFO-[tdms_reader_frequency.py:147]-  已写入 600000/799999 行FFT数据
2025-11-24 16:59:58-INFO-[tdms_reader_frequency.py:147]-  已写入 600000/799999 行FFT数据
2025-11-24 16:59:58-INFO-[tdms_reader_frequency.py:147]-  已写入 600000/799999 行FFT数据
2025-11-24 16:59:59-INFO-[tdms_reader_frequency.py:147]-  已写入 600000/799999 行FFT数据
2025-11-24 16:59:59-INFO-[tdms_reader_frequency.py:147]-  已写入 600000/799999 行FFT数据
2025-11-24 16:59:59-INFO-[tdms_reader_frequency.py:147]-  已写入 600000/799999 行FFT数据
2025-11-24 16:59:59-INFO-[tdms_reader_frequency.py:147]-  已写入 600000/799999 行FFT数据
2025-11-24 16:59:59-INFO-[tdms_reader_frequency.py:147]-  已写入 600000/799999 行FFT数据
2025-11-24 16:59:59-INFO-[tdms_reader_frequency.py:147]-  已写入 600000/799999 行FFT数据
2025-11-24 16:59:59-INFO-[tdms_reader_frequency.py:147]-  已写入 600000/799999 行FFT数据
2025-11-24 16:59:59-INFO-[tdms_reader_frequency.py:147]-  已写入 600000/799999 行FFT数据
2025-11-24 16:59:59-INFO-[tdms_reader_frequency.py:147]-  已写入 600000/799999 行FFT数据
2025-11-24 16:59:59-INFO-[tdms_reader_frequency.py:147]-  已写入 799999/799999 行FFT数据
2025-11-24 16:59:59-INFO-[tdms_reader_frequency.py:149]-已处理: 20251111162730.736447.csv -> D:/Lab/process/2025.11.11/frequency\GROUP2\FFT_20251111162730.736447.csv
2025-11-24 16:59:59-INFO-[tdms_reader_frequency.py:147]-  已写入 600000/799999 行FFT数据
2025-11-24 16:59:59-INFO-[tdms_reader_frequency.py:147]-  已写入 799999/799999 行FFT数据
2025-11-24 16:59:59-INFO-[tdms_reader_frequency.py:149]-已处理: 20251111162727.536629.csv -> D:/Lab/process/2025.11.11/frequency\GROUP2\FFT_20251111162727.536629.csv
2025-11-24 16:59:59-INFO-[tdms_reader_frequency.py:147]-  已写入 700000/799999 行FFT数据
2025-11-24 16:59:59-INFO-[tdms_reader_frequency.py:76]-开始处理文件: D:/Lab/process/2025.11.11/time\GROUP2\20251111162857.133858.csv
2025-11-24 16:59:59-INFO-[tdms_reader_frequency.py:84]-使用元数据采样率: 50000 Hz
2025-11-24 16:59:59-INFO-[tdms_reader_frequency.py:76]-开始处理文件: D:/Lab/process/2025.11.11/time\GROUP2\20251111162900.335079.csv
2025-11-24 16:59:59-INFO-[tdms_reader_frequency.py:147]-  已写入 700000/799999 行FFT数据
2025-11-24 16:59:59-INFO-[tdms_reader_frequency.py:84]-使用元数据采样率: 50000 Hz
2025-11-24 16:59:59-INFO-[tdms_reader_frequency.py:147]-  已写入 700000/799999 行FFT数据
2025-11-24 17:00:00-INFO-[tdms_reader_frequency.py:147]-  已写入 700000/799999 行FFT数据
2025-11-24 17:00:00-INFO-[tdms_reader_frequency.py:147]-  已写入 600000/799999 行FFT数据
2025-11-24 17:00:00-INFO-[tdms_reader_frequency.py:147]-  已写入 100000/799999 行FFT数据
2025-11-24 17:00:00-INFO-[tdms_reader_frequency.py:147]-  已写入 600000/799999 行FFT数据
2025-11-24 17:00:00-INFO-[tdms_reader_frequency.py:147]-  已写入 700000/799999 行FFT数据
2025-11-24 17:00:01-INFO-[tdms_reader_frequency.py:147]-  已写入 700000/799999 行FFT数据
2025-11-24 17:00:01-INFO-[tdms_reader_frequency.py:147]-  已写入 700000/799999 行FFT数据
2025-11-24 17:00:02-INFO-[tdms_reader_frequency.py:147]-  已写入 700000/799999 行FFT数据
2025-11-24 17:00:02-INFO-[tdms_reader_frequency.py:91]-成功读取文件: 20251111162857.133858.csv, 数据长度: 1600000
2025-11-24 17:00:02-INFO-[tdms_reader_frequency.py:91]-成功读取文件: 20251111162900.335079.csv, 数据长度: 1600000
2025-11-24 17:00:02-INFO-[tdms_reader_frequency.py:101]-处理文件: 20251111162857.133858.csv, 通道数: 8
2025-11-24 17:00:02-INFO-[tdms_reader_frequency.py:147]-  已写入 700000/799999 行FFT数据
2025-11-24 17:00:02-INFO-[tdms_reader_frequency.py:101]-处理文件: 20251111162900.335079.csv, 通道数: 8
2025-11-24 17:00:02-INFO-[tdms_reader_frequency.py:147]-  已写入 700000/799999 行FFT数据
2025-11-24 17:00:02-INFO-[tdms_reader_frequency.py:147]-  已写入 700000/799999 行FFT数据
2025-11-24 17:00:02-INFO-[tdms_reader_frequency.py:147]-  已写入 700000/799999 行FFT数据
2025-11-24 17:00:02-INFO-[tdms_reader_frequency.py:147]-  已写入 700000/799999 行FFT数据
2025-11-24 17:00:02-INFO-[tdms_reader_frequency.py:147]-  已写入 100000/799999 行FFT数据
2025-11-24 17:00:02-INFO-[tdms_reader_frequency.py:147]-  已写入 700000/799999 行FFT数据
2025-11-24 17:00:02-INFO-[tdms_reader_frequency.py:147]-  已写入 700000/799999 行FFT数据
2025-11-24 17:00:02-INFO-[tdms_reader_frequency.py:147]-  已写入 700000/799999 行FFT数据
2025-11-24 17:00:02-INFO-[tdms_reader_frequency.py:147]-  已写入 700000/799999 行FFT数据
2025-11-24 17:00:05-INFO-[tdms_reader_frequency.py:147]-  已写入 700000/799999 行FFT数据
2025-11-24 17:00:05-INFO-[tdms_reader_frequency.py:147]-  已写入 700000/799999 行FFT数据
2025-11-24 17:00:05-INFO-[tdms_reader_frequency.py:147]-  已写入 700000/799999 行FFT数据
2025-11-24 17:00:05-INFO-[tdms_reader_frequency.py:147]-  已写入 700000/799999 行FFT数据
2025-11-24 17:00:05-INFO-[tdms_reader_frequency.py:147]-  已写入 799999/799999 行FFT数据
2025-11-24 17:00:05-INFO-[tdms_reader_frequency.py:147]-  已写入 700000/799999 行FFT数据
2025-11-24 17:00:05-INFO-[tdms_reader_frequency.py:149]-已处理: 20251111162746.733035.csv -> D:/Lab/process/2025.11.11/frequency\GROUP2\FFT_20251111162746.733035.csv
2025-11-24 17:00:06-INFO-[tdms_reader_frequency.py:147]-  已写入 799999/799999 行FFT数据
2025-11-24 17:00:06-INFO-[tdms_reader_frequency.py:149]-已处理: 20251111162743.537230.csv -> D:/Lab/process/2025.11.11/frequency\GROUP2\FFT_20251111162743.537230.csv
2025-11-24 17:00:06-INFO-[tdms_reader_frequency.py:147]-  已写入 799999/799999 行FFT数据
2025-11-24 17:00:06-INFO-[tdms_reader_frequency.py:149]-已处理: 20251111162753.132526.csv -> D:/Lab/process/2025.11.11/frequency\GROUP2\FFT_20251111162753.132526.csv
2025-11-24 17:00:06-INFO-[tdms_reader_frequency.py:147]-  已写入 700000/799999 行FFT数据
2025-11-24 17:00:06-INFO-[tdms_reader_frequency.py:147]-  已写入 799999/799999 行FFT数据
2025-11-24 17:00:06-INFO-[tdms_reader_frequency.py:149]-已处理: 20251111162733.934607.csv -> D:/Lab/process/2025.11.11/frequency\GROUP2\FFT_20251111162733.934607.csv
2025-11-24 17:00:06-INFO-[tdms_reader_frequency.py:147]-  已写入 200000/799999 行FFT数据
2025-11-24 17:00:06-INFO-[tdms_reader_frequency.py:147]-  已写入 799999/799999 行FFT数据
2025-11-24 17:00:07-INFO-[tdms_reader_frequency.py:147]-  已写入 700000/799999 行FFT数据
2025-11-24 17:00:06-INFO-[tdms_reader_frequency.py:149]-已处理: 20251111162737.136395.csv -> D:/Lab/process/2025.11.11/frequency\GROUP2\FFT_20251111162737.136395.csv
2025-11-24 17:00:07-INFO-[tdms_reader_frequency.py:147]-  已写入 799999/799999 行FFT数据
2025-11-24 17:00:07-INFO-[tdms_reader_frequency.py:149]-已处理: 20251111162802.737400.csv -> D:/Lab/process/2025.11.11/frequency\GROUP2\FFT_20251111162802.737400.csv
2025-11-24 17:00:08-INFO-[tdms_reader_frequency.py:147]-  已写入 799999/799999 行FFT数据
2025-11-24 17:00:08-INFO-[tdms_reader_frequency.py:149]-已处理: 20251111162749.933710.csv -> D:/Lab/process/2025.11.11/frequency\GROUP2\FFT_20251111162749.933710.csv
2025-11-24 17:00:08-INFO-[tdms_reader_frequency.py:147]-  已写入 799999/799999 行FFT数据
2025-11-24 17:00:08-INFO-[tdms_reader_frequency.py:149]-已处理: 20251111162740.336186.csv -> D:/Lab/process/2025.11.11/frequency\GROUP2\FFT_20251111162740.336186.csv
2025-11-24 17:00:08-INFO-[tdms_reader_frequency.py:147]-  已写入 799999/799999 行FFT数据
2025-11-24 17:00:08-INFO-[tdms_reader_frequency.py:149]-已处理: 20251111162841.136283.csv -> D:/Lab/process/2025.11.11/frequency\GROUP2\FFT_20251111162841.136283.csv
2025-11-24 17:00:08-INFO-[tdms_reader_frequency.py:147]-  已写入 799999/799999 行FFT数据
2025-11-24 17:00:08-INFO-[tdms_reader_frequency.py:149]-已处理: 20251111162812.336424.csv -> D:/Lab/process/2025.11.11/frequency\GROUP2\FFT_20251111162812.336424.csv
2025-11-24 17:00:08-INFO-[tdms_reader_frequency.py:147]-  已写入 799999/799999 行FFT数据
2025-11-24 17:00:08-INFO-[tdms_reader_frequency.py:149]-已处理: 20251111162759.532624.csv -> D:/Lab/process/2025.11.11/frequency\GROUP2\FFT_20251111162759.532624.csv
2025-11-24 17:00:08-INFO-[tdms_reader_frequency.py:147]-  已写入 200000/799999 行FFT数据
2025-11-24 17:00:08-INFO-[tdms_reader_frequency.py:147]-  已写入 799999/799999 行FFT数据
2025-11-24 17:00:08-INFO-[tdms_reader_frequency.py:149]-已处理: 20251111162756.337381.csv -> D:/Lab/process/2025.11.11/frequency\GROUP2\FFT_20251111162756.337381.csv
2025-11-24 17:00:08-INFO-[tdms_reader_frequency.py:147]-  已写入 799999/799999 行FFT数据
2025-11-24 17:00:08-INFO-[tdms_reader_frequency.py:149]-已处理: 20251111162831.533051.csv -> D:/Lab/process/2025.11.11/frequency\GROUP2\FFT_20251111162831.533051.csv
2025-11-24 17:00:08-INFO-[tdms_reader_frequency.py:147]-  已写入 799999/799999 行FFT数据
2025-11-24 17:00:08-INFO-[tdms_reader_frequency.py:149]-已处理: 20251111162815.532723.csv -> D:/Lab/process/2025.11.11/frequency\GROUP2\FFT_20251111162815.532723.csv
2025-11-24 17:00:08-INFO-[tdms_reader_frequency.py:147]-  已写入 799999/799999 行FFT数据
2025-11-24 17:00:08-INFO-[tdms_reader_frequency.py:149]-已处理: 20251111162805.935394.csv -> D:/Lab/process/2025.11.11/frequency\GROUP2\FFT_20251111162805.935394.csv
2025-11-24 17:00:08-INFO-[tdms_reader_frequency.py:147]-  已写入 799999/799999 行FFT数据
2025-11-24 17:00:08-INFO-[tdms_reader_frequency.py:149]-已处理: 20251111162828.335829.csv -> D:/Lab/process/2025.11.11/frequency\GROUP2\FFT_20251111162828.335829.csv
2025-11-24 17:00:08-INFO-[tdms_reader_frequency.py:147]-  已写入 799999/799999 行FFT数据
2025-11-24 17:00:08-INFO-[tdms_reader_frequency.py:149]-已处理: 20251111162818.736491.csv -> D:/Lab/process/2025.11.11/frequency\GROUP2\FFT_20251111162818.736491.csv
2025-11-24 17:00:08-INFO-[tdms_reader_frequency.py:147]-  已写入 799999/799999 行FFT数据
2025-11-24 17:00:08-INFO-[tdms_reader_frequency.py:149]-已处理: 20251111162825.134459.csv -> D:/Lab/process/2025.11.11/frequency\GROUP2\FFT_20251111162825.134459.csv
2025-11-24 17:00:08-INFO-[tdms_reader_frequency.py:147]-  已写入 100000/799999 行FFT数据
2025-11-24 17:00:08-INFO-[tdms_reader_frequency.py:147]-  已写入 799999/799999 行FFT数据
2025-11-24 17:00:08-INFO-[tdms_reader_frequency.py:149]-已处理: 20251111162821.935331.csv -> D:/Lab/process/2025.11.11/frequency\GROUP2\FFT_20251111162821.935331.csv
2025-11-24 17:00:09-INFO-[tdms_reader_frequency.py:147]-  已写入 799999/799999 行FFT数据
2025-11-24 17:00:09-INFO-[tdms_reader_frequency.py:149]-已处理: 20251111162837.934603.csv -> D:/Lab/process/2025.11.11/frequency\GROUP2\FFT_20251111162837.934603.csv
2025-11-24 17:00:09-INFO-[tdms_reader_frequency.py:147]-  已写入 799999/799999 行FFT数据
2025-11-24 17:00:09-INFO-[tdms_reader_frequency.py:149]-已处理: 20251111162834.736376.csv -> D:/Lab/process/2025.11.11/frequency\GROUP2\FFT_20251111162834.736376.csv
2025-11-24 17:00:09-INFO-[tdms_reader_frequency.py:147]-  已写入 100000/799999 行FFT数据
2025-11-24 17:00:09-INFO-[tdms_reader_frequency.py:147]-  已写入 799999/799999 行FFT数据
2025-11-24 17:00:09-INFO-[tdms_reader_frequency.py:149]-已处理: 20251111162809.135176.csv -> D:/Lab/process/2025.11.11/frequency\GROUP2\FFT_20251111162809.135176.csv
2025-11-24 17:00:09-INFO-[tdms_reader_frequency.py:147]-  已写入 799999/799999 行FFT数据
2025-11-24 17:00:09-INFO-[tdms_reader_frequency.py:149]-已处理: 20251111162847.534959.csv -> D:/Lab/process/2025.11.11/frequency\GROUP2\FFT_20251111162847.534959.csv
2025-11-24 17:00:09-INFO-[tdms_reader_frequency.py:147]-  已写入 300000/799999 行FFT数据
2025-11-24 17:00:09-INFO-[tdms_reader_frequency.py:147]-  已写入 799999/799999 行FFT数据
2025-11-24 17:00:09-INFO-[tdms_reader_frequency.py:149]-已处理: 20251111162844.334724.csv -> D:/Lab/process/2025.11.11/frequency\GROUP2\FFT_20251111162844.334724.csv
2025-11-24 17:00:11-INFO-[tdms_reader_frequency.py:147]-  已写入 300000/799999 行FFT数据
2025-11-24 17:00:11-INFO-[tdms_reader_frequency.py:147]-  已写入 200000/799999 行FFT数据
2025-11-24 17:00:11-INFO-[tdms_reader_frequency.py:147]-  已写入 200000/799999 行FFT数据
2025-11-24 17:00:12-INFO-[tdms_reader_frequency.py:147]-  已写入 400000/799999 行FFT数据
2025-11-24 17:00:14-INFO-[tdms_reader_frequency.py:147]-  已写入 400000/799999 行FFT数据
2025-11-24 17:00:14-INFO-[tdms_reader_frequency.py:147]-  已写入 300000/799999 行FFT数据
2025-11-24 17:00:14-INFO-[tdms_reader_frequency.py:147]-  已写入 300000/799999 行FFT数据
2025-11-24 17:00:15-INFO-[tdms_reader_frequency.py:147]-  已写入 500000/799999 行FFT数据
2025-11-24 17:00:17-INFO-[tdms_reader_frequency.py:147]-  已写入 500000/799999 行FFT数据
2025-11-24 17:00:17-INFO-[tdms_reader_frequency.py:147]-  已写入 400000/799999 行FFT数据
2025-11-24 17:00:19-INFO-[tdms_reader_frequency.py:147]-  已写入 400000/799999 行FFT数据
2025-11-24 17:00:21-INFO-[tdms_reader_frequency.py:147]-  已写入 600000/799999 行FFT数据
2025-11-24 17:00:23-INFO-[tdms_reader_frequency.py:147]-  已写入 600000/799999 行FFT数据
2025-11-24 17:00:23-INFO-[tdms_reader_frequency.py:147]-  已写入 500000/799999 行FFT数据
2025-11-24 17:00:23-INFO-[tdms_reader_frequency.py:147]-  已写入 500000/799999 行FFT数据
2025-11-24 17:00:24-INFO-[tdms_reader_frequency.py:147]-  已写入 700000/799999 行FFT数据
2025-11-24 17:00:26-INFO-[tdms_reader_frequency.py:147]-  已写入 700000/799999 行FFT数据
2025-11-24 17:00:26-INFO-[tdms_reader_frequency.py:147]-  已写入 600000/799999 行FFT数据
2025-11-24 17:00:29-INFO-[tdms_reader_frequency.py:147]-  已写入 600000/799999 行FFT数据
2025-11-24 17:00:30-INFO-[tdms_reader_frequency.py:147]-  已写入 799999/799999 行FFT数据
2025-11-24 17:00:30-INFO-[tdms_reader_frequency.py:149]-已处理: 20251111162850.736415.csv -> D:/Lab/process/2025.11.11/frequency\GROUP2\FFT_20251111162850.736415.csv
2025-11-24 17:00:31-INFO-[tdms_reader_frequency.py:147]-  已写入 799999/799999 行FFT数据
2025-11-24 17:00:31-INFO-[tdms_reader_frequency.py:149]-已处理: 20251111162853.933152.csv -> D:/Lab/process/2025.11.11/frequency\GROUP2\FFT_20251111162853.933152.csv
2025-11-24 17:00:31-INFO-[tdms_reader_frequency.py:147]-  已写入 700000/799999 行FFT数据
2025-11-24 17:00:32-INFO-[tdms_reader_frequency.py:147]-  已写入 700000/799999 行FFT数据
2025-11-24 17:00:34-INFO-[tdms_reader_frequency.py:147]-  已写入 799999/799999 行FFT数据
2025-11-24 17:00:34-INFO-[tdms_reader_frequency.py:149]-已处理: 20251111162900.335079.csv -> D:/Lab/process/2025.11.11/frequency\GROUP2\FFT_20251111162900.335079.csv
2025-11-24 17:00:35-INFO-[tdms_reader_frequency.py:147]-  已写入 799999/799999 行FFT数据
2025-11-24 17:00:35-INFO-[tdms_reader_frequency.py:149]-已处理: 20251111162857.133858.csv -> D:/Lab/process/2025.11.11/frequency\GROUP2\FFT_20251111162857.133858.csv
2025-11-24 17:00:45-INFO-[tdms_reader_frequency.py:208]-所有文件处理完成
2025-11-24 17:00:45-INFO-[tdms_reader_frequency_average.py:42]-配置文件加载成功: C:\Users\17584\Documents\ALearning\Project\tools\DataProcess\config\paths.yaml
2025-11-24 17:00:45-INFO-[tdms_reader_frequency_average.py:196]-FFT数据输入目录: D:/Lab/process/2025.11.11/frequency
2025-11-24 17:00:45-INFO-[tdms_reader_frequency_average.py:197]-平均FFT输出目录: D:/Lab/process/2025.11.11/frequency_ave
2025-11-24 17:00:45-INFO-[tdms_reader_frequency_average.py:210]-找到 80 个FFT CSV文件
2025-11-24 17:00:45-INFO-[tdms_reader_frequency_average.py:63]-按文件夹分组完成，找到 2 个文件夹组
2025-11-24 17:00:45-INFO-[tdms_reader_frequency_average.py:65]-  文件夹 GROUP1: 31 个文件
2025-11-24 17:00:45-INFO-[tdms_reader_frequency_average.py:65]-  文件夹 GROUP2: 49 个文件
2025-11-24 17:00:45-INFO-[tdms_reader_frequency_average.py:225]-使用 2 个进程并行处理
2025-11-24 17:02:04-INFO-[tdms_reader_frequency_average.py:234]-处理完成: 成功 2/2 个文件夹组
2025-11-24 17:02:04-INFO-[tdms_reader_frequency_average.py:240]-========================FFT数据平均处理汇总报告===========================
2025-11-24 17:02:04-INFO-[tdms_reader_frequency_average.py:241]-处理时间: 2025-11-24 17:02:04
2025-11-24 17:02:04-INFO-[tdms_reader_frequency_average.py:242]-成功处理的文件数量: 2
2025-11-24 17:02:04-INFO-[tdms_reader_frequency_average.py:243]-处理文件列表:
2025-11-24 17:02:04-INFO-[tdms_reader_frequency_average.py:246]- 1. average_fft_GROUP1_30files.csv
2025-11-24 17:02:04-INFO-[tdms_reader_frequency_average.py:246]- 2. average_fft_GROUP2_48files.csv
2025-11-24 17:02:04-INFO-[time_series_plots.py:36]-配置文件加载成功: C:\Users\17584\Documents\ALearning\Project\tools\DataProcess\config\paths.yaml
2025-11-24 17:02:04-INFO-[time_series_plots.py:662]-输入目录: D:/Lab/process/2025.11.11/time
2025-11-24 17:02:04-INFO-[time_series_plots.py:663]-输出目录: D:/Lab/results/2025.11.11/time
2025-11-24 17:02:04-INFO-[time_series_plots.py:675]-找到 80 个CSV文件
2025-11-24 17:02:04-INFO-[time_series_plots.py:685]-找到 2 个组: ['GROUP1', 'GROUP2']
2025-11-24 17:02:04-INFO-[time_series_plots.py:690]-分析组 GROUP1, 包含 31 个文件
2025-11-24 17:02:04-INFO-[time_series_plots.py:588]-开始分析组，包含 31 个文件
2025-11-24 17:02:04-INFO-[time_series_plots.py:42]-正在读取CSV文件: D:\Lab\process\2025.11.11\time\GROUP1\20251111161634.934035.csv
2025-11-24 17:02:05-INFO-[time_series_plots.py:78]-成功读取数据: 1600000 行, 8 个通道
2025-11-24 17:02:06-INFO-[time_series_plots.py:42]-正在读取CSV文件: D:\Lab\process\2025.11.11\time\GROUP1\20251111161638.134949.csv
2025-11-24 17:02:07-INFO-[time_series_plots.py:78]-成功读取数据: 1600000 行, 8 个通道
2025-11-24 17:02:09-INFO-[time_series_plots.py:42]-正在读取CSV文件: D:\Lab\process\2025.11.11\time\GROUP1\20251111161641.335227.csv
2025-11-24 17:02:10-INFO-[time_series_plots.py:78]-成功读取数据: 1600000 行, 8 个通道
2025-11-24 17:02:12-INFO-[time_series_plots.py:42]-正在读取CSV文件: D:\Lab\process\2025.11.11\time\GROUP1\20251111161644.534299.csv
2025-11-24 17:02:12-INFO-[time_series_plots.py:78]-成功读取数据: 1600000 行, 8 个通道
2025-11-24 17:02:14-INFO-[time_series_plots.py:42]-正在读取CSV文件: D:\Lab\process\2025.11.11\time\GROUP1\20251111161647.733148.csv
2025-11-24 17:02:15-INFO-[time_series_plots.py:78]-成功读取数据: 1600000 行, 8 个通道
2025-11-24 17:02:17-INFO-[time_series_plots.py:42]-正在读取CSV文件: D:\Lab\process\2025.11.11\time\GROUP1\20251111161650.936288.csv
2025-11-24 17:02:18-INFO-[time_series_plots.py:78]-成功读取数据: 1600000 行, 8 个通道
2025-11-24 17:02:19-INFO-[time_series_plots.py:42]-正在读取CSV文件: D:\Lab\process\2025.11.11\time\GROUP1\20251111161654.133815.csv
2025-11-24 17:02:20-INFO-[time_series_plots.py:78]-成功读取数据: 1600000 行, 8 个通道
2025-11-24 17:02:22-INFO-[time_series_plots.py:42]-正在读取CSV文件: D:\Lab\process\2025.11.11\time\GROUP1\20251111161657.332589.csv
2025-11-24 17:02:23-INFO-[time_series_plots.py:78]-成功读取数据: 1600000 行, 8 个通道
2025-11-24 17:02:25-INFO-[time_series_plots.py:42]-正在读取CSV文件: D:\Lab\process\2025.11.11\time\GROUP1\20251111161700.535144.csv
2025-11-24 17:02:26-INFO-[time_series_plots.py:78]-成功读取数据: 1600000 行, 8 个通道
2025-11-24 17:02:28-INFO-[time_series_plots.py:42]-正在读取CSV文件: D:\Lab\process\2025.11.11\time\GROUP1\20251111161703.736152.csv
2025-11-24 17:02:28-INFO-[time_series_plots.py:78]-成功读取数据: 1600000 行, 8 个通道
2025-11-24 17:02:30-INFO-[time_series_plots.py:42]-正在读取CSV文件: D:\Lab\process\2025.11.11\time\GROUP1\20251111161706.936906.csv
2025-11-24 17:02:31-INFO-[time_series_plots.py:78]-成功读取数据: 1600000 行, 8 个通道
2025-11-24 17:02:33-INFO-[time_series_plots.py:42]-正在读取CSV文件: D:\Lab\process\2025.11.11\time\GROUP1\20251111161710.134401.csv
2025-11-24 17:02:34-INFO-[time_series_plots.py:78]-成功读取数据: 1600000 行, 8 个通道
2025-11-24 17:02:36-INFO-[time_series_plots.py:42]-正在读取CSV文件: D:\Lab\process\2025.11.11\time\GROUP1\20251111161713.334197.csv
2025-11-24 17:02:36-INFO-[time_series_plots.py:78]-成功读取数据: 1600000 行, 8 个通道
2025-11-24 17:02:38-INFO-[time_series_plots.py:42]-正在读取CSV文件: D:\Lab\process\2025.11.11\time\GROUP1\20251111161716.534160.csv
2025-11-24 17:02:39-INFO-[time_series_plots.py:78]-成功读取数据: 1600000 行, 8 个通道
2025-11-24 17:02:41-INFO-[time_series_plots.py:42]-正在读取CSV文件: D:\Lab\process\2025.11.11\time\GROUP1\20251111161719.736773.csv
2025-11-24 17:02:42-INFO-[time_series_plots.py:78]-成功读取数据: 1600000 行, 8 个通道
2025-11-24 17:02:43-INFO-[time_series_plots.py:42]-正在读取CSV文件: D:\Lab\process\2025.11.11\time\GROUP1\20251111161722.937210.csv
2025-11-24 17:02:44-INFO-[time_series_plots.py:78]-成功读取数据: 1600000 行, 8 个通道
2025-11-24 17:02:46-INFO-[time_series_plots.py:42]-正在读取CSV文件: D:\Lab\process\2025.11.11\time\GROUP1\20251111161726.134814.csv
2025-11-24 17:02:47-INFO-[time_series_plots.py:78]-成功读取数据: 1600000 行, 8 个通道
2025-11-24 17:02:49-INFO-[time_series_plots.py:42]-正在读取CSV文件: D:\Lab\process\2025.11.11\time\GROUP1\20251111161729.334125.csv
2025-11-24 17:02:49-INFO-[time_series_plots.py:78]-成功读取数据: 1600000 行, 8 个通道
2025-11-24 17:02:51-INFO-[time_series_plots.py:42]-正在读取CSV文件: D:\Lab\process\2025.11.11\time\GROUP1\20251111161732.536553.csv
2025-11-24 17:02:52-INFO-[time_series_plots.py:78]-成功读取数据: 1600000 行, 8 个通道
2025-11-24 17:02:54-INFO-[time_series_plots.py:42]-正在读取CSV文件: D:\Lab\process\2025.11.11\time\GROUP1\20251111161735.737496.csv
2025-11-24 17:02:55-INFO-[time_series_plots.py:78]-成功读取数据: 1600000 行, 8 个通道
2025-11-24 17:02:56-INFO-[time_series_plots.py:42]-正在读取CSV文件: D:\Lab\process\2025.11.11\time\GROUP1\20251111161738.935403.csv
2025-11-24 17:02:57-INFO-[time_series_plots.py:78]-成功读取数据: 1600000 行, 8 个通道
2025-11-24 17:02:59-INFO-[time_series_plots.py:42]-正在读取CSV文件: D:\Lab\process\2025.11.11\time\GROUP1\20251111161742.134913.csv
2025-11-24 17:03:00-INFO-[time_series_plots.py:78]-成功读取数据: 1600000 行, 8 个通道
2025-11-24 17:03:02-INFO-[time_series_plots.py:42]-正在读取CSV文件: D:\Lab\process\2025.11.11\time\GROUP1\20251111161745.334812.csv
2025-11-24 17:03:03-INFO-[time_series_plots.py:78]-成功读取数据: 1600000 行, 8 个通道
2025-11-24 17:03:04-INFO-[time_series_plots.py:42]-正在读取CSV文件: D:\Lab\process\2025.11.11\time\GROUP1\20251111161748.533627.csv
2025-11-24 17:03:05-INFO-[time_series_plots.py:78]-成功读取数据: 1600000 行, 8 个通道
2025-11-24 17:03:07-INFO-[time_series_plots.py:42]-正在读取CSV文件: D:\Lab\process\2025.11.11\time\GROUP1\20251111161751.736184.csv
2025-11-24 17:03:08-INFO-[time_series_plots.py:78]-成功读取数据: 1600000 行, 8 个通道
2025-11-24 17:03:10-INFO-[time_series_plots.py:42]-正在读取CSV文件: D:\Lab\process\2025.11.11\time\GROUP1\20251111161754.935566.csv
2025-11-24 17:03:11-INFO-[time_series_plots.py:78]-成功读取数据: 1600000 行, 8 个通道
2025-11-24 17:03:12-INFO-[time_series_plots.py:42]-正在读取CSV文件: D:\Lab\process\2025.11.11\time\GROUP1\20251111161758.134829.csv
2025-11-24 17:03:13-INFO-[time_series_plots.py:78]-成功读取数据: 1600000 行, 8 个通道
2025-11-24 17:03:15-INFO-[time_series_plots.py:42]-正在读取CSV文件: D:\Lab\process\2025.11.11\time\GROUP1\20251111161801.333804.csv
2025-11-24 17:03:16-INFO-[time_series_plots.py:78]-成功读取数据: 1600000 行, 8 个通道
2025-11-24 17:03:18-INFO-[time_series_plots.py:42]-正在读取CSV文件: D:\Lab\process\2025.11.11\time\GROUP1\20251111161804.535129.csv
2025-11-24 17:03:19-INFO-[time_series_plots.py:78]-成功读取数据: 1600000 行, 8 个通道
2025-11-24 17:03:21-INFO-[time_series_plots.py:42]-正在读取CSV文件: D:\Lab\process\2025.11.11\time\GROUP1\20251111161807.734294.csv
2025-11-24 17:03:21-INFO-[time_series_plots.py:78]-成功读取数据: 1600000 行, 8 个通道
2025-11-24 17:03:23-INFO-[time_series_plots.py:42]-正在读取CSV文件: D:\Lab\process\2025.11.11\time\GROUP1\20251111161810.932971.csv
2025-11-24 17:03:24-INFO-[time_series_plots.py:78]-成功读取数据: 500000 行, 8 个通道
2025-11-24 17:03:24-INFO-[time_series_plots.py:178]-开始绘制组时序图
2025-11-24 17:03:27-INFO-[time_series_plots.py:251]-组时序图已保存: D:\Lab\results\2025.11.11\time\GROUP1\group_time_series.png
2025-11-24 17:03:27-INFO-[time_series_plots.py:261]-开始绘制组统计量对比图
2025-11-24 17:03:28-INFO-[time_series_plots.py:342]-组统计量对比图已保存: D:\Lab\results\2025.11.11\time\GROUP1\group_statistics_comparison.png
2025-11-24 17:03:28-INFO-[time_series_plots.py:352]-开始绘制组稳定性分析图
2025-11-24 17:03:29-INFO-[time_series_plots.py:448]-组稳定性分析图已保存: D:\Lab\results\2025.11.11\time\GROUP1\group_stability_analysis.png
2025-11-24 17:03:29-INFO-[time_series_plots.py:458]-开始生成组分析报告
2025-11-24 17:03:29-INFO-[time_series_plots.py:575]-组分析报告已保存: D:\Lab\results\2025.11.11\time\GROUP1\group_analysis_report.json
2025-11-24 17:03:29-INFO-[time_series_plots.py:636]-组分析完成: GROUP1
2025-11-24 17:03:29-INFO-[time_series_plots.py:690]-分析组 GROUP2, 包含 49 个文件
2025-11-24 17:03:29-INFO-[time_series_plots.py:588]-开始分析组，包含 49 个文件
2025-11-24 17:03:29-INFO-[time_series_plots.py:42]-正在读取CSV文件: D:\Lab\process\2025.11.11\time\GROUP2\20251111162727.536629.csv
2025-11-24 17:03:30-INFO-[time_series_plots.py:78]-成功读取数据: 1600000 行, 8 个通道
2025-11-24 17:03:32-INFO-[time_series_plots.py:42]-正在读取CSV文件: D:\Lab\process\2025.11.11\time\GROUP2\20251111162730.736447.csv
2025-11-24 17:03:33-INFO-[time_series_plots.py:78]-成功读取数据: 1600000 行, 8 个通道
2025-11-24 17:03:34-INFO-[time_series_plots.py:42]-正在读取CSV文件: D:\Lab\process\2025.11.11\time\GROUP2\20251111162733.934607.csv
2025-11-24 17:03:35-INFO-[time_series_plots.py:78]-成功读取数据: 1600000 行, 8 个通道
2025-11-24 17:03:37-INFO-[time_series_plots.py:42]-正在读取CSV文件: D:\Lab\process\2025.11.11\time\GROUP2\20251111162737.136395.csv
2025-11-24 17:03:38-INFO-[time_series_plots.py:78]-成功读取数据: 1600000 行, 8 个通道
2025-11-24 17:03:39-INFO-[time_series_plots.py:42]-正在读取CSV文件: D:\Lab\process\2025.11.11\time\GROUP2\20251111162740.336186.csv
2025-11-24 17:03:40-INFO-[time_series_plots.py:78]-成功读取数据: 1600000 行, 8 个通道
2025-11-24 17:03:41-INFO-[time_series_plots.py:42]-正在读取CSV文件: D:\Lab\process\2025.11.11\time\GROUP2\20251111162743.537230.csv
2025-11-24 17:03:42-INFO-[time_series_plots.py:78]-成功读取数据: 1600000 行, 8 个通道
2025-11-24 17:03:44-INFO-[time_series_plots.py:42]-正在读取CSV文件: D:\Lab\process\2025.11.11\time\GROUP2\20251111162746.733035.csv
2025-11-24 17:03:45-INFO-[time_series_plots.py:78]-成功读取数据: 1600000 行, 8 个通道
2025-11-24 17:03:46-INFO-[time_series_plots.py:42]-正在读取CSV文件: D:\Lab\process\2025.11.11\time\GROUP2\20251111162749.933710.csv
2025-11-24 17:03:47-INFO-[time_series_plots.py:78]-成功读取数据: 1600000 行, 8 个通道
2025-11-24 17:03:49-INFO-[time_series_plots.py:42]-正在读取CSV文件: D:\Lab\process\2025.11.11\time\GROUP2\20251111162753.132526.csv
2025-11-24 17:03:49-INFO-[time_series_plots.py:78]-成功读取数据: 1600000 行, 8 个通道
2025-11-24 17:03:51-INFO-[time_series_plots.py:42]-正在读取CSV文件: D:\Lab\process\2025.11.11\time\GROUP2\20251111162756.337381.csv
2025-11-24 17:03:52-INFO-[time_series_plots.py:78]-成功读取数据: 1600000 行, 8 个通道
2025-11-24 17:03:53-INFO-[time_series_plots.py:42]-正在读取CSV文件: D:\Lab\process\2025.11.11\time\GROUP2\20251111162759.532624.csv
2025-11-24 17:03:54-INFO-[time_series_plots.py:78]-成功读取数据: 1600000 行, 8 个通道
2025-11-24 17:03:56-INFO-[time_series_plots.py:42]-正在读取CSV文件: D:\Lab\process\2025.11.11\time\GROUP2\20251111162802.737400.csv
2025-11-24 17:03:56-INFO-[time_series_plots.py:78]-成功读取数据: 1600000 行, 8 个通道
2025-11-24 17:03:58-INFO-[time_series_plots.py:42]-正在读取CSV文件: D:\Lab\process\2025.11.11\time\GROUP2\20251111162805.935394.csv
2025-11-24 17:03:59-INFO-[time_series_plots.py:78]-成功读取数据: 1600000 行, 8 个通道
2025-11-24 17:04:00-INFO-[time_series_plots.py:42]-正在读取CSV文件: D:\Lab\process\2025.11.11\time\GROUP2\20251111162809.135176.csv
2025-11-24 17:04:01-INFO-[time_series_plots.py:78]-成功读取数据: 1600000 行, 8 个通道
2025-11-24 17:04:03-INFO-[time_series_plots.py:42]-正在读取CSV文件: D:\Lab\process\2025.11.11\time\GROUP2\20251111162812.336424.csv
2025-11-24 17:04:04-INFO-[time_series_plots.py:78]-成功读取数据: 1600000 行, 8 个通道
2025-11-24 17:04:06-INFO-[time_series_plots.py:42]-正在读取CSV文件: D:\Lab\process\2025.11.11\time\GROUP2\20251111162815.532723.csv
2025-11-24 17:04:06-INFO-[time_series_plots.py:78]-成功读取数据: 1600000 行, 8 个通道
2025-11-24 17:04:08-INFO-[time_series_plots.py:42]-正在读取CSV文件: D:\Lab\process\2025.11.11\time\GROUP2\20251111162818.736491.csv
2025-11-24 17:04:09-INFO-[time_series_plots.py:78]-成功读取数据: 1600000 行, 8 个通道
2025-11-24 17:04:11-INFO-[time_series_plots.py:42]-正在读取CSV文件: D:\Lab\process\2025.11.11\time\GROUP2\20251111162821.935331.csv
2025-11-24 17:04:12-INFO-[time_series_plots.py:78]-成功读取数据: 1600000 行, 8 个通道
2025-11-24 17:04:14-INFO-[time_series_plots.py:42]-正在读取CSV文件: D:\Lab\process\2025.11.11\time\GROUP2\20251111162825.134459.csv
2025-11-24 17:04:15-INFO-[time_series_plots.py:78]-成功读取数据: 1600000 行, 8 个通道
2025-11-24 17:04:16-INFO-[time_series_plots.py:42]-正在读取CSV文件: D:\Lab\process\2025.11.11\time\GROUP2\20251111162828.335829.csv
2025-11-24 17:04:17-INFO-[time_series_plots.py:78]-成功读取数据: 1600000 行, 8 个通道
2025-11-24 17:04:19-INFO-[time_series_plots.py:42]-正在读取CSV文件: D:\Lab\process\2025.11.11\time\GROUP2\20251111162831.533051.csv
2025-11-24 17:04:20-INFO-[time_series_plots.py:78]-成功读取数据: 1600000 行, 8 个通道
2025-11-24 17:04:22-INFO-[time_series_plots.py:42]-正在读取CSV文件: D:\Lab\process\2025.11.11\time\GROUP2\20251111162834.736376.csv
2025-11-24 17:04:23-INFO-[time_series_plots.py:78]-成功读取数据: 1600000 行, 8 个通道
2025-11-24 17:04:24-INFO-[time_series_plots.py:42]-正在读取CSV文件: D:\Lab\process\2025.11.11\time\GROUP2\20251111162837.934603.csv
2025-11-24 17:04:25-INFO-[time_series_plots.py:78]-成功读取数据: 1600000 行, 8 个通道
2025-11-24 17:04:27-INFO-[time_series_plots.py:42]-正在读取CSV文件: D:\Lab\process\2025.11.11\time\GROUP2\20251111162841.136283.csv
2025-11-24 17:04:28-INFO-[time_series_plots.py:78]-成功读取数据: 1600000 行, 8 个通道
2025-11-24 17:04:30-INFO-[time_series_plots.py:42]-正在读取CSV文件: D:\Lab\process\2025.11.11\time\GROUP2\20251111162844.334724.csv
2025-11-24 17:04:31-INFO-[time_series_plots.py:78]-成功读取数据: 1600000 行, 8 个通道
2025-11-24 17:04:33-INFO-[time_series_plots.py:42]-正在读取CSV文件: D:\Lab\process\2025.11.11\time\GROUP2\20251111162847.534959.csv
2025-11-24 17:04:33-INFO-[time_series_plots.py:78]-成功读取数据: 1600000 行, 8 个通道
2025-11-24 17:04:35-INFO-[time_series_plots.py:42]-正在读取CSV文件: D:\Lab\process\2025.11.11\time\GROUP2\20251111162850.736415.csv
2025-11-24 17:04:36-INFO-[time_series_plots.py:78]-成功读取数据: 1600000 行, 8 个通道
2025-11-24 17:04:38-INFO-[time_series_plots.py:42]-正在读取CSV文件: D:\Lab\process\2025.11.11\time\GROUP2\20251111162853.933152.csv
2025-11-24 17:04:39-INFO-[time_series_plots.py:78]-成功读取数据: 1600000 行, 8 个通道
2025-11-24 17:04:40-INFO-[time_series_plots.py:42]-正在读取CSV文件: D:\Lab\process\2025.11.11\time\GROUP2\20251111162857.133858.csv
2025-11-24 17:04:41-INFO-[time_series_plots.py:78]-成功读取数据: 1600000 行, 8 个通道
2025-11-24 17:04:43-INFO-[time_series_plots.py:42]-正在读取CSV文件: D:\Lab\process\2025.11.11\time\GROUP2\20251111162900.335079.csv
2025-11-24 17:04:44-INFO-[time_series_plots.py:78]-成功读取数据: 1600000 行, 8 个通道
2025-11-24 17:04:46-INFO-[time_series_plots.py:42]-正在读取CSV文件: D:\Lab\process\2025.11.11\time\GROUP2\20251111162903.533095.csv
2025-11-24 17:04:47-INFO-[time_series_plots.py:78]-成功读取数据: 1600000 行, 8 个通道
2025-11-24 17:04:49-INFO-[time_series_plots.py:42]-正在读取CSV文件: D:\Lab\process\2025.11.11\time\GROUP2\20251111162906.736537.csv
2025-11-24 17:04:49-INFO-[time_series_plots.py:78]-成功读取数据: 1600000 行, 8 个通道
2025-11-24 17:04:51-INFO-[time_series_plots.py:42]-正在读取CSV文件: D:\Lab\process\2025.11.11\time\GROUP2\20251111162909.933040.csv
2025-11-24 17:04:52-INFO-[time_series_plots.py:78]-成功读取数据: 1600000 行, 8 个通道
2025-11-24 17:04:54-INFO-[time_series_plots.py:42]-正在读取CSV文件: D:\Lab\process\2025.11.11\time\GROUP2\20251111162913.134751.csv
2025-11-24 17:04:55-INFO-[time_series_plots.py:78]-成功读取数据: 1600000 行, 8 个通道
2025-11-24 17:04:57-INFO-[time_series_plots.py:42]-正在读取CSV文件: D:\Lab\process\2025.11.11\time\GROUP2\20251111162916.334492.csv
2025-11-24 17:04:57-INFO-[time_series_plots.py:78]-成功读取数据: 1600000 行, 8 个通道
2025-11-24 17:04:59-INFO-[time_series_plots.py:42]-正在读取CSV文件: D:\Lab\process\2025.11.11\time\GROUP2\20251111162919.534518.csv
2025-11-24 17:05:00-INFO-[time_series_plots.py:78]-成功读取数据: 1600000 行, 8 个通道
2025-11-24 17:05:02-INFO-[time_series_plots.py:42]-正在读取CSV文件: D:\Lab\process\2025.11.11\time\GROUP2\20251111162922.737775.csv
2025-11-24 17:05:03-INFO-[time_series_plots.py:78]-成功读取数据: 1600000 行, 8 个通道
2025-11-24 17:05:04-INFO-[time_series_plots.py:42]-正在读取CSV文件: D:\Lab\process\2025.11.11\time\GROUP2\20251111162925.935060.csv
2025-11-24 17:05:05-INFO-[time_series_plots.py:78]-成功读取数据: 1600000 行, 8 个通道
2025-11-24 17:05:07-INFO-[time_series_plots.py:42]-正在读取CSV文件: D:\Lab\process\2025.11.11\time\GROUP2\20251111162929.135450.csv
2025-11-24 17:05:08-INFO-[time_series_plots.py:78]-成功读取数据: 1600000 行, 8 个通道
2025-11-24 17:05:10-INFO-[time_series_plots.py:42]-正在读取CSV文件: D:\Lab\process\2025.11.11\time\GROUP2\20251111162932.334040.csv
2025-11-24 17:05:11-INFO-[time_series_plots.py:78]-成功读取数据: 1600000 行, 8 个通道
2025-11-24 17:05:13-INFO-[time_series_plots.py:42]-正在读取CSV文件: D:\Lab\process\2025.11.11\time\GROUP2\20251111162935.537338.csv
2025-11-24 17:05:13-INFO-[time_series_plots.py:78]-成功读取数据: 1600000 行, 8 个通道
2025-11-24 17:05:16-INFO-[time_series_plots.py:42]-正在读取CSV文件: D:\Lab\process\2025.11.11\time\GROUP2\20251111162938.734941.csv
2025-11-24 17:05:16-INFO-[time_series_plots.py:78]-成功读取数据: 1600000 行, 8 个通道
2025-11-24 17:05:18-INFO-[time_series_plots.py:42]-正在读取CSV文件: D:\Lab\process\2025.11.11\time\GROUP2\20251111162941.936832.csv
2025-11-24 17:05:19-INFO-[time_series_plots.py:78]-成功读取数据: 1600000 行, 8 个通道
2025-11-24 17:05:21-INFO-[time_series_plots.py:42]-正在读取CSV文件: D:\Lab\process\2025.11.11\time\GROUP2\20251111162945.132579.csv
2025-11-24 17:05:22-INFO-[time_series_plots.py:78]-成功读取数据: 1600000 行, 8 个通道
2025-11-24 17:05:24-INFO-[time_series_plots.py:42]-正在读取CSV文件: D:\Lab\process\2025.11.11\time\GROUP2\20251111162948.333959.csv
2025-11-24 17:05:25-INFO-[time_series_plots.py:78]-成功读取数据: 1600000 行, 8 个通道
2025-11-24 17:05:27-INFO-[time_series_plots.py:42]-正在读取CSV文件: D:\Lab\process\2025.11.11\time\GROUP2\20251111162951.535988.csv
2025-11-24 17:05:28-INFO-[time_series_plots.py:78]-成功读取数据: 1600000 行, 8 个通道
2025-11-24 17:05:30-INFO-[time_series_plots.py:42]-正在读取CSV文件: D:\Lab\process\2025.11.11\time\GROUP2\20251111162954.733310.csv
2025-11-24 17:05:30-INFO-[time_series_plots.py:78]-成功读取数据: 1600000 行, 8 个通道
2025-11-24 17:05:32-INFO-[time_series_plots.py:42]-正在读取CSV文件: D:\Lab\process\2025.11.11\time\GROUP2\20251111162957.934569.csv
2025-11-24 17:05:33-INFO-[time_series_plots.py:78]-成功读取数据: 1600000 行, 8 个通道
2025-11-24 17:05:35-INFO-[time_series_plots.py:42]-正在读取CSV文件: D:\Lab\process\2025.11.11\time\GROUP2\20251111163001.136524.csv
2025-11-24 17:05:35-INFO-[time_series_plots.py:78]-成功读取数据: 100000 行, 8 个通道
2025-11-24 17:05:35-INFO-[time_series_plots.py:178]-开始绘制组时序图
2025-11-24 17:05:38-INFO-[time_series_plots.py:251]-组时序图已保存: D:\Lab\results\2025.11.11\time\GROUP2\group_time_series.png
2025-11-24 17:05:38-INFO-[time_series_plots.py:261]-开始绘制组统计量对比图
2025-11-24 17:05:40-INFO-[time_series_plots.py:342]-组统计量对比图已保存: D:\Lab\results\2025.11.11\time\GROUP2\group_statistics_comparison.png
2025-11-24 17:05:40-INFO-[time_series_plots.py:352]-开始绘制组稳定性分析图
2025-11-24 17:05:43-INFO-[time_series_plots.py:448]-组稳定性分析图已保存: D:\Lab\results\2025.11.11\time\GROUP2\group_stability_analysis.png
2025-11-24 17:05:43-INFO-[time_series_plots.py:458]-开始生成组分析报告
2025-11-24 17:05:43-INFO-[time_series_plots.py:575]-组分析报告已保存: D:\Lab\results\2025.11.11\time\GROUP2\group_analysis_report.json
2025-11-24 17:05:43-INFO-[time_series_plots.py:636]-组分析完成: GROUP2
2025-11-24 17:05:44-INFO-[time_series_plots.py:719]-时域分析完成! 成功分析 2 个组
2025-11-24 17:05:44-INFO-[time_series_plots.py:720]-总体报告: D:\Lab\results\2025.11.11\time\analysis_summary.json
2025-11-24 17:05:44-INFO-[main.py:55]------------------------------执行完成-----------------------------
