2025-10-17 10:02:15-INFO-[main.py:27]--------------------------启动数据分析系统-------------------------
2025-10-17 10:02:15-INFO-[file_utils.py:39]-paths.yaml 生成成功: C:\Users\17584\Documents\ALearning\Project\tools\DataProcess\config\paths.yaml
2025-10-17 10:02:15-INFO-[tdms_reader_time.py:38]-配置文件加载成功: C:\Users\17584\Documents\ALearning\Project\tools\DataProcess\config\paths.yaml
2025-10-17 10:02:15-INFO-[tdms_reader_time.py:151]-原始数据目录: D:/Lab/raw/2025.6.20
2025-10-17 10:02:15-INFO-[tdms_reader_time.py:152]-输出目录: D:/Lab/process/2025.6.20/time
2025-10-17 10:02:15-INFO-[tdms_reader_time.py:164]-找到 164 个TDMS文件
2025-10-17 10:02:53-INFO-[tdms_reader_time.py:168]-所有文件处理完成
2025-10-17 10:02:53-INFO-[main.py:59]------------------------------执行完成-----------------------------
2025-10-17 10:10:46-INFO-[main.py:27]--------------------------启动数据分析系统-------------------------
2025-10-17 10:10:46-INFO-[file_utils.py:39]-paths.yaml 生成成功: C:\Users\17584\Documents\ALearning\Project\tools\DataProcess\config\paths.yaml
2025-10-17 10:10:46-INFO-[tdms_reader_time.py:38]-配置文件加载成功: C:\Users\17584\Documents\ALearning\Project\tools\DataProcess\config\paths.yaml
2025-10-17 10:10:46-INFO-[tdms_reader_time.py:158]-原始数据目录: D:/Lab/raw/2025.6.20
2025-10-17 10:10:46-INFO-[tdms_reader_time.py:159]-输出目录: D:/Lab/process/2025.6.20/time
2025-10-17 10:10:46-INFO-[tdms_reader_time.py:171]-找到 164 个TDMS文件
2025-10-17 10:10:49-INFO-[tdms_reader_time.py:44]-开始处理文件: D:/Lab/raw/2025.6.20\30hz\20250620205455.361056.tdms
2025-10-17 10:10:49-INFO-[tdms_reader_time.py:72]-处理文件: 20250620205455.361056.tdms, 数据长度: 200000, 通道数: 16
2025-10-17 10:10:49-INFO-[tdms_reader_time.py:81]-使用实际采样间隔: 5e-06 秒
2025-10-17 10:10:49-INFO-[tdms_reader_time.py:44]-开始处理文件: D:/Lab/raw/2025.6.20\30hz\20250620205458.257609.tdms
2025-10-17 10:10:49-INFO-[tdms_reader_time.py:44]-开始处理文件: D:/Lab/raw/2025.6.20\30hz\20250620205501.157457.tdms
2025-10-17 10:10:49-INFO-[tdms_reader_time.py:72]-处理文件: 20250620205501.157457.tdms, 数据长度: 200000, 通道数: 16
2025-10-17 10:10:49-INFO-[tdms_reader_time.py:81]-使用实际采样间隔: 5e-06 秒
2025-10-17 10:10:49-INFO-[tdms_reader_time.py:72]-处理文件: 20250620205458.257609.tdms, 数据长度: 200000, 通道数: 16
2025-10-17 10:10:49-INFO-[tdms_reader_time.py:81]-使用实际采样间隔: 5e-06 秒
2025-10-17 10:10:49-INFO-[tdms_reader_time.py:44]-开始处理文件: D:/Lab/raw/2025.6.20\30hz\20250620205504.026487.tdms
2025-10-17 10:10:49-INFO-[tdms_reader_time.py:44]-开始处理文件: D:/Lab/raw/2025.6.20\30hz\20250620205506.866113.tdms
2025-10-17 10:10:49-INFO-[tdms_reader_time.py:72]-处理文件: 20250620205504.026487.tdms, 数据长度: 200000, 通道数: 16
2025-10-17 10:10:49-INFO-[tdms_reader_time.py:81]-使用实际采样间隔: 5e-06 秒
2025-10-17 10:10:49-INFO-[tdms_reader_time.py:72]-处理文件: 20250620205506.866113.tdms, 数据长度: 200000, 通道数: 16
2025-10-17 10:10:49-INFO-[tdms_reader_time.py:81]-使用实际采样间隔: 5e-06 秒
2025-10-17 10:10:49-INFO-[tdms_reader_time.py:44]-开始处理文件: D:/Lab/raw/2025.6.20\30hz\20250620205509.740417.tdms
2025-10-17 10:10:49-INFO-[tdms_reader_time.py:72]-处理文件: 20250620205509.740417.tdms, 数据长度: 200000, 通道数: 16
2025-10-17 10:10:49-INFO-[tdms_reader_time.py:81]-使用实际采样间隔: 5e-06 秒
2025-10-17 10:10:49-INFO-[tdms_reader_time.py:44]-开始处理文件: D:/Lab/raw/2025.6.20\30hz\20250620205512.593425.tdms
2025-10-17 10:10:49-INFO-[tdms_reader_time.py:72]-处理文件: 20250620205512.593425.tdms, 数据长度: 200000, 通道数: 16
2025-10-17 10:10:49-INFO-[tdms_reader_time.py:81]-使用实际采样间隔: 5e-06 秒
2025-10-17 10:10:50-INFO-[tdms_reader_time.py:44]-开始处理文件: D:/Lab/raw/2025.6.20\30hz\20250620205515.474232.tdms
2025-10-17 10:10:50-INFO-[tdms_reader_time.py:44]-开始处理文件: D:/Lab/raw/2025.6.20\30hz\20250620205518.349068.tdms
2025-10-17 10:10:50-INFO-[tdms_reader_time.py:72]-处理文件: 20250620205515.474232.tdms, 数据长度: 200000, 通道数: 16
2025-10-17 10:10:50-INFO-[tdms_reader_time.py:81]-使用实际采样间隔: 5e-06 秒
2025-10-17 10:10:50-INFO-[tdms_reader_time.py:44]-开始处理文件: D:/Lab/raw/2025.6.20\30hz\20250620205521.206456.tdms
2025-10-17 10:10:50-INFO-[tdms_reader_time.py:72]-处理文件: 20250620205518.349068.tdms, 数据长度: 200000, 通道数: 16
2025-10-17 10:10:50-INFO-[tdms_reader_time.py:81]-使用实际采样间隔: 5e-06 秒
2025-10-17 10:10:50-INFO-[tdms_reader_time.py:44]-开始处理文件: D:/Lab/raw/2025.6.20\30hz\20250620205524.067070.tdms
2025-10-17 10:10:50-INFO-[tdms_reader_time.py:72]-处理文件: 20250620205521.206456.tdms, 数据长度: 200000, 通道数: 16
2025-10-17 10:10:50-INFO-[tdms_reader_time.py:81]-使用实际采样间隔: 5e-06 秒
2025-10-17 10:10:50-INFO-[tdms_reader_time.py:44]-开始处理文件: D:/Lab/raw/2025.6.20\30hz\20250620205526.960472.tdms
2025-10-17 10:10:50-INFO-[tdms_reader_time.py:72]-处理文件: 20250620205524.067070.tdms, 数据长度: 200000, 通道数: 16
2025-10-17 10:10:50-INFO-[tdms_reader_time.py:81]-使用实际采样间隔: 5e-06 秒
2025-10-17 10:10:50-INFO-[tdms_reader_time.py:72]-处理文件: 20250620205526.960472.tdms, 数据长度: 200000, 通道数: 16
2025-10-17 10:10:50-INFO-[tdms_reader_time.py:81]-使用实际采样间隔: 5e-06 秒
2025-10-17 10:10:50-INFO-[tdms_reader_time.py:44]-开始处理文件: D:/Lab/raw/2025.6.20\30hz\20250620205529.836771.tdms
2025-10-17 10:10:50-INFO-[tdms_reader_time.py:44]-开始处理文件: D:/Lab/raw/2025.6.20\30hz\20250620205532.720182.tdms
2025-10-17 10:10:50-INFO-[tdms_reader_time.py:72]-处理文件: 20250620205529.836771.tdms, 数据长度: 200000, 通道数: 16
2025-10-17 10:10:50-INFO-[tdms_reader_time.py:81]-使用实际采样间隔: 5e-06 秒
2025-10-17 10:10:50-INFO-[tdms_reader_time.py:72]-处理文件: 20250620205532.720182.tdms, 数据长度: 200000, 通道数: 16
2025-10-17 10:10:50-INFO-[tdms_reader_time.py:81]-使用实际采样间隔: 5e-06 秒
2025-10-17 10:10:50-INFO-[tdms_reader_time.py:44]-开始处理文件: D:/Lab/raw/2025.6.20\30hz\20250620205535.616021.tdms
2025-10-17 10:10:50-INFO-[tdms_reader_time.py:44]-开始处理文件: D:/Lab/raw/2025.6.20\30hz\20250620205538.511375.tdms
2025-10-17 10:10:50-INFO-[tdms_reader_time.py:72]-处理文件: 20250620205535.616021.tdms, 数据长度: 200000, 通道数: 16
2025-10-17 10:10:50-INFO-[tdms_reader_time.py:81]-使用实际采样间隔: 5e-06 秒
2025-10-17 10:10:50-INFO-[tdms_reader_time.py:72]-处理文件: 20250620205538.511375.tdms, 数据长度: 200000, 通道数: 16
2025-10-17 10:10:50-INFO-[tdms_reader_time.py:81]-使用实际采样间隔: 5e-06 秒
2025-10-17 10:10:50-INFO-[tdms_reader_time.py:44]-开始处理文件: D:/Lab/raw/2025.6.20\30hz\20250620205541.382788.tdms
2025-10-17 10:10:50-INFO-[tdms_reader_time.py:44]-开始处理文件: D:/Lab/raw/2025.6.20\30hz\20250620205544.253550.tdms
2025-10-17 10:10:50-INFO-[tdms_reader_time.py:44]-开始处理文件: D:/Lab/raw/2025.6.20\30hz\20250620205547.172719.tdms
2025-10-17 10:10:50-INFO-[tdms_reader_time.py:44]-开始处理文件: D:/Lab/raw/2025.6.20\30hz\20250620205550.074166.tdms
2025-10-17 10:10:50-INFO-[tdms_reader_time.py:72]-处理文件: 20250620205541.382788.tdms, 数据长度: 200000, 通道数: 16
2025-10-17 10:10:50-INFO-[tdms_reader_time.py:81]-使用实际采样间隔: 5e-06 秒
2025-10-17 10:10:50-INFO-[tdms_reader_time.py:72]-处理文件: 20250620205544.253550.tdms, 数据长度: 200000, 通道数: 16
2025-10-17 10:10:50-INFO-[tdms_reader_time.py:81]-使用实际采样间隔: 5e-06 秒
2025-10-17 10:10:50-INFO-[tdms_reader_time.py:72]-处理文件: 20250620205547.172719.tdms, 数据长度: 200000, 通道数: 16
2025-10-17 10:10:50-INFO-[tdms_reader_time.py:72]-处理文件: 20250620205550.074166.tdms, 数据长度: 200000, 通道数: 16
2025-10-17 10:10:50-INFO-[tdms_reader_time.py:81]-使用实际采样间隔: 5e-06 秒
2025-10-17 10:10:50-INFO-[tdms_reader_time.py:81]-使用实际采样间隔: 5e-06 秒
2025-10-17 10:10:50-INFO-[tdms_reader_time.py:44]-开始处理文件: D:/Lab/raw/2025.6.20\30hz\20250620205552.959105.tdms
2025-10-17 10:10:50-INFO-[tdms_reader_time.py:44]-开始处理文件: D:/Lab/raw/2025.6.20\30hz\20250620205555.848733.tdms
2025-10-17 10:10:50-INFO-[tdms_reader_time.py:44]-开始处理文件: D:/Lab/raw/2025.6.20\30hz\20250620205558.740427.tdms
2025-10-17 10:10:50-INFO-[tdms_reader_time.py:72]-处理文件: 20250620205552.959105.tdms, 数据长度: 200000, 通道数: 16
2025-10-17 10:10:50-INFO-[tdms_reader_time.py:44]-开始处理文件: D:/Lab/raw/2025.6.20\30hz\20250620205601.429140.tdms
2025-10-17 10:10:50-INFO-[tdms_reader_time.py:81]-使用实际采样间隔: 5e-06 秒
2025-10-17 10:10:50-INFO-[tdms_reader_time.py:72]-处理文件: 20250620205555.848733.tdms, 数据长度: 200000, 通道数: 16
2025-10-17 10:10:50-INFO-[tdms_reader_time.py:81]-使用实际采样间隔: 5e-06 秒
2025-10-17 10:10:50-INFO-[tdms_reader_time.py:72]-处理文件: 20250620205558.740427.tdms, 数据长度: 200000, 通道数: 16
2025-10-17 10:10:50-INFO-[tdms_reader_time.py:81]-使用实际采样间隔: 5e-06 秒
2025-10-17 10:10:50-INFO-[tdms_reader_time.py:72]-处理文件: 20250620205601.429140.tdms, 数据长度: 200000, 通道数: 16
2025-10-17 10:10:50-INFO-[tdms_reader_time.py:81]-使用实际采样间隔: 5e-06 秒
2025-10-17 10:10:50-INFO-[tdms_reader_time.py:44]-开始处理文件: D:/Lab/raw/2025.6.20\50hz\20250620203943.117518.tdms
2025-10-17 10:10:50-INFO-[tdms_reader_time.py:44]-开始处理文件: D:/Lab/raw/2025.6.20\50hz\20250620203946.014336.tdms
2025-10-17 10:10:50-INFO-[tdms_reader_time.py:72]-处理文件: 20250620203943.117518.tdms, 数据长度: 200000, 通道数: 16
2025-10-17 10:10:50-INFO-[tdms_reader_time.py:81]-使用实际采样间隔: 5e-06 秒
2025-10-17 10:10:50-INFO-[tdms_reader_time.py:72]-处理文件: 20250620203946.014336.tdms, 数据长度: 200000, 通道数: 16
2025-10-17 10:10:50-INFO-[tdms_reader_time.py:44]-开始处理文件: D:/Lab/raw/2025.6.20\50hz\20250620203948.997384.tdms
2025-10-17 10:10:50-INFO-[tdms_reader_time.py:81]-使用实际采样间隔: 5e-06 秒
2025-10-17 10:10:50-INFO-[tdms_reader_time.py:44]-开始处理文件: D:/Lab/raw/2025.6.20\50hz\20250620203951.928351.tdms
2025-10-17 10:10:50-INFO-[tdms_reader_time.py:72]-处理文件: 20250620203948.997384.tdms, 数据长度: 200000, 通道数: 16
2025-10-17 10:10:50-INFO-[tdms_reader_time.py:81]-使用实际采样间隔: 5e-06 秒
2025-10-17 10:10:50-INFO-[tdms_reader_time.py:72]-处理文件: 20250620203951.928351.tdms, 数据长度: 200000, 通道数: 16
2025-10-17 10:10:50-INFO-[tdms_reader_time.py:81]-使用实际采样间隔: 5e-06 秒
2025-10-17 10:10:52-INFO-[tdms_reader_time.py:123]-  已写入 100000/200000 行数据
2025-10-17 10:10:52-INFO-[tdms_reader_time.py:123]-  已写入 100000/200000 行数据
2025-10-17 10:10:53-INFO-[tdms_reader_time.py:123]-  已写入 100000/200000 行数据
2025-10-17 10:10:53-INFO-[tdms_reader_time.py:123]-  已写入 100000/200000 行数据
2025-10-17 10:10:53-INFO-[tdms_reader_time.py:123]-  已写入 100000/200000 行数据
2025-10-17 10:10:53-INFO-[tdms_reader_time.py:123]-  已写入 100000/200000 行数据
2025-10-17 10:10:53-INFO-[tdms_reader_time.py:123]-  已写入 100000/200000 行数据
2025-10-17 10:10:53-INFO-[tdms_reader_time.py:123]-  已写入 100000/200000 行数据
2025-10-17 10:10:53-INFO-[tdms_reader_time.py:123]-  已写入 100000/200000 行数据
2025-10-17 10:10:53-INFO-[tdms_reader_time.py:123]-  已写入 100000/200000 行数据
2025-10-17 10:10:53-INFO-[tdms_reader_time.py:123]-  已写入 100000/200000 行数据
2025-10-17 10:10:53-INFO-[tdms_reader_time.py:123]-  已写入 100000/200000 行数据
2025-10-17 10:10:53-INFO-[tdms_reader_time.py:123]-  已写入 100000/200000 行数据
2025-10-17 10:10:53-INFO-[tdms_reader_time.py:123]-  已写入 100000/200000 行数据
2025-10-17 10:10:53-INFO-[tdms_reader_time.py:123]-  已写入 100000/200000 行数据
2025-10-17 10:10:53-INFO-[tdms_reader_time.py:123]-  已写入 100000/200000 行数据
2025-10-17 10:10:53-INFO-[tdms_reader_time.py:123]-  已写入 100000/200000 行数据
2025-10-17 10:10:53-INFO-[tdms_reader_time.py:123]-  已写入 100000/200000 行数据
2025-10-17 10:10:53-INFO-[tdms_reader_time.py:123]-  已写入 100000/200000 行数据
2025-10-17 10:10:53-INFO-[tdms_reader_time.py:123]-  已写入 100000/200000 行数据
2025-10-17 10:10:53-INFO-[tdms_reader_time.py:123]-  已写入 100000/200000 行数据
2025-10-17 10:10:53-INFO-[tdms_reader_time.py:123]-  已写入 100000/200000 行数据
2025-10-17 10:10:53-INFO-[tdms_reader_time.py:123]-  已写入 100000/200000 行数据
2025-10-17 10:10:53-INFO-[tdms_reader_time.py:123]-  已写入 100000/200000 行数据
2025-10-17 10:10:53-INFO-[tdms_reader_time.py:123]-  已写入 100000/200000 行数据
2025-10-17 10:10:53-INFO-[tdms_reader_time.py:123]-  已写入 100000/200000 行数据
2025-10-17 10:10:53-INFO-[tdms_reader_time.py:123]-  已写入 100000/200000 行数据
2025-10-17 10:10:53-INFO-[tdms_reader_time.py:123]-  已写入 100000/200000 行数据
2025-10-17 10:10:54-INFO-[tdms_reader_time.py:123]-  已写入 200000/200000 行数据
2025-10-17 10:10:54-INFO-[tdms_reader_time.py:125]-已转换: 20250620205455.361056.tdms -> D:/Lab/process/2025.6.20/time\30hz\20250620205455.361056.csv
2025-10-17 10:10:54-INFO-[tdms_reader_time.py:44]-开始处理文件: D:/Lab/raw/2025.6.20\50hz\20250620203954.838344.tdms
2025-10-17 10:10:54-INFO-[tdms_reader_time.py:72]-处理文件: 20250620203954.838344.tdms, 数据长度: 200000, 通道数: 16
2025-10-17 10:10:54-INFO-[tdms_reader_time.py:81]-使用实际采样间隔: 5e-06 秒
2025-10-17 10:10:54-INFO-[tdms_reader_time.py:123]-  已写入 200000/200000 行数据
2025-10-17 10:10:54-INFO-[tdms_reader_time.py:125]-已转换: 20250620205501.157457.tdms -> D:/Lab/process/2025.6.20/time\30hz\20250620205501.157457.csv
2025-10-17 10:10:54-INFO-[tdms_reader_time.py:44]-开始处理文件: D:/Lab/raw/2025.6.20\50hz\20250620203957.759340.tdms
2025-10-17 10:10:54-INFO-[tdms_reader_time.py:72]-处理文件: 20250620203957.759340.tdms, 数据长度: 200000, 通道数: 16
2025-10-17 10:10:54-INFO-[tdms_reader_time.py:81]-使用实际采样间隔: 5e-06 秒
2025-10-17 10:10:54-INFO-[tdms_reader_time.py:123]-  已写入 200000/200000 行数据
2025-10-17 10:10:54-INFO-[tdms_reader_time.py:125]-已转换: 20250620205504.026487.tdms -> D:/Lab/process/2025.6.20/time\30hz\20250620205504.026487.csv
2025-10-17 10:10:54-INFO-[tdms_reader_time.py:44]-开始处理文件: D:/Lab/raw/2025.6.20\50hz\20250620204000.623816.tdms
2025-10-17 10:10:54-INFO-[tdms_reader_time.py:123]-  已写入 200000/200000 行数据
2025-10-17 10:10:54-INFO-[tdms_reader_time.py:125]-已转换: 20250620205458.257609.tdms -> D:/Lab/process/2025.6.20/time\30hz\20250620205458.257609.csv
2025-10-17 10:10:54-INFO-[tdms_reader_time.py:72]-处理文件: 20250620204000.623816.tdms, 数据长度: 200000, 通道数: 16
2025-10-17 10:10:54-INFO-[tdms_reader_time.py:81]-使用实际采样间隔: 5e-06 秒
2025-10-17 10:10:54-INFO-[tdms_reader_time.py:44]-开始处理文件: D:/Lab/raw/2025.6.20\50hz\20250620204003.597035.tdms
2025-10-17 10:10:54-INFO-[tdms_reader_time.py:72]-处理文件: 20250620204003.597035.tdms, 数据长度: 200000, 通道数: 16
2025-10-17 10:10:54-INFO-[tdms_reader_time.py:81]-使用实际采样间隔: 5e-06 秒
2025-10-17 10:10:54-INFO-[tdms_reader_time.py:123]-  已写入 200000/200000 行数据
2025-10-17 10:10:54-INFO-[tdms_reader_time.py:125]-已转换: 20250620205506.866113.tdms -> D:/Lab/process/2025.6.20/time\30hz\20250620205506.866113.csv
2025-10-17 10:10:54-INFO-[tdms_reader_time.py:44]-开始处理文件: D:/Lab/raw/2025.6.20\50hz\20250620204006.502835.tdms
2025-10-17 10:10:54-INFO-[tdms_reader_time.py:72]-处理文件: 20250620204006.502835.tdms, 数据长度: 200000, 通道数: 16
2025-10-17 10:10:54-INFO-[tdms_reader_time.py:81]-使用实际采样间隔: 5e-06 秒
2025-10-17 10:10:54-INFO-[tdms_reader_time.py:123]-  已写入 200000/200000 行数据
2025-10-17 10:10:54-INFO-[tdms_reader_time.py:125]-已转换: 20250620205509.740417.tdms -> D:/Lab/process/2025.6.20/time\30hz\20250620205509.740417.csv
2025-10-17 10:10:54-INFO-[tdms_reader_time.py:44]-开始处理文件: D:/Lab/raw/2025.6.20\50hz\20250620204009.381570.tdms
2025-10-17 10:10:54-INFO-[tdms_reader_time.py:72]-处理文件: 20250620204009.381570.tdms, 数据长度: 200000, 通道数: 16
2025-10-17 10:10:54-INFO-[tdms_reader_time.py:81]-使用实际采样间隔: 5e-06 秒
2025-10-17 10:10:55-INFO-[tdms_reader_time.py:123]-  已写入 200000/200000 行数据
2025-10-17 10:10:55-INFO-[tdms_reader_time.py:125]-已转换: 20250620205512.593425.tdms -> D:/Lab/process/2025.6.20/time\30hz\20250620205512.593425.csv
2025-10-17 10:10:55-INFO-[tdms_reader_time.py:44]-开始处理文件: D:/Lab/raw/2025.6.20\50hz\20250620204012.290275.tdms
2025-10-17 10:10:55-INFO-[tdms_reader_time.py:72]-处理文件: 20250620204012.290275.tdms, 数据长度: 200000, 通道数: 16
2025-10-17 10:10:55-INFO-[tdms_reader_time.py:81]-使用实际采样间隔: 5e-06 秒
2025-10-17 10:10:55-INFO-[tdms_reader_time.py:123]-  已写入 200000/200000 行数据
2025-10-17 10:10:55-INFO-[tdms_reader_time.py:123]-  已写入 200000/200000 行数据
2025-10-17 10:10:55-INFO-[tdms_reader_time.py:125]-已转换: 20250620205521.206456.tdms -> D:/Lab/process/2025.6.20/time\30hz\20250620205521.206456.csv
2025-10-17 10:10:55-INFO-[tdms_reader_time.py:125]-已转换: 20250620205526.960472.tdms -> D:/Lab/process/2025.6.20/time\30hz\20250620205526.960472.csv
2025-10-17 10:10:55-INFO-[tdms_reader_time.py:44]-开始处理文件: D:/Lab/raw/2025.6.20\50hz\20250620204015.172895.tdms
2025-10-17 10:10:55-INFO-[tdms_reader_time.py:44]-开始处理文件: D:/Lab/raw/2025.6.20\50hz\20250620204018.073789.tdms
2025-10-17 10:10:55-INFO-[tdms_reader_time.py:123]-  已写入 200000/200000 行数据
2025-10-17 10:10:55-INFO-[tdms_reader_time.py:125]-已转换: 20250620205518.349068.tdms -> D:/Lab/process/2025.6.20/time\30hz\20250620205518.349068.csv
2025-10-17 10:10:55-INFO-[tdms_reader_time.py:72]-处理文件: 20250620204015.172895.tdms, 数据长度: 200000, 通道数: 16
2025-10-17 10:10:55-INFO-[tdms_reader_time.py:81]-使用实际采样间隔: 5e-06 秒
2025-10-17 10:10:55-INFO-[tdms_reader_time.py:72]-处理文件: 20250620204018.073789.tdms, 数据长度: 200000, 通道数: 16
2025-10-17 10:10:55-INFO-[tdms_reader_time.py:81]-使用实际采样间隔: 5e-06 秒
2025-10-17 10:10:55-INFO-[tdms_reader_time.py:44]-开始处理文件: D:/Lab/raw/2025.6.20\50hz\20250620204020.965725.tdms
2025-10-17 10:10:55-INFO-[tdms_reader_time.py:123]-  已写入 200000/200000 行数据
2025-10-17 10:10:55-INFO-[tdms_reader_time.py:125]-已转换: 20250620205524.067070.tdms -> D:/Lab/process/2025.6.20/time\30hz\20250620205524.067070.csv
2025-10-17 10:10:55-INFO-[tdms_reader_time.py:44]-开始处理文件: D:/Lab/raw/2025.6.20\50hz\20250620204023.874951.tdms
2025-10-17 10:10:55-INFO-[tdms_reader_time.py:72]-处理文件: 20250620204020.965725.tdms, 数据长度: 200000, 通道数: 16
2025-10-17 10:10:55-INFO-[tdms_reader_time.py:81]-使用实际采样间隔: 5e-06 秒
2025-10-17 10:10:55-INFO-[tdms_reader_time.py:123]-  已写入 200000/200000 行数据
2025-10-17 10:10:55-INFO-[tdms_reader_time.py:72]-处理文件: 20250620204023.874951.tdms, 数据长度: 200000, 通道数: 16
2025-10-17 10:10:55-INFO-[tdms_reader_time.py:125]-已转换: 20250620205515.474232.tdms -> D:/Lab/process/2025.6.20/time\30hz\20250620205515.474232.csv
2025-10-17 10:10:55-INFO-[tdms_reader_time.py:81]-使用实际采样间隔: 5e-06 秒
2025-10-17 10:10:55-INFO-[tdms_reader_time.py:44]-开始处理文件: D:/Lab/raw/2025.6.20\50hz\20250620204026.769314.tdms
2025-10-17 10:10:55-INFO-[tdms_reader_time.py:123]-  已写入 200000/200000 行数据
2025-10-17 10:10:55-INFO-[tdms_reader_time.py:72]-处理文件: 20250620204026.769314.tdms, 数据长度: 200000, 通道数: 16
2025-10-17 10:10:55-INFO-[tdms_reader_time.py:125]-已转换: 20250620205532.720182.tdms -> D:/Lab/process/2025.6.20/time\30hz\20250620205532.720182.csv
2025-10-17 10:10:55-INFO-[tdms_reader_time.py:81]-使用实际采样间隔: 5e-06 秒
2025-10-17 10:10:55-INFO-[tdms_reader_time.py:123]-  已写入 200000/200000 行数据
2025-10-17 10:10:55-INFO-[tdms_reader_time.py:44]-开始处理文件: D:/Lab/raw/2025.6.20\50hz\20250620204029.679945.tdms
2025-10-17 10:10:55-INFO-[tdms_reader_time.py:125]-已转换: 20250620205529.836771.tdms -> D:/Lab/process/2025.6.20/time\30hz\20250620205529.836771.csv
2025-10-17 10:10:55-INFO-[tdms_reader_time.py:44]-开始处理文件: D:/Lab/raw/2025.6.20\50hz\20250620204032.660249.tdms
2025-10-17 10:10:55-INFO-[tdms_reader_time.py:72]-处理文件: 20250620204029.679945.tdms, 数据长度: 200000, 通道数: 16
2025-10-17 10:10:55-INFO-[tdms_reader_time.py:81]-使用实际采样间隔: 5e-06 秒
2025-10-17 10:10:55-INFO-[tdms_reader_time.py:72]-处理文件: 20250620204032.660249.tdms, 数据长度: 200000, 通道数: 16
2025-10-17 10:10:55-INFO-[tdms_reader_time.py:81]-使用实际采样间隔: 5e-06 秒
2025-10-17 10:10:55-INFO-[tdms_reader_time.py:123]-  已写入 200000/200000 行数据
2025-10-17 10:10:55-INFO-[tdms_reader_time.py:125]-已转换: 20250620205550.074166.tdms -> D:/Lab/process/2025.6.20/time\30hz\20250620205550.074166.csv
2025-10-17 10:10:55-INFO-[tdms_reader_time.py:123]-  已写入 200000/200000 行数据
2025-10-17 10:10:55-INFO-[tdms_reader_time.py:123]-  已写入 200000/200000 行数据
2025-10-17 10:10:55-INFO-[tdms_reader_time.py:125]-已转换: 20250620205541.382788.tdms -> D:/Lab/process/2025.6.20/time\30hz\20250620205541.382788.csv
2025-10-17 10:10:55-INFO-[tdms_reader_time.py:125]-已转换: 20250620205538.511375.tdms -> D:/Lab/process/2025.6.20/time\30hz\20250620205538.511375.csv
2025-10-17 10:10:55-INFO-[tdms_reader_time.py:44]-开始处理文件: D:/Lab/raw/2025.6.20\50hz\20250620204035.578939.tdms
2025-10-17 10:10:55-INFO-[tdms_reader_time.py:44]-开始处理文件: D:/Lab/raw/2025.6.20\50hz\20250620204038.547364.tdms
2025-10-17 10:10:55-INFO-[tdms_reader_time.py:123]-  已写入 200000/200000 行数据
2025-10-17 10:10:55-INFO-[tdms_reader_time.py:123]-  已写入 200000/200000 行数据
2025-10-17 10:10:55-INFO-[tdms_reader_time.py:125]-已转换: 20250620205535.616021.tdms -> D:/Lab/process/2025.6.20/time\30hz\20250620205535.616021.csv
2025-10-17 10:10:55-INFO-[tdms_reader_time.py:44]-开始处理文件: D:/Lab/raw/2025.6.20\50hz\20250620204041.503131.tdms
2025-10-17 10:10:55-INFO-[tdms_reader_time.py:125]-已转换: 20250620205547.172719.tdms -> D:/Lab/process/2025.6.20/time\30hz\20250620205547.172719.csv
2025-10-17 10:10:55-INFO-[tdms_reader_time.py:72]-处理文件: 20250620204035.578939.tdms, 数据长度: 200000, 通道数: 16
2025-10-17 10:10:55-INFO-[tdms_reader_time.py:81]-使用实际采样间隔: 5e-06 秒
2025-10-17 10:10:55-INFO-[tdms_reader_time.py:44]-开始处理文件: D:/Lab/raw/2025.6.20\50hz\20250620204044.399715.tdms
2025-10-17 10:10:55-INFO-[tdms_reader_time.py:72]-处理文件: 20250620204038.547364.tdms, 数据长度: 200000, 通道数: 16
2025-10-17 10:10:55-INFO-[tdms_reader_time.py:123]-  已写入 200000/200000 行数据
2025-10-17 10:10:55-INFO-[tdms_reader_time.py:81]-使用实际采样间隔: 5e-06 秒
2025-10-17 10:10:55-INFO-[tdms_reader_time.py:72]-处理文件: 20250620204041.503131.tdms, 数据长度: 200000, 通道数: 16
2025-10-17 10:10:55-INFO-[tdms_reader_time.py:44]-开始处理文件: D:/Lab/raw/2025.6.20\50hz\20250620204047.316458.tdms
2025-10-17 10:10:55-INFO-[tdms_reader_time.py:81]-使用实际采样间隔: 5e-06 秒
2025-10-17 10:10:55-INFO-[tdms_reader_time.py:125]-已转换: 20250620205544.253550.tdms -> D:/Lab/process/2025.6.20/time\30hz\20250620205544.253550.csv
2025-10-17 10:10:55-INFO-[tdms_reader_time.py:72]-处理文件: 20250620204044.399715.tdms, 数据长度: 200000, 通道数: 16
2025-10-17 10:10:55-INFO-[tdms_reader_time.py:81]-使用实际采样间隔: 5e-06 秒
2025-10-17 10:10:55-INFO-[tdms_reader_time.py:123]-  已写入 200000/200000 行数据
2025-10-17 10:10:55-INFO-[tdms_reader_time.py:125]-已转换: 20250620205558.740427.tdms -> D:/Lab/process/2025.6.20/time\30hz\20250620205558.740427.csv
2025-10-17 10:10:55-INFO-[tdms_reader_time.py:72]-处理文件: 20250620204047.316458.tdms, 数据长度: 200000, 通道数: 16
2025-10-17 10:10:55-INFO-[tdms_reader_time.py:44]-开始处理文件: D:/Lab/raw/2025.6.20\back\20250620194612.368512.tdms
2025-10-17 10:10:55-INFO-[tdms_reader_time.py:123]-  已写入 200000/200000 行数据
2025-10-17 10:10:55-INFO-[tdms_reader_time.py:81]-使用实际采样间隔: 5e-06 秒
2025-10-17 10:10:55-INFO-[tdms_reader_time.py:125]-已转换: 20250620205601.429140.tdms -> D:/Lab/process/2025.6.20/time\30hz\20250620205601.429140.csv
2025-10-17 10:10:55-INFO-[tdms_reader_time.py:44]-开始处理文件: D:/Lab/raw/2025.6.20\back\20250620194615.280443.tdms
2025-10-17 10:10:55-INFO-[tdms_reader_time.py:44]-开始处理文件: D:/Lab/raw/2025.6.20\back\20250620194618.181950.tdms
2025-10-17 10:10:55-INFO-[tdms_reader_time.py:72]-处理文件: 20250620194612.368512.tdms, 数据长度: 200000, 通道数: 16
2025-10-17 10:10:55-INFO-[tdms_reader_time.py:81]-使用实际采样间隔: 5e-06 秒
2025-10-17 10:10:55-INFO-[tdms_reader_time.py:72]-处理文件: 20250620194615.280443.tdms, 数据长度: 200000, 通道数: 16
2025-10-17 10:10:55-INFO-[tdms_reader_time.py:72]-处理文件: 20250620194618.181950.tdms, 数据长度: 200000, 通道数: 16
2025-10-17 10:10:55-INFO-[tdms_reader_time.py:81]-使用实际采样间隔: 5e-06 秒
2025-10-17 10:10:55-INFO-[tdms_reader_time.py:123]-  已写入 200000/200000 行数据
2025-10-17 10:10:55-INFO-[tdms_reader_time.py:81]-使用实际采样间隔: 5e-06 秒
2025-10-17 10:10:55-INFO-[tdms_reader_time.py:123]-  已写入 200000/200000 行数据
2025-10-17 10:10:55-INFO-[tdms_reader_time.py:125]-已转换: 20250620203946.014336.tdms -> D:/Lab/process/2025.6.20/time\50hz\20250620203946.014336.csv
2025-10-17 10:10:55-INFO-[tdms_reader_time.py:123]-  已写入 200000/200000 行数据
2025-10-17 10:10:55-INFO-[tdms_reader_time.py:125]-已转换: 20250620205552.959105.tdms -> D:/Lab/process/2025.6.20/time\30hz\20250620205552.959105.csv
2025-10-17 10:10:55-INFO-[tdms_reader_time.py:123]-  已写入 200000/200000 行数据
2025-10-17 10:10:55-INFO-[tdms_reader_time.py:125]-已转换: 20250620203951.928351.tdms -> D:/Lab/process/2025.6.20/time\50hz\20250620203951.928351.csv
2025-10-17 10:10:55-INFO-[tdms_reader_time.py:44]-开始处理文件: D:/Lab/raw/2025.6.20\back\20250620194621.140929.tdms
2025-10-17 10:10:55-INFO-[tdms_reader_time.py:125]-已转换: 20250620205555.848733.tdms -> D:/Lab/process/2025.6.20/time\30hz\20250620205555.848733.csv
2025-10-17 10:10:55-INFO-[tdms_reader_time.py:44]-开始处理文件: D:/Lab/raw/2025.6.20\back\20250620194624.055741.tdms
2025-10-17 10:10:55-INFO-[tdms_reader_time.py:44]-开始处理文件: D:/Lab/raw/2025.6.20\back\20250620194626.920608.tdms
2025-10-17 10:10:55-INFO-[tdms_reader_time.py:44]-开始处理文件: D:/Lab/raw/2025.6.20\back\20250620194629.813220.tdms
2025-10-17 10:10:55-INFO-[tdms_reader_time.py:123]-  已写入 200000/200000 行数据
2025-10-17 10:10:55-INFO-[tdms_reader_time.py:72]-处理文件: 20250620194621.140929.tdms, 数据长度: 200000, 通道数: 16
2025-10-17 10:10:55-INFO-[tdms_reader_time.py:125]-已转换: 20250620203948.997384.tdms -> D:/Lab/process/2025.6.20/time\50hz\20250620203948.997384.csv
2025-10-17 10:10:55-INFO-[tdms_reader_time.py:81]-使用实际采样间隔: 5e-06 秒
2025-10-17 10:10:55-INFO-[tdms_reader_time.py:123]-  已写入 200000/200000 行数据
2025-10-17 10:10:55-INFO-[tdms_reader_time.py:125]-已转换: 20250620203943.117518.tdms -> D:/Lab/process/2025.6.20/time\50hz\20250620203943.117518.csv
2025-10-17 10:10:55-INFO-[tdms_reader_time.py:72]-处理文件: 20250620194624.055741.tdms, 数据长度: 200000, 通道数: 16
2025-10-17 10:10:55-INFO-[tdms_reader_time.py:81]-使用实际采样间隔: 5e-06 秒
2025-10-17 10:10:55-INFO-[tdms_reader_time.py:72]-处理文件: 20250620194626.920608.tdms, 数据长度: 200000, 通道数: 16
2025-10-17 10:10:55-INFO-[tdms_reader_time.py:81]-使用实际采样间隔: 5e-06 秒
2025-10-17 10:10:55-INFO-[tdms_reader_time.py:44]-开始处理文件: D:/Lab/raw/2025.6.20\back\20250620194632.691684.tdms
2025-10-17 10:10:55-INFO-[tdms_reader_time.py:72]-处理文件: 20250620194629.813220.tdms, 数据长度: 200000, 通道数: 16
2025-10-17 10:10:55-INFO-[tdms_reader_time.py:81]-使用实际采样间隔: 5e-06 秒
2025-10-17 10:10:55-INFO-[tdms_reader_time.py:44]-开始处理文件: D:/Lab/raw/2025.6.20\back\20250620194635.587857.tdms
2025-10-17 10:10:55-INFO-[tdms_reader_time.py:72]-处理文件: 20250620194632.691684.tdms, 数据长度: 200000, 通道数: 16
2025-10-17 10:10:55-INFO-[tdms_reader_time.py:81]-使用实际采样间隔: 5e-06 秒
2025-10-17 10:10:55-INFO-[tdms_reader_time.py:72]-处理文件: 20250620194635.587857.tdms, 数据长度: 200000, 通道数: 16
2025-10-17 10:10:55-INFO-[tdms_reader_time.py:81]-使用实际采样间隔: 5e-06 秒
2025-10-17 10:10:57-INFO-[tdms_reader_time.py:123]-  已写入 100000/200000 行数据
2025-10-17 10:10:58-INFO-[tdms_reader_time.py:123]-  已写入 100000/200000 行数据
2025-10-17 10:10:58-INFO-[tdms_reader_time.py:123]-  已写入 100000/200000 行数据
2025-10-17 10:10:58-INFO-[tdms_reader_time.py:123]-  已写入 100000/200000 行数据
2025-10-17 10:10:58-INFO-[tdms_reader_time.py:123]-  已写入 100000/200000 行数据
2025-10-17 10:10:58-INFO-[tdms_reader_time.py:123]-  已写入 100000/200000 行数据
2025-10-17 10:10:58-INFO-[tdms_reader_time.py:123]-  已写入 100000/200000 行数据
2025-10-17 10:10:58-INFO-[tdms_reader_time.py:123]-  已写入 100000/200000 行数据
2025-10-17 10:10:58-INFO-[tdms_reader_time.py:123]-  已写入 100000/200000 行数据
2025-10-17 10:10:58-INFO-[tdms_reader_time.py:123]-  已写入 100000/200000 行数据
2025-10-17 10:10:58-INFO-[tdms_reader_time.py:123]-  已写入 100000/200000 行数据
2025-10-17 10:10:58-INFO-[tdms_reader_time.py:123]-  已写入 100000/200000 行数据
2025-10-17 10:10:58-INFO-[tdms_reader_time.py:123]-  已写入 100000/200000 行数据
2025-10-17 10:10:58-INFO-[tdms_reader_time.py:123]-  已写入 100000/200000 行数据
2025-10-17 10:10:58-INFO-[tdms_reader_time.py:123]-  已写入 100000/200000 行数据
2025-10-17 10:10:58-INFO-[tdms_reader_time.py:123]-  已写入 100000/200000 行数据
2025-10-17 10:10:58-INFO-[tdms_reader_time.py:123]-  已写入 100000/200000 行数据
2025-10-17 10:10:58-INFO-[tdms_reader_time.py:123]-  已写入 100000/200000 行数据
2025-10-17 10:10:58-INFO-[tdms_reader_time.py:123]-  已写入 100000/200000 行数据
2025-10-17 10:10:58-INFO-[tdms_reader_time.py:123]-  已写入 100000/200000 行数据
2025-10-17 10:10:58-INFO-[tdms_reader_time.py:123]-  已写入 100000/200000 行数据
2025-10-17 10:10:58-INFO-[tdms_reader_time.py:123]-  已写入 100000/200000 行数据
2025-10-17 10:10:59-INFO-[tdms_reader_time.py:123]-  已写入 100000/200000 行数据
2025-10-17 10:10:59-INFO-[tdms_reader_time.py:123]-  已写入 100000/200000 行数据
2025-10-17 10:10:59-INFO-[tdms_reader_time.py:123]-  已写入 100000/200000 行数据
2025-10-17 10:10:59-INFO-[tdms_reader_time.py:123]-  已写入 100000/200000 行数据
2025-10-17 10:10:59-INFO-[tdms_reader_time.py:123]-  已写入 100000/200000 行数据
2025-10-17 10:10:59-INFO-[tdms_reader_time.py:123]-  已写入 100000/200000 行数据
2025-10-17 10:10:59-INFO-[tdms_reader_time.py:123]-  已写入 200000/200000 行数据
2025-10-17 10:10:59-INFO-[tdms_reader_time.py:125]-已转换: 20250620203954.838344.tdms -> D:/Lab/process/2025.6.20/time\50hz\20250620203954.838344.csv
2025-10-17 10:10:59-INFO-[tdms_reader_time.py:44]-开始处理文件: D:/Lab/raw/2025.6.20\back\20250620194638.548843.tdms
2025-10-17 10:10:59-INFO-[tdms_reader_time.py:72]-处理文件: 20250620194638.548843.tdms, 数据长度: 200000, 通道数: 16
2025-10-17 10:10:59-INFO-[tdms_reader_time.py:81]-使用实际采样间隔: 5e-06 秒
2025-10-17 10:10:59-INFO-[tdms_reader_time.py:123]-  已写入 200000/200000 行数据
2025-10-17 10:10:59-INFO-[tdms_reader_time.py:125]-已转换: 20250620204000.623816.tdms -> D:/Lab/process/2025.6.20/time\50hz\20250620204000.623816.csv
2025-10-17 10:10:59-INFO-[tdms_reader_time.py:123]-  已写入 200000/200000 行数据
2025-10-17 10:10:59-INFO-[tdms_reader_time.py:125]-已转换: 20250620203957.759340.tdms -> D:/Lab/process/2025.6.20/time\50hz\20250620203957.759340.csv
2025-10-17 10:10:59-INFO-[tdms_reader_time.py:44]-开始处理文件: D:/Lab/raw/2025.6.20\back\20250620194641.451865.tdms
2025-10-17 10:10:59-INFO-[tdms_reader_time.py:123]-  已写入 200000/200000 行数据
2025-10-17 10:10:59-INFO-[tdms_reader_time.py:125]-已转换: 20250620204003.597035.tdms -> D:/Lab/process/2025.6.20/time\50hz\20250620204003.597035.csv
2025-10-17 10:10:59-INFO-[tdms_reader_time.py:44]-开始处理文件: D:/Lab/raw/2025.6.20\back\20250620194644.379134.tdms
2025-10-17 10:10:59-INFO-[tdms_reader_time.py:44]-开始处理文件: D:/Lab/raw/2025.6.20\back\20250620194647.302328.tdms
2025-10-17 10:10:59-INFO-[tdms_reader_time.py:72]-处理文件: 20250620194641.451865.tdms, 数据长度: 200000, 通道数: 16
2025-10-17 10:10:59-INFO-[tdms_reader_time.py:81]-使用实际采样间隔: 5e-06 秒
2025-10-17 10:10:59-INFO-[tdms_reader_time.py:72]-处理文件: 20250620194644.379134.tdms, 数据长度: 200000, 通道数: 16
2025-10-17 10:10:59-INFO-[tdms_reader_time.py:81]-使用实际采样间隔: 5e-06 秒
2025-10-17 10:10:59-INFO-[tdms_reader_time.py:72]-处理文件: 20250620194647.302328.tdms, 数据长度: 200000, 通道数: 16
2025-10-17 10:10:59-INFO-[tdms_reader_time.py:81]-使用实际采样间隔: 5e-06 秒
2025-10-17 10:11:00-INFO-[tdms_reader_time.py:123]-  已写入 200000/200000 行数据
2025-10-17 10:11:00-INFO-[tdms_reader_time.py:125]-已转换: 20250620204006.502835.tdms -> D:/Lab/process/2025.6.20/time\50hz\20250620204006.502835.csv
2025-10-17 10:11:00-INFO-[tdms_reader_time.py:44]-开始处理文件: D:/Lab/raw/2025.6.20\back\20250620194650.211108.tdms
2025-10-17 10:11:00-INFO-[tdms_reader_time.py:72]-处理文件: 20250620194650.211108.tdms, 数据长度: 200000, 通道数: 16
2025-10-17 10:11:00-INFO-[tdms_reader_time.py:81]-使用实际采样间隔: 5e-06 秒
2025-10-17 10:11:00-INFO-[tdms_reader_time.py:123]-  已写入 200000/200000 行数据
2025-10-17 10:11:00-INFO-[tdms_reader_time.py:125]-已转换: 20250620204009.381570.tdms -> D:/Lab/process/2025.6.20/time\50hz\20250620204009.381570.csv
2025-10-17 10:11:00-INFO-[tdms_reader_time.py:44]-开始处理文件: D:/Lab/raw/2025.6.20\back\20250620194653.136268.tdms
2025-10-17 10:11:00-INFO-[tdms_reader_time.py:72]-处理文件: 20250620194653.136268.tdms, 数据长度: 200000, 通道数: 16
2025-10-17 10:11:00-INFO-[tdms_reader_time.py:81]-使用实际采样间隔: 5e-06 秒
2025-10-17 10:11:00-INFO-[tdms_reader_time.py:123]-  已写入 200000/200000 行数据
2025-10-17 10:11:00-INFO-[tdms_reader_time.py:125]-已转换: 20250620204012.290275.tdms -> D:/Lab/process/2025.6.20/time\50hz\20250620204012.290275.csv
2025-10-17 10:11:00-INFO-[tdms_reader_time.py:44]-开始处理文件: D:/Lab/raw/2025.6.20\back\20250620194656.041305.tdms
2025-10-17 10:11:00-INFO-[tdms_reader_time.py:123]-  已写入 200000/200000 行数据
2025-10-17 10:11:00-INFO-[tdms_reader_time.py:125]-已转换: 20250620204023.874951.tdms -> D:/Lab/process/2025.6.20/time\50hz\20250620204023.874951.csv
2025-10-17 10:11:00-INFO-[tdms_reader_time.py:72]-处理文件: 20250620194656.041305.tdms, 数据长度: 200000, 通道数: 16
2025-10-17 10:11:00-INFO-[tdms_reader_time.py:81]-使用实际采样间隔: 5e-06 秒
2025-10-17 10:11:00-INFO-[tdms_reader_time.py:44]-开始处理文件: D:/Lab/raw/2025.6.20\back\20250620194659.052610.tdms
2025-10-17 10:11:00-INFO-[tdms_reader_time.py:72]-处理文件: 20250620194659.052610.tdms, 数据长度: 200000, 通道数: 16
2025-10-17 10:11:00-INFO-[tdms_reader_time.py:81]-使用实际采样间隔: 5e-06 秒
2025-10-17 10:11:00-INFO-[tdms_reader_time.py:123]-  已写入 200000/200000 行数据
2025-10-17 10:11:00-INFO-[tdms_reader_time.py:125]-已转换: 20250620204018.073789.tdms -> D:/Lab/process/2025.6.20/time\50hz\20250620204018.073789.csv
2025-10-17 10:11:00-INFO-[tdms_reader_time.py:123]-  已写入 200000/200000 行数据
2025-10-17 10:11:00-INFO-[tdms_reader_time.py:125]-已转换: 20250620204020.965725.tdms -> D:/Lab/process/2025.6.20/time\50hz\20250620204020.965725.csv
2025-10-17 10:11:00-INFO-[tdms_reader_time.py:44]-开始处理文件: D:/Lab/raw/2025.6.20\back\20250620194702.006214.tdms
2025-10-17 10:11:00-INFO-[tdms_reader_time.py:44]-开始处理文件: D:/Lab/raw/2025.6.20\back\20250620194704.911499.tdms
2025-10-17 10:11:00-INFO-[tdms_reader_time.py:72]-处理文件: 20250620194702.006214.tdms, 数据长度: 200000, 通道数: 16
2025-10-17 10:11:00-INFO-[tdms_reader_time.py:81]-使用实际采样间隔: 5e-06 秒
2025-10-17 10:11:00-INFO-[tdms_reader_time.py:72]-处理文件: 20250620194704.911499.tdms, 数据长度: 200000, 通道数: 16
2025-10-17 10:11:00-INFO-[tdms_reader_time.py:81]-使用实际采样间隔: 5e-06 秒
2025-10-17 10:11:00-INFO-[tdms_reader_time.py:123]-  已写入 200000/200000 行数据
2025-10-17 10:11:00-INFO-[tdms_reader_time.py:125]-已转换: 20250620204015.172895.tdms -> D:/Lab/process/2025.6.20/time\50hz\20250620204015.172895.csv
2025-10-17 10:11:00-INFO-[tdms_reader_time.py:44]-开始处理文件: D:/Lab/raw/2025.6.20\back\20250620194707.790523.tdms
2025-10-17 10:11:00-INFO-[tdms_reader_time.py:123]-  已写入 200000/200000 行数据
2025-10-17 10:11:00-INFO-[tdms_reader_time.py:125]-已转换: 20250620204026.769314.tdms -> D:/Lab/process/2025.6.20/time\50hz\20250620204026.769314.csv
2025-10-17 10:11:00-INFO-[tdms_reader_time.py:123]-  已写入 200000/200000 行数据
2025-10-17 10:11:00-INFO-[tdms_reader_time.py:125]-已转换: 20250620204029.679945.tdms -> D:/Lab/process/2025.6.20/time\50hz\20250620204029.679945.csv
2025-10-17 10:11:00-INFO-[tdms_reader_time.py:72]-处理文件: 20250620194707.790523.tdms, 数据长度: 200000, 通道数: 16
2025-10-17 10:11:00-INFO-[tdms_reader_time.py:81]-使用实际采样间隔: 5e-06 秒
2025-10-17 10:11:00-INFO-[tdms_reader_time.py:44]-开始处理文件: D:/Lab/raw/2025.6.20\back\20250620194713.610034.tdms
2025-10-17 10:11:00-INFO-[tdms_reader_time.py:44]-开始处理文件: D:/Lab/raw/2025.6.20\back\20250620194710.704633.tdms
2025-10-17 10:11:00-INFO-[tdms_reader_time.py:72]-处理文件: 20250620194710.704633.tdms, 数据长度: 200000, 通道数: 16
2025-10-17 10:11:00-INFO-[tdms_reader_time.py:72]-处理文件: 20250620194713.610034.tdms, 数据长度: 200000, 通道数: 16
2025-10-17 10:11:00-INFO-[tdms_reader_time.py:81]-使用实际采样间隔: 5e-06 秒
2025-10-17 10:11:00-INFO-[tdms_reader_time.py:81]-使用实际采样间隔: 5e-06 秒
2025-10-17 10:11:00-INFO-[tdms_reader_time.py:123]-  已写入 200000/200000 行数据
2025-10-17 10:11:00-INFO-[tdms_reader_time.py:123]-  已写入 200000/200000 行数据
2025-10-17 10:11:00-INFO-[tdms_reader_time.py:123]-  已写入 200000/200000 行数据
2025-10-17 10:11:00-INFO-[tdms_reader_time.py:125]-已转换: 20250620204032.660249.tdms -> D:/Lab/process/2025.6.20/time\50hz\20250620204032.660249.csv
2025-10-17 10:11:00-INFO-[tdms_reader_time.py:125]-已转换: 20250620204044.399715.tdms -> D:/Lab/process/2025.6.20/time\50hz\20250620204044.399715.csv
2025-10-17 10:11:00-INFO-[tdms_reader_time.py:125]-已转换: 20250620204047.316458.tdms -> D:/Lab/process/2025.6.20/time\50hz\20250620204047.316458.csv
2025-10-17 10:11:00-INFO-[tdms_reader_time.py:44]-开始处理文件: D:/Lab/raw/2025.6.20\back\20250620194716.530521.tdms
2025-10-17 10:11:00-INFO-[tdms_reader_time.py:44]-开始处理文件: D:/Lab/raw/2025.6.20\back\20250620194719.443004.tdms
2025-10-17 10:11:00-INFO-[tdms_reader_time.py:123]-  已写入 200000/200000 行数据
2025-10-17 10:11:00-INFO-[tdms_reader_time.py:44]-开始处理文件: D:/Lab/raw/2025.6.20\back\20250620194722.345550.tdms
2025-10-17 10:11:00-INFO-[tdms_reader_time.py:125]-已转换: 20250620194612.368512.tdms -> D:/Lab/process/2025.6.20/time\back\20250620194612.368512.csv
2025-10-17 10:11:00-INFO-[tdms_reader_time.py:123]-  已写入 200000/200000 行数据
2025-10-17 10:11:00-INFO-[tdms_reader_time.py:72]-处理文件: 20250620194716.530521.tdms, 数据长度: 200000, 通道数: 16
2025-10-17 10:11:00-INFO-[tdms_reader_time.py:125]-已转换: 20250620204041.503131.tdms -> D:/Lab/process/2025.6.20/time\50hz\20250620204041.503131.csv
2025-10-17 10:11:00-INFO-[tdms_reader_time.py:72]-处理文件: 20250620194719.443004.tdms, 数据长度: 200000, 通道数: 16
2025-10-17 10:11:00-INFO-[tdms_reader_time.py:81]-使用实际采样间隔: 5e-06 秒
2025-10-17 10:11:00-INFO-[tdms_reader_time.py:44]-开始处理文件: D:/Lab/raw/2025.6.20\back\20250620194725.240403.tdms
2025-10-17 10:11:00-INFO-[tdms_reader_time.py:123]-  已写入 200000/200000 行数据
2025-10-17 10:11:00-INFO-[tdms_reader_time.py:81]-使用实际采样间隔: 5e-06 秒
2025-10-17 10:11:00-INFO-[tdms_reader_time.py:125]-已转换: 20250620204035.578939.tdms -> D:/Lab/process/2025.6.20/time\50hz\20250620204035.578939.csv
2025-10-17 10:11:00-INFO-[tdms_reader_time.py:72]-处理文件: 20250620194722.345550.tdms, 数据长度: 200000, 通道数: 16
2025-10-17 10:11:00-INFO-[tdms_reader_time.py:44]-开始处理文件: D:/Lab/raw/2025.6.20\back\20250620194728.134972.tdms
2025-10-17 10:11:00-INFO-[tdms_reader_time.py:81]-使用实际采样间隔: 5e-06 秒
2025-10-17 10:11:00-INFO-[tdms_reader_time.py:44]-开始处理文件: D:/Lab/raw/2025.6.20\back\20250620194731.069696.tdms
2025-10-17 10:11:00-INFO-[tdms_reader_time.py:72]-处理文件: 20250620194725.240403.tdms, 数据长度: 200000, 通道数: 16
2025-10-17 10:11:00-INFO-[tdms_reader_time.py:81]-使用实际采样间隔: 5e-06 秒
2025-10-17 10:11:00-INFO-[tdms_reader_time.py:72]-处理文件: 20250620194728.134972.tdms, 数据长度: 200000, 通道数: 16
2025-10-17 10:11:00-INFO-[tdms_reader_time.py:81]-使用实际采样间隔: 5e-06 秒
2025-10-17 10:11:00-INFO-[tdms_reader_time.py:72]-处理文件: 20250620194731.069696.tdms, 数据长度: 200000, 通道数: 16
2025-10-17 10:11:00-INFO-[tdms_reader_time.py:123]-  已写入 200000/200000 行数据
2025-10-17 10:11:00-INFO-[tdms_reader_time.py:81]-使用实际采样间隔: 5e-06 秒
2025-10-17 10:11:00-INFO-[tdms_reader_time.py:123]-  已写入 200000/200000 行数据
2025-10-17 10:11:00-INFO-[tdms_reader_time.py:125]-已转换: 20250620194618.181950.tdms -> D:/Lab/process/2025.6.20/time\back\20250620194618.181950.csv
2025-10-17 10:11:00-INFO-[tdms_reader_time.py:125]-已转换: 20250620194615.280443.tdms -> D:/Lab/process/2025.6.20/time\back\20250620194615.280443.csv
2025-10-17 10:11:00-INFO-[tdms_reader_time.py:123]-  已写入 200000/200000 行数据
2025-10-17 10:11:00-INFO-[tdms_reader_time.py:125]-已转换: 20250620204038.547364.tdms -> D:/Lab/process/2025.6.20/time\50hz\20250620204038.547364.csv
2025-10-17 10:11:00-INFO-[tdms_reader_time.py:44]-开始处理文件: D:/Lab/raw/2025.6.20\back\20250620194734.001919.tdms
2025-10-17 10:11:00-INFO-[tdms_reader_time.py:44]-开始处理文件: D:/Lab/raw/2025.6.20\backwatering\20250620193734.678390.tdms
2025-10-17 10:11:00-INFO-[tdms_reader_time.py:44]-开始处理文件: D:/Lab/raw/2025.6.20\backwatering\20250620193737.643558.tdms
2025-10-17 10:11:00-INFO-[tdms_reader_time.py:123]-  已写入 200000/200000 行数据
2025-10-17 10:11:00-INFO-[tdms_reader_time.py:123]-  已写入 200000/200000 行数据
2025-10-17 10:11:00-INFO-[tdms_reader_time.py:125]-已转换: 20250620194621.140929.tdms -> D:/Lab/process/2025.6.20/time\back\20250620194621.140929.csv
2025-10-17 10:11:00-INFO-[tdms_reader_time.py:123]-  已写入 200000/200000 行数据
2025-10-17 10:11:00-INFO-[tdms_reader_time.py:125]-已转换: 20250620194626.920608.tdms -> D:/Lab/process/2025.6.20/time\back\20250620194626.920608.csv
2025-10-17 10:11:00-INFO-[tdms_reader_time.py:72]-处理文件: 20250620194734.001919.tdms, 数据长度: 200000, 通道数: 16
2025-10-17 10:11:00-INFO-[tdms_reader_time.py:125]-已转换: 20250620194632.691684.tdms -> D:/Lab/process/2025.6.20/time\back\20250620194632.691684.csv
2025-10-17 10:11:00-INFO-[tdms_reader_time.py:81]-使用实际采样间隔: 5e-06 秒
2025-10-17 10:11:00-INFO-[tdms_reader_time.py:123]-  已写入 200000/200000 行数据
2025-10-17 10:11:00-INFO-[tdms_reader_time.py:44]-开始处理文件: D:/Lab/raw/2025.6.20\backwatering\20250620193740.545447.tdms
2025-10-17 10:11:00-INFO-[tdms_reader_time.py:125]-已转换: 20250620194629.813220.tdms -> D:/Lab/process/2025.6.20/time\back\20250620194629.813220.csv
2025-10-17 10:11:00-INFO-[tdms_reader_time.py:72]-处理文件: 20250620193734.678390.tdms, 数据长度: 200000, 通道数: 16
2025-10-17 10:11:00-INFO-[tdms_reader_time.py:81]-使用实际采样间隔: 5e-06 秒
2025-10-17 10:11:00-INFO-[tdms_reader_time.py:44]-开始处理文件: D:/Lab/raw/2025.6.20\backwatering\20250620193743.417335.tdms
2025-10-17 10:11:00-INFO-[tdms_reader_time.py:123]-  已写入 200000/200000 行数据
2025-10-17 10:11:00-INFO-[tdms_reader_time.py:44]-开始处理文件: D:/Lab/raw/2025.6.20\backwatering\20250620193746.344677.tdms
2025-10-17 10:11:00-INFO-[tdms_reader_time.py:72]-处理文件: 20250620193737.643558.tdms, 数据长度: 200000, 通道数: 16
2025-10-17 10:11:00-INFO-[tdms_reader_time.py:81]-使用实际采样间隔: 5e-06 秒
2025-10-17 10:11:00-INFO-[tdms_reader_time.py:125]-已转换: 20250620194624.055741.tdms -> D:/Lab/process/2025.6.20/time\back\20250620194624.055741.csv
2025-10-17 10:11:00-INFO-[tdms_reader_time.py:44]-开始处理文件: D:/Lab/raw/2025.6.20\backwatering\20250620193749.270337.tdms
2025-10-17 10:11:00-INFO-[tdms_reader_time.py:72]-处理文件: 20250620193740.545447.tdms, 数据长度: 200000, 通道数: 16
2025-10-17 10:11:00-INFO-[tdms_reader_time.py:81]-使用实际采样间隔: 5e-06 秒
2025-10-17 10:11:00-INFO-[tdms_reader_time.py:72]-处理文件: 20250620193743.417335.tdms, 数据长度: 200000, 通道数: 16
2025-10-17 10:11:00-INFO-[tdms_reader_time.py:44]-开始处理文件: D:/Lab/raw/2025.6.20\backwatering\20250620193752.182714.tdms
2025-10-17 10:11:00-INFO-[tdms_reader_time.py:72]-处理文件: 20250620193746.344677.tdms, 数据长度: 200000, 通道数: 16
2025-10-17 10:11:00-INFO-[tdms_reader_time.py:81]-使用实际采样间隔: 5e-06 秒
2025-10-17 10:11:00-INFO-[tdms_reader_time.py:81]-使用实际采样间隔: 5e-06 秒
2025-10-17 10:11:00-INFO-[tdms_reader_time.py:72]-处理文件: 20250620193749.270337.tdms, 数据长度: 200000, 通道数: 16
2025-10-17 10:11:00-INFO-[tdms_reader_time.py:81]-使用实际采样间隔: 5e-06 秒
2025-10-17 10:11:00-INFO-[tdms_reader_time.py:72]-处理文件: 20250620193752.182714.tdms, 数据长度: 200000, 通道数: 16
2025-10-17 10:11:00-INFO-[tdms_reader_time.py:81]-使用实际采样间隔: 5e-06 秒
2025-10-17 10:11:00-INFO-[tdms_reader_time.py:123]-  已写入 200000/200000 行数据
2025-10-17 10:11:00-INFO-[tdms_reader_time.py:125]-已转换: 20250620194635.587857.tdms -> D:/Lab/process/2025.6.20/time\back\20250620194635.587857.csv
2025-10-17 10:11:00-INFO-[tdms_reader_time.py:44]-开始处理文件: D:/Lab/raw/2025.6.20\backwatering\20250620193755.071010.tdms
2025-10-17 10:11:00-INFO-[tdms_reader_time.py:72]-处理文件: 20250620193755.071010.tdms, 数据长度: 200000, 通道数: 16
2025-10-17 10:11:00-INFO-[tdms_reader_time.py:81]-使用实际采样间隔: 5e-06 秒
2025-10-17 10:11:02-INFO-[tdms_reader_time.py:123]-  已写入 100000/200000 行数据
2025-10-17 10:11:03-INFO-[tdms_reader_time.py:123]-  已写入 100000/200000 行数据
2025-10-17 10:11:03-INFO-[tdms_reader_time.py:123]-  已写入 100000/200000 行数据
2025-10-17 10:11:03-INFO-[tdms_reader_time.py:123]-  已写入 100000/200000 行数据
2025-10-17 10:11:03-INFO-[tdms_reader_time.py:123]-  已写入 100000/200000 行数据
2025-10-17 10:11:03-INFO-[tdms_reader_time.py:123]-  已写入 100000/200000 行数据
2025-10-17 10:11:03-INFO-[tdms_reader_time.py:123]-  已写入 100000/200000 行数据
2025-10-17 10:11:03-INFO-[tdms_reader_time.py:123]-  已写入 100000/200000 行数据
2025-10-17 10:11:03-INFO-[tdms_reader_time.py:123]-  已写入 100000/200000 行数据
2025-10-17 10:11:03-INFO-[tdms_reader_time.py:123]-  已写入 100000/200000 行数据
2025-10-17 10:11:03-INFO-[tdms_reader_time.py:123]-  已写入 100000/200000 行数据
2025-10-17 10:11:03-INFO-[tdms_reader_time.py:123]-  已写入 100000/200000 行数据
2025-10-17 10:11:03-INFO-[tdms_reader_time.py:123]-  已写入 100000/200000 行数据
2025-10-17 10:11:04-INFO-[tdms_reader_time.py:123]-  已写入 100000/200000 行数据
2025-10-17 10:11:04-INFO-[tdms_reader_time.py:123]-  已写入 100000/200000 行数据
2025-10-17 10:11:04-INFO-[tdms_reader_time.py:123]-  已写入 100000/200000 行数据
2025-10-17 10:11:04-INFO-[tdms_reader_time.py:123]-  已写入 100000/200000 行数据
2025-10-17 10:11:04-INFO-[tdms_reader_time.py:123]-  已写入 100000/200000 行数据
2025-10-17 10:11:04-INFO-[tdms_reader_time.py:123]-  已写入 100000/200000 行数据
2025-10-17 10:11:04-INFO-[tdms_reader_time.py:123]-  已写入 100000/200000 行数据
2025-10-17 10:11:04-INFO-[tdms_reader_time.py:123]-  已写入 200000/200000 行数据
2025-10-17 10:11:04-INFO-[tdms_reader_time.py:125]-已转换: 20250620194638.548843.tdms -> D:/Lab/process/2025.6.20/time\back\20250620194638.548843.csv
2025-10-17 10:11:04-INFO-[tdms_reader_time.py:44]-开始处理文件: D:/Lab/raw/2025.6.20\backwatering\20250620193757.946475.tdms
2025-10-17 10:11:04-INFO-[tdms_reader_time.py:72]-处理文件: 20250620193757.946475.tdms, 数据长度: 200000, 通道数: 16
2025-10-17 10:11:04-INFO-[tdms_reader_time.py:81]-使用实际采样间隔: 5e-06 秒
2025-10-17 10:11:05-INFO-[tdms_reader_time.py:123]-  已写入 100000/200000 行数据
2025-10-17 10:11:05-INFO-[tdms_reader_time.py:123]-  已写入 100000/200000 行数据
2025-10-17 10:11:05-INFO-[tdms_reader_time.py:123]-  已写入 100000/200000 行数据
2025-10-17 10:11:05-INFO-[tdms_reader_time.py:123]-  已写入 100000/200000 行数据
2025-10-17 10:11:05-INFO-[tdms_reader_time.py:123]-  已写入 100000/200000 行数据
2025-10-17 10:11:05-INFO-[tdms_reader_time.py:123]-  已写入 100000/200000 行数据
2025-10-17 10:11:05-INFO-[tdms_reader_time.py:123]-  已写入 100000/200000 行数据
2025-10-17 10:11:05-INFO-[tdms_reader_time.py:123]-  已写入 100000/200000 行数据
2025-10-17 10:11:05-INFO-[tdms_reader_time.py:123]-  已写入 200000/200000 行数据
2025-10-17 10:11:05-INFO-[tdms_reader_time.py:125]-已转换: 20250620194644.379134.tdms -> D:/Lab/process/2025.6.20/time\back\20250620194644.379134.csv
2025-10-17 10:11:05-INFO-[tdms_reader_time.py:44]-开始处理文件: D:/Lab/raw/2025.6.20\backwatering\20250620193800.664447.tdms
2025-10-17 10:11:05-INFO-[tdms_reader_time.py:123]-  已写入 200000/200000 行数据
2025-10-17 10:11:05-INFO-[tdms_reader_time.py:125]-已转换: 20250620194641.451865.tdms -> D:/Lab/process/2025.6.20/time\back\20250620194641.451865.csv
2025-10-17 10:11:05-INFO-[tdms_reader_time.py:123]-  已写入 200000/200000 行数据
2025-10-17 10:11:05-INFO-[tdms_reader_time.py:125]-已转换: 20250620194647.302328.tdms -> D:/Lab/process/2025.6.20/time\back\20250620194647.302328.csv
2025-10-17 10:11:05-INFO-[tdms_reader_time.py:72]-处理文件: 20250620193800.664447.tdms, 数据长度: 200000, 通道数: 16
2025-10-17 10:11:05-INFO-[tdms_reader_time.py:44]-开始处理文件: D:/Lab/raw/2025.6.20\backwatering\20250620193803.575523.tdms
2025-10-17 10:11:05-INFO-[tdms_reader_time.py:81]-使用实际采样间隔: 5e-06 秒
2025-10-17 10:11:05-INFO-[tdms_reader_time.py:44]-开始处理文件: D:/Lab/raw/2025.6.20\backwatering\20250620193806.499762.tdms
2025-10-17 10:11:05-INFO-[tdms_reader_time.py:72]-处理文件: 20250620193803.575523.tdms, 数据长度: 200000, 通道数: 16
2025-10-17 10:11:05-INFO-[tdms_reader_time.py:72]-处理文件: 20250620193806.499762.tdms, 数据长度: 200000, 通道数: 16
2025-10-17 10:11:05-INFO-[tdms_reader_time.py:81]-使用实际采样间隔: 5e-06 秒
2025-10-17 10:11:05-INFO-[tdms_reader_time.py:81]-使用实际采样间隔: 5e-06 秒
2025-10-17 10:11:05-INFO-[tdms_reader_time.py:123]-  已写入 200000/200000 行数据
2025-10-17 10:11:05-INFO-[tdms_reader_time.py:125]-已转换: 20250620194650.211108.tdms -> D:/Lab/process/2025.6.20/time\back\20250620194650.211108.csv
2025-10-17 10:11:05-INFO-[tdms_reader_time.py:44]-开始处理文件: D:/Lab/raw/2025.6.20\backwatering\20250620193809.385131.tdms
2025-10-17 10:11:05-INFO-[tdms_reader_time.py:72]-处理文件: 20250620193809.385131.tdms, 数据长度: 200000, 通道数: 16
2025-10-17 10:11:05-INFO-[tdms_reader_time.py:81]-使用实际采样间隔: 5e-06 秒
2025-10-17 10:11:05-INFO-[tdms_reader_time.py:123]-  已写入 200000/200000 行数据
2025-10-17 10:11:05-INFO-[tdms_reader_time.py:125]-已转换: 20250620194653.136268.tdms -> D:/Lab/process/2025.6.20/time\back\20250620194653.136268.csv
2025-10-17 10:11:05-INFO-[tdms_reader_time.py:44]-开始处理文件: D:/Lab/raw/2025.6.20\backwatering\20250620193812.362895.tdms
2025-10-17 10:11:05-INFO-[tdms_reader_time.py:72]-处理文件: 20250620193812.362895.tdms, 数据长度: 200000, 通道数: 16
2025-10-17 10:11:05-INFO-[tdms_reader_time.py:81]-使用实际采样间隔: 5e-06 秒
2025-10-17 10:11:05-INFO-[tdms_reader_time.py:123]-  已写入 200000/200000 行数据
2025-10-17 10:11:05-INFO-[tdms_reader_time.py:125]-已转换: 20250620194702.006214.tdms -> D:/Lab/process/2025.6.20/time\back\20250620194702.006214.csv
2025-10-17 10:11:05-INFO-[tdms_reader_time.py:123]-  已写入 200000/200000 行数据
2025-10-17 10:11:05-INFO-[tdms_reader_time.py:125]-已转换: 20250620194656.041305.tdms -> D:/Lab/process/2025.6.20/time\back\20250620194656.041305.csv
2025-10-17 10:11:05-INFO-[tdms_reader_time.py:44]-开始处理文件: D:/Lab/raw/2025.6.20\backwatering\20250620193815.303531.tdms
2025-10-17 10:11:05-INFO-[tdms_reader_time.py:44]-开始处理文件: D:/Lab/raw/2025.6.20\backwatering\20250620193818.229423.tdms
2025-10-17 10:11:05-INFO-[tdms_reader_time.py:72]-处理文件: 20250620193815.303531.tdms, 数据长度: 200000, 通道数: 16
2025-10-17 10:11:05-INFO-[tdms_reader_time.py:81]-使用实际采样间隔: 5e-06 秒
2025-10-17 10:11:05-INFO-[tdms_reader_time.py:72]-处理文件: 20250620193818.229423.tdms, 数据长度: 200000, 通道数: 16
2025-10-17 10:11:05-INFO-[tdms_reader_time.py:123]-  已写入 200000/200000 行数据
2025-10-17 10:11:05-INFO-[tdms_reader_time.py:81]-使用实际采样间隔: 5e-06 秒
2025-10-17 10:11:05-INFO-[tdms_reader_time.py:125]-已转换: 20250620194707.790523.tdms -> D:/Lab/process/2025.6.20/time\back\20250620194707.790523.csv
2025-10-17 10:11:05-INFO-[tdms_reader_time.py:44]-开始处理文件: D:/Lab/raw/2025.6.20\backwatering\20250620193821.140393.tdms
2025-10-17 10:11:05-INFO-[tdms_reader_time.py:123]-  已写入 200000/200000 行数据
2025-10-17 10:11:05-INFO-[tdms_reader_time.py:125]-已转换: 20250620194659.052610.tdms -> D:/Lab/process/2025.6.20/time\back\20250620194659.052610.csv
2025-10-17 10:11:05-INFO-[tdms_reader_time.py:44]-开始处理文件: D:/Lab/raw/2025.6.20\backwatering\20250620193824.039435.tdms
2025-10-17 10:11:05-INFO-[tdms_reader_time.py:123]-  已写入 200000/200000 行数据
2025-10-17 10:11:05-INFO-[tdms_reader_time.py:72]-处理文件: 20250620193821.140393.tdms, 数据长度: 200000, 通道数: 16
2025-10-17 10:11:05-INFO-[tdms_reader_time.py:125]-已转换: 20250620194704.911499.tdms -> D:/Lab/process/2025.6.20/time\back\20250620194704.911499.csv
2025-10-17 10:11:05-INFO-[tdms_reader_time.py:81]-使用实际采样间隔: 5e-06 秒
2025-10-17 10:11:05-INFO-[tdms_reader_time.py:44]-开始处理文件: D:/Lab/raw/2025.6.20\backwatering\20250620193827.003131.tdms
2025-10-17 10:11:05-INFO-[tdms_reader_time.py:72]-处理文件: 20250620193824.039435.tdms, 数据长度: 200000, 通道数: 16
2025-10-17 10:11:05-INFO-[tdms_reader_time.py:81]-使用实际采样间隔: 5e-06 秒
2025-10-17 10:11:05-INFO-[tdms_reader_time.py:72]-处理文件: 20250620193827.003131.tdms, 数据长度: 200000, 通道数: 16
2025-10-17 10:11:05-INFO-[tdms_reader_time.py:81]-使用实际采样间隔: 5e-06 秒
2025-10-17 10:11:05-INFO-[tdms_reader_time.py:123]-  已写入 200000/200000 行数据
2025-10-17 10:11:05-INFO-[tdms_reader_time.py:125]-已转换: 20250620194710.704633.tdms -> D:/Lab/process/2025.6.20/time\back\20250620194710.704633.csv
2025-10-17 10:11:05-INFO-[tdms_reader_time.py:44]-开始处理文件: D:/Lab/raw/2025.6.20\backwatering\20250620193829.938352.tdms
2025-10-17 10:11:05-INFO-[tdms_reader_time.py:72]-处理文件: 20250620193829.938352.tdms, 数据长度: 200000, 通道数: 16
2025-10-17 10:11:05-INFO-[tdms_reader_time.py:81]-使用实际采样间隔: 5e-06 秒
2025-10-17 10:11:05-INFO-[tdms_reader_time.py:123]-  已写入 200000/200000 行数据
2025-10-17 10:11:05-INFO-[tdms_reader_time.py:125]-已转换: 20250620194713.610034.tdms -> D:/Lab/process/2025.6.20/time\back\20250620194713.610034.csv
2025-10-17 10:11:05-INFO-[tdms_reader_time.py:44]-开始处理文件: D:/Lab/raw/2025.6.20\backwatering\20250620193832.870292.tdms
2025-10-17 10:11:05-INFO-[tdms_reader_time.py:123]-  已写入 200000/200000 行数据
2025-10-17 10:11:05-INFO-[tdms_reader_time.py:125]-已转换: 20250620194716.530521.tdms -> D:/Lab/process/2025.6.20/time\back\20250620194716.530521.csv
2025-10-17 10:11:05-INFO-[tdms_reader_time.py:123]-  已写入 200000/200000 行数据
2025-10-17 10:11:05-INFO-[tdms_reader_time.py:125]-已转换: 20250620194719.443004.tdms -> D:/Lab/process/2025.6.20/time\back\20250620194719.443004.csv
2025-10-17 10:11:05-INFO-[tdms_reader_time.py:44]-开始处理文件: D:/Lab/raw/2025.6.20\backwatering\20250620193835.769193.tdms
2025-10-17 10:11:06-INFO-[tdms_reader_time.py:72]-处理文件: 20250620193832.870292.tdms, 数据长度: 200000, 通道数: 16
2025-10-17 10:11:06-INFO-[tdms_reader_time.py:44]-开始处理文件: D:/Lab/raw/2025.6.20\backwatering\20250620193838.664452.tdms
2025-10-17 10:11:06-INFO-[tdms_reader_time.py:81]-使用实际采样间隔: 5e-06 秒
2025-10-17 10:11:06-INFO-[tdms_reader_time.py:72]-处理文件: 20250620193835.769193.tdms, 数据长度: 200000, 通道数: 16
2025-10-17 10:11:06-INFO-[tdms_reader_time.py:81]-使用实际采样间隔: 5e-06 秒
2025-10-17 10:11:06-INFO-[tdms_reader_time.py:72]-处理文件: 20250620193838.664452.tdms, 数据长度: 200000, 通道数: 16
2025-10-17 10:11:06-INFO-[tdms_reader_time.py:81]-使用实际采样间隔: 5e-06 秒
2025-10-17 10:11:06-INFO-[tdms_reader_time.py:123]-  已写入 200000/200000 行数据
2025-10-17 10:11:06-INFO-[tdms_reader_time.py:125]-已转换: 20250620194722.345550.tdms -> D:/Lab/process/2025.6.20/time\back\20250620194722.345550.csv
2025-10-17 10:11:06-INFO-[tdms_reader_time.py:44]-开始处理文件: D:/Lab/raw/2025.6.20\backwatering\20250620193841.584246.tdms
2025-10-17 10:11:06-INFO-[tdms_reader_time.py:123]-  已写入 200000/200000 行数据
2025-10-17 10:11:06-INFO-[tdms_reader_time.py:125]-已转换: 20250620194734.001919.tdms -> D:/Lab/process/2025.6.20/time\back\20250620194734.001919.csv
2025-10-17 10:11:06-INFO-[tdms_reader_time.py:72]-处理文件: 20250620193841.584246.tdms, 数据长度: 200000, 通道数: 16
2025-10-17 10:11:06-INFO-[tdms_reader_time.py:81]-使用实际采样间隔: 5e-06 秒
2025-10-17 10:11:06-INFO-[tdms_reader_time.py:44]-开始处理文件: D:/Lab/raw/2025.6.20\backwatering\20250620193844.533171.tdms
2025-10-17 10:11:06-INFO-[tdms_reader_time.py:123]-  已写入 200000/200000 行数据
2025-10-17 10:11:06-INFO-[tdms_reader_time.py:125]-已转换: 20250620194731.069696.tdms -> D:/Lab/process/2025.6.20/time\back\20250620194731.069696.csv
2025-10-17 10:11:06-INFO-[tdms_reader_time.py:72]-处理文件: 20250620193844.533171.tdms, 数据长度: 200000, 通道数: 16
2025-10-17 10:11:06-INFO-[tdms_reader_time.py:123]-  已写入 200000/200000 行数据
2025-10-17 10:11:06-INFO-[tdms_reader_time.py:81]-使用实际采样间隔: 5e-06 秒
2025-10-17 10:11:06-INFO-[tdms_reader_time.py:125]-已转换: 20250620194725.240403.tdms -> D:/Lab/process/2025.6.20/time\back\20250620194725.240403.csv
2025-10-17 10:11:06-INFO-[tdms_reader_time.py:44]-开始处理文件: D:/Lab/raw/2025.6.20\backwatering\20250620193847.466852.tdms
2025-10-17 10:11:06-INFO-[tdms_reader_time.py:44]-开始处理文件: D:/Lab/raw/2025.6.20\backwatering\20250620193850.400394.tdms
2025-10-17 10:11:06-INFO-[tdms_reader_time.py:123]-  已写入 200000/200000 行数据
2025-10-17 10:11:06-INFO-[tdms_reader_time.py:125]-已转换: 20250620194728.134972.tdms -> D:/Lab/process/2025.6.20/time\back\20250620194728.134972.csv
2025-10-17 10:11:06-INFO-[tdms_reader_time.py:72]-处理文件: 20250620193847.466852.tdms, 数据长度: 200000, 通道数: 16
2025-10-17 10:11:06-INFO-[tdms_reader_time.py:72]-处理文件: 20250620193850.400394.tdms, 数据长度: 200000, 通道数: 16
2025-10-17 10:11:06-INFO-[tdms_reader_time.py:81]-使用实际采样间隔: 5e-06 秒
2025-10-17 10:11:06-INFO-[tdms_reader_time.py:81]-使用实际采样间隔: 5e-06 秒
2025-10-17 10:11:06-INFO-[tdms_reader_time.py:44]-开始处理文件: D:/Lab/raw/2025.6.20\backwatering\20250620193853.345024.tdms
2025-10-17 10:11:06-INFO-[tdms_reader_time.py:72]-处理文件: 20250620193853.345024.tdms, 数据长度: 200000, 通道数: 16
2025-10-17 10:11:06-INFO-[tdms_reader_time.py:81]-使用实际采样间隔: 5e-06 秒
2025-10-17 10:11:07-INFO-[tdms_reader_time.py:123]-  已写入 200000/200000 行数据
2025-10-17 10:11:07-INFO-[tdms_reader_time.py:125]-已转换: 20250620193734.678390.tdms -> D:/Lab/process/2025.6.20/time\backwatering\20250620193734.678390.csv
2025-10-17 10:11:07-INFO-[tdms_reader_time.py:123]-  已写入 200000/200000 行数据
2025-10-17 10:11:07-INFO-[tdms_reader_time.py:125]-已转换: 20250620193752.182714.tdms -> D:/Lab/process/2025.6.20/time\backwatering\20250620193752.182714.csv
2025-10-17 10:11:07-INFO-[tdms_reader_time.py:44]-开始处理文件: D:/Lab/raw/2025.6.20\backwatering\20250620193856.225711.tdms
2025-10-17 10:11:07-INFO-[tdms_reader_time.py:44]-开始处理文件: D:/Lab/raw/2025.6.20\backwatering\20250620193859.168055.tdms
2025-10-17 10:11:07-INFO-[tdms_reader_time.py:72]-处理文件: 20250620193856.225711.tdms, 数据长度: 200000, 通道数: 16
2025-10-17 10:11:07-INFO-[tdms_reader_time.py:81]-使用实际采样间隔: 5e-06 秒
2025-10-17 10:11:07-INFO-[tdms_reader_time.py:72]-处理文件: 20250620193859.168055.tdms, 数据长度: 200000, 通道数: 16
2025-10-17 10:11:07-INFO-[tdms_reader_time.py:81]-使用实际采样间隔: 5e-06 秒
2025-10-17 10:11:07-INFO-[tdms_reader_time.py:123]-  已写入 200000/200000 行数据
2025-10-17 10:11:07-INFO-[tdms_reader_time.py:125]-已转换: 20250620193737.643558.tdms -> D:/Lab/process/2025.6.20/time\backwatering\20250620193737.643558.csv
2025-10-17 10:11:07-INFO-[tdms_reader_time.py:44]-开始处理文件: D:/Lab/raw/2025.6.20\backwatering\20250620193902.126579.tdms
2025-10-17 10:11:07-INFO-[tdms_reader_time.py:72]-处理文件: 20250620193902.126579.tdms, 数据长度: 200000, 通道数: 16
2025-10-17 10:11:07-INFO-[tdms_reader_time.py:81]-使用实际采样间隔: 5e-06 秒
2025-10-17 10:11:07-INFO-[tdms_reader_time.py:123]-  已写入 200000/200000 行数据
2025-10-17 10:11:07-INFO-[tdms_reader_time.py:125]-已转换: 20250620193740.545447.tdms -> D:/Lab/process/2025.6.20/time\backwatering\20250620193740.545447.csv
2025-10-17 10:11:07-INFO-[tdms_reader_time.py:44]-开始处理文件: D:/Lab/raw/2025.6.20\backwatering\20250620193905.056522.tdms
2025-10-17 10:11:07-INFO-[tdms_reader_time.py:123]-  已写入 200000/200000 行数据
2025-10-17 10:11:07-INFO-[tdms_reader_time.py:125]-已转换: 20250620193746.344677.tdms -> D:/Lab/process/2025.6.20/time\backwatering\20250620193746.344677.csv
2025-10-17 10:11:07-INFO-[tdms_reader_time.py:72]-处理文件: 20250620193905.056522.tdms, 数据长度: 200000, 通道数: 16
2025-10-17 10:11:07-INFO-[tdms_reader_time.py:81]-使用实际采样间隔: 5e-06 秒
2025-10-17 10:11:07-INFO-[tdms_reader_time.py:44]-开始处理文件: D:/Lab/raw/2025.6.20\backwatering\20250620193907.982947.tdms
2025-10-17 10:11:07-INFO-[tdms_reader_time.py:123]-  已写入 200000/200000 行数据
2025-10-17 10:11:07-INFO-[tdms_reader_time.py:125]-已转换: 20250620193755.071010.tdms -> D:/Lab/process/2025.6.20/time\backwatering\20250620193755.071010.csv
2025-10-17 10:11:07-INFO-[tdms_reader_time.py:44]-开始处理文件: D:/Lab/raw/2025.6.20\backwatering\20250620193910.873333.tdms
2025-10-17 10:11:07-INFO-[tdms_reader_time.py:72]-处理文件: 20250620193907.982947.tdms, 数据长度: 200000, 通道数: 16
2025-10-17 10:11:07-INFO-[tdms_reader_time.py:81]-使用实际采样间隔: 5e-06 秒
2025-10-17 10:11:07-INFO-[tdms_reader_time.py:72]-处理文件: 20250620193910.873333.tdms, 数据长度: 200000, 通道数: 16
2025-10-17 10:11:07-INFO-[tdms_reader_time.py:81]-使用实际采样间隔: 5e-06 秒
2025-10-17 10:11:07-INFO-[tdms_reader_time.py:123]-  已写入 200000/200000 行数据
2025-10-17 10:11:07-INFO-[tdms_reader_time.py:125]-已转换: 20250620193743.417335.tdms -> D:/Lab/process/2025.6.20/time\backwatering\20250620193743.417335.csv
2025-10-17 10:11:07-INFO-[tdms_reader_time.py:44]-开始处理文件: D:/Lab/raw/2025.6.20\backwatering\20250620193913.800929.tdms
2025-10-17 10:11:07-INFO-[tdms_reader_time.py:123]-  已写入 200000/200000 行数据
2025-10-17 10:11:07-INFO-[tdms_reader_time.py:125]-已转换: 20250620193749.270337.tdms -> D:/Lab/process/2025.6.20/time\backwatering\20250620193749.270337.csv
2025-10-17 10:11:07-INFO-[tdms_reader_time.py:72]-处理文件: 20250620193913.800929.tdms, 数据长度: 200000, 通道数: 16
2025-10-17 10:11:07-INFO-[tdms_reader_time.py:81]-使用实际采样间隔: 5e-06 秒
2025-10-17 10:11:07-INFO-[tdms_reader_time.py:44]-开始处理文件: D:/Lab/raw/2025.6.20\backwatering\20250620193916.714522.tdms
2025-10-17 10:11:07-INFO-[tdms_reader_time.py:72]-处理文件: 20250620193916.714522.tdms, 数据长度: 200000, 通道数: 16
2025-10-17 10:11:07-INFO-[tdms_reader_time.py:81]-使用实际采样间隔: 5e-06 秒
2025-10-17 10:11:08-INFO-[tdms_reader_time.py:123]-  已写入 100000/200000 行数据
2025-10-17 10:11:09-INFO-[tdms_reader_time.py:123]-  已写入 100000/200000 行数据
2025-10-17 10:11:09-INFO-[tdms_reader_time.py:123]-  已写入 100000/200000 行数据
2025-10-17 10:11:09-INFO-[tdms_reader_time.py:123]-  已写入 100000/200000 行数据
2025-10-17 10:11:09-INFO-[tdms_reader_time.py:123]-  已写入 100000/200000 行数据
2025-10-17 10:11:09-INFO-[tdms_reader_time.py:123]-  已写入 100000/200000 行数据
2025-10-17 10:11:09-INFO-[tdms_reader_time.py:123]-  已写入 100000/200000 行数据
2025-10-17 10:11:09-INFO-[tdms_reader_time.py:123]-  已写入 100000/200000 行数据
2025-10-17 10:11:09-INFO-[tdms_reader_time.py:123]-  已写入 100000/200000 行数据
2025-10-17 10:11:09-INFO-[tdms_reader_time.py:123]-  已写入 100000/200000 行数据
2025-10-17 10:11:09-INFO-[tdms_reader_time.py:123]-  已写入 100000/200000 行数据
2025-10-17 10:11:09-INFO-[tdms_reader_time.py:123]-  已写入 100000/200000 行数据
2025-10-17 10:11:10-INFO-[tdms_reader_time.py:123]-  已写入 100000/200000 行数据
2025-10-17 10:11:10-INFO-[tdms_reader_time.py:123]-  已写入 100000/200000 行数据
2025-10-17 10:11:10-INFO-[tdms_reader_time.py:123]-  已写入 100000/200000 行数据
2025-10-17 10:11:10-INFO-[tdms_reader_time.py:123]-  已写入 100000/200000 行数据
2025-10-17 10:11:10-INFO-[tdms_reader_time.py:123]-  已写入 100000/200000 行数据
2025-10-17 10:11:10-INFO-[tdms_reader_time.py:123]-  已写入 100000/200000 行数据
2025-10-17 10:11:10-INFO-[tdms_reader_time.py:123]-  已写入 100000/200000 行数据
2025-10-17 10:11:10-INFO-[tdms_reader_time.py:123]-  已写入 100000/200000 行数据
2025-10-17 10:11:11-INFO-[tdms_reader_time.py:123]-  已写入 200000/200000 行数据
2025-10-17 10:11:11-INFO-[tdms_reader_time.py:125]-已转换: 20250620193757.946475.tdms -> D:/Lab/process/2025.6.20/time\backwatering\20250620193757.946475.csv
2025-10-17 10:11:11-INFO-[tdms_reader_time.py:44]-开始处理文件: D:/Lab/raw/2025.6.20\backwatering\20250620193919.648442.tdms
2025-10-17 10:11:11-INFO-[tdms_reader_time.py:72]-处理文件: 20250620193919.648442.tdms, 数据长度: 200000, 通道数: 16
2025-10-17 10:11:11-INFO-[tdms_reader_time.py:81]-使用实际采样间隔: 5e-06 秒
2025-10-17 10:11:11-INFO-[tdms_reader_time.py:123]-  已写入 100000/200000 行数据
2025-10-17 10:11:11-INFO-[tdms_reader_time.py:123]-  已写入 100000/200000 行数据
2025-10-17 10:11:11-INFO-[tdms_reader_time.py:123]-  已写入 100000/200000 行数据
2025-10-17 10:11:11-INFO-[tdms_reader_time.py:123]-  已写入 100000/200000 行数据
2025-10-17 10:11:11-INFO-[tdms_reader_time.py:123]-  已写入 100000/200000 行数据
2025-10-17 10:11:11-INFO-[tdms_reader_time.py:123]-  已写入 100000/200000 行数据
2025-10-17 10:11:11-INFO-[tdms_reader_time.py:123]-  已写入 100000/200000 行数据
2025-10-17 10:11:11-INFO-[tdms_reader_time.py:123]-  已写入 100000/200000 行数据
2025-10-17 10:11:11-INFO-[tdms_reader_time.py:123]-  已写入 200000/200000 行数据
2025-10-17 10:11:11-INFO-[tdms_reader_time.py:125]-已转换: 20250620193800.664447.tdms -> D:/Lab/process/2025.6.20/time\backwatering\20250620193800.664447.csv
2025-10-17 10:11:11-INFO-[tdms_reader_time.py:44]-开始处理文件: D:/Lab/raw/2025.6.20\backwatering\20250620193922.601949.tdms
2025-10-17 10:11:11-INFO-[tdms_reader_time.py:72]-处理文件: 20250620193922.601949.tdms, 数据长度: 200000, 通道数: 16
2025-10-17 10:11:11-INFO-[tdms_reader_time.py:81]-使用实际采样间隔: 5e-06 秒
2025-10-17 10:11:11-INFO-[tdms_reader_time.py:123]-  已写入 200000/200000 行数据
2025-10-17 10:11:11-INFO-[tdms_reader_time.py:125]-已转换: 20250620193803.575523.tdms -> D:/Lab/process/2025.6.20/time\backwatering\20250620193803.575523.csv
2025-10-17 10:11:11-INFO-[tdms_reader_time.py:44]-开始处理文件: D:/Lab/raw/2025.6.20\backwatering\20250620193925.583770.tdms
2025-10-17 10:11:11-INFO-[tdms_reader_time.py:123]-  已写入 200000/200000 行数据
2025-10-17 10:11:11-INFO-[tdms_reader_time.py:125]-已转换: 20250620193806.499762.tdms -> D:/Lab/process/2025.6.20/time\backwatering\20250620193806.499762.csv
2025-10-17 10:11:11-INFO-[tdms_reader_time.py:72]-处理文件: 20250620193925.583770.tdms, 数据长度: 200000, 通道数: 16
2025-10-17 10:11:11-INFO-[tdms_reader_time.py:81]-使用实际采样间隔: 5e-06 秒
2025-10-17 10:11:11-INFO-[tdms_reader_time.py:44]-开始处理文件: D:/Lab/raw/2025.6.20\backwatering\20250620193928.513572.tdms
2025-10-17 10:11:11-INFO-[tdms_reader_time.py:72]-处理文件: 20250620193928.513572.tdms, 数据长度: 200000, 通道数: 16
2025-10-17 10:11:11-INFO-[tdms_reader_time.py:81]-使用实际采样间隔: 5e-06 秒
2025-10-17 10:11:11-INFO-[tdms_reader_time.py:123]-  已写入 200000/200000 行数据
2025-10-17 10:11:11-INFO-[tdms_reader_time.py:125]-已转换: 20250620193809.385131.tdms -> D:/Lab/process/2025.6.20/time\backwatering\20250620193809.385131.csv
2025-10-17 10:11:11-INFO-[tdms_reader_time.py:44]-开始处理文件: D:/Lab/raw/2025.6.20\backwatering\20250620193931.418785.tdms
2025-10-17 10:11:12-INFO-[tdms_reader_time.py:72]-处理文件: 20250620193931.418785.tdms, 数据长度: 200000, 通道数: 16
2025-10-17 10:11:12-INFO-[tdms_reader_time.py:81]-使用实际采样间隔: 5e-06 秒
2025-10-17 10:11:12-INFO-[tdms_reader_time.py:123]-  已写入 200000/200000 行数据
2025-10-17 10:11:12-INFO-[tdms_reader_time.py:123]-  已写入 200000/200000 行数据
2025-10-17 10:11:12-INFO-[tdms_reader_time.py:125]-已转换: 20250620193818.229423.tdms -> D:/Lab/process/2025.6.20/time\backwatering\20250620193818.229423.csv
2025-10-17 10:11:12-INFO-[tdms_reader_time.py:125]-已转换: 20250620193827.003131.tdms -> D:/Lab/process/2025.6.20/time\backwatering\20250620193827.003131.csv
2025-10-17 10:11:12-INFO-[tdms_reader_time.py:44]-开始处理文件: D:/Lab/raw/2025.6.20\backwatering\20250620194609.324848.tdms
2025-10-17 10:11:12-INFO-[tdms_reader_time.py:44]-开始处理文件: D:/Lab/raw/2025.6.20\stopdirtyback\20250620203652.803200.tdms
2025-10-17 10:11:12-INFO-[tdms_reader_time.py:123]-  已写入 200000/200000 行数据
2025-10-17 10:11:12-INFO-[tdms_reader_time.py:125]-已转换: 20250620193824.039435.tdms -> D:/Lab/process/2025.6.20/time\backwatering\20250620193824.039435.csv
2025-10-17 10:11:12-INFO-[tdms_reader_time.py:72]-处理文件: 20250620203652.803200.tdms, 数据长度: 200000, 通道数: 16
2025-10-17 10:11:12-INFO-[tdms_reader_time.py:72]-处理文件: 20250620194609.324848.tdms, 数据长度: 200000, 通道数: 16
2025-10-17 10:11:12-INFO-[tdms_reader_time.py:81]-使用实际采样间隔: 5e-06 秒
2025-10-17 10:11:12-INFO-[tdms_reader_time.py:81]-使用实际采样间隔: 5e-06 秒
2025-10-17 10:11:12-INFO-[tdms_reader_time.py:44]-开始处理文件: D:/Lab/raw/2025.6.20\stopdirtyback\20250620203655.750625.tdms
2025-10-17 10:11:12-INFO-[tdms_reader_time.py:123]-  已写入 200000/200000 行数据
2025-10-17 10:11:12-INFO-[tdms_reader_time.py:125]-已转换: 20250620193812.362895.tdms -> D:/Lab/process/2025.6.20/time\backwatering\20250620193812.362895.csv
2025-10-17 10:11:12-INFO-[tdms_reader_time.py:123]-  已写入 200000/200000 行数据
2025-10-17 10:11:12-INFO-[tdms_reader_time.py:125]-已转换: 20250620193821.140393.tdms -> D:/Lab/process/2025.6.20/time\backwatering\20250620193821.140393.csv
2025-10-17 10:11:12-INFO-[tdms_reader_time.py:72]-处理文件: 20250620203655.750625.tdms, 数据长度: 200000, 通道数: 16
2025-10-17 10:11:12-INFO-[tdms_reader_time.py:44]-开始处理文件: D:/Lab/raw/2025.6.20\stopdirtyback\20250620203658.518572.tdms
2025-10-17 10:11:12-INFO-[tdms_reader_time.py:81]-使用实际采样间隔: 5e-06 秒
2025-10-17 10:11:12-INFO-[tdms_reader_time.py:44]-开始处理文件: D:/Lab/raw/2025.6.20\stopdirtyback\20250620203701.532839.tdms
2025-10-17 10:11:12-INFO-[tdms_reader_time.py:123]-  已写入 200000/200000 行数据
2025-10-17 10:11:12-INFO-[tdms_reader_time.py:125]-已转换: 20250620193815.303531.tdms -> D:/Lab/process/2025.6.20/time\backwatering\20250620193815.303531.csv
2025-10-17 10:11:12-INFO-[tdms_reader_time.py:72]-处理文件: 20250620203701.532839.tdms, 数据长度: 200000, 通道数: 16
2025-10-17 10:11:12-INFO-[tdms_reader_time.py:72]-处理文件: 20250620203658.518572.tdms, 数据长度: 200000, 通道数: 16
2025-10-17 10:11:12-INFO-[tdms_reader_time.py:81]-使用实际采样间隔: 5e-06 秒
2025-10-17 10:11:12-INFO-[tdms_reader_time.py:81]-使用实际采样间隔: 5e-06 秒
2025-10-17 10:11:12-INFO-[tdms_reader_time.py:44]-开始处理文件: D:/Lab/raw/2025.6.20\stopdirtyback\20250620203704.513334.tdms
2025-10-17 10:11:12-INFO-[tdms_reader_time.py:72]-处理文件: 20250620203704.513334.tdms, 数据长度: 200000, 通道数: 16
2025-10-17 10:11:12-INFO-[tdms_reader_time.py:81]-使用实际采样间隔: 5e-06 秒
2025-10-17 10:11:12-INFO-[tdms_reader_time.py:123]-  已写入 200000/200000 行数据
2025-10-17 10:11:12-INFO-[tdms_reader_time.py:125]-已转换: 20250620193832.870292.tdms -> D:/Lab/process/2025.6.20/time\backwatering\20250620193832.870292.csv
2025-10-17 10:11:12-INFO-[tdms_reader_time.py:44]-开始处理文件: D:/Lab/raw/2025.6.20\stopdirtyback\20250620203707.478189.tdms
2025-10-17 10:11:12-INFO-[tdms_reader_time.py:123]-  已写入 200000/200000 行数据
2025-10-17 10:11:12-INFO-[tdms_reader_time.py:125]-已转换: 20250620193829.938352.tdms -> D:/Lab/process/2025.6.20/time\backwatering\20250620193829.938352.csv
2025-10-17 10:11:12-INFO-[tdms_reader_time.py:72]-处理文件: 20250620203707.478189.tdms, 数据长度: 200000, 通道数: 16
2025-10-17 10:11:12-INFO-[tdms_reader_time.py:81]-使用实际采样间隔: 5e-06 秒
2025-10-17 10:11:12-INFO-[tdms_reader_time.py:44]-开始处理文件: D:/Lab/raw/2025.6.20\stopdirtyback\20250620203710.409991.tdms
2025-10-17 10:11:12-INFO-[tdms_reader_time.py:123]-  已写入 200000/200000 行数据
2025-10-17 10:11:12-INFO-[tdms_reader_time.py:125]-已转换: 20250620193838.664452.tdms -> D:/Lab/process/2025.6.20/time\backwatering\20250620193838.664452.csv
2025-10-17 10:11:12-INFO-[tdms_reader_time.py:72]-处理文件: 20250620203710.409991.tdms, 数据长度: 200000, 通道数: 16
2025-10-17 10:11:12-INFO-[tdms_reader_time.py:81]-使用实际采样间隔: 5e-06 秒
2025-10-17 10:11:12-INFO-[tdms_reader_time.py:44]-开始处理文件: D:/Lab/raw/2025.6.20\stopdirtyback\20250620203713.390256.tdms
2025-10-17 10:11:12-INFO-[tdms_reader_time.py:72]-处理文件: 20250620203713.390256.tdms, 数据长度: 200000, 通道数: 16
2025-10-17 10:11:12-INFO-[tdms_reader_time.py:81]-使用实际采样间隔: 5e-06 秒
2025-10-17 10:11:12-INFO-[tdms_reader_time.py:123]-  已写入 200000/200000 行数据
2025-10-17 10:11:12-INFO-[tdms_reader_time.py:125]-已转换: 20250620193835.769193.tdms -> D:/Lab/process/2025.6.20/time\backwatering\20250620193835.769193.csv
2025-10-17 10:11:12-INFO-[tdms_reader_time.py:44]-开始处理文件: D:/Lab/raw/2025.6.20\stopdirtyback\20250620203716.299159.tdms
2025-10-17 10:11:12-INFO-[tdms_reader_time.py:72]-处理文件: 20250620203716.299159.tdms, 数据长度: 200000, 通道数: 16
2025-10-17 10:11:12-INFO-[tdms_reader_time.py:81]-使用实际采样间隔: 5e-06 秒
2025-10-17 10:11:12-INFO-[tdms_reader_time.py:123]-  已写入 200000/200000 行数据
2025-10-17 10:11:12-INFO-[tdms_reader_time.py:125]-已转换: 20250620193844.533171.tdms -> D:/Lab/process/2025.6.20/time\backwatering\20250620193844.533171.csv
2025-10-17 10:11:12-INFO-[tdms_reader_time.py:123]-  已写入 200000/200000 行数据
2025-10-17 10:11:12-INFO-[tdms_reader_time.py:44]-开始处理文件: D:/Lab/raw/2025.6.20\stopdirtyback\20250620203719.208527.tdms
2025-10-17 10:11:12-INFO-[tdms_reader_time.py:125]-已转换: 20250620193841.584246.tdms -> D:/Lab/process/2025.6.20/time\backwatering\20250620193841.584246.csv
2025-10-17 10:11:12-INFO-[tdms_reader_time.py:44]-开始处理文件: D:/Lab/raw/2025.6.20\stopdirtyback\20250620203722.132566.tdms
2025-10-17 10:11:12-INFO-[tdms_reader_time.py:123]-  已写入 200000/200000 行数据
2025-10-17 10:11:12-INFO-[tdms_reader_time.py:125]-已转换: 20250620193850.400394.tdms -> D:/Lab/process/2025.6.20/time\backwatering\20250620193850.400394.csv
2025-10-17 10:11:12-INFO-[tdms_reader_time.py:72]-处理文件: 20250620203719.208527.tdms, 数据长度: 200000, 通道数: 16
2025-10-17 10:11:12-INFO-[tdms_reader_time.py:81]-使用实际采样间隔: 5e-06 秒
2025-10-17 10:11:12-INFO-[tdms_reader_time.py:44]-开始处理文件: D:/Lab/raw/2025.6.20\stopdirtyback\20250620203725.055667.tdms
2025-10-17 10:11:12-INFO-[tdms_reader_time.py:72]-处理文件: 20250620203722.132566.tdms, 数据长度: 200000, 通道数: 16
2025-10-17 10:11:12-INFO-[tdms_reader_time.py:81]-使用实际采样间隔: 5e-06 秒
2025-10-17 10:11:12-INFO-[tdms_reader_time.py:72]-处理文件: 20250620203725.055667.tdms, 数据长度: 200000, 通道数: 16
2025-10-17 10:11:12-INFO-[tdms_reader_time.py:123]-  已写入 200000/200000 行数据
2025-10-17 10:11:12-INFO-[tdms_reader_time.py:81]-使用实际采样间隔: 5e-06 秒
2025-10-17 10:11:12-INFO-[tdms_reader_time.py:125]-已转换: 20250620193847.466852.tdms -> D:/Lab/process/2025.6.20/time\backwatering\20250620193847.466852.csv
2025-10-17 10:11:12-INFO-[tdms_reader_time.py:123]-  已写入 200000/200000 行数据
2025-10-17 10:11:12-INFO-[tdms_reader_time.py:125]-已转换: 20250620193853.345024.tdms -> D:/Lab/process/2025.6.20/time\backwatering\20250620193853.345024.csv
2025-10-17 10:11:12-INFO-[tdms_reader_time.py:44]-开始处理文件: D:/Lab/raw/2025.6.20\stopdirtyback\20250620203727.976887.tdms
2025-10-17 10:11:12-INFO-[tdms_reader_time.py:44]-开始处理文件: D:/Lab/raw/2025.6.20\stopdirtyback\20250620203730.949081.tdms
2025-10-17 10:11:12-INFO-[tdms_reader_time.py:72]-处理文件: 20250620203727.976887.tdms, 数据长度: 200000, 通道数: 16
2025-10-17 10:11:12-INFO-[tdms_reader_time.py:72]-处理文件: 20250620203730.949081.tdms, 数据长度: 200000, 通道数: 16
2025-10-17 10:11:12-INFO-[tdms_reader_time.py:81]-使用实际采样间隔: 5e-06 秒
2025-10-17 10:11:12-INFO-[tdms_reader_time.py:81]-使用实际采样间隔: 5e-06 秒
2025-10-17 10:11:13-INFO-[tdms_reader_time.py:123]-  已写入 200000/200000 行数据
2025-10-17 10:11:13-INFO-[tdms_reader_time.py:125]-已转换: 20250620193856.225711.tdms -> D:/Lab/process/2025.6.20/time\backwatering\20250620193856.225711.csv
2025-10-17 10:11:13-INFO-[tdms_reader_time.py:44]-开始处理文件: D:/Lab/raw/2025.6.20\stopdirtyback\20250620203733.850068.tdms
2025-10-17 10:11:13-INFO-[tdms_reader_time.py:72]-处理文件: 20250620203733.850068.tdms, 数据长度: 200000, 通道数: 16
2025-10-17 10:11:13-INFO-[tdms_reader_time.py:81]-使用实际采样间隔: 5e-06 秒
2025-10-17 10:11:13-INFO-[tdms_reader_time.py:123]-  已写入 200000/200000 行数据
2025-10-17 10:11:13-INFO-[tdms_reader_time.py:125]-已转换: 20250620193910.873333.tdms -> D:/Lab/process/2025.6.20/time\backwatering\20250620193910.873333.csv
2025-10-17 10:11:13-INFO-[tdms_reader_time.py:44]-开始处理文件: D:/Lab/raw/2025.6.20\stopdirtyback\20250620203736.809154.tdms
2025-10-17 10:11:13-INFO-[tdms_reader_time.py:123]-  已写入 200000/200000 行数据
2025-10-17 10:11:13-INFO-[tdms_reader_time.py:125]-已转换: 20250620193859.168055.tdms -> D:/Lab/process/2025.6.20/time\backwatering\20250620193859.168055.csv
2025-10-17 10:11:14-INFO-[tdms_reader_time.py:72]-处理文件: 20250620203736.809154.tdms, 数据长度: 200000, 通道数: 16
2025-10-17 10:11:14-INFO-[tdms_reader_time.py:44]-开始处理文件: D:/Lab/raw/2025.6.20\stopdirtyback\20250620203739.731672.tdms
2025-10-17 10:11:14-INFO-[tdms_reader_time.py:81]-使用实际采样间隔: 5e-06 秒
2025-10-17 10:11:14-INFO-[tdms_reader_time.py:123]-  已写入 200000/200000 行数据
2025-10-17 10:11:14-INFO-[tdms_reader_time.py:125]-已转换: 20250620193902.126579.tdms -> D:/Lab/process/2025.6.20/time\backwatering\20250620193902.126579.csv
2025-10-17 10:11:14-INFO-[tdms_reader_time.py:123]-  已写入 200000/200000 行数据
2025-10-17 10:11:14-INFO-[tdms_reader_time.py:125]-已转换: 20250620193905.056522.tdms -> D:/Lab/process/2025.6.20/time\backwatering\20250620193905.056522.csv
2025-10-17 10:11:14-INFO-[tdms_reader_time.py:72]-处理文件: 20250620203739.731672.tdms, 数据长度: 200000, 通道数: 16
2025-10-17 10:11:14-INFO-[tdms_reader_time.py:81]-使用实际采样间隔: 5e-06 秒
2025-10-17 10:11:14-INFO-[tdms_reader_time.py:44]-开始处理文件: D:/Lab/raw/2025.6.20\stopdirtyback\20250620203742.636087.tdms
2025-10-17 10:11:14-INFO-[tdms_reader_time.py:44]-开始处理文件: D:/Lab/raw/2025.6.20\stopdirtyback\20250620203745.567957.tdms
2025-10-17 10:11:14-INFO-[tdms_reader_time.py:72]-处理文件: 20250620203742.636087.tdms, 数据长度: 200000, 通道数: 16
2025-10-17 10:11:14-INFO-[tdms_reader_time.py:81]-使用实际采样间隔: 5e-06 秒
2025-10-17 10:11:14-INFO-[tdms_reader_time.py:123]-  已写入 200000/200000 行数据
2025-10-17 10:11:14-INFO-[tdms_reader_time.py:125]-已转换: 20250620193907.982947.tdms -> D:/Lab/process/2025.6.20/time\backwatering\20250620193907.982947.csv
2025-10-17 10:11:14-INFO-[tdms_reader_time.py:72]-处理文件: 20250620203745.567957.tdms, 数据长度: 200000, 通道数: 16
2025-10-17 10:11:14-INFO-[tdms_reader_time.py:81]-使用实际采样间隔: 5e-06 秒
2025-10-17 10:11:14-INFO-[tdms_reader_time.py:44]-开始处理文件: D:/Lab/raw/2025.6.20\stopdirtyback\20250620203748.493319.tdms
2025-10-17 10:11:14-INFO-[tdms_reader_time.py:72]-处理文件: 20250620203748.493319.tdms, 数据长度: 200000, 通道数: 16
2025-10-17 10:11:14-INFO-[tdms_reader_time.py:81]-使用实际采样间隔: 5e-06 秒
2025-10-17 10:11:14-INFO-[tdms_reader_time.py:123]-  已写入 200000/200000 行数据
2025-10-17 10:11:14-INFO-[tdms_reader_time.py:125]-已转换: 20250620193913.800929.tdms -> D:/Lab/process/2025.6.20/time\backwatering\20250620193913.800929.csv
2025-10-17 10:11:14-INFO-[tdms_reader_time.py:44]-开始处理文件: D:/Lab/raw/2025.6.20\stopdirtyback\20250620203751.394046.tdms
2025-10-17 10:11:14-INFO-[tdms_reader_time.py:72]-处理文件: 20250620203751.394046.tdms, 数据长度: 200000, 通道数: 16
2025-10-17 10:11:14-INFO-[tdms_reader_time.py:81]-使用实际采样间隔: 5e-06 秒
2025-10-17 10:11:14-INFO-[tdms_reader_time.py:123]-  已写入 200000/200000 行数据
2025-10-17 10:11:14-INFO-[tdms_reader_time.py:125]-已转换: 20250620193916.714522.tdms -> D:/Lab/process/2025.6.20/time\backwatering\20250620193916.714522.csv
2025-10-17 10:11:14-INFO-[tdms_reader_time.py:44]-开始处理文件: D:/Lab/raw/2025.6.20\stopdirtyback\20250620203754.381011.tdms
2025-10-17 10:11:14-INFO-[tdms_reader_time.py:72]-处理文件: 20250620203754.381011.tdms, 数据长度: 200000, 通道数: 16
2025-10-17 10:11:14-INFO-[tdms_reader_time.py:81]-使用实际采样间隔: 5e-06 秒
2025-10-17 10:11:15-INFO-[tdms_reader_time.py:123]-  已写入 100000/200000 行数据
2025-10-17 10:11:15-INFO-[tdms_reader_time.py:123]-  已写入 100000/200000 行数据
2025-10-17 10:11:15-INFO-[tdms_reader_time.py:123]-  已写入 100000/200000 行数据
2025-10-17 10:11:15-INFO-[tdms_reader_time.py:123]-  已写入 100000/200000 行数据
2025-10-17 10:11:15-INFO-[tdms_reader_time.py:123]-  已写入 100000/200000 行数据
2025-10-17 10:11:15-INFO-[tdms_reader_time.py:123]-  已写入 100000/200000 行数据
2025-10-17 10:11:15-INFO-[tdms_reader_time.py:123]-  已写入 100000/200000 行数据
2025-10-17 10:11:15-INFO-[tdms_reader_time.py:123]-  已写入 100000/200000 行数据
2025-10-17 10:11:15-INFO-[tdms_reader_time.py:123]-  已写入 100000/200000 行数据
2025-10-17 10:11:15-INFO-[tdms_reader_time.py:123]-  已写入 100000/200000 行数据
2025-10-17 10:11:15-INFO-[tdms_reader_time.py:123]-  已写入 100000/200000 行数据
2025-10-17 10:11:15-INFO-[tdms_reader_time.py:123]-  已写入 100000/200000 行数据
2025-10-17 10:11:15-INFO-[tdms_reader_time.py:123]-  已写入 100000/200000 行数据
2025-10-17 10:11:16-INFO-[tdms_reader_time.py:123]-  已写入 100000/200000 行数据
2025-10-17 10:11:16-INFO-[tdms_reader_time.py:123]-  已写入 100000/200000 行数据
2025-10-17 10:11:16-INFO-[tdms_reader_time.py:123]-  已写入 100000/200000 行数据
2025-10-17 10:11:16-INFO-[tdms_reader_time.py:123]-  已写入 100000/200000 行数据
2025-10-17 10:11:16-INFO-[tdms_reader_time.py:123]-  已写入 100000/200000 行数据
2025-10-17 10:11:16-INFO-[tdms_reader_time.py:123]-  已写入 100000/200000 行数据
2025-10-17 10:11:16-INFO-[tdms_reader_time.py:123]-  已写入 100000/200000 行数据
2025-10-17 10:11:17-INFO-[tdms_reader_time.py:123]-  已写入 100000/200000 行数据
2025-10-17 10:11:17-INFO-[tdms_reader_time.py:123]-  已写入 100000/200000 行数据
2025-10-17 10:11:17-INFO-[tdms_reader_time.py:123]-  已写入 200000/200000 行数据
2025-10-17 10:11:17-INFO-[tdms_reader_time.py:125]-已转换: 20250620203701.532839.tdms -> D:/Lab/process/2025.6.20/time\stopdirtyback\20250620203701.532839.csv
2025-10-17 10:11:17-INFO-[tdms_reader_time.py:123]-  已写入 200000/200000 行数据
2025-10-17 10:11:17-INFO-[tdms_reader_time.py:125]-已转换: 20250620194609.324848.tdms -> D:/Lab/process/2025.6.20/time\backwatering\20250620194609.324848.csv
2025-10-17 10:11:17-INFO-[tdms_reader_time.py:44]-开始处理文件: D:/Lab/raw/2025.6.20\stopdirtyback\20250620203757.355624.tdms
2025-10-17 10:11:17-INFO-[tdms_reader_time.py:44]-开始处理文件: D:/Lab/raw/2025.6.20\stopdirtyback\20250620203800.231357.tdms
2025-10-17 10:11:17-INFO-[tdms_reader_time.py:72]-处理文件: 20250620203757.355624.tdms, 数据长度: 200000, 通道数: 16
2025-10-17 10:11:17-INFO-[tdms_reader_time.py:123]-  已写入 100000/200000 行数据
2025-10-17 10:11:17-INFO-[tdms_reader_time.py:81]-使用实际采样间隔: 5e-06 秒
2025-10-17 10:11:17-INFO-[tdms_reader_time.py:123]-  已写入 200000/200000 行数据
2025-10-17 10:11:17-INFO-[tdms_reader_time.py:72]-处理文件: 20250620203800.231357.tdms, 数据长度: 200000, 通道数: 16
2025-10-17 10:11:17-INFO-[tdms_reader_time.py:81]-使用实际采样间隔: 5e-06 秒
2025-10-17 10:11:17-INFO-[tdms_reader_time.py:125]-已转换: 20250620203655.750625.tdms -> D:/Lab/process/2025.6.20/time\stopdirtyback\20250620203655.750625.csv
2025-10-17 10:11:17-INFO-[tdms_reader_time.py:123]-  已写入 200000/200000 行数据
2025-10-17 10:11:17-INFO-[tdms_reader_time.py:125]-已转换: 20250620203652.803200.tdms -> D:/Lab/process/2025.6.20/time\stopdirtyback\20250620203652.803200.csv
2025-10-17 10:11:17-INFO-[tdms_reader_time.py:44]-开始处理文件: D:/Lab/raw/2025.6.20\test\20250620193223.119184.tdms
2025-10-17 10:11:17-INFO-[tdms_reader_time.py:44]-开始处理文件: D:/Lab/raw/2025.6.20\test\20250620193226.144821.tdms
2025-10-17 10:11:17-INFO-[tdms_reader_time.py:72]-处理文件: 20250620193223.119184.tdms, 数据长度: 200000, 通道数: 16
2025-10-17 10:11:17-INFO-[tdms_reader_time.py:81]-使用实际采样间隔: 5e-06 秒
2025-10-17 10:11:17-INFO-[tdms_reader_time.py:123]-  已写入 100000/200000 行数据
2025-10-17 10:11:17-INFO-[tdms_reader_time.py:72]-处理文件: 20250620193226.144821.tdms, 数据长度: 200000, 通道数: 16
2025-10-17 10:11:17-INFO-[tdms_reader_time.py:81]-使用实际采样间隔: 5e-06 秒
2025-10-17 10:11:17-INFO-[tdms_reader_time.py:123]-  已写入 100000/200000 行数据
2025-10-17 10:11:17-INFO-[tdms_reader_time.py:123]-  已写入 100000/200000 行数据
2025-10-17 10:11:17-INFO-[tdms_reader_time.py:123]-  已写入 200000/200000 行数据
2025-10-17 10:11:17-INFO-[tdms_reader_time.py:125]-已转换: 20250620203658.518572.tdms -> D:/Lab/process/2025.6.20/time\stopdirtyback\20250620203658.518572.csv
2025-10-17 10:11:17-INFO-[tdms_reader_time.py:44]-开始处理文件: D:/Lab/raw/2025.6.20\test\20250620193229.092219.tdms
2025-10-17 10:11:17-INFO-[tdms_reader_time.py:72]-处理文件: 20250620193229.092219.tdms, 数据长度: 200000, 通道数: 16
2025-10-17 10:11:17-INFO-[tdms_reader_time.py:81]-使用实际采样间隔: 5e-06 秒
2025-10-17 10:11:17-INFO-[tdms_reader_time.py:123]-  已写入 100000/200000 行数据
2025-10-17 10:11:17-INFO-[tdms_reader_time.py:123]-  已写入 200000/200000 行数据
2025-10-17 10:11:17-INFO-[tdms_reader_time.py:125]-已转换: 20250620203704.513334.tdms -> D:/Lab/process/2025.6.20/time\stopdirtyback\20250620203704.513334.csv
2025-10-17 10:11:17-INFO-[tdms_reader_time.py:123]-  已写入 200000/200000 行数据
2025-10-17 10:11:17-INFO-[tdms_reader_time.py:125]-已转换: 20250620203707.478189.tdms -> D:/Lab/process/2025.6.20/time\stopdirtyback\20250620203707.478189.csv
2025-10-17 10:11:17-INFO-[tdms_reader_time.py:44]-开始处理文件: D:/Lab/raw/2025.6.20\test\20250620193232.047310.tdms
2025-10-17 10:11:17-INFO-[tdms_reader_time.py:44]-开始处理文件: D:/Lab/raw/2025.6.20\test\20250620193234.988384.tdms
2025-10-17 10:11:17-INFO-[tdms_reader_time.py:123]-  已写入 200000/200000 行数据
2025-10-17 10:11:17-INFO-[tdms_reader_time.py:125]-已转换: 20250620203713.390256.tdms -> D:/Lab/process/2025.6.20/time\stopdirtyback\20250620203713.390256.csv
2025-10-17 10:11:17-INFO-[tdms_reader_time.py:72]-处理文件: 20250620193232.047310.tdms, 数据长度: 200000, 通道数: 16
2025-10-17 10:11:17-INFO-[tdms_reader_time.py:81]-使用实际采样间隔: 5e-06 秒
2025-10-17 10:11:17-INFO-[tdms_reader_time.py:72]-处理文件: 20250620193234.988384.tdms, 数据长度: 200000, 通道数: 16
2025-10-17 10:11:17-INFO-[tdms_reader_time.py:44]-开始处理文件: D:/Lab/raw/2025.6.20\test\20250620193237.935547.tdms
2025-10-17 10:11:17-INFO-[tdms_reader_time.py:81]-使用实际采样间隔: 5e-06 秒
2025-10-17 10:11:17-INFO-[tdms_reader_time.py:72]-处理文件: 20250620193237.935547.tdms, 数据长度: 200000, 通道数: 16
2025-10-17 10:11:17-INFO-[tdms_reader_time.py:81]-使用实际采样间隔: 5e-06 秒
2025-10-17 10:11:17-INFO-[tdms_reader_time.py:123]-  已写入 200000/200000 行数据
2025-10-17 10:11:17-INFO-[tdms_reader_time.py:125]-已转换: 20250620203710.409991.tdms -> D:/Lab/process/2025.6.20/time\stopdirtyback\20250620203710.409991.csv
2025-10-17 10:11:17-INFO-[tdms_reader_time.py:44]-开始处理文件: D:/Lab/raw/2025.6.20\test\20250620193240.864516.tdms
2025-10-17 10:11:17-INFO-[tdms_reader_time.py:72]-处理文件: 20250620193240.864516.tdms, 数据长度: 200000, 通道数: 16
2025-10-17 10:11:17-INFO-[tdms_reader_time.py:123]-  已写入 200000/200000 行数据
2025-10-17 10:11:17-INFO-[tdms_reader_time.py:81]-使用实际采样间隔: 5e-06 秒
2025-10-17 10:11:17-INFO-[tdms_reader_time.py:123]-  已写入 100000/200000 行数据
2025-10-17 10:11:17-INFO-[tdms_reader_time.py:123]-  已写入 200000/200000 行数据
2025-10-17 10:11:17-INFO-[tdms_reader_time.py:125]-已转换: 20250620203719.208527.tdms -> D:/Lab/process/2025.6.20/time\stopdirtyback\20250620203719.208527.csv
2025-10-17 10:11:17-INFO-[tdms_reader_time.py:123]-  已写入 200000/200000 行数据
2025-10-17 10:11:17-INFO-[tdms_reader_time.py:125]-已转换: 20250620203725.055667.tdms -> D:/Lab/process/2025.6.20/time\stopdirtyback\20250620203725.055667.csv
2025-10-17 10:11:17-INFO-[tdms_reader_time.py:44]-开始处理文件: D:/Lab/raw/2025.6.20\test\20250620193243.809867.tdms
2025-10-17 10:11:17-INFO-[tdms_reader_time.py:125]-已转换: 20250620203716.299159.tdms -> D:/Lab/process/2025.6.20/time\stopdirtyback\20250620203716.299159.csv
2025-10-17 10:11:17-INFO-[tdms_reader_time.py:44]-开始处理文件: D:/Lab/raw/2025.6.20\test\20250620193246.763908.tdms
2025-10-17 10:11:17-INFO-[tdms_reader_time.py:123]-  已写入 200000/200000 行数据
2025-10-17 10:11:17-INFO-[tdms_reader_time.py:123]-  已写入 200000/200000 行数据
2025-10-17 10:11:17-INFO-[tdms_reader_time.py:72]-处理文件: 20250620193243.809867.tdms, 数据长度: 200000, 通道数: 16
2025-10-17 10:11:17-INFO-[tdms_reader_time.py:125]-已转换: 20250620193919.648442.tdms -> D:/Lab/process/2025.6.20/time\backwatering\20250620193919.648442.csv
2025-10-17 10:11:17-INFO-[tdms_reader_time.py:44]-开始处理文件: D:/Lab/raw/2025.6.20\test\20250620193249.732466.tdms
2025-10-17 10:11:17-INFO-[tdms_reader_time.py:125]-已转换: 20250620203722.132566.tdms -> D:/Lab/process/2025.6.20/time\stopdirtyback\20250620203722.132566.csv
2025-10-17 10:11:17-INFO-[tdms_reader_time.py:81]-使用实际采样间隔: 5e-06 秒
2025-10-17 10:11:17-INFO-[tdms_reader_time.py:44]-开始处理文件: D:/Lab/raw/2025.6.20\test\20250620193252.662583.tdms
2025-10-17 10:11:17-INFO-[tdms_reader_time.py:72]-处理文件: 20250620193246.763908.tdms, 数据长度: 200000, 通道数: 16
2025-10-17 10:11:17-INFO-[tdms_reader_time.py:44]-开始处理文件: D:/Lab/raw/2025.6.20\test\20250620193255.616210.tdms
2025-10-17 10:11:17-INFO-[tdms_reader_time.py:81]-使用实际采样间隔: 5e-06 秒
2025-10-17 10:11:17-INFO-[tdms_reader_time.py:72]-处理文件: 20250620193249.732466.tdms, 数据长度: 200000, 通道数: 16
2025-10-17 10:11:17-INFO-[tdms_reader_time.py:81]-使用实际采样间隔: 5e-06 秒
2025-10-17 10:11:17-INFO-[tdms_reader_time.py:72]-处理文件: 20250620193252.662583.tdms, 数据长度: 200000, 通道数: 16
2025-10-17 10:11:17-INFO-[tdms_reader_time.py:81]-使用实际采样间隔: 5e-06 秒
2025-10-17 10:11:17-INFO-[tdms_reader_time.py:72]-处理文件: 20250620193255.616210.tdms, 数据长度: 200000, 通道数: 16
2025-10-17 10:11:17-INFO-[tdms_reader_time.py:81]-使用实际采样间隔: 5e-06 秒
2025-10-17 10:11:18-INFO-[tdms_reader_time.py:123]-  已写入 200000/200000 行数据
2025-10-17 10:11:18-INFO-[tdms_reader_time.py:125]-已转换: 20250620203727.976887.tdms -> D:/Lab/process/2025.6.20/time\stopdirtyback\20250620203727.976887.csv
2025-10-17 10:11:18-INFO-[tdms_reader_time.py:44]-开始处理文件: D:/Lab/raw/2025.6.20\test\20250620193258.574172.tdms
2025-10-17 10:11:18-INFO-[tdms_reader_time.py:72]-处理文件: 20250620193258.574172.tdms, 数据长度: 200000, 通道数: 16
2025-10-17 10:11:18-INFO-[tdms_reader_time.py:81]-使用实际采样间隔: 5e-06 秒
2025-10-17 10:11:18-INFO-[tdms_reader_time.py:123]-  已写入 200000/200000 行数据
2025-10-17 10:11:18-INFO-[tdms_reader_time.py:125]-已转换: 20250620203730.949081.tdms -> D:/Lab/process/2025.6.20/time\stopdirtyback\20250620203730.949081.csv
2025-10-17 10:11:18-INFO-[tdms_reader_time.py:44]-开始处理文件: D:/Lab/raw/2025.6.20\test\20250620193301.508846.tdms
2025-10-17 10:11:18-INFO-[tdms_reader_time.py:72]-处理文件: 20250620193301.508846.tdms, 数据长度: 200000, 通道数: 16
2025-10-17 10:11:18-INFO-[tdms_reader_time.py:81]-使用实际采样间隔: 5e-06 秒
2025-10-17 10:11:18-INFO-[tdms_reader_time.py:123]-  已写入 200000/200000 行数据
2025-10-17 10:11:18-INFO-[tdms_reader_time.py:125]-已转换: 20250620193925.583770.tdms -> D:/Lab/process/2025.6.20/time\backwatering\20250620193925.583770.csv
2025-10-17 10:11:18-INFO-[tdms_reader_time.py:123]-  已写入 200000/200000 行数据
2025-10-17 10:11:18-INFO-[tdms_reader_time.py:125]-已转换: 20250620193928.513572.tdms -> D:/Lab/process/2025.6.20/time\backwatering\20250620193928.513572.csv
2025-10-17 10:11:18-INFO-[tdms_reader_time.py:44]-开始处理文件: D:/Lab/raw/2025.6.20\test\20250620193304.484258.tdms
2025-10-17 10:11:18-INFO-[tdms_reader_time.py:44]-开始处理文件: D:/Lab/raw/2025.6.20\test\20250620193307.430461.tdms
2025-10-17 10:11:18-INFO-[tdms_reader_time.py:72]-处理文件: 20250620193304.484258.tdms, 数据长度: 200000, 通道数: 16
2025-10-17 10:11:18-INFO-[tdms_reader_time.py:81]-使用实际采样间隔: 5e-06 秒
2025-10-17 10:11:18-INFO-[tdms_reader_time.py:72]-处理文件: 20250620193307.430461.tdms, 数据长度: 200000, 通道数: 16
2025-10-17 10:11:18-INFO-[tdms_reader_time.py:81]-使用实际采样间隔: 5e-06 秒
2025-10-17 10:11:18-INFO-[tdms_reader_time.py:123]-  已写入 200000/200000 行数据
2025-10-17 10:11:18-INFO-[tdms_reader_time.py:125]-已转换: 20250620193922.601949.tdms -> D:/Lab/process/2025.6.20/time\backwatering\20250620193922.601949.csv
2025-10-17 10:11:18-INFO-[tdms_reader_time.py:44]-开始处理文件: D:/Lab/raw/2025.6.20\test\20250620193310.390563.tdms
2025-10-17 10:11:18-INFO-[tdms_reader_time.py:123]-  已写入 200000/200000 行数据
2025-10-17 10:11:18-INFO-[tdms_reader_time.py:125]-已转换: 20250620193931.418785.tdms -> D:/Lab/process/2025.6.20/time\backwatering\20250620193931.418785.csv
2025-10-17 10:11:18-INFO-[tdms_reader_time.py:72]-处理文件: 20250620193310.390563.tdms, 数据长度: 200000, 通道数: 16
2025-10-17 10:11:18-INFO-[tdms_reader_time.py:81]-使用实际采样间隔: 5e-06 秒
2025-10-17 10:11:18-INFO-[tdms_reader_time.py:44]-开始处理文件: D:/Lab/raw/2025.6.20\test\20250620193313.360571.tdms
2025-10-17 10:11:18-INFO-[tdms_reader_time.py:72]-处理文件: 20250620193313.360571.tdms, 数据长度: 200000, 通道数: 16
2025-10-17 10:11:18-INFO-[tdms_reader_time.py:81]-使用实际采样间隔: 5e-06 秒
2025-10-17 10:11:19-INFO-[tdms_reader_time.py:123]-  已写入 200000/200000 行数据
2025-10-17 10:11:19-INFO-[tdms_reader_time.py:125]-已转换: 20250620203733.850068.tdms -> D:/Lab/process/2025.6.20/time\stopdirtyback\20250620203733.850068.csv
2025-10-17 10:11:19-INFO-[tdms_reader_time.py:44]-开始处理文件: D:/Lab/raw/2025.6.20\test\20250620193316.385404.tdms
2025-10-17 10:11:19-INFO-[tdms_reader_time.py:72]-处理文件: 20250620193316.385404.tdms, 数据长度: 200000, 通道数: 16
2025-10-17 10:11:19-INFO-[tdms_reader_time.py:81]-使用实际采样间隔: 5e-06 秒
2025-10-17 10:11:19-INFO-[tdms_reader_time.py:123]-  已写入 200000/200000 行数据
2025-10-17 10:11:19-INFO-[tdms_reader_time.py:125]-已转换: 20250620203736.809154.tdms -> D:/Lab/process/2025.6.20/time\stopdirtyback\20250620203736.809154.csv
2025-10-17 10:11:19-INFO-[tdms_reader_time.py:44]-开始处理文件: D:/Lab/raw/2025.6.20\test\20250620193319.359090.tdms
2025-10-17 10:11:19-INFO-[tdms_reader_time.py:72]-处理文件: 20250620193319.359090.tdms, 数据长度: 200000, 通道数: 16
2025-10-17 10:11:19-INFO-[tdms_reader_time.py:81]-使用实际采样间隔: 5e-06 秒
2025-10-17 10:11:19-INFO-[tdms_reader_time.py:123]-  已写入 200000/200000 行数据
2025-10-17 10:11:19-INFO-[tdms_reader_time.py:125]-已转换: 20250620203739.731672.tdms -> D:/Lab/process/2025.6.20/time\stopdirtyback\20250620203739.731672.csv
2025-10-17 10:11:19-INFO-[tdms_reader_time.py:123]-  已写入 200000/200000 行数据
2025-10-17 10:11:19-INFO-[tdms_reader_time.py:125]-已转换: 20250620203745.567957.tdms -> D:/Lab/process/2025.6.20/time\stopdirtyback\20250620203745.567957.csv
2025-10-17 10:11:19-INFO-[tdms_reader_time.py:44]-开始处理文件: D:/Lab/raw/2025.6.20\test\20250620193322.349448.tdms
2025-10-17 10:11:19-INFO-[tdms_reader_time.py:44]-开始处理文件: D:/Lab/raw/2025.6.20\test\20250620193325.269995.tdms
2025-10-17 10:11:19-INFO-[tdms_reader_time.py:72]-处理文件: 20250620193322.349448.tdms, 数据长度: 200000, 通道数: 16
2025-10-17 10:11:19-INFO-[tdms_reader_time.py:81]-使用实际采样间隔: 5e-06 秒
2025-10-17 10:11:19-INFO-[tdms_reader_time.py:72]-处理文件: 20250620193325.269995.tdms, 数据长度: 200000, 通道数: 16
2025-10-17 10:11:19-INFO-[tdms_reader_time.py:81]-使用实际采样间隔: 5e-06 秒
2025-10-17 10:11:19-INFO-[tdms_reader_time.py:123]-  已写入 200000/200000 行数据
2025-10-17 10:11:19-INFO-[tdms_reader_time.py:123]-  已写入 200000/200000 行数据
2025-10-17 10:11:19-INFO-[tdms_reader_time.py:125]-已转换: 20250620203748.493319.tdms -> D:/Lab/process/2025.6.20/time\stopdirtyback\20250620203748.493319.csv
2025-10-17 10:11:19-INFO-[tdms_reader_time.py:125]-已转换: 20250620203742.636087.tdms -> D:/Lab/process/2025.6.20/time\stopdirtyback\20250620203742.636087.csv
2025-10-17 10:11:19-INFO-[tdms_reader_time.py:123]-  已写入 200000/200000 行数据
2025-10-17 10:11:19-INFO-[tdms_reader_time.py:125]-已转换: 20250620203751.394046.tdms -> D:/Lab/process/2025.6.20/time\stopdirtyback\20250620203751.394046.csv
2025-10-17 10:11:19-INFO-[tdms_reader_time.py:123]-  已写入 200000/200000 行数据
2025-10-17 10:11:19-INFO-[tdms_reader_time.py:125]-已转换: 20250620203754.381011.tdms -> D:/Lab/process/2025.6.20/time\stopdirtyback\20250620203754.381011.csv
2025-10-17 10:11:20-INFO-[tdms_reader_time.py:123]-  已写入 100000/200000 行数据
2025-10-17 10:11:20-INFO-[tdms_reader_time.py:123]-  已写入 100000/200000 行数据
2025-10-17 10:11:21-INFO-[tdms_reader_time.py:123]-  已写入 100000/200000 行数据
2025-10-17 10:11:21-INFO-[tdms_reader_time.py:123]-  已写入 100000/200000 行数据
2025-10-17 10:11:21-INFO-[tdms_reader_time.py:123]-  已写入 100000/200000 行数据
2025-10-17 10:11:21-INFO-[tdms_reader_time.py:123]-  已写入 100000/200000 行数据
2025-10-17 10:11:21-INFO-[tdms_reader_time.py:123]-  已写入 100000/200000 行数据
2025-10-17 10:11:21-INFO-[tdms_reader_time.py:123]-  已写入 100000/200000 行数据
2025-10-17 10:11:21-INFO-[tdms_reader_time.py:123]-  已写入 100000/200000 行数据
2025-10-17 10:11:21-INFO-[tdms_reader_time.py:123]-  已写入 100000/200000 行数据
2025-10-17 10:11:21-INFO-[tdms_reader_time.py:123]-  已写入 100000/200000 行数据
2025-10-17 10:11:21-INFO-[tdms_reader_time.py:123]-  已写入 100000/200000 行数据
2025-10-17 10:11:21-INFO-[tdms_reader_time.py:123]-  已写入 100000/200000 行数据
2025-10-17 10:11:21-INFO-[tdms_reader_time.py:123]-  已写入 100000/200000 行数据
2025-10-17 10:11:21-INFO-[tdms_reader_time.py:123]-  已写入 100000/200000 行数据
2025-10-17 10:11:21-INFO-[tdms_reader_time.py:123]-  已写入 100000/200000 行数据
2025-10-17 10:11:22-INFO-[tdms_reader_time.py:123]-  已写入 100000/200000 行数据
2025-10-17 10:11:22-INFO-[tdms_reader_time.py:123]-  已写入 100000/200000 行数据
2025-10-17 10:11:22-INFO-[tdms_reader_time.py:123]-  已写入 100000/200000 行数据
2025-10-17 10:11:22-INFO-[tdms_reader_time.py:123]-  已写入 100000/200000 行数据
2025-10-17 10:11:22-INFO-[tdms_reader_time.py:123]-  已写入 200000/200000 行数据
2025-10-17 10:11:22-INFO-[tdms_reader_time.py:125]-已转换: 20250620203757.355624.tdms -> D:/Lab/process/2025.6.20/time\stopdirtyback\20250620203757.355624.csv
2025-10-17 10:11:22-INFO-[tdms_reader_time.py:123]-  已写入 200000/200000 行数据
2025-10-17 10:11:22-INFO-[tdms_reader_time.py:125]-已转换: 20250620203800.231357.tdms -> D:/Lab/process/2025.6.20/time\stopdirtyback\20250620203800.231357.csv
2025-10-17 10:11:22-INFO-[tdms_reader_time.py:123]-  已写入 100000/200000 行数据
2025-10-17 10:11:22-INFO-[tdms_reader_time.py:123]-  已写入 100000/200000 行数据
2025-10-17 10:11:22-INFO-[tdms_reader_time.py:123]-  已写入 100000/200000 行数据
2025-10-17 10:11:22-INFO-[tdms_reader_time.py:123]-  已写入 100000/200000 行数据
2025-10-17 10:11:23-INFO-[tdms_reader_time.py:123]-  已写入 200000/200000 行数据
2025-10-17 10:11:23-INFO-[tdms_reader_time.py:125]-已转换: 20250620193223.119184.tdms -> D:/Lab/process/2025.6.20/time\test\20250620193223.119184.csv
2025-10-17 10:11:23-INFO-[tdms_reader_time.py:123]-  已写入 200000/200000 行数据
2025-10-17 10:11:23-INFO-[tdms_reader_time.py:125]-已转换: 20250620193226.144821.tdms -> D:/Lab/process/2025.6.20/time\test\20250620193226.144821.csv
2025-10-17 10:11:23-INFO-[tdms_reader_time.py:123]-  已写入 200000/200000 行数据
2025-10-17 10:11:23-INFO-[tdms_reader_time.py:125]-已转换: 20250620193229.092219.tdms -> D:/Lab/process/2025.6.20/time\test\20250620193229.092219.csv
2025-10-17 10:11:23-INFO-[tdms_reader_time.py:123]-  已写入 200000/200000 行数据
2025-10-17 10:11:23-INFO-[tdms_reader_time.py:125]-已转换: 20250620193234.988384.tdms -> D:/Lab/process/2025.6.20/time\test\20250620193234.988384.csv
2025-10-17 10:11:23-INFO-[tdms_reader_time.py:123]-  已写入 200000/200000 行数据
2025-10-17 10:11:23-INFO-[tdms_reader_time.py:125]-已转换: 20250620193249.732466.tdms -> D:/Lab/process/2025.6.20/time\test\20250620193249.732466.csv
2025-10-17 10:11:23-INFO-[tdms_reader_time.py:123]-  已写入 200000/200000 行数据
2025-10-17 10:11:23-INFO-[tdms_reader_time.py:125]-已转换: 20250620193232.047310.tdms -> D:/Lab/process/2025.6.20/time\test\20250620193232.047310.csv
2025-10-17 10:11:23-INFO-[tdms_reader_time.py:123]-  已写入 200000/200000 行数据
2025-10-17 10:11:23-INFO-[tdms_reader_time.py:125]-已转换: 20250620193240.864516.tdms -> D:/Lab/process/2025.6.20/time\test\20250620193240.864516.csv
2025-10-17 10:11:23-INFO-[tdms_reader_time.py:123]-  已写入 200000/200000 行数据
2025-10-17 10:11:23-INFO-[tdms_reader_time.py:125]-已转换: 20250620193237.935547.tdms -> D:/Lab/process/2025.6.20/time\test\20250620193237.935547.csv
2025-10-17 10:11:23-INFO-[tdms_reader_time.py:123]-  已写入 200000/200000 行数据
2025-10-17 10:11:23-INFO-[tdms_reader_time.py:125]-已转换: 20250620193246.763908.tdms -> D:/Lab/process/2025.6.20/time\test\20250620193246.763908.csv
2025-10-17 10:11:23-INFO-[tdms_reader_time.py:123]-  已写入 200000/200000 行数据
2025-10-17 10:11:23-INFO-[tdms_reader_time.py:125]-已转换: 20250620193243.809867.tdms -> D:/Lab/process/2025.6.20/time\test\20250620193243.809867.csv
2025-10-17 10:11:23-INFO-[tdms_reader_time.py:123]-  已写入 200000/200000 行数据
2025-10-17 10:11:23-INFO-[tdms_reader_time.py:125]-已转换: 20250620193255.616210.tdms -> D:/Lab/process/2025.6.20/time\test\20250620193255.616210.csv
2025-10-17 10:11:23-INFO-[tdms_reader_time.py:123]-  已写入 200000/200000 行数据
2025-10-17 10:11:23-INFO-[tdms_reader_time.py:125]-已转换: 20250620193252.662583.tdms -> D:/Lab/process/2025.6.20/time\test\20250620193252.662583.csv
2025-10-17 10:11:23-INFO-[tdms_reader_time.py:123]-  已写入 200000/200000 行数据
2025-10-17 10:11:23-INFO-[tdms_reader_time.py:125]-已转换: 20250620193258.574172.tdms -> D:/Lab/process/2025.6.20/time\test\20250620193258.574172.csv
2025-10-17 10:11:23-INFO-[tdms_reader_time.py:123]-  已写入 200000/200000 行数据
2025-10-17 10:11:23-INFO-[tdms_reader_time.py:125]-已转换: 20250620193301.508846.tdms -> D:/Lab/process/2025.6.20/time\test\20250620193301.508846.csv
2025-10-17 10:11:24-INFO-[tdms_reader_time.py:123]-  已写入 200000/200000 行数据
2025-10-17 10:11:24-INFO-[tdms_reader_time.py:125]-已转换: 20250620193304.484258.tdms -> D:/Lab/process/2025.6.20/time\test\20250620193304.484258.csv
2025-10-17 10:11:24-INFO-[tdms_reader_time.py:123]-  已写入 200000/200000 行数据
2025-10-17 10:11:24-INFO-[tdms_reader_time.py:125]-已转换: 20250620193307.430461.tdms -> D:/Lab/process/2025.6.20/time\test\20250620193307.430461.csv
2025-10-17 10:11:24-INFO-[tdms_reader_time.py:123]-  已写入 200000/200000 行数据
2025-10-17 10:11:24-INFO-[tdms_reader_time.py:125]-已转换: 20250620193310.390563.tdms -> D:/Lab/process/2025.6.20/time\test\20250620193310.390563.csv
2025-10-17 10:11:24-INFO-[tdms_reader_time.py:123]-  已写入 200000/200000 行数据
2025-10-17 10:11:24-INFO-[tdms_reader_time.py:125]-已转换: 20250620193313.360571.tdms -> D:/Lab/process/2025.6.20/time\test\20250620193313.360571.csv
2025-10-17 10:11:24-INFO-[tdms_reader_time.py:123]-  已写入 200000/200000 行数据
2025-10-17 10:11:24-INFO-[tdms_reader_time.py:125]-已转换: 20250620193316.385404.tdms -> D:/Lab/process/2025.6.20/time\test\20250620193316.385404.csv
2025-10-17 10:11:24-INFO-[tdms_reader_time.py:123]-  已写入 200000/200000 行数据
2025-10-17 10:11:24-INFO-[tdms_reader_time.py:125]-已转换: 20250620193322.349448.tdms -> D:/Lab/process/2025.6.20/time\test\20250620193322.349448.csv
2025-10-17 10:11:24-INFO-[tdms_reader_time.py:123]-  已写入 200000/200000 行数据
2025-10-17 10:11:24-INFO-[tdms_reader_time.py:125]-已转换: 20250620193319.359090.tdms -> D:/Lab/process/2025.6.20/time\test\20250620193319.359090.csv
2025-10-17 10:11:24-INFO-[tdms_reader_time.py:123]-  已写入 200000/200000 行数据
2025-10-17 10:11:24-INFO-[tdms_reader_time.py:125]-已转换: 20250620193325.269995.tdms -> D:/Lab/process/2025.6.20/time\test\20250620193325.269995.csv
2025-10-17 10:11:24-INFO-[tdms_reader_time.py:175]-所有文件处理完成
2025-10-17 10:11:24-INFO-[main.py:59]------------------------------执行完成-----------------------------
2025-10-17 10:20:40-INFO-[main.py:27]--------------------------启动数据分析系统-------------------------
2025-10-17 10:20:40-INFO-[file_utils.py:39]-paths.yaml 生成成功: C:\Users\17584\Documents\ALearning\Project\tools\DataProcess\config\paths.yaml
2025-10-17 10:20:40-INFO-[tdms_reader_time.py:38]-配置文件加载成功: C:\Users\17584\Documents\ALearning\Project\tools\DataProcess\config\paths.yaml
2025-10-17 10:20:40-INFO-[tdms_reader_time.py:167]-原始数据目录: D:/Lab/raw/2025.6.20
2025-10-17 10:20:40-INFO-[tdms_reader_time.py:168]-输出目录: D:/Lab/process/2025.6.20/time
2025-10-17 10:20:40-INFO-[tdms_reader_time.py:180]-找到 164 个TDMS文件
2025-10-17 10:20:43-INFO-[tdms_reader_time.py:44]-开始处理文件: D:/Lab/raw/2025.6.20\30hz\20250620205455.361056.tdms
2025-10-17 10:20:43-ERROR-[tdms_reader_time.py:137]-处理文件 20250620205455.361056.tdms 时出错: local variable 'channels' referenced before assignment
2025-10-17 10:20:43-ERROR-[tdms_reader_time.py:139]-Traceback (most recent call last):
  File "C:\Users\17584\Documents\ALearning\Project\tools\DataProcess\src\data_io\tdms_reader_time.py", line 55, in process_tdms_file
    first_channel = channels[0]
UnboundLocalError: local variable 'channels' referenced before assignment

2025-10-17 10:20:43-INFO-[tdms_reader_time.py:44]-开始处理文件: D:/Lab/raw/2025.6.20\30hz\20250620205458.257609.tdms
2025-10-17 10:20:43-ERROR-[tdms_reader_time.py:137]-处理文件 20250620205458.257609.tdms 时出错: local variable 'channels' referenced before assignment
2025-10-17 10:20:43-ERROR-[tdms_reader_time.py:139]-Traceback (most recent call last):
  File "C:\Users\17584\Documents\ALearning\Project\tools\DataProcess\src\data_io\tdms_reader_time.py", line 55, in process_tdms_file
    first_channel = channels[0]
UnboundLocalError: local variable 'channels' referenced before assignment

2025-10-17 10:20:43-INFO-[tdms_reader_time.py:44]-开始处理文件: D:/Lab/raw/2025.6.20\30hz\20250620205501.157457.tdms
2025-10-17 10:20:43-ERROR-[tdms_reader_time.py:137]-处理文件 20250620205501.157457.tdms 时出错: local variable 'channels' referenced before assignment
2025-10-17 10:20:43-ERROR-[tdms_reader_time.py:139]-Traceback (most recent call last):
  File "C:\Users\17584\Documents\ALearning\Project\tools\DataProcess\src\data_io\tdms_reader_time.py", line 55, in process_tdms_file
    first_channel = channels[0]
UnboundLocalError: local variable 'channels' referenced before assignment

2025-10-17 10:20:43-INFO-[tdms_reader_time.py:44]-开始处理文件: D:/Lab/raw/2025.6.20\30hz\20250620205504.026487.tdms
2025-10-17 10:20:43-ERROR-[tdms_reader_time.py:137]-处理文件 20250620205504.026487.tdms 时出错: local variable 'channels' referenced before assignment
2025-10-17 10:20:43-ERROR-[tdms_reader_time.py:139]-Traceback (most recent call last):
  File "C:\Users\17584\Documents\ALearning\Project\tools\DataProcess\src\data_io\tdms_reader_time.py", line 55, in process_tdms_file
    first_channel = channels[0]
UnboundLocalError: local variable 'channels' referenced before assignment

2025-10-17 10:20:43-INFO-[tdms_reader_time.py:44]-开始处理文件: D:/Lab/raw/2025.6.20\30hz\20250620205506.866113.tdms
2025-10-17 10:20:43-ERROR-[tdms_reader_time.py:137]-处理文件 20250620205506.866113.tdms 时出错: local variable 'channels' referenced before assignment
2025-10-17 10:20:43-ERROR-[tdms_reader_time.py:139]-Traceback (most recent call last):
  File "C:\Users\17584\Documents\ALearning\Project\tools\DataProcess\src\data_io\tdms_reader_time.py", line 55, in process_tdms_file
    first_channel = channels[0]
UnboundLocalError: local variable 'channels' referenced before assignment

2025-10-17 10:20:43-INFO-[tdms_reader_time.py:44]-开始处理文件: D:/Lab/raw/2025.6.20\30hz\20250620205509.740417.tdms
2025-10-17 10:20:43-ERROR-[tdms_reader_time.py:137]-处理文件 20250620205509.740417.tdms 时出错: local variable 'channels' referenced before assignment
2025-10-17 10:20:43-ERROR-[tdms_reader_time.py:139]-Traceback (most recent call last):
  File "C:\Users\17584\Documents\ALearning\Project\tools\DataProcess\src\data_io\tdms_reader_time.py", line 55, in process_tdms_file
    first_channel = channels[0]
UnboundLocalError: local variable 'channels' referenced before assignment

2025-10-17 10:20:43-INFO-[tdms_reader_time.py:44]-开始处理文件: D:/Lab/raw/2025.6.20\30hz\20250620205512.593425.tdms
2025-10-17 10:20:43-ERROR-[tdms_reader_time.py:137]-处理文件 20250620205512.593425.tdms 时出错: local variable 'channels' referenced before assignment
2025-10-17 10:20:43-ERROR-[tdms_reader_time.py:139]-Traceback (most recent call last):
  File "C:\Users\17584\Documents\ALearning\Project\tools\DataProcess\src\data_io\tdms_reader_time.py", line 55, in process_tdms_file
    first_channel = channels[0]
UnboundLocalError: local variable 'channels' referenced before assignment

2025-10-17 10:20:43-INFO-[tdms_reader_time.py:44]-开始处理文件: D:/Lab/raw/2025.6.20\30hz\20250620205515.474232.tdms
2025-10-17 10:20:43-ERROR-[tdms_reader_time.py:137]-处理文件 20250620205515.474232.tdms 时出错: local variable 'channels' referenced before assignment
2025-10-17 10:20:43-ERROR-[tdms_reader_time.py:139]-Traceback (most recent call last):
  File "C:\Users\17584\Documents\ALearning\Project\tools\DataProcess\src\data_io\tdms_reader_time.py", line 55, in process_tdms_file
    first_channel = channels[0]
UnboundLocalError: local variable 'channels' referenced before assignment

2025-10-17 10:20:43-INFO-[tdms_reader_time.py:44]-开始处理文件: D:/Lab/raw/2025.6.20\30hz\20250620205518.349068.tdms
2025-10-17 10:20:43-ERROR-[tdms_reader_time.py:137]-处理文件 20250620205518.349068.tdms 时出错: local variable 'channels' referenced before assignment
2025-10-17 10:20:43-ERROR-[tdms_reader_time.py:139]-Traceback (most recent call last):
  File "C:\Users\17584\Documents\ALearning\Project\tools\DataProcess\src\data_io\tdms_reader_time.py", line 55, in process_tdms_file
    first_channel = channels[0]
UnboundLocalError: local variable 'channels' referenced before assignment

2025-10-17 10:20:43-INFO-[tdms_reader_time.py:44]-开始处理文件: D:/Lab/raw/2025.6.20\30hz\20250620205521.206456.tdms
2025-10-17 10:20:43-ERROR-[tdms_reader_time.py:137]-处理文件 20250620205521.206456.tdms 时出错: local variable 'channels' referenced before assignment
2025-10-17 10:20:43-ERROR-[tdms_reader_time.py:139]-Traceback (most recent call last):
  File "C:\Users\17584\Documents\ALearning\Project\tools\DataProcess\src\data_io\tdms_reader_time.py", line 55, in process_tdms_file
    first_channel = channels[0]
UnboundLocalError: local variable 'channels' referenced before assignment

2025-10-17 10:20:43-INFO-[tdms_reader_time.py:44]-开始处理文件: D:/Lab/raw/2025.6.20\30hz\20250620205524.067070.tdms
2025-10-17 10:20:43-ERROR-[tdms_reader_time.py:137]-处理文件 20250620205524.067070.tdms 时出错: local variable 'channels' referenced before assignment
2025-10-17 10:20:43-ERROR-[tdms_reader_time.py:139]-Traceback (most recent call last):
  File "C:\Users\17584\Documents\ALearning\Project\tools\DataProcess\src\data_io\tdms_reader_time.py", line 55, in process_tdms_file
    first_channel = channels[0]
UnboundLocalError: local variable 'channels' referenced before assignment

2025-10-17 10:20:43-INFO-[tdms_reader_time.py:44]-开始处理文件: D:/Lab/raw/2025.6.20\30hz\20250620205526.960472.tdms
2025-10-17 10:20:43-ERROR-[tdms_reader_time.py:137]-处理文件 20250620205526.960472.tdms 时出错: local variable 'channels' referenced before assignment
2025-10-17 10:20:43-ERROR-[tdms_reader_time.py:139]-Traceback (most recent call last):
  File "C:\Users\17584\Documents\ALearning\Project\tools\DataProcess\src\data_io\tdms_reader_time.py", line 55, in process_tdms_file
    first_channel = channels[0]
UnboundLocalError: local variable 'channels' referenced before assignment

2025-10-17 10:20:43-INFO-[tdms_reader_time.py:44]-开始处理文件: D:/Lab/raw/2025.6.20\30hz\20250620205529.836771.tdms
2025-10-17 10:20:43-ERROR-[tdms_reader_time.py:137]-处理文件 20250620205529.836771.tdms 时出错: local variable 'channels' referenced before assignment
2025-10-17 10:20:43-ERROR-[tdms_reader_time.py:139]-Traceback (most recent call last):
  File "C:\Users\17584\Documents\ALearning\Project\tools\DataProcess\src\data_io\tdms_reader_time.py", line 55, in process_tdms_file
    first_channel = channels[0]
UnboundLocalError: local variable 'channels' referenced before assignment

2025-10-17 10:20:43-INFO-[tdms_reader_time.py:44]-开始处理文件: D:/Lab/raw/2025.6.20\30hz\20250620205532.720182.tdms
2025-10-17 10:20:43-ERROR-[tdms_reader_time.py:137]-处理文件 20250620205532.720182.tdms 时出错: local variable 'channels' referenced before assignment
2025-10-17 10:20:43-ERROR-[tdms_reader_time.py:139]-Traceback (most recent call last):
  File "C:\Users\17584\Documents\ALearning\Project\tools\DataProcess\src\data_io\tdms_reader_time.py", line 55, in process_tdms_file
    first_channel = channels[0]
UnboundLocalError: local variable 'channels' referenced before assignment

2025-10-17 10:20:43-INFO-[tdms_reader_time.py:44]-开始处理文件: D:/Lab/raw/2025.6.20\30hz\20250620205535.616021.tdms
2025-10-17 10:20:43-ERROR-[tdms_reader_time.py:137]-处理文件 20250620205535.616021.tdms 时出错: local variable 'channels' referenced before assignment
2025-10-17 10:20:43-ERROR-[tdms_reader_time.py:139]-Traceback (most recent call last):
  File "C:\Users\17584\Documents\ALearning\Project\tools\DataProcess\src\data_io\tdms_reader_time.py", line 55, in process_tdms_file
    first_channel = channels[0]
UnboundLocalError: local variable 'channels' referenced before assignment

2025-10-17 10:20:43-INFO-[tdms_reader_time.py:44]-开始处理文件: D:/Lab/raw/2025.6.20\30hz\20250620205538.511375.tdms
2025-10-17 10:20:43-ERROR-[tdms_reader_time.py:137]-处理文件 20250620205538.511375.tdms 时出错: local variable 'channels' referenced before assignment
2025-10-17 10:20:43-ERROR-[tdms_reader_time.py:139]-Traceback (most recent call last):
  File "C:\Users\17584\Documents\ALearning\Project\tools\DataProcess\src\data_io\tdms_reader_time.py", line 55, in process_tdms_file
    first_channel = channels[0]
UnboundLocalError: local variable 'channels' referenced before assignment

2025-10-17 10:20:43-INFO-[tdms_reader_time.py:44]-开始处理文件: D:/Lab/raw/2025.6.20\30hz\20250620205541.382788.tdms
2025-10-17 10:20:43-ERROR-[tdms_reader_time.py:137]-处理文件 20250620205541.382788.tdms 时出错: local variable 'channels' referenced before assignment
2025-10-17 10:20:43-ERROR-[tdms_reader_time.py:139]-Traceback (most recent call last):
  File "C:\Users\17584\Documents\ALearning\Project\tools\DataProcess\src\data_io\tdms_reader_time.py", line 55, in process_tdms_file
    first_channel = channels[0]
UnboundLocalError: local variable 'channels' referenced before assignment

2025-10-17 10:20:43-INFO-[tdms_reader_time.py:44]-开始处理文件: D:/Lab/raw/2025.6.20\30hz\20250620205544.253550.tdms
2025-10-17 10:20:43-ERROR-[tdms_reader_time.py:137]-处理文件 20250620205544.253550.tdms 时出错: local variable 'channels' referenced before assignment
2025-10-17 10:20:43-ERROR-[tdms_reader_time.py:139]-Traceback (most recent call last):
  File "C:\Users\17584\Documents\ALearning\Project\tools\DataProcess\src\data_io\tdms_reader_time.py", line 55, in process_tdms_file
    first_channel = channels[0]
UnboundLocalError: local variable 'channels' referenced before assignment

2025-10-17 10:20:43-INFO-[tdms_reader_time.py:44]-开始处理文件: D:/Lab/raw/2025.6.20\30hz\20250620205547.172719.tdms
2025-10-17 10:20:43-ERROR-[tdms_reader_time.py:137]-处理文件 20250620205547.172719.tdms 时出错: local variable 'channels' referenced before assignment
2025-10-17 10:20:43-ERROR-[tdms_reader_time.py:139]-Traceback (most recent call last):
  File "C:\Users\17584\Documents\ALearning\Project\tools\DataProcess\src\data_io\tdms_reader_time.py", line 55, in process_tdms_file
    first_channel = channels[0]
UnboundLocalError: local variable 'channels' referenced before assignment

2025-10-17 10:20:43-INFO-[tdms_reader_time.py:44]-开始处理文件: D:/Lab/raw/2025.6.20\30hz\20250620205550.074166.tdms
2025-10-17 10:20:43-ERROR-[tdms_reader_time.py:137]-处理文件 20250620205550.074166.tdms 时出错: local variable 'channels' referenced before assignment
2025-10-17 10:20:43-ERROR-[tdms_reader_time.py:139]-Traceback (most recent call last):
  File "C:\Users\17584\Documents\ALearning\Project\tools\DataProcess\src\data_io\tdms_reader_time.py", line 55, in process_tdms_file
    first_channel = channels[0]
UnboundLocalError: local variable 'channels' referenced before assignment

2025-10-17 10:20:43-INFO-[tdms_reader_time.py:44]-开始处理文件: D:/Lab/raw/2025.6.20\30hz\20250620205552.959105.tdms
2025-10-17 10:20:43-ERROR-[tdms_reader_time.py:137]-处理文件 20250620205552.959105.tdms 时出错: local variable 'channels' referenced before assignment
2025-10-17 10:20:43-ERROR-[tdms_reader_time.py:139]-Traceback (most recent call last):
  File "C:\Users\17584\Documents\ALearning\Project\tools\DataProcess\src\data_io\tdms_reader_time.py", line 55, in process_tdms_file
    first_channel = channels[0]
UnboundLocalError: local variable 'channels' referenced before assignment

2025-10-17 10:20:43-INFO-[tdms_reader_time.py:44]-开始处理文件: D:/Lab/raw/2025.6.20\30hz\20250620205555.848733.tdms
2025-10-17 10:20:43-ERROR-[tdms_reader_time.py:137]-处理文件 20250620205555.848733.tdms 时出错: local variable 'channels' referenced before assignment
2025-10-17 10:20:43-ERROR-[tdms_reader_time.py:139]-Traceback (most recent call last):
  File "C:\Users\17584\Documents\ALearning\Project\tools\DataProcess\src\data_io\tdms_reader_time.py", line 55, in process_tdms_file
    first_channel = channels[0]
UnboundLocalError: local variable 'channels' referenced before assignment

2025-10-17 10:20:43-INFO-[tdms_reader_time.py:44]-开始处理文件: D:/Lab/raw/2025.6.20\30hz\20250620205558.740427.tdms
2025-10-17 10:20:43-ERROR-[tdms_reader_time.py:137]-处理文件 20250620205558.740427.tdms 时出错: local variable 'channels' referenced before assignment
2025-10-17 10:20:43-ERROR-[tdms_reader_time.py:139]-Traceback (most recent call last):
  File "C:\Users\17584\Documents\ALearning\Project\tools\DataProcess\src\data_io\tdms_reader_time.py", line 55, in process_tdms_file
    first_channel = channels[0]
UnboundLocalError: local variable 'channels' referenced before assignment

2025-10-17 10:20:43-INFO-[tdms_reader_time.py:44]-开始处理文件: D:/Lab/raw/2025.6.20\30hz\20250620205601.429140.tdms
2025-10-17 10:20:43-ERROR-[tdms_reader_time.py:137]-处理文件 20250620205601.429140.tdms 时出错: local variable 'channels' referenced before assignment
2025-10-17 10:20:43-ERROR-[tdms_reader_time.py:139]-Traceback (most recent call last):
  File "C:\Users\17584\Documents\ALearning\Project\tools\DataProcess\src\data_io\tdms_reader_time.py", line 55, in process_tdms_file
    first_channel = channels[0]
UnboundLocalError: local variable 'channels' referenced before assignment

2025-10-17 10:20:43-INFO-[tdms_reader_time.py:44]-开始处理文件: D:/Lab/raw/2025.6.20\50hz\20250620203943.117518.tdms
2025-10-17 10:20:43-ERROR-[tdms_reader_time.py:137]-处理文件 20250620203943.117518.tdms 时出错: local variable 'channels' referenced before assignment
2025-10-17 10:20:43-ERROR-[tdms_reader_time.py:139]-Traceback (most recent call last):
  File "C:\Users\17584\Documents\ALearning\Project\tools\DataProcess\src\data_io\tdms_reader_time.py", line 55, in process_tdms_file
    first_channel = channels[0]
UnboundLocalError: local variable 'channels' referenced before assignment

2025-10-17 10:20:43-INFO-[tdms_reader_time.py:44]-开始处理文件: D:/Lab/raw/2025.6.20\50hz\20250620203946.014336.tdms
2025-10-17 10:20:43-ERROR-[tdms_reader_time.py:137]-处理文件 20250620203946.014336.tdms 时出错: local variable 'channels' referenced before assignment
2025-10-17 10:20:43-ERROR-[tdms_reader_time.py:139]-Traceback (most recent call last):
  File "C:\Users\17584\Documents\ALearning\Project\tools\DataProcess\src\data_io\tdms_reader_time.py", line 55, in process_tdms_file
    first_channel = channels[0]
UnboundLocalError: local variable 'channels' referenced before assignment

2025-10-17 10:20:43-INFO-[tdms_reader_time.py:44]-开始处理文件: D:/Lab/raw/2025.6.20\50hz\20250620203948.997384.tdms
2025-10-17 10:20:43-ERROR-[tdms_reader_time.py:137]-处理文件 20250620203948.997384.tdms 时出错: local variable 'channels' referenced before assignment
2025-10-17 10:20:43-ERROR-[tdms_reader_time.py:139]-Traceback (most recent call last):
  File "C:\Users\17584\Documents\ALearning\Project\tools\DataProcess\src\data_io\tdms_reader_time.py", line 55, in process_tdms_file
    first_channel = channels[0]
UnboundLocalError: local variable 'channels' referenced before assignment

2025-10-17 10:20:43-INFO-[tdms_reader_time.py:44]-开始处理文件: D:/Lab/raw/2025.6.20\50hz\20250620203951.928351.tdms
2025-10-17 10:20:43-ERROR-[tdms_reader_time.py:137]-处理文件 20250620203951.928351.tdms 时出错: local variable 'channels' referenced before assignment
2025-10-17 10:20:43-ERROR-[tdms_reader_time.py:139]-Traceback (most recent call last):
  File "C:\Users\17584\Documents\ALearning\Project\tools\DataProcess\src\data_io\tdms_reader_time.py", line 55, in process_tdms_file
    first_channel = channels[0]
UnboundLocalError: local variable 'channels' referenced before assignment

2025-10-17 10:20:43-INFO-[tdms_reader_time.py:44]-开始处理文件: D:/Lab/raw/2025.6.20\50hz\20250620203954.838344.tdms
2025-10-17 10:20:43-ERROR-[tdms_reader_time.py:137]-处理文件 20250620203954.838344.tdms 时出错: local variable 'channels' referenced before assignment
2025-10-17 10:20:43-ERROR-[tdms_reader_time.py:139]-Traceback (most recent call last):
  File "C:\Users\17584\Documents\ALearning\Project\tools\DataProcess\src\data_io\tdms_reader_time.py", line 55, in process_tdms_file
    first_channel = channels[0]
UnboundLocalError: local variable 'channels' referenced before assignment

2025-10-17 10:20:43-INFO-[tdms_reader_time.py:44]-开始处理文件: D:/Lab/raw/2025.6.20\50hz\20250620203957.759340.tdms
2025-10-17 10:20:43-ERROR-[tdms_reader_time.py:137]-处理文件 20250620203957.759340.tdms 时出错: local variable 'channels' referenced before assignment
2025-10-17 10:20:43-ERROR-[tdms_reader_time.py:139]-Traceback (most recent call last):
  File "C:\Users\17584\Documents\ALearning\Project\tools\DataProcess\src\data_io\tdms_reader_time.py", line 55, in process_tdms_file
    first_channel = channels[0]
UnboundLocalError: local variable 'channels' referenced before assignment

2025-10-17 10:20:43-INFO-[tdms_reader_time.py:44]-开始处理文件: D:/Lab/raw/2025.6.20\50hz\20250620204000.623816.tdms
2025-10-17 10:20:43-ERROR-[tdms_reader_time.py:137]-处理文件 20250620204000.623816.tdms 时出错: local variable 'channels' referenced before assignment
2025-10-17 10:20:43-ERROR-[tdms_reader_time.py:139]-Traceback (most recent call last):
  File "C:\Users\17584\Documents\ALearning\Project\tools\DataProcess\src\data_io\tdms_reader_time.py", line 55, in process_tdms_file
    first_channel = channels[0]
UnboundLocalError: local variable 'channels' referenced before assignment

2025-10-17 10:20:43-INFO-[tdms_reader_time.py:44]-开始处理文件: D:/Lab/raw/2025.6.20\50hz\20250620204003.597035.tdms
2025-10-17 10:20:43-ERROR-[tdms_reader_time.py:137]-处理文件 20250620204003.597035.tdms 时出错: local variable 'channels' referenced before assignment
2025-10-17 10:20:43-ERROR-[tdms_reader_time.py:139]-Traceback (most recent call last):
  File "C:\Users\17584\Documents\ALearning\Project\tools\DataProcess\src\data_io\tdms_reader_time.py", line 55, in process_tdms_file
    first_channel = channels[0]
UnboundLocalError: local variable 'channels' referenced before assignment

2025-10-17 10:20:43-INFO-[tdms_reader_time.py:44]-开始处理文件: D:/Lab/raw/2025.6.20\50hz\20250620204006.502835.tdms
2025-10-17 10:20:43-ERROR-[tdms_reader_time.py:137]-处理文件 20250620204006.502835.tdms 时出错: local variable 'channels' referenced before assignment
2025-10-17 10:20:43-ERROR-[tdms_reader_time.py:139]-Traceback (most recent call last):
  File "C:\Users\17584\Documents\ALearning\Project\tools\DataProcess\src\data_io\tdms_reader_time.py", line 55, in process_tdms_file
    first_channel = channels[0]
UnboundLocalError: local variable 'channels' referenced before assignment

2025-10-17 10:20:43-INFO-[tdms_reader_time.py:44]-开始处理文件: D:/Lab/raw/2025.6.20\50hz\20250620204009.381570.tdms
2025-10-17 10:20:43-ERROR-[tdms_reader_time.py:137]-处理文件 20250620204009.381570.tdms 时出错: local variable 'channels' referenced before assignment
2025-10-17 10:20:43-ERROR-[tdms_reader_time.py:139]-Traceback (most recent call last):
  File "C:\Users\17584\Documents\ALearning\Project\tools\DataProcess\src\data_io\tdms_reader_time.py", line 55, in process_tdms_file
    first_channel = channels[0]
UnboundLocalError: local variable 'channels' referenced before assignment

2025-10-17 10:20:43-INFO-[tdms_reader_time.py:44]-开始处理文件: D:/Lab/raw/2025.6.20\50hz\20250620204012.290275.tdms
2025-10-17 10:20:43-ERROR-[tdms_reader_time.py:137]-处理文件 20250620204012.290275.tdms 时出错: local variable 'channels' referenced before assignment
2025-10-17 10:20:43-ERROR-[tdms_reader_time.py:139]-Traceback (most recent call last):
  File "C:\Users\17584\Documents\ALearning\Project\tools\DataProcess\src\data_io\tdms_reader_time.py", line 55, in process_tdms_file
    first_channel = channels[0]
UnboundLocalError: local variable 'channels' referenced before assignment

2025-10-17 10:20:43-INFO-[tdms_reader_time.py:44]-开始处理文件: D:/Lab/raw/2025.6.20\50hz\20250620204015.172895.tdms
2025-10-17 10:20:43-ERROR-[tdms_reader_time.py:137]-处理文件 20250620204015.172895.tdms 时出错: local variable 'channels' referenced before assignment
2025-10-17 10:20:43-ERROR-[tdms_reader_time.py:139]-Traceback (most recent call last):
  File "C:\Users\17584\Documents\ALearning\Project\tools\DataProcess\src\data_io\tdms_reader_time.py", line 55, in process_tdms_file
    first_channel = channels[0]
UnboundLocalError: local variable 'channels' referenced before assignment

2025-10-17 10:20:43-INFO-[tdms_reader_time.py:44]-开始处理文件: D:/Lab/raw/2025.6.20\50hz\20250620204018.073789.tdms
2025-10-17 10:20:43-ERROR-[tdms_reader_time.py:137]-处理文件 20250620204018.073789.tdms 时出错: local variable 'channels' referenced before assignment
2025-10-17 10:20:43-ERROR-[tdms_reader_time.py:139]-Traceback (most recent call last):
  File "C:\Users\17584\Documents\ALearning\Project\tools\DataProcess\src\data_io\tdms_reader_time.py", line 55, in process_tdms_file
    first_channel = channels[0]
UnboundLocalError: local variable 'channels' referenced before assignment

2025-10-17 10:20:43-INFO-[tdms_reader_time.py:44]-开始处理文件: D:/Lab/raw/2025.6.20\50hz\20250620204020.965725.tdms
2025-10-17 10:20:43-ERROR-[tdms_reader_time.py:137]-处理文件 20250620204020.965725.tdms 时出错: local variable 'channels' referenced before assignment
2025-10-17 10:20:43-ERROR-[tdms_reader_time.py:139]-Traceback (most recent call last):
  File "C:\Users\17584\Documents\ALearning\Project\tools\DataProcess\src\data_io\tdms_reader_time.py", line 55, in process_tdms_file
    first_channel = channels[0]
UnboundLocalError: local variable 'channels' referenced before assignment

2025-10-17 10:20:43-INFO-[tdms_reader_time.py:44]-开始处理文件: D:/Lab/raw/2025.6.20\50hz\20250620204023.874951.tdms
2025-10-17 10:20:43-ERROR-[tdms_reader_time.py:137]-处理文件 20250620204023.874951.tdms 时出错: local variable 'channels' referenced before assignment
2025-10-17 10:20:43-ERROR-[tdms_reader_time.py:139]-Traceback (most recent call last):
  File "C:\Users\17584\Documents\ALearning\Project\tools\DataProcess\src\data_io\tdms_reader_time.py", line 55, in process_tdms_file
    first_channel = channels[0]
UnboundLocalError: local variable 'channels' referenced before assignment

2025-10-17 10:20:43-INFO-[tdms_reader_time.py:44]-开始处理文件: D:/Lab/raw/2025.6.20\50hz\20250620204026.769314.tdms
2025-10-17 10:20:43-ERROR-[tdms_reader_time.py:137]-处理文件 20250620204026.769314.tdms 时出错: local variable 'channels' referenced before assignment
2025-10-17 10:20:43-ERROR-[tdms_reader_time.py:139]-Traceback (most recent call last):
  File "C:\Users\17584\Documents\ALearning\Project\tools\DataProcess\src\data_io\tdms_reader_time.py", line 55, in process_tdms_file
    first_channel = channels[0]
UnboundLocalError: local variable 'channels' referenced before assignment

2025-10-17 10:20:43-INFO-[tdms_reader_time.py:44]-开始处理文件: D:/Lab/raw/2025.6.20\50hz\20250620204029.679945.tdms
2025-10-17 10:20:43-ERROR-[tdms_reader_time.py:137]-处理文件 20250620204029.679945.tdms 时出错: local variable 'channels' referenced before assignment
2025-10-17 10:20:43-ERROR-[tdms_reader_time.py:139]-Traceback (most recent call last):
  File "C:\Users\17584\Documents\ALearning\Project\tools\DataProcess\src\data_io\tdms_reader_time.py", line 55, in process_tdms_file
    first_channel = channels[0]
UnboundLocalError: local variable 'channels' referenced before assignment

2025-10-17 10:20:43-INFO-[tdms_reader_time.py:44]-开始处理文件: D:/Lab/raw/2025.6.20\50hz\20250620204032.660249.tdms
2025-10-17 10:20:43-ERROR-[tdms_reader_time.py:137]-处理文件 20250620204032.660249.tdms 时出错: local variable 'channels' referenced before assignment
2025-10-17 10:20:43-ERROR-[tdms_reader_time.py:139]-Traceback (most recent call last):
  File "C:\Users\17584\Documents\ALearning\Project\tools\DataProcess\src\data_io\tdms_reader_time.py", line 55, in process_tdms_file
    first_channel = channels[0]
UnboundLocalError: local variable 'channels' referenced before assignment

2025-10-17 10:20:43-INFO-[tdms_reader_time.py:44]-开始处理文件: D:/Lab/raw/2025.6.20\50hz\20250620204035.578939.tdms
2025-10-17 10:20:43-ERROR-[tdms_reader_time.py:137]-处理文件 20250620204035.578939.tdms 时出错: local variable 'channels' referenced before assignment
2025-10-17 10:20:43-ERROR-[tdms_reader_time.py:139]-Traceback (most recent call last):
  File "C:\Users\17584\Documents\ALearning\Project\tools\DataProcess\src\data_io\tdms_reader_time.py", line 55, in process_tdms_file
    first_channel = channels[0]
UnboundLocalError: local variable 'channels' referenced before assignment

2025-10-17 10:20:43-INFO-[tdms_reader_time.py:44]-开始处理文件: D:/Lab/raw/2025.6.20\50hz\20250620204038.547364.tdms
2025-10-17 10:20:43-ERROR-[tdms_reader_time.py:137]-处理文件 20250620204038.547364.tdms 时出错: local variable 'channels' referenced before assignment
2025-10-17 10:20:43-ERROR-[tdms_reader_time.py:139]-Traceback (most recent call last):
  File "C:\Users\17584\Documents\ALearning\Project\tools\DataProcess\src\data_io\tdms_reader_time.py", line 55, in process_tdms_file
    first_channel = channels[0]
UnboundLocalError: local variable 'channels' referenced before assignment

2025-10-17 10:20:43-INFO-[tdms_reader_time.py:44]-开始处理文件: D:/Lab/raw/2025.6.20\50hz\20250620204041.503131.tdms
2025-10-17 10:20:43-ERROR-[tdms_reader_time.py:137]-处理文件 20250620204041.503131.tdms 时出错: local variable 'channels' referenced before assignment
2025-10-17 10:20:43-ERROR-[tdms_reader_time.py:139]-Traceback (most recent call last):
  File "C:\Users\17584\Documents\ALearning\Project\tools\DataProcess\src\data_io\tdms_reader_time.py", line 55, in process_tdms_file
    first_channel = channels[0]
UnboundLocalError: local variable 'channels' referenced before assignment

2025-10-17 10:20:43-INFO-[tdms_reader_time.py:44]-开始处理文件: D:/Lab/raw/2025.6.20\50hz\20250620204044.399715.tdms
2025-10-17 10:20:43-ERROR-[tdms_reader_time.py:137]-处理文件 20250620204044.399715.tdms 时出错: local variable 'channels' referenced before assignment
2025-10-17 10:20:43-ERROR-[tdms_reader_time.py:139]-Traceback (most recent call last):
  File "C:\Users\17584\Documents\ALearning\Project\tools\DataProcess\src\data_io\tdms_reader_time.py", line 55, in process_tdms_file
    first_channel = channels[0]
UnboundLocalError: local variable 'channels' referenced before assignment

2025-10-17 10:20:43-INFO-[tdms_reader_time.py:44]-开始处理文件: D:/Lab/raw/2025.6.20\50hz\20250620204047.316458.tdms
2025-10-17 10:20:43-ERROR-[tdms_reader_time.py:137]-处理文件 20250620204047.316458.tdms 时出错: local variable 'channels' referenced before assignment
2025-10-17 10:20:43-ERROR-[tdms_reader_time.py:139]-Traceback (most recent call last):
  File "C:\Users\17584\Documents\ALearning\Project\tools\DataProcess\src\data_io\tdms_reader_time.py", line 55, in process_tdms_file
    first_channel = channels[0]
UnboundLocalError: local variable 'channels' referenced before assignment

2025-10-17 10:20:43-INFO-[tdms_reader_time.py:44]-开始处理文件: D:/Lab/raw/2025.6.20\back\20250620194612.368512.tdms
2025-10-17 10:20:43-ERROR-[tdms_reader_time.py:137]-处理文件 20250620194612.368512.tdms 时出错: local variable 'channels' referenced before assignment
2025-10-17 10:20:43-ERROR-[tdms_reader_time.py:139]-Traceback (most recent call last):
  File "C:\Users\17584\Documents\ALearning\Project\tools\DataProcess\src\data_io\tdms_reader_time.py", line 55, in process_tdms_file
    first_channel = channels[0]
UnboundLocalError: local variable 'channels' referenced before assignment

2025-10-17 10:20:43-INFO-[tdms_reader_time.py:44]-开始处理文件: D:/Lab/raw/2025.6.20\back\20250620194615.280443.tdms
2025-10-17 10:20:43-ERROR-[tdms_reader_time.py:137]-处理文件 20250620194615.280443.tdms 时出错: local variable 'channels' referenced before assignment
2025-10-17 10:20:43-ERROR-[tdms_reader_time.py:139]-Traceback (most recent call last):
  File "C:\Users\17584\Documents\ALearning\Project\tools\DataProcess\src\data_io\tdms_reader_time.py", line 55, in process_tdms_file
    first_channel = channels[0]
UnboundLocalError: local variable 'channels' referenced before assignment

2025-10-17 10:20:43-INFO-[tdms_reader_time.py:44]-开始处理文件: D:/Lab/raw/2025.6.20\back\20250620194618.181950.tdms
2025-10-17 10:20:43-ERROR-[tdms_reader_time.py:137]-处理文件 20250620194618.181950.tdms 时出错: local variable 'channels' referenced before assignment
2025-10-17 10:20:43-ERROR-[tdms_reader_time.py:139]-Traceback (most recent call last):
  File "C:\Users\17584\Documents\ALearning\Project\tools\DataProcess\src\data_io\tdms_reader_time.py", line 55, in process_tdms_file
    first_channel = channels[0]
UnboundLocalError: local variable 'channels' referenced before assignment

2025-10-17 10:20:43-INFO-[tdms_reader_time.py:44]-开始处理文件: D:/Lab/raw/2025.6.20\back\20250620194621.140929.tdms
2025-10-17 10:20:43-ERROR-[tdms_reader_time.py:137]-处理文件 20250620194621.140929.tdms 时出错: local variable 'channels' referenced before assignment
2025-10-17 10:20:43-ERROR-[tdms_reader_time.py:139]-Traceback (most recent call last):
  File "C:\Users\17584\Documents\ALearning\Project\tools\DataProcess\src\data_io\tdms_reader_time.py", line 55, in process_tdms_file
    first_channel = channels[0]
UnboundLocalError: local variable 'channels' referenced before assignment

2025-10-17 10:20:43-INFO-[tdms_reader_time.py:44]-开始处理文件: D:/Lab/raw/2025.6.20\back\20250620194624.055741.tdms
2025-10-17 10:20:43-ERROR-[tdms_reader_time.py:137]-处理文件 20250620194624.055741.tdms 时出错: local variable 'channels' referenced before assignment
2025-10-17 10:20:43-ERROR-[tdms_reader_time.py:139]-Traceback (most recent call last):
  File "C:\Users\17584\Documents\ALearning\Project\tools\DataProcess\src\data_io\tdms_reader_time.py", line 55, in process_tdms_file
    first_channel = channels[0]
UnboundLocalError: local variable 'channels' referenced before assignment

2025-10-17 10:20:43-INFO-[tdms_reader_time.py:44]-开始处理文件: D:/Lab/raw/2025.6.20\back\20250620194626.920608.tdms
2025-10-17 10:20:43-ERROR-[tdms_reader_time.py:137]-处理文件 20250620194626.920608.tdms 时出错: local variable 'channels' referenced before assignment
2025-10-17 10:20:43-ERROR-[tdms_reader_time.py:139]-Traceback (most recent call last):
  File "C:\Users\17584\Documents\ALearning\Project\tools\DataProcess\src\data_io\tdms_reader_time.py", line 55, in process_tdms_file
    first_channel = channels[0]
UnboundLocalError: local variable 'channels' referenced before assignment

2025-10-17 10:20:43-INFO-[tdms_reader_time.py:44]-开始处理文件: D:/Lab/raw/2025.6.20\back\20250620194629.813220.tdms
2025-10-17 10:20:43-ERROR-[tdms_reader_time.py:137]-处理文件 20250620194629.813220.tdms 时出错: local variable 'channels' referenced before assignment
2025-10-17 10:20:43-ERROR-[tdms_reader_time.py:139]-Traceback (most recent call last):
  File "C:\Users\17584\Documents\ALearning\Project\tools\DataProcess\src\data_io\tdms_reader_time.py", line 55, in process_tdms_file
    first_channel = channels[0]
UnboundLocalError: local variable 'channels' referenced before assignment

2025-10-17 10:20:43-INFO-[tdms_reader_time.py:44]-开始处理文件: D:/Lab/raw/2025.6.20\back\20250620194632.691684.tdms
2025-10-17 10:20:43-ERROR-[tdms_reader_time.py:137]-处理文件 20250620194632.691684.tdms 时出错: local variable 'channels' referenced before assignment
2025-10-17 10:20:43-ERROR-[tdms_reader_time.py:139]-Traceback (most recent call last):
  File "C:\Users\17584\Documents\ALearning\Project\tools\DataProcess\src\data_io\tdms_reader_time.py", line 55, in process_tdms_file
    first_channel = channels[0]
UnboundLocalError: local variable 'channels' referenced before assignment

2025-10-17 10:20:43-INFO-[tdms_reader_time.py:44]-开始处理文件: D:/Lab/raw/2025.6.20\back\20250620194635.587857.tdms
2025-10-17 10:20:43-ERROR-[tdms_reader_time.py:137]-处理文件 20250620194635.587857.tdms 时出错: local variable 'channels' referenced before assignment
2025-10-17 10:20:43-INFO-[tdms_reader_time.py:44]-开始处理文件: D:/Lab/raw/2025.6.20\back\20250620194638.548843.tdms
2025-10-17 10:20:43-ERROR-[tdms_reader_time.py:139]-Traceback (most recent call last):
  File "C:\Users\17584\Documents\ALearning\Project\tools\DataProcess\src\data_io\tdms_reader_time.py", line 55, in process_tdms_file
    first_channel = channels[0]
UnboundLocalError: local variable 'channels' referenced before assignment

2025-10-17 10:20:43-ERROR-[tdms_reader_time.py:137]-处理文件 20250620194638.548843.tdms 时出错: local variable 'channels' referenced before assignment
2025-10-17 10:20:43-ERROR-[tdms_reader_time.py:139]-Traceback (most recent call last):
  File "C:\Users\17584\Documents\ALearning\Project\tools\DataProcess\src\data_io\tdms_reader_time.py", line 55, in process_tdms_file
    first_channel = channels[0]
UnboundLocalError: local variable 'channels' referenced before assignment

2025-10-17 10:20:43-INFO-[tdms_reader_time.py:44]-开始处理文件: D:/Lab/raw/2025.6.20\back\20250620194641.451865.tdms
2025-10-17 10:20:43-INFO-[tdms_reader_time.py:44]-开始处理文件: D:/Lab/raw/2025.6.20\back\20250620194644.379134.tdms
2025-10-17 10:20:43-ERROR-[tdms_reader_time.py:137]-处理文件 20250620194641.451865.tdms 时出错: local variable 'channels' referenced before assignment
2025-10-17 10:20:43-ERROR-[tdms_reader_time.py:137]-处理文件 20250620194644.379134.tdms 时出错: local variable 'channels' referenced before assignment
2025-10-17 10:20:43-ERROR-[tdms_reader_time.py:139]-Traceback (most recent call last):
  File "C:\Users\17584\Documents\ALearning\Project\tools\DataProcess\src\data_io\tdms_reader_time.py", line 55, in process_tdms_file
    first_channel = channels[0]
UnboundLocalError: local variable 'channels' referenced before assignment

2025-10-17 10:20:43-ERROR-[tdms_reader_time.py:139]-Traceback (most recent call last):
  File "C:\Users\17584\Documents\ALearning\Project\tools\DataProcess\src\data_io\tdms_reader_time.py", line 55, in process_tdms_file
    first_channel = channels[0]
UnboundLocalError: local variable 'channels' referenced before assignment

2025-10-17 10:20:43-INFO-[tdms_reader_time.py:44]-开始处理文件: D:/Lab/raw/2025.6.20\back\20250620194650.211108.tdms
2025-10-17 10:20:43-ERROR-[tdms_reader_time.py:137]-处理文件 20250620194647.302328.tdms 时出错: local variable 'channels' referenced before assignment
2025-10-17 10:20:43-ERROR-[tdms_reader_time.py:137]-处理文件 20250620194650.211108.tdms 时出错: local variable 'channels' referenced before assignment
2025-10-17 10:20:43-ERROR-[tdms_reader_time.py:139]-Traceback (most recent call last):
  File "C:\Users\17584\Documents\ALearning\Project\tools\DataProcess\src\data_io\tdms_reader_time.py", line 55, in process_tdms_file
    first_channel = channels[0]
UnboundLocalError: local variable 'channels' referenced before assignment

2025-10-17 10:20:43-ERROR-[tdms_reader_time.py:139]-Traceback (most recent call last):
  File "C:\Users\17584\Documents\ALearning\Project\tools\DataProcess\src\data_io\tdms_reader_time.py", line 55, in process_tdms_file
    first_channel = channels[0]
UnboundLocalError: local variable 'channels' referenced before assignment

2025-10-17 10:20:43-INFO-[tdms_reader_time.py:44]-开始处理文件: D:/Lab/raw/2025.6.20\back\20250620194653.136268.tdms
2025-10-17 10:20:43-INFO-[tdms_reader_time.py:44]-开始处理文件: D:/Lab/raw/2025.6.20\back\20250620194656.041305.tdms
2025-10-17 10:20:43-ERROR-[tdms_reader_time.py:137]-处理文件 20250620194653.136268.tdms 时出错: local variable 'channels' referenced before assignment
2025-10-17 10:20:43-ERROR-[tdms_reader_time.py:137]-处理文件 20250620194656.041305.tdms 时出错: local variable 'channels' referenced before assignment
2025-10-17 10:20:43-ERROR-[tdms_reader_time.py:139]-Traceback (most recent call last):
  File "C:\Users\17584\Documents\ALearning\Project\tools\DataProcess\src\data_io\tdms_reader_time.py", line 55, in process_tdms_file
    first_channel = channels[0]
UnboundLocalError: local variable 'channels' referenced before assignment

2025-10-17 10:20:43-ERROR-[tdms_reader_time.py:139]-Traceback (most recent call last):
  File "C:\Users\17584\Documents\ALearning\Project\tools\DataProcess\src\data_io\tdms_reader_time.py", line 55, in process_tdms_file
    first_channel = channels[0]
UnboundLocalError: local variable 'channels' referenced before assignment

2025-10-17 10:20:43-INFO-[tdms_reader_time.py:44]-开始处理文件: D:/Lab/raw/2025.6.20\back\20250620194659.052610.tdms
2025-10-17 10:20:43-INFO-[tdms_reader_time.py:44]-开始处理文件: D:/Lab/raw/2025.6.20\back\20250620194702.006214.tdms
2025-10-17 10:20:43-ERROR-[tdms_reader_time.py:137]-处理文件 20250620194659.052610.tdms 时出错: local variable 'channels' referenced before assignment
2025-10-17 10:20:43-ERROR-[tdms_reader_time.py:137]-处理文件 20250620194702.006214.tdms 时出错: local variable 'channels' referenced before assignment
2025-10-17 10:20:43-ERROR-[tdms_reader_time.py:139]-Traceback (most recent call last):
  File "C:\Users\17584\Documents\ALearning\Project\tools\DataProcess\src\data_io\tdms_reader_time.py", line 55, in process_tdms_file
    first_channel = channels[0]
UnboundLocalError: local variable 'channels' referenced before assignment

2025-10-17 10:20:43-ERROR-[tdms_reader_time.py:139]-Traceback (most recent call last):
  File "C:\Users\17584\Documents\ALearning\Project\tools\DataProcess\src\data_io\tdms_reader_time.py", line 55, in process_tdms_file
    first_channel = channels[0]
UnboundLocalError: local variable 'channels' referenced before assignment

2025-10-17 10:20:43-INFO-[tdms_reader_time.py:44]-开始处理文件: D:/Lab/raw/2025.6.20\back\20250620194704.911499.tdms
2025-10-17 10:20:43-INFO-[tdms_reader_time.py:44]-开始处理文件: D:/Lab/raw/2025.6.20\back\20250620194707.790523.tdms
2025-10-17 10:20:43-ERROR-[tdms_reader_time.py:137]-处理文件 20250620194704.911499.tdms 时出错: local variable 'channels' referenced before assignment
2025-10-17 10:20:43-ERROR-[tdms_reader_time.py:137]-处理文件 20250620194707.790523.tdms 时出错: local variable 'channels' referenced before assignment
2025-10-17 10:20:43-ERROR-[tdms_reader_time.py:139]-Traceback (most recent call last):
  File "C:\Users\17584\Documents\ALearning\Project\tools\DataProcess\src\data_io\tdms_reader_time.py", line 55, in process_tdms_file
    first_channel = channels[0]
UnboundLocalError: local variable 'channels' referenced before assignment

2025-10-17 10:20:43-ERROR-[tdms_reader_time.py:139]-Traceback (most recent call last):
  File "C:\Users\17584\Documents\ALearning\Project\tools\DataProcess\src\data_io\tdms_reader_time.py", line 55, in process_tdms_file
    first_channel = channels[0]
UnboundLocalError: local variable 'channels' referenced before assignment

2025-10-17 10:20:43-INFO-[tdms_reader_time.py:44]-开始处理文件: D:/Lab/raw/2025.6.20\back\20250620194710.704633.tdms
2025-10-17 10:20:43-INFO-[tdms_reader_time.py:44]-开始处理文件: D:/Lab/raw/2025.6.20\back\20250620194713.610034.tdms
2025-10-17 10:20:43-ERROR-[tdms_reader_time.py:137]-处理文件 20250620194710.704633.tdms 时出错: local variable 'channels' referenced before assignment
2025-10-17 10:20:43-ERROR-[tdms_reader_time.py:137]-处理文件 20250620194713.610034.tdms 时出错: local variable 'channels' referenced before assignment
2025-10-17 10:20:43-ERROR-[tdms_reader_time.py:139]-Traceback (most recent call last):
  File "C:\Users\17584\Documents\ALearning\Project\tools\DataProcess\src\data_io\tdms_reader_time.py", line 55, in process_tdms_file
    first_channel = channels[0]
UnboundLocalError: local variable 'channels' referenced before assignment

2025-10-17 10:20:43-ERROR-[tdms_reader_time.py:139]-Traceback (most recent call last):
  File "C:\Users\17584\Documents\ALearning\Project\tools\DataProcess\src\data_io\tdms_reader_time.py", line 55, in process_tdms_file
    first_channel = channels[0]
UnboundLocalError: local variable 'channels' referenced before assignment

2025-10-17 10:20:43-INFO-[tdms_reader_time.py:44]-开始处理文件: D:/Lab/raw/2025.6.20\back\20250620194716.530521.tdms
2025-10-17 10:20:43-INFO-[tdms_reader_time.py:44]-开始处理文件: D:/Lab/raw/2025.6.20\back\20250620194719.443004.tdms
2025-10-17 10:20:43-ERROR-[tdms_reader_time.py:137]-处理文件 20250620194716.530521.tdms 时出错: local variable 'channels' referenced before assignment
2025-10-17 10:20:43-ERROR-[tdms_reader_time.py:139]-Traceback (most recent call last):
  File "C:\Users\17584\Documents\ALearning\Project\tools\DataProcess\src\data_io\tdms_reader_time.py", line 55, in process_tdms_file
    first_channel = channels[0]
UnboundLocalError: local variable 'channels' referenced before assignment

2025-10-17 10:20:43-ERROR-[tdms_reader_time.py:139]-Traceback (most recent call last):
  File "C:\Users\17584\Documents\ALearning\Project\tools\DataProcess\src\data_io\tdms_reader_time.py", line 55, in process_tdms_file
    first_channel = channels[0]
UnboundLocalError: local variable 'channels' referenced before assignment

2025-10-17 10:20:43-INFO-[tdms_reader_time.py:44]-开始处理文件: D:/Lab/raw/2025.6.20\back\20250620194722.345550.tdms
2025-10-17 10:20:43-INFO-[tdms_reader_time.py:44]-开始处理文件: D:/Lab/raw/2025.6.20\back\20250620194725.240403.tdms
2025-10-17 10:20:43-ERROR-[tdms_reader_time.py:137]-处理文件 20250620194722.345550.tdms 时出错: local variable 'channels' referenced before assignment
2025-10-17 10:20:43-ERROR-[tdms_reader_time.py:139]-Traceback (most recent call last):
  File "C:\Users\17584\Documents\ALearning\Project\tools\DataProcess\src\data_io\tdms_reader_time.py", line 55, in process_tdms_file
    first_channel = channels[0]
UnboundLocalError: local variable 'channels' referenced before assignment

2025-10-17 10:20:43-ERROR-[tdms_reader_time.py:139]-Traceback (most recent call last):
  File "C:\Users\17584\Documents\ALearning\Project\tools\DataProcess\src\data_io\tdms_reader_time.py", line 55, in process_tdms_file
    first_channel = channels[0]
UnboundLocalError: local variable 'channels' referenced before assignment

2025-10-17 10:20:43-INFO-[tdms_reader_time.py:44]-开始处理文件: D:/Lab/raw/2025.6.20\back\20250620194728.134972.tdms
2025-10-17 10:20:43-ERROR-[tdms_reader_time.py:137]-处理文件 20250620194728.134972.tdms 时出错: local variable 'channels' referenced before assignment
2025-10-17 10:20:43-INFO-[tdms_reader_time.py:44]-开始处理文件: D:/Lab/raw/2025.6.20\back\20250620194734.001919.tdms
2025-10-17 10:20:43-INFO-[tdms_reader_time.py:44]-开始处理文件: D:/Lab/raw/2025.6.20\back\20250620194731.069696.tdms
2025-10-17 10:20:43-ERROR-[tdms_reader_time.py:137]-处理文件 20250620194734.001919.tdms 时出错: local variable 'channels' referenced before assignment
2025-10-17 10:20:43-ERROR-[tdms_reader_time.py:137]-处理文件 20250620194731.069696.tdms 时出错: local variable 'channels' referenced before assignment
2025-10-17 10:20:43-ERROR-[tdms_reader_time.py:139]-Traceback (most recent call last):
  File "C:\Users\17584\Documents\ALearning\Project\tools\DataProcess\src\data_io\tdms_reader_time.py", line 55, in process_tdms_file
    first_channel = channels[0]
UnboundLocalError: local variable 'channels' referenced before assignment

2025-10-17 10:20:43-ERROR-[tdms_reader_time.py:139]-Traceback (most recent call last):
  File "C:\Users\17584\Documents\ALearning\Project\tools\DataProcess\src\data_io\tdms_reader_time.py", line 55, in process_tdms_file
    first_channel = channels[0]
UnboundLocalError: local variable 'channels' referenced before assignment

2025-10-17 10:20:43-INFO-[tdms_reader_time.py:44]-开始处理文件: D:/Lab/raw/2025.6.20\backwatering\20250620193734.678390.tdms
2025-10-17 10:20:43-INFO-[tdms_reader_time.py:44]-开始处理文件: D:/Lab/raw/2025.6.20\backwatering\20250620193737.643558.tdms
2025-10-17 10:20:43-ERROR-[tdms_reader_time.py:137]-处理文件 20250620193734.678390.tdms 时出错: local variable 'channels' referenced before assignment
2025-10-17 10:20:43-ERROR-[tdms_reader_time.py:137]-处理文件 20250620193737.643558.tdms 时出错: local variable 'channels' referenced before assignment
2025-10-17 10:20:43-ERROR-[tdms_reader_time.py:139]-Traceback (most recent call last):
  File "C:\Users\17584\Documents\ALearning\Project\tools\DataProcess\src\data_io\tdms_reader_time.py", line 55, in process_tdms_file
    first_channel = channels[0]
UnboundLocalError: local variable 'channels' referenced before assignment

2025-10-17 10:20:43-ERROR-[tdms_reader_time.py:139]-Traceback (most recent call last):
  File "C:\Users\17584\Documents\ALearning\Project\tools\DataProcess\src\data_io\tdms_reader_time.py", line 55, in process_tdms_file
    first_channel = channels[0]
UnboundLocalError: local variable 'channels' referenced before assignment

2025-10-17 10:20:43-INFO-[tdms_reader_time.py:44]-开始处理文件: D:/Lab/raw/2025.6.20\backwatering\20250620193743.417335.tdms
2025-10-17 10:20:43-INFO-[tdms_reader_time.py:44]-开始处理文件: D:/Lab/raw/2025.6.20\backwatering\20250620193740.545447.tdms
2025-10-17 10:20:43-ERROR-[tdms_reader_time.py:137]-处理文件 20250620193743.417335.tdms 时出错: local variable 'channels' referenced before assignment
2025-10-17 10:20:43-ERROR-[tdms_reader_time.py:137]-处理文件 20250620193740.545447.tdms 时出错: local variable 'channels' referenced before assignment
2025-10-17 10:20:43-ERROR-[tdms_reader_time.py:139]-Traceback (most recent call last):
  File "C:\Users\17584\Documents\ALearning\Project\tools\DataProcess\src\data_io\tdms_reader_time.py", line 55, in process_tdms_file
    first_channel = channels[0]
UnboundLocalError: local variable 'channels' referenced before assignment

2025-10-17 10:20:43-ERROR-[tdms_reader_time.py:139]-Traceback (most recent call last):
  File "C:\Users\17584\Documents\ALearning\Project\tools\DataProcess\src\data_io\tdms_reader_time.py", line 55, in process_tdms_file
    first_channel = channels[0]
UnboundLocalError: local variable 'channels' referenced before assignment

2025-10-17 10:20:43-ERROR-[tdms_reader_time.py:139]-Traceback (most recent call last):
  File "C:\Users\17584\Documents\ALearning\Project\tools\DataProcess\src\data_io\tdms_reader_time.py", line 55, in process_tdms_file
    first_channel = channels[0]
UnboundLocalError: local variable 'channels' referenced before assignment

2025-10-17 10:20:43-INFO-[tdms_reader_time.py:44]-开始处理文件: D:/Lab/raw/2025.6.20\backwatering\20250620193746.344677.tdms
2025-10-17 10:20:43-ERROR-[tdms_reader_time.py:137]-处理文件 20250620193746.344677.tdms 时出错: local variable 'channels' referenced before assignment
2025-10-17 10:20:43-INFO-[tdms_reader_time.py:44]-开始处理文件: D:/Lab/raw/2025.6.20\backwatering\20250620193749.270337.tdms
2025-10-17 10:20:43-ERROR-[tdms_reader_time.py:139]-Traceback (most recent call last):
  File "C:\Users\17584\Documents\ALearning\Project\tools\DataProcess\src\data_io\tdms_reader_time.py", line 55, in process_tdms_file
    first_channel = channels[0]
UnboundLocalError: local variable 'channels' referenced before assignment

2025-10-17 10:20:43-ERROR-[tdms_reader_time.py:137]-处理文件 20250620193749.270337.tdms 时出错: local variable 'channels' referenced before assignment
2025-10-17 10:20:43-INFO-[tdms_reader_time.py:44]-开始处理文件: D:/Lab/raw/2025.6.20\backwatering\20250620193752.182714.tdms
2025-10-17 10:20:43-ERROR-[tdms_reader_time.py:139]-Traceback (most recent call last):
  File "C:\Users\17584\Documents\ALearning\Project\tools\DataProcess\src\data_io\tdms_reader_time.py", line 55, in process_tdms_file
    first_channel = channels[0]
UnboundLocalError: local variable 'channels' referenced before assignment

2025-10-17 10:20:43-ERROR-[tdms_reader_time.py:137]-处理文件 20250620193752.182714.tdms 时出错: local variable 'channels' referenced before assignment
2025-10-17 10:20:43-ERROR-[tdms_reader_time.py:139]-Traceback (most recent call last):
  File "C:\Users\17584\Documents\ALearning\Project\tools\DataProcess\src\data_io\tdms_reader_time.py", line 55, in process_tdms_file
    first_channel = channels[0]
UnboundLocalError: local variable 'channels' referenced before assignment

2025-10-17 10:20:43-INFO-[tdms_reader_time.py:44]-开始处理文件: D:/Lab/raw/2025.6.20\backwatering\20250620193755.071010.tdms
2025-10-17 10:20:43-ERROR-[tdms_reader_time.py:137]-处理文件 20250620193755.071010.tdms 时出错: local variable 'channels' referenced before assignment
2025-10-17 10:20:43-INFO-[tdms_reader_time.py:44]-开始处理文件: D:/Lab/raw/2025.6.20\backwatering\20250620193757.946475.tdms
2025-10-17 10:20:43-ERROR-[tdms_reader_time.py:139]-Traceback (most recent call last):
  File "C:\Users\17584\Documents\ALearning\Project\tools\DataProcess\src\data_io\tdms_reader_time.py", line 55, in process_tdms_file
    first_channel = channels[0]
UnboundLocalError: local variable 'channels' referenced before assignment

2025-10-17 10:20:43-INFO-[tdms_reader_time.py:44]-开始处理文件: D:/Lab/raw/2025.6.20\backwatering\20250620193800.664447.tdms
erenced before assignment
2025-10-17 10:20:43-ERROR-[tdms_reader_time.py:137]-处理文件 20250620193800.664447.tdms 时出错: local variable 'channels' referenced before assignment
2025-10-17 10:20:43-ERROR-[tdms_reader_time.py:139]-Traceback (most recent call last):
  File "C:\Users\17584\Documents\ALearning\Project\tools\DataProcess\src\data_io\tdms_reader_time.py", line 55, in process_tdms_file
    first_channel = channels[0]
UnboundLocalError: local variable 'channels' referenced before assignment

2025-10-17 10:20:43-ERROR-[tdms_reader_time.py:139]-Traceback (most recent call last):
  File "C:\Users\17584\Documents\ALearning\Project\tools\DataProcess\src\data_io\tdms_reader_time.py", line 55, in process_tdms_file
    first_channel = channels[0]
UnboundLocalError: local variable 'channels' referenced before assignment

2025-10-17 10:20:43-INFO-[tdms_reader_time.py:44]-开始处理文件: D:/Lab/raw/2025.6.20\backwatering\20250620193803.575523.tdms
2025-10-17 10:20:43-ERROR-[tdms_reader_time.py:137]-处理文件 20250620193803.575523.tdms 时出错: local variable 'channels' referenced before assignment
2025-10-17 10:20:43-ERROR-[tdms_reader_time.py:139]-Traceback (most recent call last):
  File "C:\Users\17584\Documents\ALearning\Project\tools\DataProcess\src\data_io\tdms_reader_time.py", line 55, in process_tdms_file
    first_channel = channels[0]
UnboundLocalError: local variable 'channels' referenced before assignment

2025-10-17 10:20:43-INFO-[tdms_reader_time.py:44]-开始处理文件: D:/Lab/raw/2025.6.20\backwatering\20250620193806.499762.tdms
2025-10-17 10:20:43-ERROR-[tdms_reader_time.py:137]-处理文件 20250620193806.499762.tdms 时出错: local variable 'channels' referenced before assignment
2025-10-17 10:20:43-INFO-[tdms_reader_time.py:44]-开始处理文件: D:/Lab/raw/2025.6.20\backwatering\20250620193809.385131.tdms
2025-10-17 10:20:43-ERROR-[tdms_reader_time.py:137]-处理文件 20250620193809.385131.tdms 时出错: local variable 'channels' referenced before assignment
2025-10-17 10:20:43-ERROR-[tdms_reader_time.py:139]-Traceback (most recent call last):
  File "C:\Users\17584\Documents\ALearning\Project\tools\DataProcess\src\data_io\tdms_reader_time.py", line 55, in process_tdms_file
    first_channel = channels[0]
UnboundLocalError: local variable 'channels' referenced before assignment

2025-10-17 10:20:43-ERROR-[tdms_reader_time.py:139]-Traceback (most recent call last):
  File "C:\Users\17584\Documents\ALearning\Project\tools\DataProcess\src\data_io\tdms_reader_time.py", line 55, in process_tdms_file
    first_channel = channels[0]
UnboundLocalError: local variable 'channels' referenced before assignment

2025-10-17 10:20:43-INFO-[tdms_reader_time.py:44]-开始处理文件: D:/Lab/raw/2025.6.20\backwatering\20250620193812.362895.tdms
2025-10-17 10:20:43-ERROR-[tdms_reader_time.py:137]-处理文件 20250620193812.362895.tdms 时出错: local variable 'channels' referenced before assignment
2025-10-17 10:20:43-ERROR-[tdms_reader_time.py:139]-Traceback (most recent call last):
  File "C:\Users\17584\Documents\ALearning\Project\tools\DataProcess\src\data_io\tdms_reader_time.py", line 55, in process_tdms_file
    first_channel = channels[0]
UnboundLocalError: local variable 'channels' referenced before assignment

2025-10-17 10:20:43-INFO-[tdms_reader_time.py:44]-开始处理文件: D:/Lab/raw/2025.6.20\backwatering\20250620193815.303531.tdms
2025-10-17 10:20:43-INFO-[tdms_reader_time.py:44]-开始处理文件: D:/Lab/raw/2025.6.20\backwatering\20250620193818.229423.tdms
2025-10-17 10:20:43-ERROR-[tdms_reader_time.py:137]-处理文件 20250620193815.303531.tdms 时出错: local variable 'channels' referenced before assignment
2025-10-17 10:20:43-ERROR-[tdms_reader_time.py:137]-处理文件 20250620193818.229423.tdms 时出错: local variable 'channels' referenced before assignment
2025-10-17 10:20:43-ERROR-[tdms_reader_time.py:139]-Traceback (most recent call last):
  File "C:\Users\17584\Documents\ALearning\Project\tools\DataProcess\src\data_io\tdms_reader_time.py", line 55, in process_tdms_file
    first_channel = channels[0]
UnboundLocalError: local variable 'channels' referenced before assignment

2025-10-17 10:20:43-ERROR-[tdms_reader_time.py:139]-Traceback (most recent call last):
  File "C:\Users\17584\Documents\ALearning\Project\tools\DataProcess\src\data_io\tdms_reader_time.py", line 55, in process_tdms_file
    first_channel = channels[0]
UnboundLocalError: local variable 'channels' referenced before assignment

2025-10-17 10:20:43-INFO-[tdms_reader_time.py:44]-开始处理文件: D:/Lab/raw/2025.6.20\backwatering\20250620193821.140393.tdms
2025-10-17 10:20:43-ERROR-[tdms_reader_time.py:137]-处理文件 20250620193821.140393.tdms 时出错: local variable 'channels' referenced before assignment
2025-10-17 10:20:43-ERROR-[tdms_reader_time.py:139]-Traceback (most recent call last):
  File "C:\Users\17584\Documents\ALearning\Project\tools\DataProcess\src\data_io\tdms_reader_time.py", line 55, in process_tdms_file
    first_channel = channels[0]
UnboundLocalError: local variable 'channels' referenced before assignment

2025-10-17 10:20:43-INFO-[tdms_reader_time.py:44]-开始处理文件: D:/Lab/raw/2025.6.20\backwatering\20250620193824.039435.tdms
2025-10-17 10:20:43-INFO-[tdms_reader_time.py:44]-开始处理文件: D:/Lab/raw/2025.6.20\backwatering\20250620193827.003131.tdms
2025-10-17 10:20:43-ERROR-[tdms_reader_time.py:137]-处理文件 20250620193824.039435.tdms 时出错: local variable 'channels' referenced before assignment
2025-10-17 10:20:43-ERROR-[tdms_reader_time.py:137]-处理文件 20250620193827.003131.tdms 时出错: local variable 'channels' referenced before assignment
2025-10-17 10:20:43-ERROR-[tdms_reader_time.py:139]-Traceback (most recent call last):
  File "C:\Users\17584\Documents\ALearning\Project\tools\DataProcess\src\data_io\tdms_reader_time.py", line 55, in process_tdms_file
    first_channel = channels[0]
UnboundLocalError: local variable 'channels' referenced before assignment

2025-10-17 10:20:43-ERROR-[tdms_reader_time.py:139]-Traceback (most recent call last):
  File "C:\Users\17584\Documents\ALearning\Project\tools\DataProcess\src\data_io\tdms_reader_time.py", line 55, in process_tdms_file
    first_channel = channels[0]
UnboundLocalError: local variable 'channels' referenced before assignment

2025-10-17 10:20:43-INFO-[tdms_reader_time.py:44]-开始处理文件: D:/Lab/raw/2025.6.20\backwatering\20250620193829.938352.tdms
2025-10-17 10:20:43-ERROR-[tdms_reader_time.py:137]-处理文件 20250620193829.938352.tdms 时出错: local variable 'channels' referenced before assignment
2025-10-17 10:20:43-ERROR-[tdms_reader_time.py:139]-Traceback (most recent call last):
  File "C:\Users\17584\Documents\ALearning\Project\tools\DataProcess\src\data_io\tdms_reader_time.py", line 55, in process_tdms_file
    first_channel = channels[0]
UnboundLocalError: local variable 'channels' referenced before assignment

2025-10-17 10:20:43-INFO-[tdms_reader_time.py:44]-开始处理文件: D:/Lab/raw/2025.6.20\backwatering\20250620193835.769193.tdms
2025-10-17 10:20:43-INFO-[tdms_reader_time.py:44]-开始处理文件: D:/Lab/raw/2025.6.20\backwatering\20250620193832.870292.tdms
2025-10-17 10:20:43-ERROR-[tdms_reader_time.py:137]-处理文件 20250620193835.769193.tdms 时出错: local variable 'channels' referenced before assignment
2025-10-17 10:20:43-ERROR-[tdms_reader_time.py:137]-处理文件 20250620193832.870292.tdms 时出错: local variable 'channels' referenced before assignment
2025-10-17 10:20:43-ERROR-[tdms_reader_time.py:139]-Traceback (most recent call last):
  File "C:\Users\17584\Documents\ALearning\Project\tools\DataProcess\src\data_io\tdms_reader_time.py", line 55, in process_tdms_file
    first_channel = channels[0]
UnboundLocalError: local variable 'channels' referenced before assignment

2025-10-17 10:20:43-ERROR-[tdms_reader_time.py:139]-Traceback (most recent call last):
  File "C:\Users\17584\Documents\ALearning\Project\tools\DataProcess\src\data_io\tdms_reader_time.py", line 55, in process_tdms_file
    first_channel = channels[0]
UnboundLocalError: local variable 'channels' referenced before assignment

2025-10-17 10:20:43-INFO-[tdms_reader_time.py:44]-开始处理文件: D:/Lab/raw/2025.6.20\backwatering\20250620193838.664452.tdms
2025-10-17 10:20:43-ERROR-[tdms_reader_time.py:137]-处理文件 20250620193838.664452.tdms 时出错: local variable 'channels' referenced before assignment
2025-10-17 10:20:43-ERROR-[tdms_reader_time.py:139]-Traceback (most recent call last):
  File "C:\Users\17584\Documents\ALearning\Project\tools\DataProcess\src\data_io\tdms_reader_time.py", line 55, in process_tdms_file
    first_channel = channels[0]
UnboundLocalError: local variable 'channels' referenced before assignment

2025-10-17 10:20:43-INFO-[tdms_reader_time.py:44]-开始处理文件: D:/Lab/raw/2025.6.20\backwatering\20250620193841.584246.tdms
2025-10-17 10:20:43-INFO-[tdms_reader_time.py:44]-开始处理文件: D:/Lab/raw/2025.6.20\backwatering\20250620193844.533171.tdms
2025-10-17 10:20:43-ERROR-[tdms_reader_time.py:137]-处理文件 20250620193841.584246.tdms 时出错: local variable 'channels' referenced before assignment
2025-10-17 10:20:43-ERROR-[tdms_reader_time.py:137]-处理文件 20250620193844.533171.tdms 时出错: local variable 'channels' referenced before assignment
2025-10-17 10:20:43-ERROR-[tdms_reader_time.py:139]-Traceback (most recent call last):
  File "C:\Users\17584\Documents\ALearning\Project\tools\DataProcess\src\data_io\tdms_reader_time.py", line 55, in process_tdms_file
    first_channel = channels[0]
UnboundLocalError: local variable 'channels' referenced before assignment

2025-10-17 10:20:43-ERROR-[tdms_reader_time.py:139]-Traceback (most recent call last):
  File "C:\Users\17584\Documents\ALearning\Project\tools\DataProcess\src\data_io\tdms_reader_time.py", line 55, in process_tdms_file
    first_channel = channels[0]
UnboundLocalError: local variable 'channels' referenced before assignment

2025-10-17 10:20:43-INFO-[tdms_reader_time.py:44]-开始处理文件: D:/Lab/raw/2025.6.20\backwatering\20250620193847.466852.tdms
2025-10-17 10:20:43-ERROR-[tdms_reader_time.py:137]-处理文件 20250620193847.466852.tdms 时出错: local variable 'channels' referenced before assignment
2025-10-17 10:20:43-ERROR-[tdms_reader_time.py:139]-Traceback (most recent call last):
  File "C:\Users\17584\Documents\ALearning\Project\tools\DataProcess\src\data_io\tdms_reader_time.py", line 55, in process_tdms_file
    first_channel = channels[0]
UnboundLocalError: local variable 'channels' referenced before assignment

2025-10-17 10:20:43-INFO-[tdms_reader_time.py:44]-开始处理文件: D:/Lab/raw/2025.6.20\backwatering\20250620193850.400394.tdms
2025-10-17 10:20:43-INFO-[tdms_reader_time.py:44]-开始处理文件: D:/Lab/raw/2025.6.20\backwatering\20250620193853.345024.tdms
2025-10-17 10:20:43-ERROR-[tdms_reader_time.py:137]-处理文件 20250620193850.400394.tdms 时出错: local variable 'channels' referenced before assignment
2025-10-17 10:20:43-ERROR-[tdms_reader_time.py:137]-处理文件 20250620193853.345024.tdms 时出错: local variable 'channels' referenced before assignment
2025-10-17 10:20:43-ERROR-[tdms_reader_time.py:139]-Traceback (most recent call last):
  File "C:\Users\17584\Documents\ALearning\Project\tools\DataProcess\src\data_io\tdms_reader_time.py", line 55, in process_tdms_file
    first_channel = channels[0]
UnboundLocalError: local variable 'channels' referenced before assignment

2025-10-17 10:20:43-ERROR-[tdms_reader_time.py:139]-Traceback (most recent call last):
  File "C:\Users\17584\Documents\ALearning\Project\tools\DataProcess\src\data_io\tdms_reader_time.py", line 55, in process_tdms_file
    first_channel = channels[0]
UnboundLocalError: local variable 'channels' referenced before assignment

2025-10-17 10:20:43-INFO-[tdms_reader_time.py:44]-开始处理文件: D:/Lab/raw/2025.6.20\backwatering\20250620193856.225711.tdms
2025-10-17 10:20:43-ERROR-[tdms_reader_time.py:137]-处理文件 20250620193856.225711.tdms 时出错: local variable 'channels' referenced before assignment
2025-10-17 10:20:43-ERROR-[tdms_reader_time.py:139]-Traceback (most recent call last):
  File "C:\Users\17584\Documents\ALearning\Project\tools\DataProcess\src\data_io\tdms_reader_time.py", line 55, in process_tdms_file
    first_channel = channels[0]
UnboundLocalError: local variable 'channels' referenced before assignment

2025-10-17 10:20:43-INFO-[tdms_reader_time.py:44]-开始处理文件: D:/Lab/raw/2025.6.20\backwatering\20250620193859.168055.tdms
2025-10-17 10:20:43-INFO-[tdms_reader_time.py:44]-开始处理文件: D:/Lab/raw/2025.6.20\backwatering\20250620193902.126579.tdms
2025-10-17 10:20:43-ERROR-[tdms_reader_time.py:137]-处理文件 20250620193902.126579.tdms 时出错: local variable 'channels' referenced before assignment
2025-10-17 10:20:43-INFO-[tdms_reader_time.py:44]-开始处理文件: D:/Lab/raw/2025.6.20\backwatering\20250620193905.056522.tdms
2025-10-17 10:20:43-ERROR-[tdms_reader_time.py:137]-处理文件 20250620193859.168055.tdms 时出错: local variable 'channels' referenced before assignment
2025-10-17 10:20:43-ERROR-[tdms_reader_time.py:137]-处理文件 20250620193905.056522.tdms 时出错: local variable 'channels' referenced before assignment
2025-10-17 10:20:43-ERROR-[tdms_reader_time.py:139]-Traceback (most recent call last):
  File "C:\Users\17584\Documents\ALearning\Project\tools\DataProcess\src\data_io\tdms_reader_time.py", line 55, in process_tdms_file
    first_channel = channels[0]
UnboundLocalError: local variable 'channels' referenced before assignment

2025-10-17 10:20:43-ERROR-[tdms_reader_time.py:139]-Traceback (most recent call last):
  File "C:\Users\17584\Documents\ALearning\Project\tools\DataProcess\src\data_io\tdms_reader_time.py", line 55, in process_tdms_file
    first_channel = channels[0]
UnboundLocalError: local variable 'channels' referenced before assignment

2025-10-17 10:20:43-ERROR-[tdms_reader_time.py:139]-Traceback (most recent call last):
  File "C:\Users\17584\Documents\ALearning\Project\tools\DataProcess\src\data_io\tdms_reader_time.py", line 55, in process_tdms_file
    first_channel = channels[0]
UnboundLocalError: local variable 'channels' referenced before assignment

2025-10-17 10:20:43-INFO-[tdms_reader_time.py:44]-开始处理文件: D:/Lab/raw/2025.6.20\backwatering\20250620193910.873333.tdms
2025-10-17 10:20:43-INFO-[tdms_reader_time.py:44]-开始处理文件: D:/Lab/raw/2025.6.20\backwatering\20250620193913.800929.tdms
2025-10-17 10:20:43-INFO-[tdms_reader_time.py:44]-开始处理文件: D:/Lab/raw/2025.6.20\backwatering\20250620193907.982947.tdms
2025-10-17 10:20:43-ERROR-[tdms_reader_time.py:137]-处理文件 20250620193910.873333.tdms 时出错: local variable 'channels' referenced before assignment
2025-10-17 10:20:43-ERROR-[tdms_reader_time.py:137]-处理文件 20250620193913.800929.tdms 时出错: local variable 'channels' referenced before assignment
2025-10-17 10:20:43-ERROR-[tdms_reader_time.py:137]-处理文件 20250620193907.982947.tdms 时出错: local variable 'channels' referenced before assignment
2025-10-17 10:20:43-ERROR-[tdms_reader_time.py:139]-Traceback (most recent call last):
  File "C:\Users\17584\Documents\ALearning\Project\tools\DataProcess\src\data_io\tdms_reader_time.py", line 55, in process_tdms_file
    first_channel = channels[0]
UnboundLocalError: local variable 'channels' referenced before assignment

2025-10-17 10:20:43-ERROR-[tdms_reader_time.py:139]-Traceback (most recent call last):
  File "C:\Users\17584\Documents\ALearning\Project\tools\DataProcess\src\data_io\tdms_reader_time.py", line 55, in process_tdms_file
    first_channel = channels[0]
UnboundLocalError: local variable 'channels' referenced before assignment

2025-10-17 10:20:43-ERROR-[tdms_reader_time.py:139]-Traceback (most recent call last):
  File "C:\Users\17584\Documents\ALearning\Project\tools\DataProcess\src\data_io\tdms_reader_time.py", line 55, in process_tdms_file
    first_channel = channels[0]
UnboundLocalError: local variable 'channels' referenced before assignment

2025-10-17 10:20:43-INFO-[tdms_reader_time.py:44]-开始处理文件: D:/Lab/raw/2025.6.20\backwatering\20250620193916.714522.tdms
2025-10-17 10:20:43-INFO-[tdms_reader_time.py:44]-开始处理文件: D:/Lab/raw/2025.6.20\backwatering\20250620193919.648442.tdms
2025-10-17 10:20:43-ERROR-[tdms_reader_time.py:137]-处理文件 20250620193916.714522.tdms 时出错: local variable 'channels' referenced before assignment
2025-10-17 10:20:43-INFO-[tdms_reader_time.py:44]-开始处理文件: D:/Lab/raw/2025.6.20\backwatering\20250620193922.601949.tdms
2025-10-17 10:20:43-ERROR-[tdms_reader_time.py:137]-处理文件 20250620193919.648442.tdms 时出错: local variable 'channels' referenced before assignment
2025-10-17 10:20:43-ERROR-[tdms_reader_time.py:137]-处理文件 20250620193922.601949.tdms 时出错: local variable 'channels' referenced before assignment
2025-10-17 10:20:43-ERROR-[tdms_reader_time.py:139]-Traceback (most recent call last):
  File "C:\Users\17584\Documents\ALearning\Project\tools\DataProcess\src\data_io\tdms_reader_time.py", line 55, in process_tdms_file
    first_channel = channels[0]
UnboundLocalError: local variable 'channels' referenced before assignment

2025-10-17 10:20:43-ERROR-[tdms_reader_time.py:139]-Traceback (most recent call last):
  File "C:\Users\17584\Documents\ALearning\Project\tools\DataProcess\src\data_io\tdms_reader_time.py", line 55, in process_tdms_file
    first_channel = channels[0]
UnboundLocalError: local variable 'channels' referenced before assignment

2025-10-17 10:20:43-ERROR-[tdms_reader_time.py:139]-Traceback (most recent call last):
  File "C:\Users\17584\Documents\ALearning\Project\tools\DataProcess\src\data_io\tdms_reader_time.py", line 55, in process_tdms_file
    first_channel = channels[0]
UnboundLocalError: local variable 'channels' referenced before assignment

2025-10-17 10:20:43-INFO-[tdms_reader_time.py:44]-开始处理文件: D:/Lab/raw/2025.6.20\backwatering\20250620193925.583770.tdms
2025-10-17 10:20:43-ERROR-[tdms_reader_time.py:137]-处理文件 20250620193925.583770.tdms 时出错: local variable 'channels' referenced before assignment
2025-10-17 10:20:43-INFO-[tdms_reader_time.py:44]-开始处理文件: D:/Lab/raw/2025.6.20\backwatering\20250620193928.513572.tdms
2025-10-17 10:20:43-ERROR-[tdms_reader_time.py:139]-Traceback (most recent call last):
  File "C:\Users\17584\Documents\ALearning\Project\tools\DataProcess\src\data_io\tdms_reader_time.py", line 55, in process_tdms_file
    first_channel = channels[0]
UnboundLocalError: local variable 'channels' referenced before assignment

2025-10-17 10:20:43-INFO-[tdms_reader_time.py:44]-开始处理文件: D:/Lab/raw/2025.6.20\backwatering\20250620193931.418785.tdms
2025-10-17 10:20:43-ERROR-[tdms_reader_time.py:137]-处理文件 20250620193931.418785.tdms 时出错: local variable 'channels' referenced before assignment
2025-10-17 10:20:43-ERROR-[tdms_reader_time.py:137]-处理文件 20250620193928.513572.tdms 时出错: local variable 'channels' referenced before assignment
2025-10-17 10:20:43-ERROR-[tdms_reader_time.py:139]-Traceback (most recent call last):
  File "C:\Users\17584\Documents\ALearning\Project\tools\DataProcess\src\data_io\tdms_reader_time.py", line 55, in process_tdms_file
    first_channel = channels[0]
UnboundLocalError: local variable 'channels' referenced before assignment

2025-10-17 10:20:43-ERROR-[tdms_reader_time.py:139]-Traceback (most recent call last):
  File "C:\Users\17584\Documents\ALearning\Project\tools\DataProcess\src\data_io\tdms_reader_time.py", line 55, in process_tdms_file
    first_channel = channels[0]
UnboundLocalError: local variable 'channels' referenced before assignment

2025-10-17 10:20:43-INFO-[tdms_reader_time.py:44]-开始处理文件: D:/Lab/raw/2025.6.20\backwatering\20250620194609.324848.tdms
2025-10-17 10:20:43-ERROR-[tdms_reader_time.py:137]-处理文件 20250620194609.324848.tdms 时出错: local variable 'channels' referenced before assignment
2025-10-17 10:20:43-ERROR-[tdms_reader_time.py:139]-Traceback (most recent call last):
  File "C:\Users\17584\Documents\ALearning\Project\tools\DataProcess\src\data_io\tdms_reader_time.py", line 55, in process_tdms_file
    first_channel = channels[0]
UnboundLocalError: local variable 'channels' referenced before assignment

2025-10-17 10:20:43-INFO-[tdms_reader_time.py:44]-开始处理文件: D:/Lab/raw/2025.6.20\stopdirtyback\20250620203652.803200.tdms
2025-10-17 10:20:43-INFO-[tdms_reader_time.py:44]-开始处理文件: D:/Lab/raw/2025.6.20\stopdirtyback\20250620203655.750625.tdms
2025-10-17 10:20:43-ERROR-[tdms_reader_time.py:137]-处理文件 20250620203652.803200.tdms 时出错: local variable 'channels' referenced before assignment
2025-10-17 10:20:43-ERROR-[tdms_reader_time.py:137]-处理文件 20250620203655.750625.tdms 时出错: local variable 'channels' referenced before assignment
2025-10-17 10:20:43-ERROR-[tdms_reader_time.py:139]-Traceback (most recent call last):
  File "C:\Users\17584\Documents\ALearning\Project\tools\DataProcess\src\data_io\tdms_reader_time.py", line 55, in process_tdms_file
    first_channel = channels[0]
UnboundLocalError: local variable 'channels' referenced before assignment

2025-10-17 10:20:43-ERROR-[tdms_reader_time.py:139]-Traceback (most recent call last):
  File "C:\Users\17584\Documents\ALearning\Project\tools\DataProcess\src\data_io\tdms_reader_time.py", line 55, in process_tdms_file
    first_channel = channels[0]
UnboundLocalError: local variable 'channels' referenced before assignment

2025-10-17 10:20:43-INFO-[tdms_reader_time.py:44]-开始处理文件: D:/Lab/raw/2025.6.20\stopdirtyback\20250620203658.518572.tdms
2025-10-17 10:20:43-ERROR-[tdms_reader_time.py:137]-处理文件 20250620203658.518572.tdms 时出错: local variable 'channels' referenced before assignment
2025-10-17 10:20:43-ERROR-[tdms_reader_time.py:139]-Traceback (most recent call last):
  File "C:\Users\17584\Documents\ALearning\Project\tools\DataProcess\src\data_io\tdms_reader_time.py", line 55, in process_tdms_file
    first_channel = channels[0]
UnboundLocalError: local variable 'channels' referenced before assignment

2025-10-17 10:20:43-INFO-[tdms_reader_time.py:44]-开始处理文件: D:/Lab/raw/2025.6.20\stopdirtyback\20250620203704.513334.tdms
2025-10-17 10:20:43-INFO-[tdms_reader_time.py:44]-开始处理文件: D:/Lab/raw/2025.6.20\stopdirtyback\20250620203701.532839.tdms
2025-10-17 10:20:43-ERROR-[tdms_reader_time.py:137]-处理文件 20250620203704.513334.tdms 时出错: local variable 'channels' referenced before assignment
2025-10-17 10:20:43-ERROR-[tdms_reader_time.py:139]-Traceback (most recent call last):
  File "C:\Users\17584\Documents\ALearning\Project\tools\DataProcess\src\data_io\tdms_reader_time.py", line 55, in process_tdms_file
    first_channel = channels[0]
UnboundLocalError: local variable 'channels' referenced before assignment

2025-10-17 10:20:43-ERROR-[tdms_reader_time.py:139]-Traceback (most recent call last):
  File "C:\Users\17584\Documents\ALearning\Project\tools\DataProcess\src\data_io\tdms_reader_time.py", line 55, in process_tdms_file
    first_channel = channels[0]
UnboundLocalError: local variable 'channels' referenced before assignment

2025-10-17 10:20:43-INFO-[tdms_reader_time.py:44]-开始处理文件: D:/Lab/raw/2025.6.20\stopdirtyback\20250620203707.478189.tdms
2025-10-17 10:20:43-ERROR-[tdms_reader_time.py:137]-处理文件 20250620203707.478189.tdms 时出错: local variable 'channels' referenced before assignment
2025-10-17 10:20:43-ERROR-[tdms_reader_time.py:139]-Traceback (most recent call last):
  File "C:\Users\17584\Documents\ALearning\Project\tools\DataProcess\src\data_io\tdms_reader_time.py", line 55, in process_tdms_file
    first_channel = channels[0]
UnboundLocalError: local variable 'channels' referenced before assignment

2025-10-17 10:20:43-INFO-[tdms_reader_time.py:44]-开始处理文件: D:/Lab/raw/2025.6.20\stopdirtyback\20250620203710.409991.tdms
2025-10-17 10:20:43-ERROR-[tdms_reader_time.py:137]-处理文件 20250620203710.409991.tdms 时出错: local variable 'channels' referenced before assignment
2025-10-17 10:20:43-INFO-[tdms_reader_time.py:44]-开始处理文件: D:/Lab/raw/2025.6.20\stopdirtyback\20250620203713.390256.tdms
2025-10-17 10:20:43-ERROR-[tdms_reader_time.py:139]-Traceback (most recent call last):
  File "C:\Users\17584\Documents\ALearning\Project\tools\DataProcess\src\data_io\tdms_reader_time.py", line 55, in process_tdms_file
    first_channel = channels[0]
UnboundLocalError: local variable 'channels' referenced before assignment

2025-10-17 10:20:43-ERROR-[tdms_reader_time.py:137]-处理文件 20250620203713.390256.tdms 时出错: local variable 'channels' referenced before assignment
2025-10-17 10:20:43-ERROR-[tdms_reader_time.py:139]-Traceback (most recent call last):
  File "C:\Users\17584\Documents\ALearning\Project\tools\DataProcess\src\data_io\tdms_reader_time.py", line 55, in process_tdms_file
    first_channel = channels[0]
UnboundLocalError: local variable 'channels' referenced before assignment

2025-10-17 10:20:43-INFO-[tdms_reader_time.py:44]-开始处理文件: D:/Lab/raw/2025.6.20\stopdirtyback\20250620203716.299159.tdms
2025-10-17 10:20:43-ERROR-[tdms_reader_time.py:137]-处理文件 20250620203716.299159.tdms 时出错: local variable 'channels' referenced before assignment
2025-10-17 10:20:43-ERROR-[tdms_reader_time.py:139]-Traceback (most recent call last):
  File "C:\Users\17584\Documents\ALearning\Project\tools\DataProcess\src\data_io\tdms_reader_time.py", line 55, in process_tdms_file
    first_channel = channels[0]
UnboundLocalError: local variable 'channels' referenced before assignment

2025-10-17 10:20:43-INFO-[tdms_reader_time.py:44]-开始处理文件: D:/Lab/raw/2025.6.20\stopdirtyback\20250620203719.208527.tdms
2025-10-17 10:20:43-ERROR-[tdms_reader_time.py:137]-处理文件 20250620203719.208527.tdms 时出错: local variable 'channels' referenced before assignment
2025-10-17 10:20:43-INFO-[tdms_reader_time.py:44]-开始处理文件: D:/Lab/raw/2025.6.20\stopdirtyback\20250620203722.132566.tdms
2025-10-17 10:20:43-ERROR-[tdms_reader_time.py:139]-Traceback (most recent call last):
  File "C:\Users\17584\Documents\ALearning\Project\tools\DataProcess\src\data_io\tdms_reader_time.py", line 55, in process_tdms_file
    first_channel = channels[0]
UnboundLocalError: local variable 'channels' referenced before assignment

2025-10-17 10:20:43-ERROR-[tdms_reader_time.py:137]-处理文件 20250620203722.132566.tdms 时出错: local variable 'channels' referenced before assignment
2025-10-17 10:20:43-ERROR-[tdms_reader_time.py:139]-Traceback (most recent call last):
  File "C:\Users\17584\Documents\ALearning\Project\tools\DataProcess\src\data_io\tdms_reader_time.py", line 55, in process_tdms_file
    first_channel = channels[0]
UnboundLocalError: local variable 'channels' referenced before assignment

2025-10-17 10:20:43-INFO-[tdms_reader_time.py:44]-开始处理文件: D:/Lab/raw/2025.6.20\stopdirtyback\20250620203725.055667.tdms
2025-10-17 10:20:43-ERROR-[tdms_reader_time.py:137]-处理文件 20250620203725.055667.tdms 时出错: local variable 'channels' referenced before assignment
2025-10-17 10:20:43-ERROR-[tdms_reader_time.py:139]-Traceback (most recent call last):
  File "C:\Users\17584\Documents\ALearning\Project\tools\DataProcess\src\data_io\tdms_reader_time.py", line 55, in process_tdms_file
    first_channel = channels[0]
UnboundLocalError: local variable 'channels' referenced before assignment

2025-10-17 10:20:43-INFO-[tdms_reader_time.py:44]-开始处理文件: D:/Lab/raw/2025.6.20\stopdirtyback\20250620203727.976887.tdms
2025-10-17 10:20:43-ERROR-[tdms_reader_time.py:137]-处理文件 20250620203727.976887.tdms 时出错: local variable 'channels' referenced before assignment
2025-10-17 10:20:43-ERROR-[tdms_reader_time.py:139]-Traceback (most recent call last):
  File "C:\Users\17584\Documents\ALearning\Project\tools\DataProcess\src\data_io\tdms_reader_time.py", line 55, in process_tdms_file
    first_channel = channels[0]
UnboundLocalError: local variable 'channels' referenced before assignment

2025-10-17 10:20:43-INFO-[tdms_reader_time.py:44]-开始处理文件: D:/Lab/raw/2025.6.20\stopdirtyback\20250620203730.949081.tdms
2025-10-17 10:20:43-ERROR-[tdms_reader_time.py:137]-处理文件 20250620203730.949081.tdms 时出错: local variable 'channels' referenced before assignment
2025-10-17 10:20:43-ERROR-[tdms_reader_time.py:139]-Traceback (most recent call last):
  File "C:\Users\17584\Documents\ALearning\Project\tools\DataProcess\src\data_io\tdms_reader_time.py", line 55, in process_tdms_file
    first_channel = channels[0]
UnboundLocalError: local variable 'channels' referenced before assignment

2025-10-17 10:20:43-INFO-[tdms_reader_time.py:44]-开始处理文件: D:/Lab/raw/2025.6.20\stopdirtyback\20250620203733.850068.tdms
2025-10-17 10:20:43-ERROR-[tdms_reader_time.py:137]-处理文件 20250620203733.850068.tdms 时出错: local variable 'channels' referenced before assignment
2025-10-17 10:20:43-ERROR-[tdms_reader_time.py:139]-Traceback (most recent call last):
  File "C:\Users\17584\Documents\ALearning\Project\tools\DataProcess\src\data_io\tdms_reader_time.py", line 55, in process_tdms_file
    first_channel = channels[0]
UnboundLocalError: local variable 'channels' referenced before assignment

2025-10-17 10:20:43-INFO-[tdms_reader_time.py:44]-开始处理文件: D:/Lab/raw/2025.6.20\stopdirtyback\20250620203736.809154.tdms
2025-10-17 10:20:43-ERROR-[tdms_reader_time.py:137]-处理文件 20250620203736.809154.tdms 时出错: local variable 'channels' referenced before assignment
2025-10-17 10:20:43-ERROR-[tdms_reader_time.py:139]-Traceback (most recent call last):
  File "C:\Users\17584\Documents\ALearning\Project\tools\DataProcess\src\data_io\tdms_reader_time.py", line 55, in process_tdms_file
    first_channel = channels[0]
UnboundLocalError: local variable 'channels' referenced before assignment

2025-10-17 10:20:43-INFO-[tdms_reader_time.py:44]-开始处理文件: D:/Lab/raw/2025.6.20\stopdirtyback\20250620203739.731672.tdms
2025-10-17 10:20:43-ERROR-[tdms_reader_time.py:137]-处理文件 20250620203739.731672.tdms 时出错: local variable 'channels' referenced before assignment
2025-10-17 10:20:43-ERROR-[tdms_reader_time.py:139]-Traceback (most recent call last):
  File "C:\Users\17584\Documents\ALearning\Project\tools\DataProcess\src\data_io\tdms_reader_time.py", line 55, in process_tdms_file
    first_channel = channels[0]
UnboundLocalError: local variable 'channels' referenced before assignment

2025-10-17 10:20:43-INFO-[tdms_reader_time.py:44]-开始处理文件: D:/Lab/raw/2025.6.20\stopdirtyback\20250620203742.636087.tdms
2025-10-17 10:20:43-ERROR-[tdms_reader_time.py:137]-处理文件 20250620203742.636087.tdms 时出错: local variable 'channels' referenced before assignment
2025-10-17 10:20:43-ERROR-[tdms_reader_time.py:139]-Traceback (most recent call last):
  File "C:\Users\17584\Documents\ALearning\Project\tools\DataProcess\src\data_io\tdms_reader_time.py", line 55, in process_tdms_file
    first_channel = channels[0]
UnboundLocalError: local variable 'channels' referenced before assignment

2025-10-17 10:20:43-INFO-[tdms_reader_time.py:44]-开始处理文件: D:/Lab/raw/2025.6.20\stopdirtyback\20250620203745.567957.tdms
2025-10-17 10:20:43-ERROR-[tdms_reader_time.py:137]-处理文件 20250620203745.567957.tdms 时出错: local variable 'channels' referenced before assignment
2025-10-17 10:20:43-ERROR-[tdms_reader_time.py:139]-Traceback (most recent call last):
  File "C:\Users\17584\Documents\ALearning\Project\tools\DataProcess\src\data_io\tdms_reader_time.py", line 55, in process_tdms_file
    first_channel = channels[0]
UnboundLocalError: local variable 'channels' referenced before assignment

2025-10-17 10:20:43-INFO-[tdms_reader_time.py:44]-开始处理文件: D:/Lab/raw/2025.6.20\stopdirtyback\20250620203748.493319.tdms
2025-10-17 10:20:43-ERROR-[tdms_reader_time.py:137]-处理文件 20250620203748.493319.tdms 时出错: local variable 'channels' referenced before assignment
2025-10-17 10:20:43-INFO-[tdms_reader_time.py:44]-开始处理文件: D:/Lab/raw/2025.6.20\stopdirtyback\20250620203751.394046.tdms
oject\tools\DataProcess\src\data_io\tdms_reader_time.py", line 55, in process_tdms_file
    first_channel = channels[0]
UnboundLocalError: local variable 'channels' referenced before assignment

2025-10-17 10:20:43-ERROR-[tdms_reader_time.py:137]-处理文件 20250620203751.394046.tdms 时出错: local variable 'channels' referenced before assignment
2025-10-17 10:20:43-ERROR-[tdms_reader_time.py:139]-Traceback (most recent call last):
  File "C:\Users\17584\Documents\ALearning\Project\tools\DataProcess\src\data_io\tdms_reader_time.py", line 55, in process_tdms_file
    first_channel = channels[0]
UnboundLocalError: local variable 'channels' referenced before assignment

2025-10-17 10:20:43-INFO-[tdms_reader_time.py:44]-开始处理文件: D:/Lab/raw/2025.6.20\stopdirtyback\20250620203754.381011.tdms
2025-10-17 10:20:43-ERROR-[tdms_reader_time.py:137]-处理文件 20250620203754.381011.tdms 时出错: local variable 'channels' referenced before assignment
2025-10-17 10:20:43-ERROR-[tdms_reader_time.py:139]-Traceback (most recent call last):
  File "C:\Users\17584\Documents\ALearning\Project\tools\DataProcess\src\data_io\tdms_reader_time.py", line 55, in process_tdms_file
    first_channel = channels[0]
UnboundLocalError: local variable 'channels' referenced before assignment

2025-10-17 10:20:43-INFO-[tdms_reader_time.py:44]-开始处理文件: D:/Lab/raw/2025.6.20\stopdirtyback\20250620203757.355624.tdms
2025-10-17 10:20:43-ERROR-[tdms_reader_time.py:137]-处理文件 20250620203757.355624.tdms 时出错: local variable 'channels' referenced before assignment
2025-10-17 10:20:43-INFO-[tdms_reader_time.py:44]-开始处理文件: D:/Lab/raw/2025.6.20\stopdirtyback\20250620203800.231357.tdms
2025-10-17 10:20:43-ERROR-[tdms_reader_time.py:139]-Traceback (most recent call last):
  File "C:\Users\17584\Documents\ALearning\Project\tools\DataProcess\src\data_io\tdms_reader_time.py", line 55, in process_tdms_file
    first_channel = channels[0]
UnboundLocalError: local variable 'channels' referenced before assignment

2025-10-17 10:20:43-ERROR-[tdms_reader_time.py:137]-处理文件 20250620203800.231357.tdms 时出错: local variable 'channels' referenced before assignment
2025-10-17 10:20:43-ERROR-[tdms_reader_time.py:139]-Traceback (most recent call last):
  File "C:\Users\17584\Documents\ALearning\Project\tools\DataProcess\src\data_io\tdms_reader_time.py", line 55, in process_tdms_file
    first_channel = channels[0]
UnboundLocalError: local variable 'channels' referenced before assignment

2025-10-17 10:20:43-INFO-[tdms_reader_time.py:44]-开始处理文件: D:/Lab/raw/2025.6.20\test\20250620193223.119184.tdms
2025-10-17 10:20:43-ERROR-[tdms_reader_time.py:137]-处理文件 20250620193223.119184.tdms 时出错: local variable 'channels' referenced before assignment
2025-10-17 10:20:43-ERROR-[tdms_reader_time.py:139]-Traceback (most recent call last):
  File "C:\Users\17584\Documents\ALearning\Project\tools\DataProcess\src\data_io\tdms_reader_time.py", line 55, in process_tdms_file
    first_channel = channels[0]
UnboundLocalError: local variable 'channels' referenced before assignment

2025-10-17 10:20:43-INFO-[tdms_reader_time.py:44]-开始处理文件: D:/Lab/raw/2025.6.20\test\20250620193226.144821.tdms
2025-10-17 10:20:43-ERROR-[tdms_reader_time.py:137]-处理文件 20250620193229.092219.tdms 时出错: local variable 'channels' referenced before assignment
2025-10-17 10:20:43-ERROR-[tdms_reader_time.py:137]-处理文件 20250620193226.144821.tdms 时出错: local variable 'channels' referenced before assignment
2025-10-17 10:20:43-ERROR-[tdms_reader_time.py:139]-Traceback (most recent call last):
  File "C:\Users\17584\Documents\ALearning\Project\tools\DataProcess\src\data_io\tdms_reader_time.py", line 55, in process_tdms_file
    first_channel = channels[0]
UnboundLocalError: local variable 'channels' referenced before assignment

2025-10-17 10:20:43-ERROR-[tdms_reader_time.py:139]-Traceback (most recent call last):
  File "C:\Users\17584\Documents\ALearning\Project\tools\DataProcess\src\data_io\tdms_reader_time.py", line 55, in process_tdms_file
    first_channel = channels[0]
UnboundLocalError: local variable 'channels' referenced before assignment

2025-10-17 10:20:43-INFO-[tdms_reader_time.py:44]-开始处理文件: D:/Lab/raw/2025.6.20\test\20250620193232.047310.tdms
2025-10-17 10:20:43-ERROR-[tdms_reader_time.py:137]-处理文件 20250620193232.047310.tdms 时出错: local variable 'channels' referenced before assignment
2025-10-17 10:20:43-ERROR-[tdms_reader_time.py:139]-Traceback (most recent call last):
  File "C:\Users\17584\Documents\ALearning\Project\tools\DataProcess\src\data_io\tdms_reader_time.py", line 55, in process_tdms_file
    first_channel = channels[0]
UnboundLocalError: local variable 'channels' referenced before assignment

2025-10-17 10:20:43-INFO-[tdms_reader_time.py:44]-开始处理文件: D:/Lab/raw/2025.6.20\test\20250620193234.988384.tdms
2025-10-17 10:20:43-INFO-[tdms_reader_time.py:44]-开始处理文件: D:/Lab/raw/2025.6.20\test\20250620193237.935547.tdms
2025-10-17 10:20:43-ERROR-[tdms_reader_time.py:137]-处理文件 20250620193234.988384.tdms 时出错: local variable 'channels' referenced before assignment
2025-10-17 10:20:43-ERROR-[tdms_reader_time.py:137]-处理文件 20250620193237.935547.tdms 时出错: local variable 'channels' referenced before assignment
2025-10-17 10:20:43-INFO-[tdms_reader_time.py:44]-开始处理文件: D:/Lab/raw/2025.6.20\test\20250620193240.864516.tdms
2025-10-17 10:20:43-ERROR-[tdms_reader_time.py:139]-Traceback (most recent call last):
  File "C:\Users\17584\Documents\ALearning\Project\tools\DataProcess\src\data_io\tdms_reader_time.py", line 55, in process_tdms_file
    first_channel = channels[0]
UnboundLocalError: local variable 'channels' referenced before assignment

2025-10-17 10:20:43-ERROR-[tdms_reader_time.py:139]-Traceback (most recent call last):
  File "C:\Users\17584\Documents\ALearning\Project\tools\DataProcess\src\data_io\tdms_reader_time.py", line 55, in process_tdms_file
    first_channel = channels[0]
UnboundLocalError: local variable 'channels' referenced before assignment

2025-10-17 10:20:43-ERROR-[tdms_reader_time.py:137]-处理文件 20250620193240.864516.tdms 时出错: local variable 'channels' referenced before assignment
2025-10-17 10:20:43-ERROR-[tdms_reader_time.py:139]-Traceback (most recent call last):
  File "C:\Users\17584\Documents\ALearning\Project\tools\DataProcess\src\data_io\tdms_reader_time.py", line 55, in process_tdms_file
    first_channel = channels[0]
UnboundLocalError: local variable 'channels' referenced before assignment

2025-10-17 10:20:43-INFO-[tdms_reader_time.py:44]-开始处理文件: D:/Lab/raw/2025.6.20\test\20250620193246.763908.tdms
2025-10-17 10:20:43-ERROR-[tdms_reader_time.py:137]-处理文件 20250620193246.763908.tdms 时出错: local variable 'channels' referenced before assignment
2025-10-17 10:20:43-INFO-[tdms_reader_time.py:44]-开始处理文件: D:/Lab/raw/2025.6.20\test\20250620193243.809867.tdms
2025-10-17 10:20:43-INFO-[tdms_reader_time.py:44]-开始处理文件: D:/Lab/raw/2025.6.20\test\20250620193249.732466.tdms
2025-10-17 10:20:43-ERROR-[tdms_reader_time.py:137]-处理文件 20250620193243.809867.tdms 时出错: local variable 'channels' referenced before assignment
2025-10-17 10:20:43-ERROR-[tdms_reader_time.py:139]-Traceback (most recent call last):
  File "C:\Users\17584\Documents\ALearning\Project\tools\DataProcess\src\data_io\tdms_reader_time.py", line 55, in process_tdms_file
    first_channel = channels[0]
UnboundLocalError: local variable 'channels' referenced before assignment

2025-10-17 10:20:43-ERROR-[tdms_reader_time.py:137]-处理文件 20250620193249.732466.tdms 时出错: local variable 'channels' referenced before assignment
2025-10-17 10:20:43-ERROR-[tdms_reader_time.py:139]-Traceback (most recent call last):
  File "C:\Users\17584\Documents\ALearning\Project\tools\DataProcess\src\data_io\tdms_reader_time.py", line 55, in process_tdms_file
    first_channel = channels[0]
UnboundLocalError: local variable 'channels' referenced before assignment

2025-10-17 10:20:43-ERROR-[tdms_reader_time.py:139]-Traceback (most recent call last):
  File "C:\Users\17584\Documents\ALearning\Project\tools\DataProcess\src\data_io\tdms_reader_time.py", line 55, in process_tdms_file
    first_channel = channels[0]
UnboundLocalError: local variable 'channels' referenced before assignment

2025-10-17 10:20:43-INFO-[tdms_reader_time.py:44]-开始处理文件: D:/Lab/raw/2025.6.20\test\20250620193255.616210.tdms
2025-10-17 10:20:43-INFO-[tdms_reader_time.py:44]-开始处理文件: D:/Lab/raw/2025.6.20\test\20250620193252.662583.tdms
2025-10-17 10:20:43-INFO-[tdms_reader_time.py:44]-开始处理文件: D:/Lab/raw/2025.6.20\test\20250620193258.574172.tdms
2025-10-17 10:20:43-ERROR-[tdms_reader_time.py:137]-处理文件 20250620193255.616210.tdms 时出错: local variable 'channels' referenced before assignment
2025-10-17 10:20:43-ERROR-[tdms_reader_time.py:137]-处理文件 20250620193252.662583.tdms 时出错: local variable 'channels' referenced before assignment
2025-10-17 10:20:43-ERROR-[tdms_reader_time.py:139]-Traceback (most recent call last):
  File "C:\Users\17584\Documents\ALearning\Project\tools\DataProcess\src\data_io\tdms_reader_time.py", line 55, in process_tdms_file
    first_channel = channels[0]
UnboundLocalError: local variable 'channels' referenced before assignment

2025-10-17 10:20:43-ERROR-[tdms_reader_time.py:137]-处理文件 20250620193258.574172.tdms 时出错: local variable 'channels' referenced before assignment
2025-10-17 10:20:43-ERROR-[tdms_reader_time.py:139]-Traceback (most recent call last):
  File "C:\Users\17584\Documents\ALearning\Project\tools\DataProcess\src\data_io\tdms_reader_time.py", line 55, in process_tdms_file
    first_channel = channels[0]
UnboundLocalError: local variable 'channels' referenced before assignment

2025-10-17 10:20:43-ERROR-[tdms_reader_time.py:139]-Traceback (most recent call last):
  File "C:\Users\17584\Documents\ALearning\Project\tools\DataProcess\src\data_io\tdms_reader_time.py", line 55, in process_tdms_file
    first_channel = channels[0]
UnboundLocalError: local variable 'channels' referenced before assignment

2025-10-17 10:20:43-INFO-[tdms_reader_time.py:44]-开始处理文件: D:/Lab/raw/2025.6.20\test\20250620193301.508846.tdms
2025-10-17 10:20:43-INFO-[tdms_reader_time.py:44]-开始处理文件: D:/Lab/raw/2025.6.20\test\20250620193307.430461.tdms
2025-10-17 10:20:43-INFO-[tdms_reader_time.py:44]-开始处理文件: D:/Lab/raw/2025.6.20\test\20250620193304.484258.tdms
2025-10-17 10:20:43-ERROR-[tdms_reader_time.py:137]-处理文件 20250620193307.430461.tdms 时出错: local variable 'channels' referenced before assignment
2025-10-17 10:20:43-ERROR-[tdms_reader_time.py:137]-处理文件 20250620193301.508846.tdms 时出错: local variable 'channels' referenced before assignment
2025-10-17 10:20:43-ERROR-[tdms_reader_time.py:137]-处理文件 20250620193304.484258.tdms 时出错: local variable 'channels' referenced before assignment
2025-10-17 10:20:43-ERROR-[tdms_reader_time.py:139]-Traceback (most recent call last):
  File "C:\Users\17584\Documents\ALearning\Project\tools\DataProcess\src\data_io\tdms_reader_time.py", line 55, in process_tdms_file
    first_channel = channels[0]
UnboundLocalError: local variable 'channels' referenced before assignment

2025-10-17 10:20:43-ERROR-[tdms_reader_time.py:139]-Traceback (most recent call last):
  File "C:\Users\17584\Documents\ALearning\Project\tools\DataProcess\src\data_io\tdms_reader_time.py", line 55, in process_tdms_file
    first_channel = channels[0]
UnboundLocalError: local variable 'channels' referenced before assignment

2025-10-17 10:20:43-ERROR-[tdms_reader_time.py:139]-Traceback (most recent call last):
  File "C:\Users\17584\Documents\ALearning\Project\tools\DataProcess\src\data_io\tdms_reader_time.py", line 55, in process_tdms_file
    first_channel = channels[0]
UnboundLocalError: local variable 'channels' referenced before assignment

2025-10-17 10:20:43-INFO-[tdms_reader_time.py:44]-开始处理文件: D:/Lab/raw/2025.6.20\test\20250620193313.360571.tdms
2025-10-17 10:20:43-ERROR-[tdms_reader_time.py:137]-处理文件 20250620193313.360571.tdms 时出错: local variable 'channels' referenced before assignment
2025-10-17 10:20:43-INFO-[tdms_reader_time.py:44]-开始处理文件: D:/Lab/raw/2025.6.20\test\20250620193316.385404.tdms
2025-10-17 10:20:43-INFO-[tdms_reader_time.py:44]-开始处理文件: D:/Lab/raw/2025.6.20\test\20250620193310.390563.tdms
2025-10-17 10:20:43-ERROR-[tdms_reader_time.py:139]-Traceback (most recent call last):
  File "C:\Users\17584\Documents\ALearning\Project\tools\DataProcess\src\data_io\tdms_reader_time.py", line 55, in process_tdms_file
    first_channel = channels[0]
UnboundLocalError: local variable 'channels' referenced before assignment

2025-10-17 10:20:43-ERROR-[tdms_reader_time.py:137]-处理文件 20250620193316.385404.tdms 时出错: local variable 'channels' referenced before assignment
2025-10-17 10:20:43-ERROR-[tdms_reader_time.py:137]-处理文件 20250620193310.390563.tdms 时出错: local variable 'channels' referenced before assignment
2025-10-17 10:20:43-ERROR-[tdms_reader_time.py:139]-Traceback (most recent call last):
  File "C:\Users\17584\Documents\ALearning\Project\tools\DataProcess\src\data_io\tdms_reader_time.py", line 55, in process_tdms_file
    first_channel = channels[0]
UnboundLocalError: local variable 'channels' referenced before assignment

2025-10-17 10:20:43-ERROR-[tdms_reader_time.py:139]-Traceback (most recent call last):
  File "C:\Users\17584\Documents\ALearning\Project\tools\DataProcess\src\data_io\tdms_reader_time.py", line 55, in process_tdms_file
    first_channel = channels[0]
UnboundLocalError: local variable 'channels' referenced before assignment

2025-10-17 10:20:43-INFO-[tdms_reader_time.py:44]-开始处理文件: D:/Lab/raw/2025.6.20\test\20250620193319.359090.tdms
2025-10-17 10:20:43-ERROR-[tdms_reader_time.py:137]-处理文件 20250620193319.359090.tdms 时出错: local variable 'channels' referenced before assignment
2025-10-17 10:20:43-INFO-[tdms_reader_time.py:44]-开始处理文件: D:/Lab/raw/2025.6.20\test\20250620193322.349448.tdms
2025-10-17 10:20:43-ERROR-[tdms_reader_time.py:139]-Traceback (most recent call last):
  File "C:\Users\17584\Documents\ALearning\Project\tools\DataProcess\src\data_io\tdms_reader_time.py", line 55, in process_tdms_file
    first_channel = channels[0]
UnboundLocalError: local variable 'channels' referenced before assignment

2025-10-17 10:20:43-ERROR-[tdms_reader_time.py:137]-处理文件 20250620193322.349448.tdms 时出错: local variable 'channels' referenced before assignment
2025-10-17 10:20:43-INFO-[tdms_reader_time.py:44]-开始处理文件: D:/Lab/raw/2025.6.20\test\20250620193325.269995.tdms
2025-10-17 10:20:43-ERROR-[tdms_reader_time.py:137]-处理文件 20250620193325.269995.tdms 时出错: local variable 'channels' referenced before assignment
2025-10-17 10:20:43-ERROR-[tdms_reader_time.py:139]-Traceback (most recent call last):
  File "C:\Users\17584\Documents\ALearning\Project\tools\DataProcess\src\data_io\tdms_reader_time.py", line 55, in process_tdms_file
    first_channel = channels[0]
UnboundLocalError: local variable 'channels' referenced before assignment

2025-10-17 10:20:43-ERROR-[tdms_reader_time.py:139]-Traceback (most recent call last):
  File "C:\Users\17584\Documents\ALearning\Project\tools\DataProcess\src\data_io\tdms_reader_time.py", line 55, in process_tdms_file
    first_channel = channels[0]
UnboundLocalError: local variable 'channels' referenced before assignment

2025-10-17 10:20:44-INFO-[tdms_reader_time.py:184]-所有文件处理完成
2025-10-17 10:20:44-INFO-[main.py:59]------------------------------执行完成-----------------------------
2025-10-17 10:22:26-INFO-[main.py:27]--------------------------启动数据分析系统-------------------------
2025-10-17 10:22:26-INFO-[file_utils.py:39]-paths.yaml 生成成功: C:\Users\17584\Documents\ALearning\Project\tools\DataProcess\config\paths.yaml
2025-10-17 10:22:26-INFO-[tdms_reader_time.py:38]-配置文件加载成功: C:\Users\17584\Documents\ALearning\Project\tools\DataProcess\config\paths.yaml
2025-10-17 10:22:26-INFO-[tdms_reader_time.py:169]-原始数据目录: D:/Lab/raw/2025.6.20
2025-10-17 10:22:26-INFO-[tdms_reader_time.py:170]-输出目录: D:/Lab/process/2025.6.20/time
2025-10-17 10:22:26-INFO-[tdms_reader_time.py:182]-找到 164 个TDMS文件
2025-10-17 10:22:28-INFO-[tdms_reader_time.py:44]-开始处理文件: D:/Lab/raw/2025.6.20\30hz\20250620205455.361056.tdms
2025-10-17 10:22:28-INFO-[tdms_reader_time.py:44]-开始处理文件: D:/Lab/raw/2025.6.20\30hz\20250620205458.257609.tdms
2025-10-17 10:22:28-INFO-[tdms_reader_time.py:73]-处理文件: 20250620205455.361056.tdms, 数据长度: 200000, 通道数: 16
2025-10-17 10:22:28-INFO-[tdms_reader_time.py:82]-使用实际采样间隔: 5e-06 秒
2025-10-17 10:22:28-INFO-[tdms_reader_time.py:92]-使用通道起始时间: 2025-06-20T12:54:54.002876
2025-10-17 10:22:28-ERROR-[tdms_reader_time.py:139]-处理文件 20250620205455.361056.tdms 时出错: ufunc 'add' cannot use operands with types dtype('<M8[us]') and dtype('O')
2025-10-17 10:22:28-ERROR-[tdms_reader_time.py:141]-Traceback (most recent call last):
  File "C:\Users\17584\Documents\ALearning\Project\tools\DataProcess\src\data_io\tdms_reader_time.py", line 101, in process_tdms_file
    current_time = start_time + i * time_interval
numpy.core._exceptions._UFuncBinaryResolutionError: ufunc 'add' cannot use operands with types dtype('<M8[us]') and dtype('O')

2025-10-17 10:22:28-INFO-[tdms_reader_time.py:44]-开始处理文件: D:/Lab/raw/2025.6.20\30hz\20250620205501.157457.tdms
2025-10-17 10:22:28-INFO-[tdms_reader_time.py:73]-处理文件: 20250620205458.257609.tdms, 数据长度: 200000, 通道数: 16
2025-10-17 10:22:28-INFO-[tdms_reader_time.py:82]-使用实际采样间隔: 5e-06 秒
2025-10-17 10:22:28-INFO-[tdms_reader_time.py:92]-使用通道起始时间: 2025-06-20T12:54:56.888926
2025-10-17 10:22:28-ERROR-[tdms_reader_time.py:139]-处理文件 20250620205458.257609.tdms 时出错: ufunc 'add' cannot use operands with types dtype('<M8[us]') and dtype('O')
2025-10-17 10:22:28-ERROR-[tdms_reader_time.py:141]-Traceback (most recent call last):
  File "C:\Users\17584\Documents\ALearning\Project\tools\DataProcess\src\data_io\tdms_reader_time.py", line 101, in process_tdms_file
    current_time = start_time + i * time_interval
numpy.core._exceptions._UFuncBinaryResolutionError: ufunc 'add' cannot use operands with types dtype('<M8[us]') and dtype('O')

2025-10-17 10:22:28-INFO-[tdms_reader_time.py:44]-开始处理文件: D:/Lab/raw/2025.6.20\30hz\20250620205504.026487.tdms
2025-10-17 10:22:28-INFO-[tdms_reader_time.py:73]-处理文件: 20250620205501.157457.tdms, 数据长度: 200000, 通道数: 16
2025-10-17 10:22:28-INFO-[tdms_reader_time.py:82]-使用实际采样间隔: 5e-06 秒
2025-10-17 10:22:28-INFO-[tdms_reader_time.py:92]-使用通道起始时间: 2025-06-20T12:54:59.792038
2025-10-17 10:22:28-ERROR-[tdms_reader_time.py:139]-处理文件 20250620205501.157457.tdms 时出错: ufunc 'add' cannot use operands with types dtype('<M8[us]') and dtype('O')
2025-10-17 10:22:28-ERROR-[tdms_reader_time.py:141]-Traceback (most recent call last):
  File "C:\Users\17584\Documents\ALearning\Project\tools\DataProcess\src\data_io\tdms_reader_time.py", line 101, in process_tdms_file
    current_time = start_time + i * time_interval
numpy.core._exceptions._UFuncBinaryResolutionError: ufunc 'add' cannot use operands with types dtype('<M8[us]') and dtype('O')

2025-10-17 10:22:28-INFO-[tdms_reader_time.py:44]-开始处理文件: D:/Lab/raw/2025.6.20\30hz\20250620205506.866113.tdms
2025-10-17 10:22:28-INFO-[tdms_reader_time.py:73]-处理文件: 20250620205504.026487.tdms, 数据长度: 200000, 通道数: 16
2025-10-17 10:22:28-INFO-[tdms_reader_time.py:82]-使用实际采样间隔: 5e-06 秒
2025-10-17 10:22:28-INFO-[tdms_reader_time.py:92]-使用通道起始时间: 2025-06-20T12:55:02.668804
2025-10-17 10:22:28-ERROR-[tdms_reader_time.py:139]-处理文件 20250620205504.026487.tdms 时出错: ufunc 'add' cannot use operands with types dtype('<M8[us]') and dtype('O')
2025-10-17 10:22:28-ERROR-[tdms_reader_time.py:141]-Traceback (most recent call last):
  File "C:\Users\17584\Documents\ALearning\Project\tools\DataProcess\src\data_io\tdms_reader_time.py", line 101, in process_tdms_file
    current_time = start_time + i * time_interval
numpy.core._exceptions._UFuncBinaryResolutionError: ufunc 'add' cannot use operands with types dtype('<M8[us]') and dtype('O')

2025-10-17 10:22:28-INFO-[tdms_reader_time.py:44]-开始处理文件: D:/Lab/raw/2025.6.20\30hz\20250620205509.740417.tdms
2025-10-17 10:22:28-INFO-[tdms_reader_time.py:73]-处理文件: 20250620205506.866113.tdms, 数据长度: 200000, 通道数: 16
2025-10-17 10:22:28-INFO-[tdms_reader_time.py:82]-使用实际采样间隔: 5e-06 秒
2025-10-17 10:22:28-INFO-[tdms_reader_time.py:73]-处理文件: 20250620205509.740417.tdms, 数据长度: 200000, 通道数: 16
2025-10-17 10:22:28-INFO-[tdms_reader_time.py:92]-使用通道起始时间: 2025-06-20T12:55:05.516600
2025-10-17 10:22:28-INFO-[tdms_reader_time.py:82]-使用实际采样间隔: 5e-06 秒
2025-10-17 10:22:28-INFO-[tdms_reader_time.py:92]-使用通道起始时间: 2025-06-20T12:55:08.394506
func 'add' cannot use operands with types dtype('<M8[us]') and dtype('O')
2025-10-17 10:22:28-ERROR-[tdms_reader_time.py:139]-处理文件 20250620205509.740417.tdms 时出错: ufunc 'add' cannot use operands with types dtype('<M8[us]') and dtype('O')
2025-10-17 10:22:28-ERROR-[tdms_reader_time.py:141]-Traceback (most recent call last):
  File "C:\Users\17584\Documents\ALearning\Project\tools\DataProcess\src\data_io\tdms_reader_time.py", line 101, in process_tdms_file
    current_time = start_time + i * time_interval
numpy.core._exceptions._UFuncBinaryResolutionError: ufunc 'add' cannot use operands with types dtype('<M8[us]') and dtype('O')

2025-10-17 10:22:28-ERROR-[tdms_reader_time.py:141]-Traceback (most recent call last):
  File "C:\Users\17584\Documents\ALearning\Project\tools\DataProcess\src\data_io\tdms_reader_time.py", line 101, in process_tdms_file
    current_time = start_time + i * time_interval
numpy.core._exceptions._UFuncBinaryResolutionError: ufunc 'add' cannot use operands with types dtype('<M8[us]') and dtype('O')

2025-10-17 10:22:28-INFO-[tdms_reader_time.py:44]-开始处理文件: D:/Lab/raw/2025.6.20\30hz\20250620205512.593425.tdms
2025-10-17 10:22:28-INFO-[tdms_reader_time.py:44]-开始处理文件: D:/Lab/raw/2025.6.20\30hz\20250620205515.474232.tdms
2025-10-17 10:22:29-INFO-[tdms_reader_time.py:44]-开始处理文件: D:/Lab/raw/2025.6.20\30hz\20250620205518.349068.tdms
2025-10-17 10:22:29-INFO-[tdms_reader_time.py:73]-处理文件: 20250620205512.593425.tdms, 数据长度: 200000, 通道数: 16
2025-10-17 10:22:29-INFO-[tdms_reader_time.py:82]-使用实际采样间隔: 5e-06 秒
2025-10-17 10:22:29-INFO-[tdms_reader_time.py:92]-使用通道起始时间: 2025-06-20T12:55:11.244407
2025-10-17 10:22:29-ERROR-[tdms_reader_time.py:139]-处理文件 20250620205512.593425.tdms 时出错: ufunc 'add' cannot use operands with types dtype('<M8[us]') and dtype('O')
2025-10-17 10:22:29-ERROR-[tdms_reader_time.py:141]-Traceback (most recent call last):
  File "C:\Users\17584\Documents\ALearning\Project\tools\DataProcess\src\data_io\tdms_reader_time.py", line 101, in process_tdms_file
    current_time = start_time + i * time_interval
numpy.core._exceptions._UFuncBinaryResolutionError: ufunc 'add' cannot use operands with types dtype('<M8[us]') and dtype('O')

2025-10-17 10:22:29-INFO-[tdms_reader_time.py:73]-处理文件: 20250620205515.474232.tdms, 数据长度: 200000, 通道数: 16
2025-10-17 10:22:29-INFO-[tdms_reader_time.py:82]-使用实际采样间隔: 5e-06 秒
2025-10-17 10:22:29-INFO-[tdms_reader_time.py:92]-使用通道起始时间: 2025-06-20T12:55:14.109502
2025-10-17 10:22:29-ERROR-[tdms_reader_time.py:139]-处理文件 20250620205515.474232.tdms 时出错: ufunc 'add' cannot use operands with types dtype('<M8[us]') and dtype('O')
2025-10-17 10:22:29-ERROR-[tdms_reader_time.py:141]-Traceback (most recent call last):
  File "C:\Users\17584\Documents\ALearning\Project\tools\DataProcess\src\data_io\tdms_reader_time.py", line 101, in process_tdms_file
    current_time = start_time + i * time_interval
numpy.core._exceptions._UFuncBinaryResolutionError: ufunc 'add' cannot use operands with types dtype('<M8[us]') and dtype('O')

2025-10-17 10:22:29-INFO-[tdms_reader_time.py:44]-开始处理文件: D:/Lab/raw/2025.6.20\30hz\20250620205521.206456.tdms
2025-10-17 10:22:29-INFO-[tdms_reader_time.py:73]-处理文件: 20250620205518.349068.tdms, 数据长度: 200000, 通道数: 16
2025-10-17 10:22:29-INFO-[tdms_reader_time.py:44]-开始处理文件: D:/Lab/raw/2025.6.20\30hz\20250620205524.067070.tdms
2025-10-17 10:22:29-INFO-[tdms_reader_time.py:82]-使用实际采样间隔: 5e-06 秒
2025-10-17 10:22:29-INFO-[tdms_reader_time.py:92]-使用通道起始时间: 2025-06-20T12:55:16.984420
2025-10-17 10:22:29-ERROR-[tdms_reader_time.py:139]-处理文件 20250620205518.349068.tdms 时出错: ufunc 'add' cannot use operands with types dtype('<M8[us]') and dtype('O')
2025-10-17 10:22:29-ERROR-[tdms_reader_time.py:141]-Traceback (most recent call last):
  File "C:\Users\17584\Documents\ALearning\Project\tools\DataProcess\src\data_io\tdms_reader_time.py", line 101, in process_tdms_file
    current_time = start_time + i * time_interval
numpy.core._exceptions._UFuncBinaryResolutionError: ufunc 'add' cannot use operands with types dtype('<M8[us]') and dtype('O')

2025-10-17 10:22:29-INFO-[tdms_reader_time.py:73]-处理文件: 20250620205521.206456.tdms, 数据长度: 200000, 通道数: 16
2025-10-17 10:22:29-INFO-[tdms_reader_time.py:82]-使用实际采样间隔: 5e-06 秒
2025-10-17 10:22:29-INFO-[tdms_reader_time.py:92]-使用通道起始时间: 2025-06-20T12:55:19.862059
2025-10-17 10:22:29-INFO-[tdms_reader_time.py:44]-开始处理文件: D:/Lab/raw/2025.6.20\30hz\20250620205526.960472.tdms
2025-10-17 10:22:29-ERROR-[tdms_reader_time.py:139]-处理文件 20250620205521.206456.tdms 时出错: ufunc 'add' cannot use operands with types dtype('<M8[us]') and dtype('O')
2025-10-17 10:22:29-ERROR-[tdms_reader_time.py:141]-Traceback (most recent call last):
  File "C:\Users\17584\Documents\ALearning\Project\tools\DataProcess\src\data_io\tdms_reader_time.py", line 101, in process_tdms_file
    current_time = start_time + i * time_interval
numpy.core._exceptions._UFuncBinaryResolutionError: ufunc 'add' cannot use operands with types dtype('<M8[us]') and dtype('O')

2025-10-17 10:22:29-INFO-[tdms_reader_time.py:73]-处理文件: 20250620205524.067070.tdms, 数据长度: 200000, 通道数: 16
2025-10-17 10:22:29-INFO-[tdms_reader_time.py:82]-使用实际采样间隔: 5e-06 秒
2025-10-17 10:22:29-INFO-[tdms_reader_time.py:92]-使用通道起始时间: 2025-06-20T12:55:22.723268
2025-10-17 10:22:29-INFO-[tdms_reader_time.py:44]-开始处理文件: D:/Lab/raw/2025.6.20\30hz\20250620205529.836771.tdms
2025-10-17 10:22:29-ERROR-[tdms_reader_time.py:139]-处理文件 20250620205524.067070.tdms 时出错: ufunc 'add' cannot use operands with types dtype('<M8[us]') and dtype('O')
2025-10-17 10:22:29-ERROR-[tdms_reader_time.py:141]-Traceback (most recent call last):
  File "C:\Users\17584\Documents\ALearning\Project\tools\DataProcess\src\data_io\tdms_reader_time.py", line 101, in process_tdms_file
    current_time = start_time + i * time_interval
numpy.core._exceptions._UFuncBinaryResolutionError: ufunc 'add' cannot use operands with types dtype('<M8[us]') and dtype('O')

2025-10-17 10:22:29-INFO-[tdms_reader_time.py:73]-处理文件: 20250620205526.960472.tdms, 数据长度: 200000, 通道数: 16
2025-10-17 10:22:29-INFO-[tdms_reader_time.py:82]-使用实际采样间隔: 5e-06 秒
2025-10-17 10:22:29-INFO-[tdms_reader_time.py:44]-开始处理文件: D:/Lab/raw/2025.6.20\30hz\20250620205532.720182.tdms
2025-10-17 10:22:29-INFO-[tdms_reader_time.py:92]-使用通道起始时间: 2025-06-20T12:55:25.583001
2025-10-17 10:22:29-ERROR-[tdms_reader_time.py:139]-处理文件 20250620205526.960472.tdms 时出错: ufunc 'add' cannot use operands with types dtype('<M8[us]') and dtype('O')
2025-10-17 10:22:29-ERROR-[tdms_reader_time.py:141]-Traceback (most recent call last):
  File "C:\Users\17584\Documents\ALearning\Project\tools\DataProcess\src\data_io\tdms_reader_time.py", line 101, in process_tdms_file
    current_time = start_time + i * time_interval
numpy.core._exceptions._UFuncBinaryResolutionError: ufunc 'add' cannot use operands with types dtype('<M8[us]') and dtype('O')

2025-10-17 10:22:29-INFO-[tdms_reader_time.py:44]-开始处理文件: D:/Lab/raw/2025.6.20\30hz\20250620205535.616021.tdms
2025-10-17 10:22:29-INFO-[tdms_reader_time.py:73]-处理文件: 20250620205529.836771.tdms, 数据长度: 200000, 通道数: 16
2025-10-17 10:22:29-INFO-[tdms_reader_time.py:82]-使用实际采样间隔: 5e-06 秒
2025-10-17 10:22:29-INFO-[tdms_reader_time.py:92]-使用通道起始时间: 2025-06-20T12:55:28.477993
2025-10-17 10:22:29-ERROR-[tdms_reader_time.py:139]-处理文件 20250620205529.836771.tdms 时出错: ufunc 'add' cannot use operands with types dtype('<M8[us]') and dtype('O')
2025-10-17 10:22:29-ERROR-[tdms_reader_time.py:141]-Traceback (most recent call last):
  File "C:\Users\17584\Documents\ALearning\Project\tools\DataProcess\src\data_io\tdms_reader_time.py", line 101, in process_tdms_file
    current_time = start_time + i * time_interval
numpy.core._exceptions._UFuncBinaryResolutionError: ufunc 'add' cannot use operands with types dtype('<M8[us]') and dtype('O')

2025-10-17 10:22:29-INFO-[tdms_reader_time.py:73]-处理文件: 20250620205532.720182.tdms, 数据长度: 200000, 通道数: 16
2025-10-17 10:22:29-INFO-[tdms_reader_time.py:82]-使用实际采样间隔: 5e-06 秒
2025-10-17 10:22:29-INFO-[tdms_reader_time.py:44]-开始处理文件: D:/Lab/raw/2025.6.20\30hz\20250620205538.511375.tdms
2025-10-17 10:22:29-INFO-[tdms_reader_time.py:92]-使用通道起始时间: 2025-06-20T12:55:31.365863
2025-10-17 10:22:29-ERROR-[tdms_reader_time.py:139]-处理文件 20250620205532.720182.tdms 时出错: ufunc 'add' cannot use operands with types dtype('<M8[us]') and dtype('O')
2025-10-17 10:22:29-ERROR-[tdms_reader_time.py:141]-Traceback (most recent call last):
  File "C:\Users\17584\Documents\ALearning\Project\tools\DataProcess\src\data_io\tdms_reader_time.py", line 101, in process_tdms_file
    current_time = start_time + i * time_interval
numpy.core._exceptions._UFuncBinaryResolutionError: ufunc 'add' cannot use operands with types dtype('<M8[us]') and dtype('O')

2025-10-17 10:22:29-INFO-[tdms_reader_time.py:73]-处理文件: 20250620205535.616021.tdms, 数据长度: 200000, 通道数: 16
2025-10-17 10:22:29-INFO-[tdms_reader_time.py:82]-使用实际采样间隔: 5e-06 秒
2025-10-17 10:22:29-INFO-[tdms_reader_time.py:92]-使用通道起始时间: 2025-06-20T12:55:34.254333
2025-10-17 10:22:29-ERROR-[tdms_reader_time.py:139]-处理文件 20250620205535.616021.tdms 时出错: ufunc 'add' cannot use operands with types dtype('<M8[us]') and dtype('O')
2025-10-17 10:22:29-ERROR-[tdms_reader_time.py:141]-Traceback (most recent call last):
  File "C:\Users\17584\Documents\ALearning\Project\tools\DataProcess\src\data_io\tdms_reader_time.py", line 101, in process_tdms_file
    current_time = start_time + i * time_interval
numpy.core._exceptions._UFuncBinaryResolutionError: ufunc 'add' cannot use operands with types dtype('<M8[us]') and dtype('O')

2025-10-17 10:22:29-INFO-[tdms_reader_time.py:44]-开始处理文件: D:/Lab/raw/2025.6.20\30hz\20250620205541.382788.tdms
2025-10-17 10:22:29-INFO-[tdms_reader_time.py:44]-开始处理文件: D:/Lab/raw/2025.6.20\30hz\20250620205544.253550.tdms
2025-10-17 10:22:29-INFO-[tdms_reader_time.py:73]-处理文件: 20250620205538.511375.tdms, 数据长度: 200000, 通道数: 16
2025-10-17 10:22:29-INFO-[tdms_reader_time.py:82]-使用实际采样间隔: 5e-06 秒
2025-10-17 10:22:29-INFO-[tdms_reader_time.py:92]-使用通道起始时间: 2025-06-20T12:55:37.135151
2025-10-17 10:22:29-ERROR-[tdms_reader_time.py:139]-处理文件 20250620205538.511375.tdms 时出错: ufunc 'add' cannot use operands with types dtype('<M8[us]') and dtype('O')
2025-10-17 10:22:29-ERROR-[tdms_reader_time.py:141]-Traceback (most recent call last):
  File "C:\Users\17584\Documents\ALearning\Project\tools\DataProcess\src\data_io\tdms_reader_time.py", line 101, in process_tdms_file
    current_time = start_time + i * time_interval
numpy.core._exceptions._UFuncBinaryResolutionError: ufunc 'add' cannot use operands with types dtype('<M8[us]') and dtype('O')

2025-10-17 10:22:29-INFO-[tdms_reader_time.py:73]-处理文件: 20250620205541.382788.tdms, 数据长度: 200000, 通道数: 16
2025-10-17 10:22:29-INFO-[tdms_reader_time.py:82]-使用实际采样间隔: 5e-06 秒
2025-10-17 10:22:29-INFO-[tdms_reader_time.py:92]-使用通道起始时间: 2025-06-20T12:55:40.032800
2025-10-17 10:22:29-ERROR-[tdms_reader_time.py:139]-处理文件 20250620205541.382788.tdms 时出错: ufunc 'add' cannot use operands with types dtype('<M8[us]') and dtype('O')
2025-10-17 10:22:29-ERROR-[tdms_reader_time.py:141]-Traceback (most recent call last):
  File "C:\Users\17584\Documents\ALearning\Project\tools\DataProcess\src\data_io\tdms_reader_time.py", line 101, in process_tdms_file
    current_time = start_time + i * time_interval
numpy.core._exceptions._UFuncBinaryResolutionError: ufunc 'add' cannot use operands with types dtype('<M8[us]') and dtype('O')

2025-10-17 10:22:29-INFO-[tdms_reader_time.py:44]-开始处理文件: D:/Lab/raw/2025.6.20\30hz\20250620205547.172719.tdms
2025-10-17 10:22:29-INFO-[tdms_reader_time.py:73]-处理文件: 20250620205544.253550.tdms, 数据长度: 200000, 通道数: 16
2025-10-17 10:22:29-INFO-[tdms_reader_time.py:82]-使用实际采样间隔: 5e-06 秒
2025-10-17 10:22:29-INFO-[tdms_reader_time.py:92]-使用通道起始时间: 2025-06-20T12:55:42.892190
2025-10-17 10:22:29-ERROR-[tdms_reader_time.py:139]-处理文件 20250620205544.253550.tdms 时出错: ufunc 'add' cannot use operands with types dtype('<M8[us]') and dtype('O')
2025-10-17 10:22:29-ERROR-[tdms_reader_time.py:141]-Traceback (most recent call last):
  File "C:\Users\17584\Documents\ALearning\Project\tools\DataProcess\src\data_io\tdms_reader_time.py", line 101, in process_tdms_file
    current_time = start_time + i * time_interval
numpy.core._exceptions._UFuncBinaryResolutionError: ufunc 'add' cannot use operands with types dtype('<M8[us]') and dtype('O')

2025-10-17 10:22:29-INFO-[tdms_reader_time.py:44]-开始处理文件: D:/Lab/raw/2025.6.20\30hz\20250620205550.074166.tdms
2025-10-17 10:22:29-INFO-[tdms_reader_time.py:44]-开始处理文件: D:/Lab/raw/2025.6.20\30hz\20250620205552.959105.tdms
2025-10-17 10:22:29-INFO-[tdms_reader_time.py:73]-处理文件: 20250620205547.172719.tdms, 数据长度: 200000, 通道数: 16
2025-10-17 10:22:29-INFO-[tdms_reader_time.py:82]-使用实际采样间隔: 5e-06 秒
2025-10-17 10:22:29-INFO-[tdms_reader_time.py:92]-使用通道起始时间: 2025-06-20T12:55:45.777568
2025-10-17 10:22:29-ERROR-[tdms_reader_time.py:139]-处理文件 20250620205547.172719.tdms 时出错: ufunc 'add' cannot use operands with types dtype('<M8[us]') and dtype('O')
2025-10-17 10:22:29-ERROR-[tdms_reader_time.py:141]-Traceback (most recent call last):
  File "C:\Users\17584\Documents\ALearning\Project\tools\DataProcess\src\data_io\tdms_reader_time.py", line 101, in process_tdms_file
    current_time = start_time + i * time_interval
numpy.core._exceptions._UFuncBinaryResolutionError: ufunc 'add' cannot use operands with types dtype('<M8[us]') and dtype('O')

2025-10-17 10:22:29-INFO-[tdms_reader_time.py:44]-开始处理文件: D:/Lab/raw/2025.6.20\30hz\20250620205555.848733.tdms
2025-10-17 10:22:29-INFO-[tdms_reader_time.py:73]-处理文件: 20250620205550.074166.tdms, 数据长度: 200000, 通道数: 16
2025-10-17 10:22:29-INFO-[tdms_reader_time.py:73]-处理文件: 20250620205552.959105.tdms, 数据长度: 200000, 通道数: 16
2025-10-17 10:22:29-INFO-[tdms_reader_time.py:82]-使用实际采样间隔: 5e-06 秒
2025-10-17 10:22:29-INFO-[tdms_reader_time.py:82]-使用实际采样间隔: 5e-06 秒
2025-10-17 10:22:29-INFO-[tdms_reader_time.py:92]-使用通道起始时间: 2025-06-20T12:55:48.686811
2025-10-17 10:22:29-ERROR-[tdms_reader_time.py:139]-处理文件 20250620205550.074166.tdms 时出错: ufunc 'add' cannot use operands with types dtype('<M8[us]') and dtype('O')
2025-10-17 10:22:29-INFO-[tdms_reader_time.py:92]-使用通道起始时间: 2025-06-20T12:55:51.596321
2025-10-17 10:22:29-ERROR-[tdms_reader_time.py:141]-Traceback (most recent call last):
  File "C:\Users\17584\Documents\ALearning\Project\tools\DataProcess\src\data_io\tdms_reader_time.py", line 101, in process_tdms_file
    current_time = start_time + i * time_interval
numpy.core._exceptions._UFuncBinaryResolutionError: ufunc 'add' cannot use operands with types dtype('<M8[us]') and dtype('O')

2025-10-17 10:22:29-ERROR-[tdms_reader_time.py:139]-处理文件 20250620205552.959105.tdms 时出错: ufunc 'add' cannot use operands with types dtype('<M8[us]') and dtype('O')
2025-10-17 10:22:29-ERROR-[tdms_reader_time.py:141]-Traceback (most recent call last):
  File "C:\Users\17584\Documents\ALearning\Project\tools\DataProcess\src\data_io\tdms_reader_time.py", line 101, in process_tdms_file
    current_time = start_time + i * time_interval
numpy.core._exceptions._UFuncBinaryResolutionError: ufunc 'add' cannot use operands with types dtype('<M8[us]') and dtype('O')

2025-10-17 10:22:29-INFO-[tdms_reader_time.py:44]-开始处理文件: D:/Lab/raw/2025.6.20\30hz\20250620205558.740427.tdms
2025-10-17 10:22:29-INFO-[tdms_reader_time.py:44]-开始处理文件: D:/Lab/raw/2025.6.20\30hz\20250620205601.429140.tdms
2025-10-17 10:22:29-INFO-[tdms_reader_time.py:73]-处理文件: 20250620205555.848733.tdms, 数据长度: 200000, 通道数: 16
2025-10-17 10:22:29-INFO-[tdms_reader_time.py:82]-使用实际采样间隔: 5e-06 秒
2025-10-17 10:22:29-INFO-[tdms_reader_time.py:92]-使用通道起始时间: 2025-06-20T12:55:54.467490
2025-10-17 10:22:29-ERROR-[tdms_reader_time.py:139]-处理文件 20250620205555.848733.tdms 时出错: ufunc 'add' cannot use operands with types dtype('<M8[us]') and dtype('O')
2025-10-17 10:22:29-ERROR-[tdms_reader_time.py:141]-Traceback (most recent call last):
  File "C:\Users\17584\Documents\ALearning\Project\tools\DataProcess\src\data_io\tdms_reader_time.py", line 101, in process_tdms_file
    current_time = start_time + i * time_interval
numpy.core._exceptions._UFuncBinaryResolutionError: ufunc 'add' cannot use operands with types dtype('<M8[us]') and dtype('O')

2025-10-17 10:22:29-INFO-[tdms_reader_time.py:73]-处理文件: 20250620205601.429140.tdms, 数据长度: 200000, 通道数: 16
2025-10-17 10:22:29-INFO-[tdms_reader_time.py:82]-使用实际采样间隔: 5e-06 秒
2025-10-17 10:22:29-INFO-[tdms_reader_time.py:92]-使用通道起始时间: 2025-06-20T12:56:00.046237
2025-10-17 10:22:29-ERROR-[tdms_reader_time.py:139]-处理文件 20250620205601.429140.tdms 时出错: ufunc 'add' cannot use operands with types dtype('<M8[us]') and dtype('O')
2025-10-17 10:22:29-ERROR-[tdms_reader_time.py:141]-Traceback (most recent call last):
  File "C:\Users\17584\Documents\ALearning\Project\tools\DataProcess\src\data_io\tdms_reader_time.py", line 101, in process_tdms_file
    current_time = start_time + i * time_interval
numpy.core._exceptions._UFuncBinaryResolutionError: ufunc 'add' cannot use operands with types dtype('<M8[us]') and dtype('O')

2025-10-17 10:22:29-INFO-[tdms_reader_time.py:44]-开始处理文件: D:/Lab/raw/2025.6.20\50hz\20250620203943.117518.tdms
2025-10-17 10:22:29-INFO-[tdms_reader_time.py:73]-处理文件: 20250620205558.740427.tdms, 数据长度: 200000, 通道数: 16
2025-10-17 10:22:29-INFO-[tdms_reader_time.py:82]-使用实际采样间隔: 5e-06 秒
2025-10-17 10:22:29-INFO-[tdms_reader_time.py:92]-使用通道起始时间: 2025-06-20T12:55:57.364361
2025-10-17 10:22:29-ERROR-[tdms_reader_time.py:139]-处理文件 20250620205558.740427.tdms 时出错: ufunc 'add' cannot use operands with types dtype('<M8[us]') and dtype('O')
2025-10-17 10:22:29-ERROR-[tdms_reader_time.py:141]-Traceback (most recent call last):
  File "C:\Users\17584\Documents\ALearning\Project\tools\DataProcess\src\data_io\tdms_reader_time.py", line 101, in process_tdms_file
    current_time = start_time + i * time_interval
numpy.core._exceptions._UFuncBinaryResolutionError: ufunc 'add' cannot use operands with types dtype('<M8[us]') and dtype('O')

2025-10-17 10:22:29-INFO-[tdms_reader_time.py:44]-开始处理文件: D:/Lab/raw/2025.6.20\50hz\20250620203946.014336.tdms
2025-10-17 10:22:29-INFO-[tdms_reader_time.py:44]-开始处理文件: D:/Lab/raw/2025.6.20\50hz\20250620203948.997384.tdms
2025-10-17 10:22:29-INFO-[tdms_reader_time.py:73]-处理文件: 20250620203943.117518.tdms, 数据长度: 200000, 通道数: 16
2025-10-17 10:22:29-INFO-[tdms_reader_time.py:82]-使用实际采样间隔: 5e-06 秒
2025-10-17 10:22:29-INFO-[tdms_reader_time.py:92]-使用通道起始时间: 2025-06-20T12:39:41.742630
2025-10-17 10:22:29-ERROR-[tdms_reader_time.py:139]-处理文件 20250620203943.117518.tdms 时出错: ufunc 'add' cannot use operands with types dtype('<M8[us]') and dtype('O')
2025-10-17 10:22:29-INFO-[tdms_reader_time.py:73]-处理文件: 20250620203946.014336.tdms, 数据长度: 200000, 通道数: 16
2025-10-17 10:22:29-ERROR-[tdms_reader_time.py:141]-Traceback (most recent call last):
  File "C:\Users\17584\Documents\ALearning\Project\tools\DataProcess\src\data_io\tdms_reader_time.py", line 101, in process_tdms_file
    current_time = start_time + i * time_interval
numpy.core._exceptions._UFuncBinaryResolutionError: ufunc 'add' cannot use operands with types dtype('<M8[us]') and dtype('O')

2025-10-17 10:22:29-INFO-[tdms_reader_time.py:82]-使用实际采样间隔: 5e-06 秒
2025-10-17 10:22:29-INFO-[tdms_reader_time.py:92]-使用通道起始时间: 2025-06-20T12:39:44.662246
2025-10-17 10:22:29-ERROR-[tdms_reader_time.py:139]-处理文件 20250620203946.014336.tdms 时出错: ufunc 'add' cannot use operands with types dtype('<M8[us]') and dtype('O')
2025-10-17 10:22:29-ERROR-[tdms_reader_time.py:141]-Traceback (most recent call last):
  File "C:\Users\17584\Documents\ALearning\Project\tools\DataProcess\src\data_io\tdms_reader_time.py", line 101, in process_tdms_file
    current_time = start_time + i * time_interval
numpy.core._exceptions._UFuncBinaryResolutionError: ufunc 'add' cannot use operands with types dtype('<M8[us]') and dtype('O')

2025-10-17 10:22:29-INFO-[tdms_reader_time.py:73]-处理文件: 20250620203948.997384.tdms, 数据长度: 200000, 通道数: 16
2025-10-17 10:22:29-INFO-[tdms_reader_time.py:82]-使用实际采样间隔: 5e-06 秒
2025-10-17 10:22:29-INFO-[tdms_reader_time.py:92]-使用通道起始时间: 2025-06-20T12:39:47.604040
2025-10-17 10:22:29-ERROR-[tdms_reader_time.py:139]-处理文件 20250620203948.997384.tdms 时出错: ufunc 'add' cannot use operands with types dtype('<M8[us]') and dtype('O')
2025-10-17 10:22:29-INFO-[tdms_reader_time.py:44]-开始处理文件: D:/Lab/raw/2025.6.20\50hz\20250620203951.928351.tdms
2025-10-17 10:22:29-ERROR-[tdms_reader_time.py:141]-Traceback (most recent call last):
  File "C:\Users\17584\Documents\ALearning\Project\tools\DataProcess\src\data_io\tdms_reader_time.py", line 101, in process_tdms_file
    current_time = start_time + i * time_interval
numpy.core._exceptions._UFuncBinaryResolutionError: ufunc 'add' cannot use operands with types dtype('<M8[us]') and dtype('O')

2025-10-17 10:22:29-INFO-[tdms_reader_time.py:44]-开始处理文件: D:/Lab/raw/2025.6.20\50hz\20250620203954.838344.tdms
2025-10-17 10:22:29-INFO-[tdms_reader_time.py:44]-开始处理文件: D:/Lab/raw/2025.6.20\50hz\20250620203957.759340.tdms
2025-10-17 10:22:29-INFO-[tdms_reader_time.py:44]-开始处理文件: D:/Lab/raw/2025.6.20\50hz\20250620204000.623816.tdms
2025-10-17 10:22:29-INFO-[tdms_reader_time.py:73]-处理文件: 20250620203951.928351.tdms, 数据长度: 200000, 通道数: 16
2025-10-17 10:22:29-INFO-[tdms_reader_time.py:82]-使用实际采样间隔: 5e-06 秒
2025-10-17 10:22:29-INFO-[tdms_reader_time.py:92]-使用通道起始时间: 2025-06-20T12:39:50.560411
2025-10-17 10:22:29-ERROR-[tdms_reader_time.py:139]-处理文件 20250620203951.928351.tdms 时出错: ufunc 'add' cannot use operands with types dtype('<M8[us]') and dtype('O')
2025-10-17 10:22:29-INFO-[tdms_reader_time.py:73]-处理文件: 20250620203954.838344.tdms, 数据长度: 200000, 通道数: 16
2025-10-17 10:22:29-ERROR-[tdms_reader_time.py:141]-Traceback (most recent call last):
  File "C:\Users\17584\Documents\ALearning\Project\tools\DataProcess\src\data_io\tdms_reader_time.py", line 101, in process_tdms_file
    current_time = start_time + i * time_interval
numpy.core._exceptions._UFuncBinaryResolutionError: ufunc 'add' cannot use operands with types dtype('<M8[us]') and dtype('O')

2025-10-17 10:22:29-INFO-[tdms_reader_time.py:82]-使用实际采样间隔: 5e-06 秒
2025-10-17 10:22:29-INFO-[tdms_reader_time.py:92]-使用通道起始时间: 2025-06-20T12:39:53.483955
2025-10-17 10:22:29-ERROR-[tdms_reader_time.py:139]-处理文件 20250620203954.838344.tdms 时出错: ufunc 'add' cannot use operands with types dtype('<M8[us]') and dtype('O')
2025-10-17 10:22:29-INFO-[tdms_reader_time.py:73]-处理文件: 20250620203957.759340.tdms, 数据长度: 200000, 通道数: 16
2025-10-17 10:22:29-INFO-[tdms_reader_time.py:82]-使用实际采样间隔: 5e-06 秒
2025-10-17 10:22:29-ERROR-[tdms_reader_time.py:141]-Traceback (most recent call last):
  File "C:\Users\17584\Documents\ALearning\Project\tools\DataProcess\src\data_io\tdms_reader_time.py", line 101, in process_tdms_file
    current_time = start_time + i * time_interval
numpy.core._exceptions._UFuncBinaryResolutionError: ufunc 'add' cannot use operands with types dtype('<M8[us]') and dtype('O')

2025-10-17 10:22:29-INFO-[tdms_reader_time.py:92]-使用通道起始时间: 2025-06-20T12:39:56.408238
2025-10-17 10:22:29-ERROR-[tdms_reader_time.py:139]-处理文件 20250620203957.759340.tdms 时出错: ufunc 'add' cannot use operands with types dtype('<M8[us]') and dtype('O')
2025-10-17 10:22:29-INFO-[tdms_reader_time.py:73]-处理文件: 20250620204000.623816.tdms, 数据长度: 200000, 通道数: 16
2025-10-17 10:22:29-ERROR-[tdms_reader_time.py:141]-Traceback (most recent call last):
  File "C:\Users\17584\Documents\ALearning\Project\tools\DataProcess\src\data_io\tdms_reader_time.py", line 101, in process_tdms_file
    current_time = start_time + i * time_interval
numpy.core._exceptions._UFuncBinaryResolutionError: ufunc 'add' cannot use operands with types dtype('<M8[us]') and dtype('O')

2025-10-17 10:22:29-INFO-[tdms_reader_time.py:82]-使用实际采样间隔: 5e-06 秒
2025-10-17 10:22:29-INFO-[tdms_reader_time.py:92]-使用通道起始时间: 2025-06-20T12:39:59.267487
2025-10-17 10:22:29-INFO-[tdms_reader_time.py:44]-开始处理文件: D:/Lab/raw/2025.6.20\50hz\20250620204003.597035.tdms
2025-10-17 10:22:29-ERROR-[tdms_reader_time.py:139]-处理文件 20250620204000.623816.tdms 时出错: ufunc 'add' cannot use operands with types dtype('<M8[us]') and dtype('O')
2025-10-17 10:22:29-ERROR-[tdms_reader_time.py:141]-Traceback (most recent call last):
  File "C:\Users\17584\Documents\ALearning\Project\tools\DataProcess\src\data_io\tdms_reader_time.py", line 101, in process_tdms_file
    current_time = start_time + i * time_interval
numpy.core._exceptions._UFuncBinaryResolutionError: ufunc 'add' cannot use operands with types dtype('<M8[us]') and dtype('O')

2025-10-17 10:22:29-INFO-[tdms_reader_time.py:44]-开始处理文件: D:/Lab/raw/2025.6.20\50hz\20250620204006.502835.tdms
2025-10-17 10:22:29-INFO-[tdms_reader_time.py:44]-开始处理文件: D:/Lab/raw/2025.6.20\50hz\20250620204009.381570.tdms
2025-10-17 10:22:29-INFO-[tdms_reader_time.py:44]-开始处理文件: D:/Lab/raw/2025.6.20\50hz\20250620204012.290275.tdms
2025-10-17 10:22:29-INFO-[tdms_reader_time.py:73]-处理文件: 20250620204003.597035.tdms, 数据长度: 200000, 通道数: 16
2025-10-17 10:22:29-INFO-[tdms_reader_time.py:82]-使用实际采样间隔: 5e-06 秒
2025-10-17 10:22:29-INFO-[tdms_reader_time.py:73]-处理文件: 20250620204006.502835.tdms, 数据长度: 200000, 通道数: 16
2025-10-17 10:22:29-INFO-[tdms_reader_time.py:92]-使用通道起始时间: 2025-06-20T12:40:02.213574
2025-10-17 10:22:29-INFO-[tdms_reader_time.py:82]-使用实际采样间隔: 5e-06 秒
2025-10-17 10:22:29-ERROR-[tdms_reader_time.py:139]-处理文件 20250620204003.597035.tdms 时出错: ufunc 'add' cannot use operands with types dtype('<M8[us]') and dtype('O')
2025-10-17 10:22:29-INFO-[tdms_reader_time.py:92]-使用通道起始时间: 2025-06-20T12:40:05.143713
2025-10-17 10:22:29-ERROR-[tdms_reader_time.py:141]-Traceback (most recent call last):
  File "C:\Users\17584\Documents\ALearning\Project\tools\DataProcess\src\data_io\tdms_reader_time.py", line 101, in process_tdms_file
    current_time = start_time + i * time_interval
numpy.core._exceptions._UFuncBinaryResolutionError: ufunc 'add' cannot use operands with types dtype('<M8[us]') and dtype('O')

2025-10-17 10:22:29-INFO-[tdms_reader_time.py:73]-处理文件: 20250620204009.381570.tdms, 数据长度: 200000, 通道数: 16
2025-10-17 10:22:29-ERROR-[tdms_reader_time.py:139]-处理文件 20250620204006.502835.tdms 时出错: ufunc 'add' cannot use operands with types dtype('<M8[us]') and dtype('O')
2025-10-17 10:22:29-INFO-[tdms_reader_time.py:73]-处理文件: 20250620204012.290275.tdms, 数据长度: 200000, 通道数: 16
2025-10-17 10:22:29-INFO-[tdms_reader_time.py:82]-使用实际采样间隔: 5e-06 秒
2025-10-17 10:22:29-ERROR-[tdms_reader_time.py:141]-Traceback (most recent call last):
  File "C:\Users\17584\Documents\ALearning\Project\tools\DataProcess\src\data_io\tdms_reader_time.py", line 101, in process_tdms_file
    current_time = start_time + i * time_interval
numpy.core._exceptions._UFuncBinaryResolutionError: ufunc 'add' cannot use operands with types dtype('<M8[us]') and dtype('O')

2025-10-17 10:22:29-INFO-[tdms_reader_time.py:82]-使用实际采样间隔: 5e-06 秒
2025-10-17 10:22:29-INFO-[tdms_reader_time.py:92]-使用通道起始时间: 2025-06-20T12:40:10.923739
2025-10-17 10:22:29-INFO-[tdms_reader_time.py:92]-使用通道起始时间: 2025-06-20T12:40:08.028342
2025-10-17 10:22:29-ERROR-[tdms_reader_time.py:139]-处理文件 20250620204012.290275.tdms 时出错: ufunc 'add' cannot use operands with types dtype('<M8[us]') and dtype('O')
2025-10-17 10:22:29-ERROR-[tdms_reader_time.py:139]-处理文件 20250620204009.381570.tdms 时出错: ufunc 'add' cannot use operands with types dtype('<M8[us]') and dtype('O')
2025-10-17 10:22:29-ERROR-[tdms_reader_time.py:141]-Traceback (most recent call last):
  File "C:\Users\17584\Documents\ALearning\Project\tools\DataProcess\src\data_io\tdms_reader_time.py", line 101, in process_tdms_file
    current_time = start_time + i * time_interval
numpy.core._exceptions._UFuncBinaryResolutionError: ufunc 'add' cannot use operands with types dtype('<M8[us]') and dtype('O')

2025-10-17 10:22:29-ERROR-[tdms_reader_time.py:141]-Traceback (most recent call last):
  File "C:\Users\17584\Documents\ALearning\Project\tools\DataProcess\src\data_io\tdms_reader_time.py", line 101, in process_tdms_file
    current_time = start_time + i * time_interval
numpy.core._exceptions._UFuncBinaryResolutionError: ufunc 'add' cannot use operands with types dtype('<M8[us]') and dtype('O')

2025-10-17 10:22:29-INFO-[tdms_reader_time.py:44]-开始处理文件: D:/Lab/raw/2025.6.20\50hz\20250620204015.172895.tdms
2025-10-17 10:22:29-INFO-[tdms_reader_time.py:44]-开始处理文件: D:/Lab/raw/2025.6.20\50hz\20250620204018.073789.tdms
2025-10-17 10:22:29-INFO-[tdms_reader_time.py:44]-开始处理文件: D:/Lab/raw/2025.6.20\50hz\20250620204020.965725.tdms
2025-10-17 10:22:29-INFO-[tdms_reader_time.py:44]-开始处理文件: D:/Lab/raw/2025.6.20\50hz\20250620204023.874951.tdms
2025-10-17 10:22:29-INFO-[tdms_reader_time.py:44]-开始处理文件: D:/Lab/raw/2025.6.20\50hz\20250620204029.679945.tdms
2025-10-17 10:22:29-INFO-[tdms_reader_time.py:44]-开始处理文件: D:/Lab/raw/2025.6.20\50hz\20250620204026.769314.tdms
2025-10-17 10:22:29-INFO-[tdms_reader_time.py:73]-处理文件: 20250620204015.172895.tdms, 数据长度: 200000, 通道数: 16
2025-10-17 10:22:29-INFO-[tdms_reader_time.py:82]-使用实际采样间隔: 5e-06 秒
2025-10-17 10:22:29-INFO-[tdms_reader_time.py:92]-使用通道起始时间: 2025-06-20T12:40:13.811309
2025-10-17 10:22:29-ERROR-[tdms_reader_time.py:139]-处理文件 20250620204015.172895.tdms 时出错: ufunc 'add' cannot use operands with types dtype('<M8[us]') and dtype('O')
2025-10-17 10:22:29-INFO-[tdms_reader_time.py:73]-处理文件: 20250620204023.874951.tdms, 数据长度: 200000, 通道数: 16
2025-10-17 10:22:29-INFO-[tdms_reader_time.py:73]-处理文件: 20250620204018.073789.tdms, 数据长度: 200000, 通道数: 16
2025-10-17 10:22:29-ERROR-[tdms_reader_time.py:141]-Traceback (most recent call last):
  File "C:\Users\17584\Documents\ALearning\Project\tools\DataProcess\src\data_io\tdms_reader_time.py", line 101, in process_tdms_file
    current_time = start_time + i * time_interval
numpy.core._exceptions._UFuncBinaryResolutionError: ufunc 'add' cannot use operands with types dtype('<M8[us]') and dtype('O')

2025-10-17 10:22:29-INFO-[tdms_reader_time.py:82]-使用实际采样间隔: 5e-06 秒
2025-10-17 10:22:29-INFO-[tdms_reader_time.py:82]-使用实际采样间隔: 5e-06 秒
2025-10-17 10:22:29-INFO-[tdms_reader_time.py:92]-使用通道起始时间: 2025-06-20T12:40:22.523580
2025-10-17 10:22:29-INFO-[tdms_reader_time.py:73]-处理文件: 20250620204020.965725.tdms, 数据长度: 200000, 通道数: 16
2025-10-17 10:22:29-INFO-[tdms_reader_time.py:92]-使用通道起始时间: 2025-06-20T12:40:16.711235
2025-10-17 10:22:29-INFO-[tdms_reader_time.py:73]-处理文件: 20250620204026.769314.tdms, 数据长度: 200000, 通道数: 16
2025-10-17 10:22:29-INFO-[tdms_reader_time.py:73]-处理文件: 20250620204029.679945.tdms, 数据长度: 200000, 通道数: 16
2025-10-17 10:22:29-ERROR-[tdms_reader_time.py:139]-处理文件 20250620204023.874951.tdms 时出错: ufunc 'add' cannot use operands with types dtype('<M8[us]') and dtype('O')
2025-10-17 10:22:29-INFO-[tdms_reader_time.py:82]-使用实际采样间隔: 5e-06 秒
2025-10-17 10:22:29-INFO-[tdms_reader_time.py:92]-使用通道起始时间: 2025-06-20T12:40:19.611645
2025-10-17 10:22:29-INFO-[tdms_reader_time.py:82]-使用实际采样间隔: 5e-06 秒
2025-10-17 10:22:29-ERROR-[tdms_reader_time.py:139]-处理文件 20250620204018.073789.tdms 时出错: ufunc 'add' cannot use operands with types dtype('<M8[us]') and dtype('O')
2025-10-17 10:22:29-ERROR-[tdms_reader_time.py:141]-Traceback (most recent call last):
  File "C:\Users\17584\Documents\ALearning\Project\tools\DataProcess\src\data_io\tdms_reader_time.py", line 101, in process_tdms_file
    current_time = start_time + i * time_interval
numpy.core._exceptions._UFuncBinaryResolutionError: ufunc 'add' cannot use operands with types dtype('<M8[us]') and dtype('O')

2025-10-17 10:22:29-INFO-[tdms_reader_time.py:92]-使用通道起始时间: 2025-06-20T12:40:28.287687
2025-10-17 10:22:29-INFO-[tdms_reader_time.py:92]-使用通道起始时间: 2025-06-20T12:40:25.409663
2025-10-17 10:22:29-ERROR-[tdms_reader_time.py:139]-处理文件 20250620204026.769314.tdms 时出错: ufunc 'add' cannot use operands with types dtype('<M8[us]') and dtype('O')
2025-10-17 10:22:29-ERROR-[tdms_reader_time.py:139]-处理文件 20250620204020.965725.tdms 时出错: ufunc 'add' cannot use operands with types dtype('<M8[us]') and dtype('O')
2025-10-17 10:22:29-ERROR-[tdms_reader_time.py:141]-Traceback (most recent call last):
  File "C:\Users\17584\Documents\ALearning\Project\tools\DataProcess\src\data_io\tdms_reader_time.py", line 101, in process_tdms_file
    current_time = start_time + i * time_interval
numpy.core._exceptions._UFuncBinaryResolutionError: ufunc 'add' cannot use operands with types dtype('<M8[us]') and dtype('O')

2025-10-17 10:22:29-ERROR-[tdms_reader_time.py:139]-处理文件 20250620204029.679945.tdms 时出错: ufunc 'add' cannot use operands with types dtype('<M8[us]') and dtype('O')
2025-10-17 10:22:29-ERROR-[tdms_reader_time.py:141]-Traceback (most recent call last):
  File "C:\Users\17584\Documents\ALearning\Project\tools\DataProcess\src\data_io\tdms_reader_time.py", line 101, in process_tdms_file
    current_time = start_time + i * time_interval
numpy.core._exceptions._UFuncBinaryResolutionError: ufunc 'add' cannot use operands with types dtype('<M8[us]') and dtype('O')

2025-10-17 10:22:29-ERROR-[tdms_reader_time.py:141]-Traceback (most recent call last):
  File "C:\Users\17584\Documents\ALearning\Project\tools\DataProcess\src\data_io\tdms_reader_time.py", line 101, in process_tdms_file
    current_time = start_time + i * time_interval
numpy.core._exceptions._UFuncBinaryResolutionError: ufunc 'add' cannot use operands with types dtype('<M8[us]') and dtype('O')

2025-10-17 10:22:29-ERROR-[tdms_reader_time.py:141]-Traceback (most recent call last):
  File "C:\Users\17584\Documents\ALearning\Project\tools\DataProcess\src\data_io\tdms_reader_time.py", line 101, in process_tdms_file
    current_time = start_time + i * time_interval
numpy.core._exceptions._UFuncBinaryResolutionError: ufunc 'add' cannot use operands with types dtype('<M8[us]') and dtype('O')

2025-10-17 10:22:29-INFO-[tdms_reader_time.py:44]-开始处理文件: D:/Lab/raw/2025.6.20\50hz\20250620204032.660249.tdms
2025-10-17 10:22:29-INFO-[tdms_reader_time.py:44]-开始处理文件: D:/Lab/raw/2025.6.20\50hz\20250620204035.578939.tdms
2025-10-17 10:22:29-INFO-[tdms_reader_time.py:44]-开始处理文件: D:/Lab/raw/2025.6.20\50hz\20250620204038.547364.tdms
2025-10-17 10:22:29-INFO-[tdms_reader_time.py:44]-开始处理文件: D:/Lab/raw/2025.6.20\50hz\20250620204041.503131.tdms
2025-10-17 10:22:29-INFO-[tdms_reader_time.py:44]-开始处理文件: D:/Lab/raw/2025.6.20\50hz\20250620204047.316458.tdms
2025-10-17 10:22:29-INFO-[tdms_reader_time.py:44]-开始处理文件: D:/Lab/raw/2025.6.20\50hz\20250620204044.399715.tdms
2025-10-17 10:22:29-INFO-[tdms_reader_time.py:44]-开始处理文件: D:/Lab/raw/2025.6.20\back\20250620194612.368512.tdms
2025-10-17 10:22:29-INFO-[tdms_reader_time.py:44]-开始处理文件: D:/Lab/raw/2025.6.20\back\20250620194615.280443.tdms
2025-10-17 10:22:29-INFO-[tdms_reader_time.py:73]-处理文件: 20250620204032.660249.tdms, 数据长度: 200000, 通道数: 16
2025-10-17 10:22:29-INFO-[tdms_reader_time.py:73]-处理文件: 20250620204038.547364.tdms, 数据长度: 200000, 通道数: 16
2025-10-17 10:22:29-INFO-[tdms_reader_time.py:44]-开始处理文件: D:/Lab/raw/2025.6.20\back\20250620194618.181950.tdms
2025-10-17 10:22:29-INFO-[tdms_reader_time.py:82]-使用实际采样间隔: 5e-06 秒
2025-10-17 10:22:29-INFO-[tdms_reader_time.py:82]-使用实际采样间隔: 5e-06 秒
2025-10-17 10:22:29-INFO-[tdms_reader_time.py:73]-处理文件: 20250620204041.503131.tdms, 数据长度: 200000, 通道数: 16
2025-10-17 10:22:29-INFO-[tdms_reader_time.py:82]-使用实际采样间隔: 5e-06 秒
12:40:31.269728
2025-10-17 10:22:29-INFO-[tdms_reader_time.py:92]-使用通道起始时间: 2025-06-20T12:40:37.143602
2025-10-17 10:22:29-INFO-[tdms_reader_time.py:73]-处理文件: 20250620204035.578939.tdms, 数据长度: 200000, 通道数: 16
2025-10-17 10:22:29-INFO-[tdms_reader_time.py:92]-使用通道起始时间: 2025-06-20T12:40:40.125991
2025-10-17 10:22:29-ERROR-[tdms_reader_time.py:139]-处理文件 20250620204032.660249.tdms 时出错: ufunc 'add' cannot use operands with types dtype('<M8[us]') and dtype('O')
2025-10-17 10:22:29-INFO-[tdms_reader_time.py:73]-处理文件: 20250620204044.399715.tdms, 数据长度: 200000, 通道数: 16
2025-10-17 10:22:29-INFO-[tdms_reader_time.py:73]-处理文件: 20250620204047.316458.tdms, 数据长度: 200000, 通道数: 16
2025-10-17 10:22:29-ERROR-[tdms_reader_time.py:139]-处理文件 20250620204038.547364.tdms 时出错: ufunc 'add' cannot use operands with types dtype('<M8[us]') and dtype('O')
2025-10-17 10:22:29-ERROR-[tdms_reader_time.py:139]-处理文件 20250620204041.503131.tdms 时出错: ufunc 'add' cannot use operands with types dtype('<M8[us]') and dtype('O')
2025-10-17 10:22:29-INFO-[tdms_reader_time.py:82]-使用实际采样间隔: 5e-06 秒
2025-10-17 10:22:29-ERROR-[tdms_reader_time.py:141]-Traceback (most recent call last):
  File "C:\Users\17584\Documents\ALearning\Project\tools\DataProcess\src\data_io\tdms_reader_time.py", line 101, in process_tdms_file
    current_time = start_time + i * time_interval
numpy.core._exceptions._UFuncBinaryResolutionError: ufunc 'add' cannot use operands with types dtype('<M8[us]') and dtype('O')

2025-10-17 10:22:29-INFO-[tdms_reader_time.py:82]-使用实际采样间隔: 5e-06 秒
2025-10-17 10:22:29-ERROR-[tdms_reader_time.py:141]-Traceback (most recent call last):
  File "C:\Users\17584\Documents\ALearning\Project\tools\DataProcess\src\data_io\tdms_reader_time.py", line 101, in process_tdms_file
    current_time = start_time + i * time_interval
numpy.core._exceptions._UFuncBinaryResolutionError: ufunc 'add' cannot use operands with types dtype('<M8[us]') and dtype('O')

2025-10-17 10:22:29-ERROR-[tdms_reader_time.py:141]-Traceback (most recent call last):
  File "C:\Users\17584\Documents\ALearning\Project\tools\DataProcess\src\data_io\tdms_reader_time.py", line 101, in process_tdms_file
    current_time = start_time + i * time_interval
numpy.core._exceptions._UFuncBinaryResolutionError: ufunc 'add' cannot use operands with types dtype('<M8[us]') and dtype('O')

2025-10-17 10:22:29-INFO-[tdms_reader_time.py:73]-处理文件: 20250620194612.368512.tdms, 数据长度: 200000, 通道数: 16
2025-10-17 10:22:29-INFO-[tdms_reader_time.py:82]-使用实际采样间隔: 5e-06 秒
2025-10-17 10:22:29-INFO-[tdms_reader_time.py:92]-使用通道起始时间: 2025-06-20T12:40:43.032670
2025-10-17 10:22:29-INFO-[tdms_reader_time.py:73]-处理文件: 20250620194615.280443.tdms, 数据长度: 200000, 通道数: 16
2025-10-17 10:22:29-INFO-[tdms_reader_time.py:92]-使用通道起始时间: 2025-06-20T12:40:34.212728
2025-10-17 10:22:29-INFO-[tdms_reader_time.py:82]-使用实际采样间隔: 5e-06 秒
2025-10-17 10:22:29-ERROR-[tdms_reader_time.py:139]-处理文件 20250620204044.399715.tdms 时出错: ufunc 'add' cannot use operands with types dtype('<M8[us]') and dtype('O')
2025-10-17 10:22:29-INFO-[tdms_reader_time.py:82]-使用实际采样间隔: 5e-06 秒
2025-10-17 10:22:29-INFO-[tdms_reader_time.py:92]-使用通道起始时间: 2025-06-20T12:40:45.960360
2025-10-17 10:22:29-ERROR-[tdms_reader_time.py:139]-处理文件 20250620204035.578939.tdms 时出错: ufunc 'add' cannot use operands with types dtype('<M8[us]') and dtype('O')
2025-10-17 10:22:29-ERROR-[tdms_reader_time.py:141]-Traceback (most recent call last):
  File "C:\Users\17584\Documents\ALearning\Project\tools\DataProcess\src\data_io\tdms_reader_time.py", line 101, in process_tdms_file
    current_time = start_time + i * time_interval
numpy.core._exceptions._UFuncBinaryResolutionError: ufunc 'add' cannot use operands with types dtype('<M8[us]') and dtype('O')

2025-10-17 10:22:29-INFO-[tdms_reader_time.py:92]-使用通道起始时间: 2025-06-20T11:46:11.001639
2025-10-17 10:22:29-ERROR-[tdms_reader_time.py:139]-处理文件 20250620204047.316458.tdms 时出错: ufunc 'add' cannot use operands with types dtype('<M8[us]') and dtype('O')
2025-10-17 10:22:29-ERROR-[tdms_reader_time.py:139]-处理文件 20250620194612.368512.tdms 时出错: ufunc 'add' cannot use operands with types dtype('<M8[us]') and dtype('O')
2025-10-17 10:22:29-ERROR-[tdms_reader_time.py:141]-Traceback (most recent call last):
  File "C:\Users\17584\Documents\ALearning\Project\tools\DataProcess\src\data_io\tdms_reader_time.py", line 101, in process_tdms_file
    current_time = start_time + i * time_interval
numpy.core._exceptions._UFuncBinaryResolutionError: ufunc 'add' cannot use operands with types dtype('<M8[us]') and dtype('O')

2025-10-17 10:22:29-ERROR-[tdms_reader_time.py:139]-处理文件 20250620194615.280443.tdms 时出错: ufunc 'add' cannot use operands with types dtype('<M8[us]') and dtype('O')
2025-10-17 10:22:29-ERROR-[tdms_reader_time.py:141]-Traceback (most recent call last):
  File "C:\Users\17584\Documents\ALearning\Project\tools\DataProcess\src\data_io\tdms_reader_time.py", line 101, in process_tdms_file
    current_time = start_time + i * time_interval
numpy.core._exceptions._UFuncBinaryResolutionError: ufunc 'add' cannot use operands with types dtype('<M8[us]') and dtype('O')

2025-10-17 10:22:29-INFO-[tdms_reader_time.py:44]-开始处理文件: D:/Lab/raw/2025.6.20\back\20250620194626.920608.tdms
2025-10-17 10:22:29-ERROR-[tdms_reader_time.py:141]-Traceback (most recent call last):
  File "C:\Users\17584\Documents\ALearning\Project\tools\DataProcess\src\data_io\tdms_reader_time.py", line 101, in process_tdms_file
    current_time = start_time + i * time_interval
numpy.core._exceptions._UFuncBinaryResolutionError: ufunc 'add' cannot use operands with types dtype('<M8[us]') and dtype('O')

2025-10-17 10:22:29-ERROR-[tdms_reader_time.py:141]-Traceback (most recent call last):
  File "C:\Users\17584\Documents\ALearning\Project\tools\DataProcess\src\data_io\tdms_reader_time.py", line 101, in process_tdms_file
    current_time = start_time + i * time_interval
numpy.core._exceptions._UFuncBinaryResolutionError: ufunc 'add' cannot use operands with types dtype('<M8[us]') and dtype('O')

2025-10-17 10:22:29-INFO-[tdms_reader_time.py:73]-处理文件: 20250620194618.181950.tdms, 数据长度: 200000, 通道数: 16
2025-10-17 10:22:29-INFO-[tdms_reader_time.py:44]-开始处理文件: D:/Lab/raw/2025.6.20\back\20250620194624.055741.tdms
2025-10-17 10:22:29-INFO-[tdms_reader_time.py:82]-使用实际采样间隔: 5e-06 秒
2025-10-17 10:22:29-INFO-[tdms_reader_time.py:44]-开始处理文件: D:/Lab/raw/2025.6.20\back\20250620194621.140929.tdms
2025-10-17 10:22:29-INFO-[tdms_reader_time.py:44]-开始处理文件: D:/Lab/raw/2025.6.20\back\20250620194629.813220.tdms
2025-10-17 10:22:29-INFO-[tdms_reader_time.py:92]-使用通道起始时间: 2025-06-20T11:46:16.814146
2025-10-17 10:22:29-INFO-[tdms_reader_time.py:44]-开始处理文件: D:/Lab/raw/2025.6.20\back\20250620194632.691684.tdms
2025-10-17 10:22:29-ERROR-[tdms_reader_time.py:139]-处理文件 20250620194618.181950.tdms 时出错: ufunc 'add' cannot use operands with types dtype('<M8[us]') and dtype('O')
2025-10-17 10:22:29-INFO-[tdms_reader_time.py:44]-开始处理文件: D:/Lab/raw/2025.6.20\back\20250620194635.587857.tdms
2025-10-17 10:22:29-INFO-[tdms_reader_time.py:44]-开始处理文件: D:/Lab/raw/2025.6.20\back\20250620194641.451865.tdms
2025-10-17 10:22:29-ERROR-[tdms_reader_time.py:141]-Traceback (most recent call last):
  File "C:\Users\17584\Documents\ALearning\Project\tools\DataProcess\src\data_io\tdms_reader_time.py", line 101, in process_tdms_file
    current_time = start_time + i * time_interval
numpy.core._exceptions._UFuncBinaryResolutionError: ufunc 'add' cannot use operands with types dtype('<M8[us]') and dtype('O')

2025-10-17 10:22:29-INFO-[tdms_reader_time.py:44]-开始处理文件: D:/Lab/raw/2025.6.20\back\20250620194638.548843.tdms
2025-10-17 10:22:29-INFO-[tdms_reader_time.py:44]-开始处理文件: D:/Lab/raw/2025.6.20\back\20250620194644.379134.tdms
2025-10-17 10:22:29-INFO-[tdms_reader_time.py:73]-处理文件: 20250620194626.920608.tdms, 数据长度: 200000, 通道数: 16
2025-10-17 10:22:29-INFO-[tdms_reader_time.py:82]-使用实际采样间隔: 5e-06 秒
2025-10-17 10:22:29-INFO-[tdms_reader_time.py:73]-处理文件: 20250620194624.055741.tdms, 数据长度: 200000, 通道数: 16
2025-10-17 10:22:29-INFO-[tdms_reader_time.py:92]-使用通道起始时间: 2025-06-20T11:46:25.564345
2025-10-17 10:22:29-INFO-[tdms_reader_time.py:82]-使用实际采样间隔: 5e-06 秒
2025-10-17 10:22:29-ERROR-[tdms_reader_time.py:139]-处理文件 20250620194626.920608.tdms 时出错: ufunc 'add' cannot use operands with types dtype('<M8[us]') and dtype('O')
2025-10-17 10:22:29-INFO-[tdms_reader_time.py:44]-开始处理文件: D:/Lab/raw/2025.6.20\back\20250620194647.302328.tdms
2025-10-17 10:22:29-INFO-[tdms_reader_time.py:92]-使用通道起始时间: 2025-06-20T11:46:22.697196
2025-10-17 10:22:29-INFO-[tdms_reader_time.py:73]-处理文件: 20250620194629.813220.tdms, 数据长度: 200000, 通道数: 16
2025-10-17 10:22:29-ERROR-[tdms_reader_time.py:139]-处理文件 20250620194624.055741.tdms 时出错: ufunc 'add' cannot use operands with types dtype('<M8[us]') and dtype('O')
2025-10-17 10:22:29-INFO-[tdms_reader_time.py:73]-处理文件: 20250620194632.691684.tdms, 数据长度: 200000, 通道数: 16
2025-10-17 10:22:29-INFO-[tdms_reader_time.py:82]-使用实际采样间隔: 5e-06 秒
2025-10-17 10:22:29-INFO-[tdms_reader_time.py:82]-使用实际采样间隔: 5e-06 秒
2025-10-17 10:22:29-ERROR-[tdms_reader_time.py:141]-Traceback (most recent call last):
  File "C:\Users\17584\Documents\ALearning\Project\tools\DataProcess\src\data_io\tdms_reader_time.py", line 101, in process_tdms_file
    current_time = start_time + i * time_interval
numpy.core._exceptions._UFuncBinaryResolutionError: ufunc 'add' cannot use operands with types dtype('<M8[us]') and dtype('O')

2025-10-17 10:22:29-INFO-[tdms_reader_time.py:73]-处理文件: 20250620194621.140929.tdms, 数据长度: 200000, 通道数: 16
2025-10-17 10:22:29-INFO-[tdms_reader_time.py:92]-使用通道起始时间: 2025-06-20T11:46:31.329261
2025-10-17 10:22:29-INFO-[tdms_reader_time.py:92]-使用通道起始时间: 2025-06-20T11:46:28.459063
2025-10-17 10:22:29-INFO-[tdms_reader_time.py:82]-使用实际采样间隔: 5e-06 秒
2025-10-17 10:22:29-ERROR-[tdms_reader_time.py:141]-Traceback (most recent call last):
  File "C:\Users\17584\Documents\ALearning\Project\tools\DataProcess\src\data_io\tdms_reader_time.py", line 101, in process_tdms_file
    current_time = start_time + i * time_interval
numpy.core._exceptions._UFuncBinaryResolutionError: ufunc 'add' cannot use operands with types dtype('<M8[us]') and dtype('O')

2025-10-17 10:22:29-ERROR-[tdms_reader_time.py:139]-处理文件 20250620194629.813220.tdms 时出错: ufunc 'add' cannot use operands with types dtype('<M8[us]') and dtype('O')
2025-10-17 10:22:29-ERROR-[tdms_reader_time.py:139]-处理文件 20250620194632.691684.tdms 时出错: ufunc 'add' cannot use operands with types dtype('<M8[us]') and dtype('O')
2025-10-17 10:22:29-INFO-[tdms_reader_time.py:73]-处理文件: 20250620194635.587857.tdms, 数据长度: 200000, 通道数: 16
2025-10-17 10:22:29-INFO-[tdms_reader_time.py:92]-使用通道起始时间: 2025-06-20T11:46:19.766456
2025-10-17 10:22:29-ERROR-[tdms_reader_time.py:141]-Traceback (most recent call last):
  File "C:\Users\17584\Documents\ALearning\Project\tools\DataProcess\src\data_io\tdms_reader_time.py", line 101, in process_tdms_file
    current_time = start_time + i * time_interval
numpy.core._exceptions._UFuncBinaryResolutionError: ufunc 'add' cannot use operands with types dtype('<M8[us]') and dtype('O')

2025-10-17 10:22:29-INFO-[tdms_reader_time.py:73]-处理文件: 20250620194641.451865.tdms, 数据长度: 200000, 通道数: 16
2025-10-17 10:22:29-ERROR-[tdms_reader_time.py:139]-处理文件 20250620194621.140929.tdms 时出错: ufunc 'add' cannot use operands with types dtype('<M8[us]') and dtype('O')
2025-10-17 10:22:29-INFO-[tdms_reader_time.py:82]-使用实际采样间隔: 5e-06 秒
2025-10-17 10:22:29-ERROR-[tdms_reader_time.py:141]-Traceback (most recent call last):
  File "C:\Users\17584\Documents\ALearning\Project\tools\DataProcess\src\data_io\tdms_reader_time.py", line 101, in process_tdms_file
    current_time = start_time + i * time_interval
numpy.core._exceptions._UFuncBinaryResolutionError: ufunc 'add' cannot use operands with types dtype('<M8[us]') and dtype('O')

2025-10-17 10:22:29-INFO-[tdms_reader_time.py:92]-使用通道起始时间: 2025-06-20T11:46:34.234615
2025-10-17 10:22:29-ERROR-[tdms_reader_time.py:141]-Traceback (most recent call last):
  File "C:\Users\17584\Documents\ALearning\Project\tools\DataProcess\src\data_io\tdms_reader_time.py", line 101, in process_tdms_file
    current_time = start_time + i * time_interval
numpy.core._exceptions._UFuncBinaryResolutionError: ufunc 'add' cannot use operands with types dtype('<M8[us]') and dtype('O')

2025-10-17 10:22:29-ERROR-[tdms_reader_time.py:139]-处理文件 20250620194635.587857.tdms 时出错: ufunc 'add' cannot use operands with types dtype('<M8[us]') and dtype('O')
2025-10-17 10:22:29-INFO-[tdms_reader_time.py:73]-处理文件: 20250620194638.548843.tdms, 数据长度: 200000, 通道数: 16
2025-10-17 10:22:29-INFO-[tdms_reader_time.py:82]-使用实际采样间隔: 5e-06 秒
2025-10-17 10:22:29-INFO-[tdms_reader_time.py:73]-处理文件: 20250620194644.379134.tdms, 数据长度: 200000, 通道数: 16
2025-10-17 10:22:29-ERROR-[tdms_reader_time.py:141]-Traceback (most recent call last):
  File "C:\Users\17584\Documents\ALearning\Project\tools\DataProcess\src\data_io\tdms_reader_time.py", line 101, in process_tdms_file
    current_time = start_time + i * time_interval
numpy.core._exceptions._UFuncBinaryResolutionError: ufunc 'add' cannot use operands with types dtype('<M8[us]') and dtype('O')

2025-10-17 10:22:29-INFO-[tdms_reader_time.py:82]-使用实际采样间隔: 5e-06 秒
2025-10-17 10:22:29-INFO-[tdms_reader_time.py:92]-使用通道起始时间: 2025-06-20T11:46:37.105886
2025-10-17 10:22:29-INFO-[tdms_reader_time.py:44]-开始处理文件: D:/Lab/raw/2025.6.20\back\20250620194650.211108.tdms
2025-10-17 10:22:29-ERROR-[tdms_reader_time.py:139]-处理文件 20250620194638.548843.tdms 时出错: ufunc 'add' cannot use operands with types dtype('<M8[us]') and dtype('O')
2025-10-17 10:22:29-INFO-[tdms_reader_time.py:82]-使用实际采样间隔: 5e-06 秒
2025-10-17 10:22:29-INFO-[tdms_reader_time.py:44]-开始处理文件: D:/Lab/raw/2025.6.20\back\20250620194653.136268.tdms
2025-10-17 10:22:29-ERROR-[tdms_reader_time.py:141]-Traceback (most recent call last):
  File "C:\Users\17584\Documents\ALearning\Project\tools\DataProcess\src\data_io\tdms_reader_time.py", line 101, in process_tdms_file
    current_time = start_time + i * time_interval
numpy.core._exceptions._UFuncBinaryResolutionError: ufunc 'add' cannot use operands with types dtype('<M8[us]') and dtype('O')

2025-10-17 10:22:29-INFO-[tdms_reader_time.py:92]-使用通道起始时间: 2025-06-20T11:46:43.008657
2025-10-17 10:22:29-ERROR-[tdms_reader_time.py:139]-处理文件 20250620194641.451865.tdms 时出错: ufunc 'add' cannot use operands with types dtype('<M8[us]') and dtype('O')
2025-10-17 10:22:29-ERROR-[tdms_reader_time.py:139]-处理文件 20250620194644.379134.tdms 时出错: ufunc 'add' cannot use operands with types dtype('<M8[us]') and dtype('O')
2025-10-17 10:22:29-INFO-[tdms_reader_time.py:44]-开始处理文件: D:/Lab/raw/2025.6.20\back\20250620194656.041305.tdms
2025-10-17 10:22:29-INFO-[tdms_reader_time.py:44]-开始处理文件: D:/Lab/raw/2025.6.20\back\20250620194702.006214.tdms
2025-10-17 10:22:29-INFO-[tdms_reader_time.py:44]-开始处理文件: D:/Lab/raw/2025.6.20\back\20250620194707.790523.tdms
arning\Project\tools\DataProcess\src\data_io\tdms_reader_time.py", line 101, in process_tdms_file
    current_time = start_time + i * time_interval
numpy.core._exceptions._UFuncBinaryResolutionError: ufunc 'add' cannot use operands with types dtype('<M8[us]') and dtype('O')

2025-10-17 10:22:29-INFO-[tdms_reader_time.py:44]-开始处理文件: D:/Lab/raw/2025.6.20\back\20250620194704.911499.tdms
2025-10-17 10:22:29-INFO-[tdms_reader_time.py:44]-开始处理文件: D:/Lab/raw/2025.6.20\back\20250620194659.052610.tdms
2025-10-17 10:22:29-ERROR-[tdms_reader_time.py:141]-Traceback (most recent call last):
  File "C:\Users\17584\Documents\ALearning\Project\tools\DataProcess\src\data_io\tdms_reader_time.py", line 101, in process_tdms_file
    current_time = start_time + i * time_interval
numpy.core._exceptions._UFuncBinaryResolutionError: ufunc 'add' cannot use operands with types dtype('<M8[us]') and dtype('O')

2025-10-17 10:22:29-INFO-[tdms_reader_time.py:44]-开始处理文件: D:/Lab/raw/2025.6.20\back\20250620194710.704633.tdms
2025-10-17 10:22:29-INFO-[tdms_reader_time.py:73]-处理文件: 20250620194647.302328.tdms, 数据长度: 200000, 通道数: 16
2025-10-17 10:22:29-INFO-[tdms_reader_time.py:82]-使用实际采样间隔: 5e-06 秒
2025-10-17 10:22:29-INFO-[tdms_reader_time.py:44]-开始处理文件: D:/Lab/raw/2025.6.20\back\20250620194716.530521.tdms
2025-10-17 10:22:29-INFO-[tdms_reader_time.py:92]-使用通道起始时间: 2025-06-20T11:46:45.938580
2025-10-17 10:22:29-INFO-[tdms_reader_time.py:44]-开始处理文件: D:/Lab/raw/2025.6.20\back\20250620194713.610034.tdms
2025-10-17 10:22:29-ERROR-[tdms_reader_time.py:139]-处理文件 20250620194647.302328.tdms 时出错: ufunc 'add' cannot use operands with types dtype('<M8[us]') and dtype('O')
2025-10-17 10:22:29-ERROR-[tdms_reader_time.py:141]-Traceback (most recent call last):
  File "C:\Users\17584\Documents\ALearning\Project\tools\DataProcess\src\data_io\tdms_reader_time.py", line 101, in process_tdms_file
    current_time = start_time + i * time_interval
numpy.core._exceptions._UFuncBinaryResolutionError: ufunc 'add' cannot use operands with types dtype('<M8[us]') and dtype('O')

2025-10-17 10:22:29-INFO-[tdms_reader_time.py:44]-开始处理文件: D:/Lab/raw/2025.6.20\back\20250620194719.443004.tdms
2025-10-17 10:22:29-INFO-[tdms_reader_time.py:73]-处理文件: 20250620194650.211108.tdms, 数据长度: 200000, 通道数: 16
2025-10-17 10:22:29-INFO-[tdms_reader_time.py:82]-使用实际采样间隔: 5e-06 秒
2025-10-17 10:22:29-INFO-[tdms_reader_time.py:92]-使用通道起始时间: 2025-06-20T11:46:48.832746
2025-10-17 10:22:29-INFO-[tdms_reader_time.py:73]-处理文件: 20250620194653.136268.tdms, 数据长度: 200000, 通道数: 16
rands with types dtype('<M8[us]') and dtype('O')
2025-10-17 10:22:29-ERROR-[tdms_reader_time.py:141]-Traceback (most recent call last):
  File "C:\Users\17584\Documents\ALearning\Project\tools\DataProcess\src\data_io\tdms_reader_time.py", line 101, in process_tdms_file
    current_time = start_time + i * time_interval
numpy.core._exceptions._UFuncBinaryResolutionError: ufunc 'add' cannot use operands with types dtype('<M8[us]') and dtype('O')

2025-10-17 10:22:29-INFO-[tdms_reader_time.py:82]-使用实际采样间隔: 5e-06 秒
2025-10-17 10:22:29-INFO-[tdms_reader_time.py:92]-使用通道起始时间: 2025-06-20T11:46:51.773563
2025-10-17 10:22:29-ERROR-[tdms_reader_time.py:139]-处理文件 20250620194653.136268.tdms 时出错: ufunc 'add' cannot use operands with types dtype('<M8[us]') and dtype('O')
2025-10-17 10:22:29-ERROR-[tdms_reader_time.py:141]-Traceback (most recent call last):
  File "C:\Users\17584\Documents\ALearning\Project\tools\DataProcess\src\data_io\tdms_reader_time.py", line 101, in process_tdms_file
    current_time = start_time + i * time_interval
numpy.core._exceptions._UFuncBinaryResolutionError: ufunc 'add' cannot use operands with types dtype('<M8[us]') and dtype('O')

2025-10-17 10:22:29-INFO-[tdms_reader_time.py:73]-处理文件: 20250620194656.041305.tdms, 数据长度: 200000, 通道数: 16
2025-10-17 10:22:29-INFO-[tdms_reader_time.py:73]-处理文件: 20250620194707.790523.tdms, 数据长度: 200000, 通道数: 16
2025-10-17 10:22:29-INFO-[tdms_reader_time.py:73]-处理文件: 20250620194702.006214.tdms, 数据长度: 200000, 通道数: 16
2025-10-17 10:22:29-INFO-[tdms_reader_time.py:82]-使用实际采样间隔: 5e-06 秒
2025-10-17 10:22:29-INFO-[tdms_reader_time.py:73]-处理文件: 20250620194704.911499.tdms, 数据长度: 200000, 通道数: 16
2025-10-17 10:22:29-INFO-[tdms_reader_time.py:92]-使用通道起始时间: 2025-06-20T11:47:00.643072
2025-10-17 10:22:29-INFO-[tdms_reader_time.py:44]-开始处理文件: D:/Lab/raw/2025.6.20\back\20250620194722.345550.tdms
2025-10-17 10:22:29-INFO-[tdms_reader_time.py:82]-使用实际采样间隔: 5e-06 秒
2025-10-17 10:22:29-INFO-[tdms_reader_time.py:73]-处理文件: 20250620194659.052610.tdms, 数据长度: 200000, 通道数: 16
2025-10-17 10:22:29-ERROR-[tdms_reader_time.py:139]-处理文件 20250620194702.006214.tdms 时出错: ufunc 'add' cannot use operands with types dtype('<M8[us]') and dtype('O')
2025-10-17 10:22:29-INFO-[tdms_reader_time.py:82]-使用实际采样间隔: 5e-06 秒
2025-10-17 10:22:29-INFO-[tdms_reader_time.py:82]-使用实际采样间隔: 5e-06 秒
2025-10-17 10:22:29-INFO-[tdms_reader_time.py:92]-使用通道起始时间: 2025-06-20T11:46:54.678582
2025-10-17 10:22:29-ERROR-[tdms_reader_time.py:141]-Traceback (most recent call last):
  File "C:\Users\17584\Documents\ALearning\Project\tools\DataProcess\src\data_io\tdms_reader_time.py", line 101, in process_tdms_file
    current_time = start_time + i * time_interval
numpy.core._exceptions._UFuncBinaryResolutionError: ufunc 'add' cannot use operands with types dtype('<M8[us]') and dtype('O')

2025-10-17 10:22:29-INFO-[tdms_reader_time.py:82]-使用实际采样间隔: 5e-06 秒
2025-10-17 10:22:29-INFO-[tdms_reader_time.py:92]-使用通道起始时间: 2025-06-20T11:47:06.423161
2025-10-17 10:22:29-ERROR-[tdms_reader_time.py:139]-处理文件 20250620194656.041305.tdms 时出错: ufunc 'add' cannot use operands with types dtype('<M8[us]') and dtype('O')
2025-10-17 10:22:29-INFO-[tdms_reader_time.py:92]-使用通道起始时间: 2025-06-20T11:47:03.537446
2025-10-17 10:22:29-INFO-[tdms_reader_time.py:92]-使用通道起始时间: 2025-06-20T11:46:57.675268
2025-10-17 10:22:29-ERROR-[tdms_reader_time.py:139]-处理文件 20250620194659.052610.tdms 时出错: ufunc 'add' cannot use operands with types dtype('<M8[us]') and dtype('O')
2025-10-17 10:22:29-ERROR-[tdms_reader_time.py:141]-Traceback (most recent call last):
  File "C:\Users\17584\Documents\ALearning\Project\tools\DataProcess\src\data_io\tdms_reader_time.py", line 101, in process_tdms_file
    current_time = start_time + i * time_interval
numpy.core._exceptions._UFuncBinaryResolutionError: ufunc 'add' cannot use operands with types dtype('<M8[us]') and dtype('O')

2025-10-17 10:22:29-ERROR-[tdms_reader_time.py:139]-处理文件 20250620194704.911499.tdms 时出错: ufunc 'add' cannot use operands with types dtype('<M8[us]') and dtype('O')
2025-10-17 10:22:29-INFO-[tdms_reader_time.py:44]-开始处理文件: D:/Lab/raw/2025.6.20\back\20250620194725.240403.tdms
2025-10-17 10:22:29-ERROR-[tdms_reader_time.py:139]-处理文件 20250620194707.790523.tdms 时出错: ufunc 'add' cannot use operands with types dtype('<M8[us]') and dtype('O')
2025-10-17 10:22:29-INFO-[tdms_reader_time.py:73]-处理文件: 20250620194710.704633.tdms, 数据长度: 200000, 通道数: 16
2025-10-17 10:22:29-ERROR-[tdms_reader_time.py:141]-Traceback (most recent call last):
  File "C:\Users\17584\Documents\ALearning\Project\tools\DataProcess\src\data_io\tdms_reader_time.py", line 101, in process_tdms_file
    current_time = start_time + i * time_interval
numpy.core._exceptions._UFuncBinaryResolutionError: ufunc 'add' cannot use operands with types dtype('<M8[us]') and dtype('O')

2025-10-17 10:22:29-INFO-[tdms_reader_time.py:73]-处理文件: 20250620194716.530521.tdms, 数据长度: 200000, 通道数: 16
2025-10-17 10:22:29-ERROR-[tdms_reader_time.py:141]-Traceback (most recent call last):
  File "C:\Users\17584\Documents\ALearning\Project\tools\DataProcess\src\data_io\tdms_reader_time.py", line 101, in process_tdms_file
    current_time = start_time + i * time_interval
numpy.core._exceptions._UFuncBinaryResolutionError: ufunc 'add' cannot use operands with types dtype('<M8[us]') and dtype('O')

2025-10-17 10:22:29-INFO-[tdms_reader_time.py:73]-处理文件: 20250620194713.610034.tdms, 数据长度: 200000, 通道数: 16
2025-10-17 10:22:29-INFO-[tdms_reader_time.py:82]-使用实际采样间隔: 5e-06 秒
2025-10-17 10:22:29-ERROR-[tdms_reader_time.py:141]-Traceback (most recent call last):
  File "C:\Users\17584\Documents\ALearning\Project\tools\DataProcess\src\data_io\tdms_reader_time.py", line 101, in process_tdms_file
    current_time = start_time + i * time_interval
numpy.core._exceptions._UFuncBinaryResolutionError: ufunc 'add' cannot use operands with types dtype('<M8[us]') and dtype('O')

2025-10-17 10:22:29-INFO-[tdms_reader_time.py:44]-开始处理文件: D:/Lab/raw/2025.6.20\back\20250620194728.134972.tdms
2025-10-17 10:22:29-INFO-[tdms_reader_time.py:92]-使用通道起始时间: 2025-06-20T11:47:09.329059
2025-10-17 10:22:29-INFO-[tdms_reader_time.py:82]-使用实际采样间隔: 5e-06 秒
2025-10-17 10:22:29-INFO-[tdms_reader_time.py:82]-使用实际采样间隔: 5e-06 秒
2025-10-17 10:22:29-ERROR-[tdms_reader_time.py:139]-处理文件 20250620194710.704633.tdms 时出错: ufunc 'add' cannot use operands with types dtype('<M8[us]') and dtype('O')
2025-10-17 10:22:29-INFO-[tdms_reader_time.py:92]-使用通道起始时间: 2025-06-20T11:47:15.174118
2025-10-17 10:22:29-INFO-[tdms_reader_time.py:92]-使用通道起始时间: 2025-06-20T11:47:12.251513
2025-10-17 10:22:29-ERROR-[tdms_reader_time.py:141]-Traceback (most recent call last):
  File "C:\Users\17584\Documents\ALearning\Project\tools\DataProcess\src\data_io\tdms_reader_time.py", line 101, in process_tdms_file
    current_time = start_time + i * time_interval
numpy.core._exceptions._UFuncBinaryResolutionError: ufunc 'add' cannot use operands with types dtype('<M8[us]') and dtype('O')

2025-10-17 10:22:29-ERROR-[tdms_reader_time.py:139]-处理文件 20250620194716.530521.tdms 时出错: ufunc 'add' cannot use operands with types dtype('<M8[us]') and dtype('O')
2025-10-17 10:22:29-INFO-[tdms_reader_time.py:44]-开始处理文件: D:/Lab/raw/2025.6.20\back\20250620194731.069696.tdms
2025-10-17 10:22:29-ERROR-[tdms_reader_time.py:141]-Traceback (most recent call last):
  File "C:\Users\17584\Documents\ALearning\Project\tools\DataProcess\src\data_io\tdms_reader_time.py", line 101, in process_tdms_file
    current_time = start_time + i * time_interval
numpy.core._exceptions._UFuncBinaryResolutionError: ufunc 'add' cannot use operands with types dtype('<M8[us]') and dtype('O')

2025-10-17 10:22:29-ERROR-[tdms_reader_time.py:141]-Traceback (most recent call last):
  File "C:\Users\17584\Documents\ALearning\Project\tools\DataProcess\src\data_io\tdms_reader_time.py", line 101, in process_tdms_file
    current_time = start_time + i * time_interval
numpy.core._exceptions._UFuncBinaryResolutionError: ufunc 'add' cannot use operands with types dtype('<M8[us]') and dtype('O')

2025-10-17 10:22:29-INFO-[tdms_reader_time.py:73]-处理文件: 20250620194719.443004.tdms, 数据长度: 200000, 通道数: 16
2025-10-17 10:22:29-INFO-[tdms_reader_time.py:82]-使用实际采样间隔: 5e-06 秒
2025-10-17 10:22:29-INFO-[tdms_reader_time.py:44]-开始处理文件: D:/Lab/raw/2025.6.20\backwatering\20250620193737.643558.tdms
2025-10-17 10:22:29-INFO-[tdms_reader_time.py:92]-使用通道起始时间: 2025-06-20T11:47:18.076321
2025-10-17 10:22:29-INFO-[tdms_reader_time.py:44]-开始处理文件: D:/Lab/raw/2025.6.20\back\20250620194734.001919.tdms
2025-10-17 10:22:29-INFO-[tdms_reader_time.py:44]-开始处理文件: D:/Lab/raw/2025.6.20\backwatering\20250620193740.545447.tdms
2025-10-17 10:22:29-ERROR-[tdms_reader_time.py:139]-处理文件 20250620194719.443004.tdms 时出错: ufunc 'add' cannot use operands with types dtype('<M8[us]') and dtype('O')
2025-10-17 10:22:29-INFO-[tdms_reader_time.py:44]-开始处理文件: D:/Lab/raw/2025.6.20\backwatering\20250620193749.270337.tdms
2025-10-17 10:22:29-ERROR-[tdms_reader_time.py:141]-Traceback (most recent call last):
  File "C:\Users\17584\Documents\ALearning\Project\tools\DataProcess\src\data_io\tdms_reader_time.py", line 101, in process_tdms_file
    current_time = start_time + i * time_interval
numpy.core._exceptions._UFuncBinaryResolutionError: ufunc 'add' cannot use operands with types dtype('<M8[us]') and dtype('O')

2025-10-17 10:22:29-INFO-[tdms_reader_time.py:44]-开始处理文件: D:/Lab/raw/2025.6.20\backwatering\20250620193743.417335.tdms
2025-10-17 10:22:29-INFO-[tdms_reader_time.py:44]-开始处理文件: D:/Lab/raw/2025.6.20\backwatering\20250620193746.344677.tdms
2025-10-17 10:22:29-INFO-[tdms_reader_time.py:73]-处理文件: 20250620194722.345550.tdms, 数据长度: 200000, 通道数: 16
2025-10-17 10:22:29-INFO-[tdms_reader_time.py:73]-处理文件: 20250620194725.240403.tdms, 数据长度: 200000, 通道数: 16
2025-10-17 10:22:29-INFO-[tdms_reader_time.py:82]-使用实际采样间隔: 5e-06 秒
2025-10-17 10:22:29-INFO-[tdms_reader_time.py:82]-使用实际采样间隔: 5e-06 秒
2025-10-17 10:22:29-INFO-[tdms_reader_time.py:73]-处理文件: 20250620194728.134972.tdms, 数据长度: 200000, 通道数: 16
2025-10-17 10:22:29-INFO-[tdms_reader_time.py:92]-使用通道起始时间: 2025-06-20T11:47:23.874696
2025-10-17 10:22:29-INFO-[tdms_reader_time.py:82]-使用实际采样间隔: 5e-06 秒
2025-10-17 10:22:29-INFO-[tdms_reader_time.py:44]-开始处理文件: D:/Lab/raw/2025.6.20\backwatering\20250620193752.182714.tdms
2025-10-17 10:22:29-INFO-[tdms_reader_time.py:92]-使用通道起始时间: 2025-06-20T11:47:20.977076
2025-10-17 10:22:29-ERROR-[tdms_reader_time.py:139]-处理文件 20250620194725.240403.tdms 时出错: ufunc 'add' cannot use operands with types dtype('<M8[us]') and dtype('O')
2025-10-17 10:22:29-ERROR-[tdms_reader_time.py:139]-处理文件 20250620194722.345550.tdms 时出错: ufunc 'add' cannot use operands with types dtype('<M8[us]') and dtype('O')
2025-10-17 10:22:29-ERROR-[tdms_reader_time.py:141]-Traceback (most recent call last):
  File "C:\Users\17584\Documents\ALearning\Project\tools\DataProcess\src\data_io\tdms_reader_time.py", line 101, in process_tdms_file
    current_time = start_time + i * time_interval
numpy.core._exceptions._UFuncBinaryResolutionError: ufunc 'add' cannot use operands with types dtype('<M8[us]') and dtype('O')

2025-10-17 10:22:29-INFO-[tdms_reader_time.py:92]-使用通道起始时间: 2025-06-20T11:47:26.764507
2025-10-17 10:22:29-ERROR-[tdms_reader_time.py:141]-Traceback (most recent call last):
  File "C:\Users\17584\Documents\ALearning\Project\tools\DataProcess\src\data_io\tdms_reader_time.py", line 101, in process_tdms_file
    current_time = start_time + i * time_interval
numpy.core._exceptions._UFuncBinaryResolutionError: ufunc 'add' cannot use operands with types dtype('<M8[us]') and dtype('O')

2025-10-17 10:22:29-INFO-[tdms_reader_time.py:73]-处理文件: 20250620194731.069696.tdms, 数据长度: 200000, 通道数: 16
2025-10-17 10:22:29-INFO-[tdms_reader_time.py:73]-处理文件: 20250620193737.643558.tdms, 数据长度: 200000, 通道数: 16
2025-10-17 10:22:29-ERROR-[tdms_reader_time.py:139]-处理文件 20250620194728.134972.tdms 时出错: ufunc 'add' cannot use operands with types dtype('<M8[us]') and dtype('O')
2025-10-17 10:22:29-INFO-[tdms_reader_time.py:82]-使用实际采样间隔: 5e-06 秒
2025-10-17 10:22:29-ERROR-[tdms_reader_time.py:141]-Traceback (most recent call last):
  File "C:\Users\17584\Documents\ALearning\Project\tools\DataProcess\src\data_io\tdms_reader_time.py", line 101, in process_tdms_file
    current_time = start_time + i * time_interval
numpy.core._exceptions._UFuncBinaryResolutionError: ufunc 'add' cannot use operands with types dtype('<M8[us]') and dtype('O')

2025-10-17 10:22:29-INFO-[tdms_reader_time.py:92]-使用通道起始时间: 2025-06-20T11:37:36.282100
2025-10-17 10:22:29-INFO-[tdms_reader_time.py:73]-处理文件: 20250620193740.545447.tdms, 数据长度: 200000, 通道数: 16
2025-10-17 10:22:29-INFO-[tdms_reader_time.py:44]-开始处理文件: D:/Lab/raw/2025.6.20\backwatering\20250620193757.946475.tdms
2025-10-17 10:22:29-INFO-[tdms_reader_time.py:44]-开始处理文件: D:/Lab/raw/2025.6.20\backwatering\20250620193755.071010.tdms
2025-10-17 10:22:29-INFO-[tdms_reader_time.py:73]-处理文件: 20250620193734.678390.tdms, 数据长度: 200000, 通道数: 16
2025-10-17 10:22:29-INFO-[tdms_reader_time.py:73]-处理文件: 20250620194734.001919.tdms, 数据长度: 200000, 通道数: 16
2025-10-17 10:22:29-INFO-[tdms_reader_time.py:82]-使用实际采样间隔: 5e-06 秒
2025-10-17 10:22:29-INFO-[tdms_reader_time.py:92]-使用通道起始时间: 2025-06-20T11:47:29.688513
2025-10-17 10:22:29-INFO-[tdms_reader_time.py:82]-使用实际采样间隔: 5e-06 秒
2025-10-17 10:22:29-INFO-[tdms_reader_time.py:82]-使用实际采样间隔: 5e-06 秒
2025-10-17 10:22:29-ERROR-[tdms_reader_time.py:139]-处理文件 20250620193737.643558.tdms 时出错: ufunc 'add' cannot use operands with types dtype('<M8[us]') and dtype('O')
2025-10-17 10:22:29-ERROR-[tdms_reader_time.py:139]-处理文件 20250620194731.069696.tdms 时出错: ufunc 'add' cannot use operands with types dtype('<M8[us]') and dtype('O')
2025-10-17 10:22:29-INFO-[tdms_reader_time.py:92]-使用通道起始时间: 2025-06-20T11:47:32.615933
2025-10-17 10:22:29-INFO-[tdms_reader_time.py:92]-使用通道起始时间: 2025-06-20T11:37:33.310871
2025-10-17 10:22:29-ERROR-[tdms_reader_time.py:141]-Traceback (most recent call last):
  File "C:\Users\17584\Documents\ALearning\Project\tools\DataProcess\src\data_io\tdms_reader_time.py", line 101, in process_tdms_file
    current_time = start_time + i * time_interval
numpy.core._exceptions._UFuncBinaryResolutionError: ufunc 'add' cannot use operands with types dtype('<M8[us]') and dtype('O')

2025-10-17 10:22:29-INFO-[tdms_reader_time.py:92]-使用通道起始时间: 2025-06-20T11:37:39.197313
: 200000, 通道数: 16
2025-10-17 10:22:29-ERROR-[tdms_reader_time.py:139]-处理文件 20250620193734.678390.tdms 时出错: ufunc 'add' cannot use operands with types dtype('<M8[us]') and dtype('O')
2025-10-17 10:22:29-ERROR-[tdms_reader_time.py:139]-处理文件 20250620194734.001919.tdms 时出错: ufunc 'add' cannot use operands with types dtype('<M8[us]') and dtype('O')
2025-10-17 10:22:29-INFO-[tdms_reader_time.py:44]-开始处理文件: D:/Lab/raw/2025.6.20\backwatering\20250620193800.664447.tdms
2025-10-17 10:22:29-INFO-[tdms_reader_time.py:82]-使用实际采样间隔: 5e-06 秒
2025-10-17 10:22:29-ERROR-[tdms_reader_time.py:141]-Traceback (most recent call last):
  File "C:\Users\17584\Documents\ALearning\Project\tools\DataProcess\src\data_io\tdms_reader_time.py", line 101, in process_tdms_file
    current_time = start_time + i * time_interval
numpy.core._exceptions._UFuncBinaryResolutionError: ufunc 'add' cannot use operands with types dtype('<M8[us]') and dtype('O')

2025-10-17 10:22:29-ERROR-[tdms_reader_time.py:141]-Traceback (most recent call last):
  File "C:\Users\17584\Documents\ALearning\Project\tools\DataProcess\src\data_io\tdms_reader_time.py", line 101, in process_tdms_file
    current_time = start_time + i * time_interval
numpy.core._exceptions._UFuncBinaryResolutionError: ufunc 'add' cannot use operands with types dtype('<M8[us]') and dtype('O')

2025-10-17 10:22:29-ERROR-[tdms_reader_time.py:139]-处理文件 20250620193740.545447.tdms 时出错: ufunc 'add' cannot use operands with types dtype('<M8[us]') and dtype('O')
2025-10-17 10:22:29-INFO-[tdms_reader_time.py:73]-处理文件: 20250620193743.417335.tdms, 数据长度: 200000, 通道数: 16
2025-10-17 10:22:29-ERROR-[tdms_reader_time.py:141]-Traceback (most recent call last):
  File "C:\Users\17584\Documents\ALearning\Project\tools\DataProcess\src\data_io\tdms_reader_time.py", line 101, in process_tdms_file
    current_time = start_time + i * time_interval
numpy.core._exceptions._UFuncBinaryResolutionError: ufunc 'add' cannot use operands with types dtype('<M8[us]') and dtype('O')

2025-10-17 10:22:29-INFO-[tdms_reader_time.py:92]-使用通道起始时间: 2025-06-20T11:37:47.911100
2025-10-17 10:22:29-INFO-[tdms_reader_time.py:44]-开始处理文件: D:/Lab/raw/2025.6.20\backwatering\20250620193803.575523.tdms
2025-10-17 10:22:29-INFO-[tdms_reader_time.py:82]-使用实际采样间隔: 5e-06 秒
2025-10-17 10:22:29-ERROR-[tdms_reader_time.py:141]-Traceback (most recent call last):
  File "C:\Users\17584\Documents\ALearning\Project\tools\DataProcess\src\data_io\tdms_reader_time.py", line 101, in process_tdms_file
    current_time = start_time + i * time_interval
numpy.core._exceptions._UFuncBinaryResolutionError: ufunc 'add' cannot use operands with types dtype('<M8[us]') and dtype('O')

2025-10-17 10:22:29-INFO-[tdms_reader_time.py:92]-使用通道起始时间: 2025-06-20T11:37:42.073734
2025-10-17 10:22:29-ERROR-[tdms_reader_time.py:139]-处理文件 20250620193749.270337.tdms 时出错: ufunc 'add' cannot use operands with types dtype('<M8[us]') and dtype('O')
2025-10-17 10:22:29-ERROR-[tdms_reader_time.py:139]-处理文件 20250620193743.417335.tdms 时出错: ufunc 'add' cannot use operands with types dtype('<M8[us]') and dtype('O')
2025-10-17 10:22:29-ERROR-[tdms_reader_time.py:141]-Traceback (most recent call last):
  File "C:\Users\17584\Documents\ALearning\Project\tools\DataProcess\src\data_io\tdms_reader_time.py", line 101, in process_tdms_file
    current_time = start_time + i * time_interval
numpy.core._exceptions._UFuncBinaryResolutionError: ufunc 'add' cannot use operands with types dtype('<M8[us]') and dtype('O')

2025-10-17 10:22:29-INFO-[tdms_reader_time.py:44]-开始处理文件: D:/Lab/raw/2025.6.20\backwatering\20250620193806.499762.tdms
2025-10-17 10:22:29-ERROR-[tdms_reader_time.py:141]-Traceback (most recent call last):
  File "C:\Users\17584\Documents\ALearning\Project\tools\DataProcess\src\data_io\tdms_reader_time.py", line 101, in process_tdms_file
    current_time = start_time + i * time_interval
numpy.core._exceptions._UFuncBinaryResolutionError: ufunc 'add' cannot use operands with types dtype('<M8[us]') and dtype('O')

2025-10-17 10:22:29-INFO-[tdms_reader_time.py:73]-处理文件: 20250620193752.182714.tdms, 数据长度: 200000, 通道数: 16
2025-10-17 10:22:29-INFO-[tdms_reader_time.py:44]-开始处理文件: D:/Lab/raw/2025.6.20\backwatering\20250620193812.362895.tdms
2025-10-17 10:22:29-INFO-[tdms_reader_time.py:73]-处理文件: 20250620193746.344677.tdms, 数据长度: 200000, 通道数: 16
2025-10-17 10:22:29-INFO-[tdms_reader_time.py:44]-开始处理文件: D:/Lab/raw/2025.6.20\backwatering\20250620193818.229423.tdms
2025-10-17 10:22:29-INFO-[tdms_reader_time.py:44]-开始处理文件: D:/Lab/raw/2025.6.20\backwatering\20250620193809.385131.tdms
2025-10-17 10:22:29-INFO-[tdms_reader_time.py:82]-使用实际采样间隔: 5e-06 秒
2025-10-17 10:22:29-INFO-[tdms_reader_time.py:44]-开始处理文件: D:/Lab/raw/2025.6.20\backwatering\20250620193815.303531.tdms
2025-10-17 10:22:29-INFO-[tdms_reader_time.py:82]-使用实际采样间隔: 5e-06 秒
2025-10-17 10:22:29-INFO-[tdms_reader_time.py:92]-使用通道起始时间: 2025-06-20T11:37:50.841629
2025-10-17 10:22:29-INFO-[tdms_reader_time.py:44]-开始处理文件: D:/Lab/raw/2025.6.20\backwatering\20250620193821.140393.tdms
2025-10-17 10:22:29-ERROR-[tdms_reader_time.py:139]-处理文件 20250620193752.182714.tdms 时出错: ufunc 'add' cannot use operands with types dtype('<M8[us]') and dtype('O')
2025-10-17 10:22:29-INFO-[tdms_reader_time.py:73]-处理文件: 20250620193755.071010.tdms, 数据长度: 200000, 通道数: 16
2025-10-17 10:22:29-INFO-[tdms_reader_time.py:92]-使用通道起始时间: 2025-06-20T11:37:45.000532
2025-10-17 10:22:29-ERROR-[tdms_reader_time.py:141]-Traceback (most recent call last):
  File "C:\Users\17584\Documents\ALearning\Project\tools\DataProcess\src\data_io\tdms_reader_time.py", line 101, in process_tdms_file
    current_time = start_time + i * time_interval
numpy.core._exceptions._UFuncBinaryResolutionError: ufunc 'add' cannot use operands with types dtype('<M8[us]') and dtype('O')

2025-10-17 10:22:29-INFO-[tdms_reader_time.py:44]-开始处理文件: D:/Lab/raw/2025.6.20\backwatering\20250620193827.003131.tdms
2025-10-17 10:22:29-INFO-[tdms_reader_time.py:44]-开始处理文件: D:/Lab/raw/2025.6.20\backwatering\20250620193824.039435.tdms
2025-10-17 10:22:29-ERROR-[tdms_reader_time.py:139]-处理文件 20250620193746.344677.tdms 时出错: ufunc 'add' cannot use operands with types dtype('<M8[us]') and dtype('O')
2025-10-17 10:22:29-INFO-[tdms_reader_time.py:82]-使用实际采样间隔: 5e-06 秒
2025-10-17 10:22:29-INFO-[tdms_reader_time.py:92]-使用通道起始时间: 2025-06-20T11:37:53.721585
2025-10-17 10:22:29-ERROR-[tdms_reader_time.py:141]-Traceback (most recent call last):
  File "C:\Users\17584\Documents\ALearning\Project\tools\DataProcess\src\data_io\tdms_reader_time.py", line 101, in process_tdms_file
    current_time = start_time + i * time_interval
numpy.core._exceptions._UFuncBinaryResolutionError: ufunc 'add' cannot use operands with types dtype('<M8[us]') and dtype('O')

2025-10-17 10:22:29-INFO-[tdms_reader_time.py:73]-处理文件: 20250620193757.946475.tdms, 数据长度: 200000, 通道数: 16
2025-10-17 10:22:29-ERROR-[tdms_reader_time.py:139]-处理文件 20250620193755.071010.tdms 时出错: ufunc 'add' cannot use operands with types dtype('<M8[us]') and dtype('O')
2025-10-17 10:22:29-INFO-[tdms_reader_time.py:82]-使用实际采样间隔: 5e-06 秒
2025-10-17 10:22:29-ERROR-[tdms_reader_time.py:141]-Traceback (most recent call last):
  File "C:\Users\17584\Documents\ALearning\Project\tools\DataProcess\src\data_io\tdms_reader_time.py", line 101, in process_tdms_file
    current_time = start_time + i * time_interval
numpy.core._exceptions._UFuncBinaryResolutionError: ufunc 'add' cannot use operands with types dtype('<M8[us]') and dtype('O')

2025-10-17 10:22:29-INFO-[tdms_reader_time.py:44]-开始处理文件: D:/Lab/raw/2025.6.20\backwatering\20250620193829.938352.tdms
2025-10-17 10:22:29-INFO-[tdms_reader_time.py:92]-使用通道起始时间: 2025-06-20T11:37:56.606508
2025-10-17 10:22:29-INFO-[tdms_reader_time.py:73]-处理文件: 20250620193800.664447.tdms, 数据长度: 200000, 通道数: 16
2025-10-17 10:22:29-INFO-[tdms_reader_time.py:73]-处理文件: 20250620193803.575523.tdms, 数据长度: 200000, 通道数: 16
2025-10-17 10:22:29-ERROR-[tdms_reader_time.py:139]-处理文件 20250620193757.946475.tdms 时出错: ufunc 'add' cannot use operands with types dtype('<M8[us]') and dtype('O')
2025-10-17 10:22:29-INFO-[tdms_reader_time.py:82]-使用实际采样间隔: 5e-06 秒
2025-10-17 10:22:29-INFO-[tdms_reader_time.py:82]-使用实际采样间隔: 5e-06 秒
2025-10-17 10:22:29-INFO-[tdms_reader_time.py:92]-使用通道起始时间: 2025-06-20T11:37:59.511104
2025-10-17 10:22:29-ERROR-[tdms_reader_time.py:141]-Traceback (most recent call last):
  File "C:\Users\17584\Documents\ALearning\Project\tools\DataProcess\src\data_io\tdms_reader_time.py", line 101, in process_tdms_file
    current_time = start_time + i * time_interval
numpy.core._exceptions._UFuncBinaryResolutionError: ufunc 'add' cannot use operands with types dtype('<M8[us]') and dtype('O')

2025-10-17 10:22:29-ERROR-[tdms_reader_time.py:139]-处理文件 20250620193800.664447.tdms 时出错: ufunc 'add' cannot use operands with types dtype('<M8[us]') and dtype('O')
2025-10-17 10:22:29-INFO-[tdms_reader_time.py:44]-开始处理文件: D:/Lab/raw/2025.6.20\backwatering\20250620193832.870292.tdms
2025-10-17 10:22:29-INFO-[tdms_reader_time.py:92]-使用通道起始时间: 2025-06-20T11:38:02.230885
2025-10-17 10:22:29-ERROR-[tdms_reader_time.py:139]-处理文件 20250620193803.575523.tdms 时出错: ufunc 'add' cannot use operands with types dtype('<M8[us]') and dtype('O')
2025-10-17 10:22:29-INFO-[tdms_reader_time.py:44]-开始处理文件: D:/Lab/raw/2025.6.20\backwatering\20250620193835.769193.tdms
2025-10-17 10:22:29-ERROR-[tdms_reader_time.py:141]-Traceback (most recent call last):
  File "C:\Users\17584\Documents\ALearning\Project\tools\DataProcess\src\data_io\tdms_reader_time.py", line 101, in process_tdms_file
    current_time = start_time + i * time_interval
numpy.core._exceptions._UFuncBinaryResolutionError: ufunc 'add' cannot use operands with types dtype('<M8[us]') and dtype('O')

2025-10-17 10:22:29-ERROR-[tdms_reader_time.py:141]-Traceback (most recent call last):
  File "C:\Users\17584\Documents\ALearning\Project\tools\DataProcess\src\data_io\tdms_reader_time.py", line 101, in process_tdms_file
    current_time = start_time + i * time_interval
numpy.core._exceptions._UFuncBinaryResolutionError: ufunc 'add' cannot use operands with types dtype('<M8[us]') and dtype('O')

2025-10-17 10:22:29-INFO-[tdms_reader_time.py:73]-处理文件: 20250620193806.499762.tdms, 数据长度: 200000, 通道数: 16
2025-10-17 10:22:29-INFO-[tdms_reader_time.py:82]-使用实际采样间隔: 5e-06 秒
2025-10-17 10:22:29-INFO-[tdms_reader_time.py:44]-开始处理文件: D:/Lab/raw/2025.6.20\backwatering\20250620193841.584246.tdms
2025-10-17 10:22:29-INFO-[tdms_reader_time.py:92]-使用通道起始时间: 2025-06-20T11:38:05.144131
2025-10-17 10:22:29-INFO-[tdms_reader_time.py:44]-开始处理文件: D:/Lab/raw/2025.6.20\backwatering\20250620193838.664452.tdms
2025-10-17 10:22:29-ERROR-[tdms_reader_time.py:139]-处理文件 20250620193806.499762.tdms 时出错: ufunc 'add' cannot use operands with types dtype('<M8[us]') and dtype('O')
2025-10-17 10:22:29-ERROR-[tdms_reader_time.py:141]-Traceback (most recent call last):
  File "C:\Users\17584\Documents\ALearning\Project\tools\DataProcess\src\data_io\tdms_reader_time.py", line 101, in process_tdms_file
    current_time = start_time + i * time_interval
numpy.core._exceptions._UFuncBinaryResolutionError: ufunc 'add' cannot use operands with types dtype('<M8[us]') and dtype('O')

2025-10-17 10:22:29-INFO-[tdms_reader_time.py:73]-处理文件: 20250620193818.229423.tdms, 数据长度: 200000, 通道数: 16
2025-10-17 10:22:29-INFO-[tdms_reader_time.py:44]-开始处理文件: D:/Lab/raw/2025.6.20\backwatering\20250620193844.533171.tdms
2025-10-17 10:22:29-INFO-[tdms_reader_time.py:73]-处理文件: 20250620193815.303531.tdms, 数据长度: 200000, 通道数: 16
2025-10-17 10:22:29-INFO-[tdms_reader_time.py:82]-使用实际采样间隔: 5e-06 秒
2025-10-17 10:22:29-INFO-[tdms_reader_time.py:73]-处理文件: 20250620193812.362895.tdms, 数据长度: 200000, 通道数: 16
2025-10-17 10:22:29-INFO-[tdms_reader_time.py:82]-使用实际采样间隔: 5e-06 秒
2025-10-17 10:22:29-INFO-[tdms_reader_time.py:92]-使用通道起始时间: 2025-06-20T11:38:16.880841
2025-10-17 10:22:29-INFO-[tdms_reader_time.py:82]-使用实际采样间隔: 5e-06 秒
2025-10-17 10:22:29-INFO-[tdms_reader_time.py:92]-使用通道起始时间: 2025-06-20T11:38:13.957041
2025-10-17 10:22:29-ERROR-[tdms_reader_time.py:139]-处理文件 20250620193818.229423.tdms 时出错: ufunc 'add' cannot use operands with types dtype('<M8[us]') and dtype('O')
2025-10-17 10:22:29-INFO-[tdms_reader_time.py:92]-使用通道起始时间: 2025-06-20T11:38:10.988239
2025-10-17 10:22:29-INFO-[tdms_reader_time.py:73]-处理文件: 20250620193821.140393.tdms, 数据长度: 200000, 通道数: 16
2025-10-17 10:22:29-ERROR-[tdms_reader_time.py:139]-处理文件 20250620193815.303531.tdms 时出错: ufunc 'add' cannot use operands with types dtype('<M8[us]') and dtype('O')
2025-10-17 10:22:29-ERROR-[tdms_reader_time.py:141]-Traceback (most recent call last):
  File "C:\Users\17584\Documents\ALearning\Project\tools\DataProcess\src\data_io\tdms_reader_time.py", line 101, in process_tdms_file
    current_time = start_time + i * time_interval
numpy.core._exceptions._UFuncBinaryResolutionError: ufunc 'add' cannot use operands with types dtype('<M8[us]') and dtype('O')

2025-10-17 10:22:29-INFO-[tdms_reader_time.py:73]-处理文件: 20250620193809.385131.tdms, 数据长度: 200000, 通道数: 16
2025-10-17 10:22:29-INFO-[tdms_reader_time.py:73]-处理文件: 20250620193827.003131.tdms, 数据长度: 200000, 通道数: 16
2025-10-17 10:22:29-INFO-[tdms_reader_time.py:82]-使用实际采样间隔: 5e-06 秒
2025-10-17 10:22:29-INFO-[tdms_reader_time.py:82]-使用实际采样间隔: 5e-06 秒
2025-10-17 10:22:29-ERROR-[tdms_reader_time.py:139]-处理文件 20250620193812.362895.tdms 时出错: ufunc 'add' cannot use operands with types dtype('<M8[us]') and dtype('O')
2025-10-17 10:22:29-ERROR-[tdms_reader_time.py:141]-Traceback (most recent call last):
  File "C:\Users\17584\Documents\ALearning\Project\tools\DataProcess\src\data_io\tdms_reader_time.py", line 101, in process_tdms_file
    current_time = start_time + i * time_interval
numpy.core._exceptions._UFuncBinaryResolutionError: ufunc 'add' cannot use operands with types dtype('<M8[us]') and dtype('O')

2025-10-17 10:22:29-INFO-[tdms_reader_time.py:92]-使用通道起始时间: 2025-06-20T11:38:08.041198
2025-10-17 10:22:29-INFO-[tdms_reader_time.py:82]-使用实际采样间隔: 5e-06 秒
2025-10-17 10:22:29-INFO-[tdms_reader_time.py:92]-使用通道起始时间: 2025-06-20T11:38:19.785103
2025-10-17 10:22:29-INFO-[tdms_reader_time.py:92]-使用通道起始时间: 2025-06-20T11:38:25.634736
2025-10-17 10:22:29-ERROR-[tdms_reader_time.py:139]-处理文件 20250620193809.385131.tdms 时出错: ufunc 'add' cannot use operands with types dtype('<M8[us]') and dtype('O')
2025-10-17 10:22:29-INFO-[tdms_reader_time.py:73]-处理文件: 20250620193824.039435.tdms, 数据长度: 200000, 通道数: 16
2025-10-17 10:22:29-ERROR-[tdms_reader_time.py:141]-Traceback (most recent call last):
  File "C:\Users\17584\Documents\ALearning\Project\tools\DataProcess\src\data_io\tdms_reader_time.py", line 101, in process_tdms_file
    current_time = start_time + i * time_interval
numpy.core._exceptions._UFuncBinaryResolutionError: ufunc 'add' cannot use operands with types dtype('<M8[us]') and dtype('O')

2025-10-17 10:22:29-ERROR-[tdms_reader_time.py:139]-处理文件 20250620193827.003131.tdms 时出错: ufunc 'add' cannot use operands with types dtype('<M8[us]') and dtype('O')
2025-10-17 10:22:29-ERROR-[tdms_reader_time.py:141]-Traceback (most recent call last):
  File "C:\Users\17584\Documents\ALearning\Project\tools\DataProcess\src\data_io\tdms_reader_time.py", line 101, in process_tdms_file
    current_time = start_time + i * time_interval
numpy.core._exceptions._UFuncBinaryResolutionError: ufunc 'add' cannot use operands with types dtype('<M8[us]') and dtype('O')

2025-10-17 10:22:29-INFO-[tdms_reader_time.py:44]-开始处理文件: D:/Lab/raw/2025.6.20\backwatering\20250620193847.466852.tdms
2025-10-17 10:22:29-ERROR-[tdms_reader_time.py:139]-处理文件 20250620193821.140393.tdms 时出错: ufunc 'add' cannot use operands with types dtype('<M8[us]') and dtype('O')
2025-10-17 10:22:29-INFO-[tdms_reader_time.py:82]-使用实际采样间隔: 5e-06 秒
2025-10-17 10:22:29-ERROR-[tdms_reader_time.py:141]-Traceback (most recent call last):
  File "C:\Users\17584\Documents\ALearning\Project\tools\DataProcess\src\data_io\tdms_reader_time.py", line 101, in process_tdms_file
    current_time = start_time + i * time_interval
numpy.core._exceptions._UFuncBinaryResolutionError: ufunc 'add' cannot use operands with types dtype('<M8[us]') and dtype('O')

2025-10-17 10:22:29-INFO-[tdms_reader_time.py:44]-开始处理文件: D:/Lab/raw/2025.6.20\backwatering\20250620193850.400394.tdms
2025-10-17 10:22:29-INFO-[tdms_reader_time.py:92]-使用通道起始时间: 2025-06-20T11:38:22.699460
2025-10-17 10:22:29-ERROR-[tdms_reader_time.py:141]-Traceback (most recent call last):
  File "C:\Users\17584\Documents\ALearning\Project\tools\DataProcess\src\data_io\tdms_reader_time.py", line 101, in process_tdms_file
    current_time = start_time + i * time_interval
numpy.core._exceptions._UFuncBinaryResolutionError: ufunc 'add' cannot use operands with types dtype('<M8[us]') and dtype('O')

2025-10-17 10:22:29-ERROR-[tdms_reader_time.py:139]-处理文件 20250620193824.039435.tdms 时出错: ufunc 'add' cannot use operands with types dtype('<M8[us]') and dtype('O')
2025-10-17 10:22:29-INFO-[tdms_reader_time.py:44]-开始处理文件: D:/Lab/raw/2025.6.20\backwatering\20250620193853.345024.tdms
2025-10-17 10:22:29-INFO-[tdms_reader_time.py:44]-开始处理文件: D:/Lab/raw/2025.6.20\backwatering\20250620193856.225711.tdms
2025-10-17 10:22:29-ERROR-[tdms_reader_time.py:141]-Traceback (most recent call last):
  File "C:\Users\17584\Documents\ALearning\Project\tools\DataProcess\src\data_io\tdms_reader_time.py", line 101, in process_tdms_file
    current_time = start_time + i * time_interval
numpy.core._exceptions._UFuncBinaryResolutionError: ufunc 'add' cannot use operands with types dtype('<M8[us]') and dtype('O')

2025-10-17 10:22:29-INFO-[tdms_reader_time.py:73]-处理文件: 20250620193829.938352.tdms, 数据长度: 200000, 通道数: 16
2025-10-17 10:22:29-INFO-[tdms_reader_time.py:73]-处理文件: 20250620193835.769193.tdms, 数据长度: 200000, 通道数: 16
2025-10-17 10:22:29-INFO-[tdms_reader_time.py:44]-开始处理文件: D:/Lab/raw/2025.6.20\backwatering\20250620193859.168055.tdms
2025-10-17 10:22:29-INFO-[tdms_reader_time.py:82]-使用实际采样间隔: 5e-06 秒
2025-10-17 10:22:29-INFO-[tdms_reader_time.py:82]-使用实际采样间隔: 5e-06 秒
2025-10-17 10:22:29-INFO-[tdms_reader_time.py:92]-使用通道起始时间: 2025-06-20T11:38:28.593468
2025-10-17 10:22:29-INFO-[tdms_reader_time.py:44]-开始处理文件: D:/Lab/raw/2025.6.20\backwatering\20250620193902.126579.tdms
2025-10-17 10:22:29-INFO-[tdms_reader_time.py:44]-开始处理文件: D:/Lab/raw/2025.6.20\backwatering\20250620193905.056522.tdms
2025-10-17 10:22:29-INFO-[tdms_reader_time.py:73]-处理文件: 20250620193841.584246.tdms, 数据长度: 200000, 通道数: 16
2025-10-17 10:22:29-INFO-[tdms_reader_time.py:73]-处理文件: 20250620193832.870292.tdms, 数据长度: 200000, 通道数: 16
2025-10-17 10:22:29-INFO-[tdms_reader_time.py:44]-开始处理文件: D:/Lab/raw/2025.6.20\backwatering\20250620193907.982947.tdms
2025-10-17 10:22:29-ERROR-[tdms_reader_time.py:139]-处理文件 20250620193829.938352.tdms 时出错: ufunc 'add' cannot use operands with types dtype('<M8[us]') and dtype('O')
2025-10-17 10:22:29-INFO-[tdms_reader_time.py:82]-使用实际采样间隔: 5e-06 秒
2025-10-17 10:22:29-INFO-[tdms_reader_time.py:82]-使用实际采样间隔: 5e-06 秒
2025-10-17 10:22:29-ERROR-[tdms_reader_time.py:141]-Traceback (most recent call last):
  File "C:\Users\17584\Documents\ALearning\Project\tools\DataProcess\src\data_io\tdms_reader_time.py", line 101, in process_tdms_file
    current_time = start_time + i * time_interval
numpy.core._exceptions._UFuncBinaryResolutionError: ufunc 'add' cannot use operands with types dtype('<M8[us]') and dtype('O')

2025-10-17 10:22:29-ERROR-[tdms_reader_time.py:139]-处理文件 20250620193835.769193.tdms 时出错: ufunc 'add' cannot use operands with types dtype('<M8[us]') and dtype('O')
2025-10-17 10:22:29-INFO-[tdms_reader_time.py:44]-开始处理文件: D:/Lab/raw/2025.6.20\backwatering\20250620193910.873333.tdms
2025-10-17 10:22:29-INFO-[tdms_reader_time.py:44]-开始处理文件: D:/Lab/raw/2025.6.20\backwatering\20250620193913.800929.tdms
2025-10-17 10:22:29-INFO-[tdms_reader_time.py:92]-使用通道起始时间: 2025-06-20T11:38:31.515718
2025-10-17 10:22:29-INFO-[tdms_reader_time.py:92]-使用通道起始时间: 2025-06-20T11:38:40.241678
2025-10-17 10:22:29-ERROR-[tdms_reader_time.py:141]-Traceback (most recent call last):
  File "C:\Users\17584\Documents\ALearning\Project\tools\DataProcess\src\data_io\tdms_reader_time.py", line 101, in process_tdms_file
    current_time = start_time + i * time_interval
numpy.core._exceptions._UFuncBinaryResolutionError: ufunc 'add' cannot use operands with types dtype('<M8[us]') and dtype('O')

2025-10-17 10:22:29-INFO-[tdms_reader_time.py:44]-开始处理文件: D:/Lab/raw/2025.6.20\backwatering\20250620193916.714522.tdms
2025-10-17 10:22:29-ERROR-[tdms_reader_time.py:139]-处理文件 20250620193832.870292.tdms 时出错: ufunc 'add' cannot use operands with types dtype('<M8[us]') and dtype('O')
2025-10-17 10:22:29-INFO-[tdms_reader_time.py:73]-处理文件: 20250620193844.533171.tdms, 数据长度: 200000, 通道数: 16
2025-10-17 10:22:29-INFO-[tdms_reader_time.py:73]-处理文件: 20250620193838.664452.tdms, 数据长度: 200000, 通道数: 16
2025-10-17 10:22:29-ERROR-[tdms_reader_time.py:139]-处理文件 20250620193841.584246.tdms 时出错: ufunc 'add' cannot use operands with types dtype('<M8[us]') and dtype('O')
2025-10-17 10:22:29-ERROR-[tdms_reader_time.py:141]-Traceback (most recent call last):
  File "C:\Users\17584\Documents\ALearning\Project\tools\DataProcess\src\data_io\tdms_reader_time.py", line 101, in process_tdms_file
    current_time = start_time + i * time_interval
numpy.core._exceptions._UFuncBinaryResolutionError: ufunc 'add' cannot use operands with types dtype('<M8[us]') and dtype('O')

2025-10-17 10:22:29-ERROR-[tdms_reader_time.py:141]-Traceback (most recent call last):
  File "C:\Users\17584\Documents\ALearning\Project\tools\DataProcess\src\data_io\tdms_reader_time.py", line 101, in process_tdms_file
    current_time = start_time + i * time_interval
numpy.core._exceptions._UFuncBinaryResolutionError: ufunc 'add' cannot use operands with types dtype('<M8[us]') and dtype('O')

2025-10-17 10:22:29-INFO-[tdms_reader_time.py:44]-开始处理文件: D:/Lab/raw/2025.6.20\backwatering\20250620193919.648442.tdms
2025-10-17 10:22:29-INFO-[tdms_reader_time.py:82]-使用实际采样间隔: 5e-06 秒
2025-10-17 10:22:29-INFO-[tdms_reader_time.py:82]-使用实际采样间隔: 5e-06 秒
2025-10-17 10:22:29-INFO-[tdms_reader_time.py:44]-开始处理文件: D:/Lab/raw/2025.6.20\backwatering\20250620193922.601949.tdms
2025-10-17 10:22:29-INFO-[tdms_reader_time.py:92]-使用通道起始时间: 2025-06-20T11:38:37.321938
2025-10-17 10:22:29-INFO-[tdms_reader_time.py:44]-开始处理文件: D:/Lab/raw/2025.6.20\backwatering\20250620193925.583770.tdms
2025-10-17 10:22:29-INFO-[tdms_reader_time.py:92]-使用通道起始时间: 2025-06-20T11:38:43.186289
2025-10-17 10:22:29-INFO-[tdms_reader_time.py:73]-处理文件: 20250620193847.466852.tdms, 数据长度: 200000, 通道数: 16
2025-10-17 10:22:29-INFO-[tdms_reader_time.py:44]-开始处理文件: D:/Lab/raw/2025.6.20\backwatering\20250620193928.513572.tdms
2025-10-17 10:22:29-ERROR-[tdms_reader_time.py:139]-处理文件 20250620193838.664452.tdms 时出错: ufunc 'add' cannot use operands with types dtype('<M8[us]') and dtype('O')
2025-10-17 10:22:29-INFO-[tdms_reader_time.py:44]-开始处理文件: D:/Lab/raw/2025.6.20\backwatering\20250620193931.418785.tdms
2025-10-17 10:22:29-ERROR-[tdms_reader_time.py:139]-处理文件 20250620193844.533171.tdms 时出错: ufunc 'add' cannot use operands with types dtype('<M8[us]') and dtype('O')
2025-10-17 10:22:29-INFO-[tdms_reader_time.py:82]-使用实际采样间隔: 5e-06 秒
2025-10-17 10:22:29-INFO-[tdms_reader_time.py:92]-使用通道起始时间: 2025-06-20T11:38:46.122953
2025-10-17 10:22:29-ERROR-[tdms_reader_time.py:141]-Traceback (most recent call last):
  File "C:\Users\17584\Documents\ALearning\Project\tools\DataProcess\src\data_io\tdms_reader_time.py", line 101, in process_tdms_file
    current_time = start_time + i * time_interval
numpy.core._exceptions._UFuncBinaryResolutionError: ufunc 'add' cannot use operands with types dtype('<M8[us]') and dtype('O')

2025-10-17 10:22:29-ERROR-[tdms_reader_time.py:141]-Traceback (most recent call last):
  File "C:\Users\17584\Documents\ALearning\Project\tools\DataProcess\src\data_io\tdms_reader_time.py", line 101, in process_tdms_file
    current_time = start_time + i * time_interval
numpy.core._exceptions._UFuncBinaryResolutionError: ufunc 'add' cannot use operands with types dtype('<M8[us]') and dtype('O')

2025-10-17 10:22:29-ERROR-[tdms_reader_time.py:139]-处理文件 20250620193847.466852.tdms 时出错: ufunc 'add' cannot use operands with types dtype('<M8[us]') and dtype('O')
2025-10-17 10:22:29-ERROR-[tdms_reader_time.py:141]-Traceback (most recent call last):
  File "C:\Users\17584\Documents\ALearning\Project\tools\DataProcess\src\data_io\tdms_reader_time.py", line 101, in process_tdms_file
    current_time = start_time + i * time_interval
numpy.core._exceptions._UFuncBinaryResolutionError: ufunc 'add' cannot use operands with types dtype('<M8[us]') and dtype('O')

2025-10-17 10:22:29-INFO-[tdms_reader_time.py:44]-开始处理文件: D:/Lab/raw/2025.6.20\backwatering\20250620194609.324848.tdms
2025-10-17 10:22:29-INFO-[tdms_reader_time.py:73]-处理文件: 20250620193853.345024.tdms, 数据长度: 200000, 通道数: 16
2025-10-17 10:22:29-INFO-[tdms_reader_time.py:44]-开始处理文件: D:/Lab/raw/2025.6.20\stopdirtyback\20250620203652.803200.tdms
2025-10-17 10:22:29-INFO-[tdms_reader_time.py:82]-使用实际采样间隔: 5e-06 秒
2025-10-17 10:22:29-INFO-[tdms_reader_time.py:92]-使用通道起始时间: 2025-06-20T11:38:51.982937
2025-10-17 10:22:29-INFO-[tdms_reader_time.py:73]-处理文件: 20250620193850.400394.tdms, 数据长度: 200000, 通道数: 16
2025-10-17 10:22:29-ERROR-[tdms_reader_time.py:139]-处理文件 20250620193853.345024.tdms 时出错: ufunc 'add' cannot use operands with types dtype('<M8[us]') and dtype('O')
2025-10-17 10:22:29-INFO-[tdms_reader_time.py:82]-使用实际采样间隔: 5e-06 秒
2025-10-17 10:22:29-INFO-[tdms_reader_time.py:92]-使用通道起始时间: 2025-06-20T11:38:49.058031
2025-10-17 10:22:29-ERROR-[tdms_reader_time.py:141]-Traceback (most recent call last):
  File "C:\Users\17584\Documents\ALearning\Project\tools\DataProcess\src\data_io\tdms_reader_time.py", line 101, in process_tdms_file
    current_time = start_time + i * time_interval
numpy.core._exceptions._UFuncBinaryResolutionError: ufunc 'add' cannot use operands with types dtype('<M8[us]') and dtype('O')

2025-10-17 10:22:29-INFO-[tdms_reader_time.py:73]-处理文件: 20250620193856.225711.tdms, 数据长度: 200000, 通道数: 16
2025-10-17 10:22:29-INFO-[tdms_reader_time.py:44]-开始处理文件: D:/Lab/raw/2025.6.20\stopdirtyback\20250620203655.750625.tdms
2025-10-17 10:22:29-ERROR-[tdms_reader_time.py:139]-处理文件 20250620193850.400394.tdms 时出错: ufunc 'add' cannot use operands with types dtype('<M8[us]') and dtype('O')
2025-10-17 10:22:29-INFO-[tdms_reader_time.py:82]-使用实际采样间隔: 5e-06 秒
2025-10-17 10:22:29-ERROR-[tdms_reader_time.py:141]-Traceback (most recent call last):
  File "C:\Users\17584\Documents\ALearning\Project\tools\DataProcess\src\data_io\tdms_reader_time.py", line 101, in process_tdms_file
    current_time = start_time + i * time_interval
numpy.core._exceptions._UFuncBinaryResolutionError: ufunc 'add' cannot use operands with types dtype('<M8[us]') and dtype('O')

2025-10-17 10:22:29-INFO-[tdms_reader_time.py:73]-处理文件: 20250620193859.168055.tdms, 数据长度: 200000, 通道数: 16
2025-10-17 10:22:29-INFO-[tdms_reader_time.py:73]-处理文件: 20250620193902.126579.tdms, 数据长度: 200000, 通道数: 16
2025-10-17 10:22:29-INFO-[tdms_reader_time.py:73]-处理文件: 20250620193905.056522.tdms, 数据长度: 200000, 通道数: 16
2025-10-17 10:22:29-INFO-[tdms_reader_time.py:44]-开始处理文件: D:/Lab/raw/2025.6.20\stopdirtyback\20250620203701.532839.tdms
2025-10-17 10:22:29-INFO-[tdms_reader_time.py:44]-开始处理文件: D:/Lab/raw/2025.6.20\stopdirtyback\20250620203704.513334.tdms
2025-10-17 10:22:29-INFO-[tdms_reader_time.py:92]-使用通道起始时间: 2025-06-20T11:38:54.882304
2025-10-17 10:22:29-INFO-[tdms_reader_time.py:82]-使用实际采样间隔: 5e-06 秒
2025-10-17 10:22:29-INFO-[tdms_reader_time.py:82]-使用实际采样间隔: 5e-06 秒
tdms 时出错: ufunc 'add' cannot use operands with types dtype('<M8[us]') and dtype('O')
2025-10-17 10:22:29-INFO-[tdms_reader_time.py:92]-使用通道起始时间: 2025-06-20T11:39:03.707632
2025-10-17 10:22:29-INFO-[tdms_reader_time.py:82]-使用实际采样间隔: 5e-06 秒
2025-10-17 10:22:29-INFO-[tdms_reader_time.py:44]-开始处理文件: D:/Lab/raw/2025.6.20\stopdirtyback\20250620203707.478189.tdms
2025-10-17 10:22:29-INFO-[tdms_reader_time.py:44]-开始处理文件: D:/Lab/raw/2025.6.20\stopdirtyback\20250620203658.518572.tdms
2025-10-17 10:22:29-ERROR-[tdms_reader_time.py:141]-Traceback (most recent call last):
  File "C:\Users\17584\Documents\ALearning\Project\tools\DataProcess\src\data_io\tdms_reader_time.py", line 101, in process_tdms_file
    current_time = start_time + i * time_interval
numpy.core._exceptions._UFuncBinaryResolutionError: ufunc 'add' cannot use operands with types dtype('<M8[us]') and dtype('O')

2025-10-17 10:22:29-INFO-[tdms_reader_time.py:92]-使用通道起始时间: 2025-06-20T11:39:00.778122
2025-10-17 10:22:29-ERROR-[tdms_reader_time.py:139]-处理文件 20250620193905.056522.tdms 时出错: ufunc 'add' cannot use operands with types dtype('<M8[us]') and dtype('O')
2025-10-17 10:22:29-INFO-[tdms_reader_time.py:73]-处理文件: 20250620193907.982947.tdms, 数据长度: 200000, 通道数: 16
2025-10-17 10:22:29-INFO-[tdms_reader_time.py:92]-使用通道起始时间: 2025-06-20T11:38:57.805856
2025-10-17 10:22:29-ERROR-[tdms_reader_time.py:139]-处理文件 20250620193902.126579.tdms 时出错: ufunc 'add' cannot use operands with types dtype('<M8[us]') and dtype('O')
2025-10-17 10:22:29-ERROR-[tdms_reader_time.py:141]-Traceback (most recent call last):
  File "C:\Users\17584\Documents\ALearning\Project\tools\DataProcess\src\data_io\tdms_reader_time.py", line 101, in process_tdms_file
    current_time = start_time + i * time_interval
numpy.core._exceptions._UFuncBinaryResolutionError: ufunc 'add' cannot use operands with types dtype('<M8[us]') and dtype('O')

2025-10-17 10:22:29-INFO-[tdms_reader_time.py:73]-处理文件: 20250620193913.800929.tdms, 数据长度: 200000, 通道数: 16
2025-10-17 10:22:29-INFO-[tdms_reader_time.py:73]-处理文件: 20250620193916.714522.tdms, 数据长度: 200000, 通道数: 16
2025-10-17 10:22:29-INFO-[tdms_reader_time.py:82]-使用实际采样间隔: 5e-06 秒
2025-10-17 10:22:29-INFO-[tdms_reader_time.py:82]-使用实际采样间隔: 5e-06 秒
2025-10-17 10:22:29-ERROR-[tdms_reader_time.py:139]-处理文件 20250620193859.168055.tdms 时出错: ufunc 'add' cannot use operands with types dtype('<M8[us]') and dtype('O')
2025-10-17 10:22:29-INFO-[tdms_reader_time.py:82]-使用实际采样间隔: 5e-06 秒
2025-10-17 10:22:29-INFO-[tdms_reader_time.py:44]-开始处理文件: D:/Lab/raw/2025.6.20\stopdirtyback\20250620203710.409991.tdms
2025-10-17 10:22:29-ERROR-[tdms_reader_time.py:141]-Traceback (most recent call last):
  File "C:\Users\17584\Documents\ALearning\Project\tools\DataProcess\src\data_io\tdms_reader_time.py", line 101, in process_tdms_file
    current_time = start_time + i * time_interval
numpy.core._exceptions._UFuncBinaryResolutionError: ufunc 'add' cannot use operands with types dtype('<M8[us]') and dtype('O')

2025-10-17 10:22:29-ERROR-[tdms_reader_time.py:141]-Traceback (most recent call last):
  File "C:\Users\17584\Documents\ALearning\Project\tools\DataProcess\src\data_io\tdms_reader_time.py", line 101, in process_tdms_file
    current_time = start_time + i * time_interval
numpy.core._exceptions._UFuncBinaryResolutionError: ufunc 'add' cannot use operands with types dtype('<M8[us]') and dtype('O')

2025-10-17 10:22:29-INFO-[tdms_reader_time.py:92]-使用通道起始时间: 2025-06-20T11:39:15.372626
2025-10-17 10:22:29-INFO-[tdms_reader_time.py:73]-处理文件: 20250620193910.873333.tdms, 数据长度: 200000, 通道数: 16
2025-10-17 10:22:29-INFO-[tdms_reader_time.py:92]-使用通道起始时间: 2025-06-20T11:39:06.638081
2025-10-17 10:22:29-INFO-[tdms_reader_time.py:92]-使用通道起始时间: 2025-06-20T11:39:12.448147
2025-10-17 10:22:29-ERROR-[tdms_reader_time.py:139]-处理文件 20250620193916.714522.tdms 时出错: ufunc 'add' cannot use operands with types dtype('<M8[us]') and dtype('O')
2025-10-17 10:22:29-INFO-[tdms_reader_time.py:82]-使用实际采样间隔: 5e-06 秒
2025-10-17 10:22:29-ERROR-[tdms_reader_time.py:139]-处理文件 20250620193907.982947.tdms 时出错: ufunc 'add' cannot use operands with types dtype('<M8[us]') and dtype('O')
2025-10-17 10:22:29-INFO-[tdms_reader_time.py:92]-使用通道起始时间: 2025-06-20T11:39:09.526312
2025-10-17 10:22:29-ERROR-[tdms_reader_time.py:139]-处理文件 20250620193913.800929.tdms 时出错: ufunc 'add' cannot use operands with types dtype('<M8[us]') and dtype('O')
2025-10-17 10:22:29-ERROR-[tdms_reader_time.py:139]-处理文件 20250620193910.873333.tdms 时出错: ufunc 'add' cannot use operands with types dtype('<M8[us]') and dtype('O')
2025-10-17 10:22:29-ERROR-[tdms_reader_time.py:141]-Traceback (most recent call last):
  File "C:\Users\17584\Documents\ALearning\Project\tools\DataProcess\src\data_io\tdms_reader_time.py", line 101, in process_tdms_file
    current_time = start_time + i * time_interval
numpy.core._exceptions._UFuncBinaryResolutionError: ufunc 'add' cannot use operands with types dtype('<M8[us]') and dtype('O')

2025-10-17 10:22:29-INFO-[tdms_reader_time.py:44]-开始处理文件: D:/Lab/raw/2025.6.20\stopdirtyback\20250620203713.390256.tdms
2025-10-17 10:22:29-INFO-[tdms_reader_time.py:73]-处理文件: 20250620193919.648442.tdms, 数据长度: 200000, 通道数: 16
2025-10-17 10:22:29-INFO-[tdms_reader_time.py:73]-处理文件: 20250620193922.601949.tdms, 数据长度: 200000, 通道数: 16
2025-10-17 10:22:29-ERROR-[tdms_reader_time.py:141]-Traceback (most recent call last):
  File "C:\Users\17584\Documents\ALearning\Project\tools\DataProcess\src\data_io\tdms_reader_time.py", line 101, in process_tdms_file
    current_time = start_time + i * time_interval
numpy.core._exceptions._UFuncBinaryResolutionError: ufunc 'add' cannot use operands with types dtype('<M8[us]') and dtype('O')

2025-10-17 10:22:29-ERROR-[tdms_reader_time.py:141]-Traceback (most recent call last):
  File "C:\Users\17584\Documents\ALearning\Project\tools\DataProcess\src\data_io\tdms_reader_time.py", line 101, in process_tdms_file
    current_time = start_time + i * time_interval
numpy.core._exceptions._UFuncBinaryResolutionError: ufunc 'add' cannot use operands with types dtype('<M8[us]') and dtype('O')

2025-10-17 10:22:29-ERROR-[tdms_reader_time.py:141]-Traceback (most recent call last):
  File "C:\Users\17584\Documents\ALearning\Project\tools\DataProcess\src\data_io\tdms_reader_time.py", line 101, in process_tdms_file
    current_time = start_time + i * time_interval
numpy.core._exceptions._UFuncBinaryResolutionError: ufunc 'add' cannot use operands with types dtype('<M8[us]') and dtype('O')

2025-10-17 10:22:29-INFO-[tdms_reader_time.py:82]-使用实际采样间隔: 5e-06 秒
2025-10-17 10:22:29-INFO-[tdms_reader_time.py:92]-使用通道起始时间: 2025-06-20T11:39:21.237055
2025-10-17 10:22:29-INFO-[tdms_reader_time.py:82]-使用实际采样间隔: 5e-06 秒
2025-10-17 10:22:29-ERROR-[tdms_reader_time.py:139]-处理文件 20250620193922.601949.tdms 时出错: ufunc 'add' cannot use operands with types dtype('<M8[us]') and dtype('O')
2025-10-17 10:22:29-INFO-[tdms_reader_time.py:92]-使用通道起始时间: 2025-06-20T11:39:18.292242
2025-10-17 10:22:29-ERROR-[tdms_reader_time.py:141]-Traceback (most recent call last):
  File "C:\Users\17584\Documents\ALearning\Project\tools\DataProcess\src\data_io\tdms_reader_time.py", line 101, in process_tdms_file
    current_time = start_time + i * time_interval
numpy.core._exceptions._UFuncBinaryResolutionError: ufunc 'add' cannot use operands with types dtype('<M8[us]') and dtype('O')

2025-10-17 10:22:29-ERROR-[tdms_reader_time.py:139]-处理文件 20250620193919.648442.tdms 时出错: ufunc 'add' cannot use operands with types dtype('<M8[us]') and dtype('O')
2025-10-17 10:22:29-INFO-[tdms_reader_time.py:73]-处理文件: 20250620193925.583770.tdms, 数据长度: 200000, 通道数: 16
2025-10-17 10:22:29-INFO-[tdms_reader_time.py:44]-开始处理文件: D:/Lab/raw/2025.6.20\stopdirtyback\20250620203716.299159.tdms
2025-10-17 10:22:29-INFO-[tdms_reader_time.py:82]-使用实际采样间隔: 5e-06 秒
2025-10-17 10:22:29-INFO-[tdms_reader_time.py:44]-开始处理文件: D:/Lab/raw/2025.6.20\stopdirtyback\20250620203719.208527.tdms
2025-10-17 10:22:29-ERROR-[tdms_reader_time.py:141]-Traceback (most recent call last):
  File "C:\Users\17584\Documents\ALearning\Project\tools\DataProcess\src\data_io\tdms_reader_time.py", line 101, in process_tdms_file
    current_time = start_time + i * time_interval
numpy.core._exceptions._UFuncBinaryResolutionError: ufunc 'add' cannot use operands with types dtype('<M8[us]') and dtype('O')

2025-10-17 10:22:29-INFO-[tdms_reader_time.py:92]-使用通道起始时间: 2025-06-20T11:39:24.196544
2025-10-17 10:22:29-INFO-[tdms_reader_time.py:73]-处理文件: 20250620193928.513572.tdms, 数据长度: 200000, 通道数: 16
2025-10-17 10:22:29-INFO-[tdms_reader_time.py:73]-处理文件: 20250620193931.418785.tdms, 数据长度: 200000, 通道数: 16
2025-10-17 10:22:29-ERROR-[tdms_reader_time.py:139]-处理文件 20250620193925.583770.tdms 时出错: ufunc 'add' cannot use operands with types dtype('<M8[us]') and dtype('O')
2025-10-17 10:22:29-INFO-[tdms_reader_time.py:44]-开始处理文件: D:/Lab/raw/2025.6.20\stopdirtyback\20250620203722.132566.tdms
2025-10-17 10:22:29-INFO-[tdms_reader_time.py:44]-开始处理文件: D:/Lab/raw/2025.6.20\stopdirtyback\20250620203725.055667.tdms
2025-10-17 10:22:29-INFO-[tdms_reader_time.py:82]-使用实际采样间隔: 5e-06 秒
2025-10-17 10:22:29-INFO-[tdms_reader_time.py:82]-使用实际采样间隔: 5e-06 秒
2025-10-17 10:22:29-INFO-[tdms_reader_time.py:73]-处理文件: 20250620203652.803200.tdms, 数据长度: 200000, 通道数: 16
2025-10-17 10:22:29-INFO-[tdms_reader_time.py:44]-开始处理文件: D:/Lab/raw/2025.6.20\stopdirtyback\20250620203730.949081.tdms
2025-10-17 10:22:29-INFO-[tdms_reader_time.py:92]-使用通道起始时间: 2025-06-20T11:39:30.065486
2025-10-17 10:22:29-INFO-[tdms_reader_time.py:44]-开始处理文件: D:/Lab/raw/2025.6.20\stopdirtyback\20250620203727.976887.tdms
2025-10-17 10:22:29-ERROR-[tdms_reader_time.py:141]-Traceback (most recent call last):
  File "C:\Users\17584\Documents\ALearning\Project\tools\DataProcess\src\data_io\tdms_reader_time.py", line 101, in process_tdms_file
    current_time = start_time + i * time_interval
numpy.core._exceptions._UFuncBinaryResolutionError: ufunc 'add' cannot use operands with types dtype('<M8[us]') and dtype('O')

2025-10-17 10:22:29-INFO-[tdms_reader_time.py:92]-使用通道起始时间: 2025-06-20T11:39:27.159255
2025-10-17 10:22:29-INFO-[tdms_reader_time.py:73]-处理文件: 20250620194609.324848.tdms, 数据长度: 200000, 通道数: 16
2025-10-17 10:22:29-ERROR-[tdms_reader_time.py:139]-处理文件 20250620193931.418785.tdms 时出错: ufunc 'add' cannot use operands with types dtype('<M8[us]') and dtype('O')
2025-10-17 10:22:29-INFO-[tdms_reader_time.py:82]-使用实际采样间隔: 5e-06 秒
2025-10-17 10:22:29-ERROR-[tdms_reader_time.py:139]-处理文件 20250620193928.513572.tdms 时出错: ufunc 'add' cannot use operands with types dtype('<M8[us]') and dtype('O')
2025-10-17 10:22:29-INFO-[tdms_reader_time.py:82]-使用实际采样间隔: 5e-06 秒
12:36:51.441368
2025-10-17 10:22:29-ERROR-[tdms_reader_time.py:141]-Traceback (most recent call last):
  File "C:\Users\17584\Documents\ALearning\Project\tools\DataProcess\src\data_io\tdms_reader_time.py", line 101, in process_tdms_file
    current_time = start_time + i * time_interval
numpy.core._exceptions._UFuncBinaryResolutionError: ufunc 'add' cannot use operands with types dtype('<M8[us]') and dtype('O')

2025-10-17 10:22:29-ERROR-[tdms_reader_time.py:141]-Traceback (most recent call last):
  File "C:\Users\17584\Documents\ALearning\Project\tools\DataProcess\src\data_io\tdms_reader_time.py", line 101, in process_tdms_file
    current_time = start_time + i * time_interval
numpy.core._exceptions._UFuncBinaryResolutionError: ufunc 'add' cannot use operands with types dtype('<M8[us]') and dtype('O')

2025-10-17 10:22:29-INFO-[tdms_reader_time.py:44]-开始处理文件: D:/Lab/raw/2025.6.20\stopdirtyback\20250620203733.850068.tdms
2025-10-17 10:22:29-INFO-[tdms_reader_time.py:44]-开始处理文件: D:/Lab/raw/2025.6.20\stopdirtyback\20250620203736.809154.tdms
2025-10-17 10:22:29-ERROR-[tdms_reader_time.py:139]-处理文件 20250620203652.803200.tdms 时出错: ufunc 'add' cannot use operands with types dtype('<M8[us]') and dtype('O')
2025-10-17 10:22:29-INFO-[tdms_reader_time.py:73]-处理文件: 20250620203701.532839.tdms, 数据长度: 200000, 通道数: 16
2025-10-17 10:22:29-INFO-[tdms_reader_time.py:92]-使用通道起始时间: 2025-06-20T11:46:07.950564
2025-10-17 10:22:29-INFO-[tdms_reader_time.py:44]-开始处理文件: D:/Lab/raw/2025.6.20\stopdirtyback\20250620203739.731672.tdms
2025-10-17 10:22:29-ERROR-[tdms_reader_time.py:141]-Traceback (most recent call last):
  File "C:\Users\17584\Documents\ALearning\Project\tools\DataProcess\src\data_io\tdms_reader_time.py", line 101, in process_tdms_file
    current_time = start_time + i * time_interval
numpy.core._exceptions._UFuncBinaryResolutionError: ufunc 'add' cannot use operands with types dtype('<M8[us]') and dtype('O')

2025-10-17 10:22:29-ERROR-[tdms_reader_time.py:139]-处理文件 20250620194609.324848.tdms 时出错: ufunc 'add' cannot use operands with types dtype('<M8[us]') and dtype('O')
2025-10-17 10:22:29-INFO-[tdms_reader_time.py:44]-开始处理文件: D:/Lab/raw/2025.6.20\stopdirtyback\20250620203745.567957.tdms
2025-10-17 10:22:29-INFO-[tdms_reader_time.py:73]-处理文件: 20250620203655.750625.tdms, 数据长度: 200000, 通道数: 16
2025-10-17 10:22:29-INFO-[tdms_reader_time.py:82]-使用实际采样间隔: 5e-06 秒
.20\stopdirtyback\20250620203748.493319.tdms
2025-10-17 10:22:29-INFO-[tdms_reader_time.py:73]-处理文件: 20250620203704.513334.tdms, 数据长度: 200000, 通道数: 16
2025-10-17 10:22:29-INFO-[tdms_reader_time.py:82]-使用实际采样间隔: 5e-06 秒
2025-10-17 10:22:29-INFO-[tdms_reader_time.py:92]-使用通道起始时间: 2025-06-20T12:36:54.353779
2025-10-17 10:22:29-INFO-[tdms_reader_time.py:82]-使用实际采样间隔: 5e-06 秒
2025-10-17 10:22:29-INFO-[tdms_reader_time.py:92]-使用通道起始时间: 2025-06-20T12:37:03.129691
2025-10-17 10:22:29-ERROR-[tdms_reader_time.py:139]-处理文件 20250620203655.750625.tdms 时出错: ufunc 'add' cannot use operands with types dtype('<M8[us]') and dtype('O')
2025-10-17 10:22:29-INFO-[tdms_reader_time.py:44]-开始处理文件: D:/Lab/raw/2025.6.20\stopdirtyback\20250620203751.394046.tdms
2025-10-17 10:22:29-ERROR-[tdms_reader_time.py:139]-处理文件 20250620203704.513334.tdms 时出错: ufunc 'add' cannot use operands with types dtype('<M8[us]') and dtype('O')
2025-10-17 10:22:29-INFO-[tdms_reader_time.py:73]-处理文件: 20250620203707.478189.tdms, 数据长度: 200000, 通道数: 16
2025-10-17 10:22:29-ERROR-[tdms_reader_time.py:141]-Traceback (most recent call last):
  File "C:\Users\17584\Documents\ALearning\Project\tools\DataProcess\src\data_io\tdms_reader_time.py", line 101, in process_tdms_file
    current_time = start_time + i * time_interval
numpy.core._exceptions._UFuncBinaryResolutionError: ufunc 'add' cannot use operands with types dtype('<M8[us]') and dtype('O')

2025-10-17 10:22:29-INFO-[tdms_reader_time.py:73]-处理文件: 20250620203658.518572.tdms, 数据长度: 200000, 通道数: 16
2025-10-17 10:22:29-ERROR-[tdms_reader_time.py:141]-Traceback (most recent call last):
  File "C:\Users\17584\Documents\ALearning\Project\tools\DataProcess\src\data_io\tdms_reader_time.py", line 101, in process_tdms_file
    current_time = start_time + i * time_interval
numpy.core._exceptions._UFuncBinaryResolutionError: ufunc 'add' cannot use operands with types dtype('<M8[us]') and dtype('O')

2025-10-17 10:22:29-INFO-[tdms_reader_time.py:82]-使用实际采样间隔: 5e-06 秒
2025-10-17 10:22:29-INFO-[tdms_reader_time.py:92]-使用通道起始时间: 2025-06-20T12:37:00.139156
2025-10-17 10:22:29-INFO-[tdms_reader_time.py:44]-开始处理文件: D:/Lab/raw/2025.6.20\stopdirtyback\20250620203754.381011.tdms
2025-10-17 10:22:29-INFO-[tdms_reader_time.py:82]-使用实际采样间隔: 5e-06 秒
2025-10-17 10:22:29-INFO-[tdms_reader_time.py:92]-使用通道起始时间: 2025-06-20T12:36:57.111971
2025-10-17 10:22:29-ERROR-[tdms_reader_time.py:139]-处理文件 20250620203658.518572.tdms 时出错: ufunc 'add' cannot use operands with types dtype('<M8[us]') and dtype('O')
2025-10-17 10:22:29-ERROR-[tdms_reader_time.py:141]-Traceback (most recent call last):
  File "C:\Users\17584\Documents\ALearning\Project\tools\DataProcess\src\data_io\tdms_reader_time.py", line 101, in process_tdms_file
    current_time = start_time + i * time_interval
numpy.core._exceptions._UFuncBinaryResolutionError: ufunc 'add' cannot use operands with types dtype('<M8[us]') and dtype('O')

2025-10-17 10:22:29-INFO-[tdms_reader_time.py:92]-使用通道起始时间: 2025-06-20T12:37:06.112899
2025-10-17 10:22:29-INFO-[tdms_reader_time.py:44]-开始处理文件: D:/Lab/raw/2025.6.20\stopdirtyback\20250620203757.355624.tdms
2025-10-17 10:22:29-ERROR-[tdms_reader_time.py:139]-处理文件 20250620203701.532839.tdms 时出错: ufunc 'add' cannot use operands with types dtype('<M8[us]') and dtype('O')
2025-10-17 10:22:29-ERROR-[tdms_reader_time.py:139]-处理文件 20250620203707.478189.tdms 时出错: ufunc 'add' cannot use operands with types dtype('<M8[us]') and dtype('O')
2025-10-17 10:22:29-INFO-[tdms_reader_time.py:73]-处理文件: 20250620203710.409991.tdms, 数据长度: 200000, 通道数: 16
2025-10-17 10:22:29-INFO-[tdms_reader_time.py:73]-处理文件: 20250620203713.390256.tdms, 数据长度: 200000, 通道数: 16
2025-10-17 10:22:29-INFO-[tdms_reader_time.py:82]-使用实际采样间隔: 5e-06 秒
2025-10-17 10:22:29-INFO-[tdms_reader_time.py:44]-开始处理文件: D:/Lab/raw/2025.6.20\stopdirtyback\20250620203800.231357.tdms
2025-10-17 10:22:29-ERROR-[tdms_reader_time.py:141]-Traceback (most recent call last):
  File "C:\Users\17584\Documents\ALearning\Project\tools\DataProcess\src\data_io\tdms_reader_time.py", line 101, in process_tdms_file
    current_time = start_time + i * time_interval
numpy.core._exceptions._UFuncBinaryResolutionError: ufunc 'add' cannot use operands with types dtype('<M8[us]') and dtype('O')

2025-10-17 10:22:29-ERROR-[tdms_reader_time.py:141]-Traceback (most recent call last):
  File "C:\Users\17584\Documents\ALearning\Project\tools\DataProcess\src\data_io\tdms_reader_time.py", line 101, in process_tdms_file
    current_time = start_time + i * time_interval
numpy.core._exceptions._UFuncBinaryResolutionError: ufunc 'add' cannot use operands with types dtype('<M8[us]') and dtype('O')

2025-10-17 10:22:29-INFO-[tdms_reader_time.py:92]-使用通道起始时间: 2025-06-20T12:37:09.059997
2025-10-17 10:22:29-INFO-[tdms_reader_time.py:82]-使用实际采样间隔: 5e-06 秒
2025-10-17 10:22:29-INFO-[tdms_reader_time.py:73]-处理文件: 20250620203719.208527.tdms, 数据长度: 200000, 通道数: 16
2025-10-17 10:22:29-INFO-[tdms_reader_time.py:82]-使用实际采样间隔: 5e-06 秒
2025-10-17 10:22:29-INFO-[tdms_reader_time.py:92]-使用通道起始时间: 2025-06-20T12:37:17.849428
2025-10-17 10:22:29-INFO-[tdms_reader_time.py:44]-开始处理文件: D:/Lab/raw/2025.6.20\test\20250620193223.119184.tdms
2025-10-17 10:22:29-ERROR-[tdms_reader_time.py:139]-处理文件 20250620203719.208527.tdms 时出错: ufunc 'add' cannot use operands with types dtype('<M8[us]') and dtype('O')
2025-10-17 10:22:29-ERROR-[tdms_reader_time.py:141]-Traceback (most recent call last):
  File "C:\Users\17584\Documents\ALearning\Project\tools\DataProcess\src\data_io\tdms_reader_time.py", line 101, in process_tdms_file
    current_time = start_time + i * time_interval
numpy.core._exceptions._UFuncBinaryResolutionError: ufunc 'add' cannot use operands with types dtype('<M8[us]') and dtype('O')

2025-10-17 10:22:29-INFO-[tdms_reader_time.py:73]-处理文件: 20250620203716.299159.tdms, 数据长度: 200000, 通道数: 16
2025-10-17 10:22:29-INFO-[tdms_reader_time.py:44]-开始处理文件: D:/Lab/raw/2025.6.20\test\20250620193226.144821.tdms
2025-10-17 10:22:29-INFO-[tdms_reader_time.py:92]-使用通道起始时间: 2025-06-20T12:37:12.010212
2025-10-17 10:22:29-ERROR-[tdms_reader_time.py:139]-处理文件 20250620203710.409991.tdms 时出错: ufunc 'add' cannot use operands with types dtype('<M8[us]') and dtype('O')
2025-10-17 10:22:29-INFO-[tdms_reader_time.py:82]-使用实际采样间隔: 5e-06 秒
2025-10-17 10:22:29-ERROR-[tdms_reader_time.py:139]-处理文件 20250620203713.390256.tdms 时出错: ufunc 'add' cannot use operands with types dtype('<M8[us]') and dtype('O')
2025-10-17 10:22:29-ERROR-[tdms_reader_time.py:141]-Traceback (most recent call last):
  File "C:\Users\17584\Documents\ALearning\Project\tools\DataProcess\src\data_io\tdms_reader_time.py", line 101, in process_tdms_file
    current_time = start_time + i * time_interval
numpy.core._exceptions._UFuncBinaryResolutionError: ufunc 'add' cannot use operands with types dtype('<M8[us]') and dtype('O')

2025-10-17 10:22:29-INFO-[tdms_reader_time.py:92]-使用通道起始时间: 2025-06-20T12:37:14.949285
2025-10-17 10:22:29-INFO-[tdms_reader_time.py:73]-处理文件: 20250620203730.949081.tdms, 数据长度: 200000, 通道数: 16
2025-10-17 10:22:29-INFO-[tdms_reader_time.py:82]-使用实际采样间隔: 5e-06 秒
2025-10-17 10:22:29-ERROR-[tdms_reader_time.py:141]-Traceback (most recent call last):
  File "C:\Users\17584\Documents\ALearning\Project\tools\DataProcess\src\data_io\tdms_reader_time.py", line 101, in process_tdms_file
    current_time = start_time + i * time_interval
numpy.core._exceptions._UFuncBinaryResolutionError: ufunc 'add' cannot use operands with types dtype('<M8[us]') and dtype('O')

2025-10-17 10:22:29-ERROR-[tdms_reader_time.py:139]-处理文件 20250620203716.299159.tdms 时出错: ufunc 'add' cannot use operands with types dtype('<M8[us]') and dtype('O')
2025-10-17 10:22:29-INFO-[tdms_reader_time.py:92]-使用通道起始时间: 2025-06-20T12:37:29.584377
2025-10-17 10:22:29-INFO-[tdms_reader_time.py:44]-开始处理文件: D:/Lab/raw/2025.6.20\test\20250620193229.092219.tdms
2025-10-17 10:22:29-INFO-[tdms_reader_time.py:44]-开始处理文件: D:/Lab/raw/2025.6.20\test\20250620193234.988384.tdms
2025-10-17 10:22:29-ERROR-[tdms_reader_time.py:141]-Traceback (most recent call last):
  File "C:\Users\17584\Documents\ALearning\Project\tools\DataProcess\src\data_io\tdms_reader_time.py", line 101, in process_tdms_file
    current_time = start_time + i * time_interval
numpy.core._exceptions._UFuncBinaryResolutionError: ufunc 'add' cannot use operands with types dtype('<M8[us]') and dtype('O')

2025-10-17 10:22:29-INFO-[tdms_reader_time.py:44]-开始处理文件: D:/Lab/raw/2025.6.20\test\20250620193232.047310.tdms
2025-10-17 10:22:29-INFO-[tdms_reader_time.py:44]-开始处理文件: D:/Lab/raw/2025.6.20\test\20250620193237.935547.tdms
2025-10-17 10:22:29-ERROR-[tdms_reader_time.py:139]-处理文件 20250620203730.949081.tdms 时出错: ufunc 'add' cannot use operands with types dtype('<M8[us]') and dtype('O')
2025-10-17 10:22:29-INFO-[tdms_reader_time.py:44]-开始处理文件: D:/Lab/raw/2025.6.20\test\20250620193240.864516.tdms
2025-10-17 10:22:29-INFO-[tdms_reader_time.py:44]-开始处理文件: D:/Lab/raw/2025.6.20\test\20250620193243.809867.tdms
2025-10-17 10:22:29-INFO-[tdms_reader_time.py:73]-处理文件: 20250620203727.976887.tdms, 数据长度: 200000, 通道数: 16
2025-10-17 10:22:29-ERROR-[tdms_reader_time.py:141]-Traceback (most recent call last):
  File "C:\Users\17584\Documents\ALearning\Project\tools\DataProcess\src\data_io\tdms_reader_time.py", line 101, in process_tdms_file
    current_time = start_time + i * time_interval
numpy.core._exceptions._UFuncBinaryResolutionError: ufunc 'add' cannot use operands with types dtype('<M8[us]') and dtype('O')

2025-10-17 10:22:29-INFO-[tdms_reader_time.py:73]-处理文件: 20250620203739.731672.tdms, 数据长度: 200000, 通道数: 16
2025-10-17 10:22:29-INFO-[tdms_reader_time.py:73]-处理文件: 20250620203725.055667.tdms, 数据长度: 200000, 通道数: 16
2025-10-17 10:22:29-INFO-[tdms_reader_time.py:73]-处理文件: 20250620203733.850068.tdms, 数据长度: 200000, 通道数: 16
2025-10-17 10:22:29-INFO-[tdms_reader_time.py:82]-使用实际采样间隔: 5e-06 秒
2025-10-17 10:22:29-INFO-[tdms_reader_time.py:73]-处理文件: 20250620203722.132566.tdms, 数据长度: 200000, 通道数: 16
2025-10-17 10:22:29-INFO-[tdms_reader_time.py:73]-处理文件: 20250620203742.636087.tdms, 数据长度: 200000, 通道数: 16
2025-10-17 10:22:29-INFO-[tdms_reader_time.py:82]-使用实际采样间隔: 5e-06 秒
2025-10-17 10:22:29-INFO-[tdms_reader_time.py:73]-处理文件: 20250620203736.809154.tdms, 数据长度: 200000, 通道数: 16
2025-10-17 10:22:29-INFO-[tdms_reader_time.py:82]-使用实际采样间隔: 5e-06 秒
2025-10-17 10:22:29-INFO-[tdms_reader_time.py:82]-使用实际采样间隔: 5e-06 秒
2025-10-17 10:22:29-INFO-[tdms_reader_time.py:82]-使用实际采样间隔: 5e-06 秒
2025-10-17 10:22:29-INFO-[tdms_reader_time.py:82]-使用实际采样间隔: 5e-06 秒
2025-10-17 10:22:29-INFO-[tdms_reader_time.py:44]-开始处理文件: D:/Lab/raw/2025.6.20\test\20250620193246.763908.tdms
2025-10-17 10:22:29-INFO-[tdms_reader_time.py:92]-使用通道起始时间: 2025-06-20T12:37:38.369721
2025-10-17 10:22:29-INFO-[tdms_reader_time.py:92]-使用通道起始时间: 2025-06-20T12:37:32.497173
2025-10-17 10:22:29-INFO-[tdms_reader_time.py:82]-使用实际采样间隔: 5e-06 秒
2025-10-17 10:22:29-INFO-[tdms_reader_time.py:92]-使用通道起始时间: 2025-06-20T12:37:26.598158
2025-10-17 10:22:29-INFO-[tdms_reader_time.py:73]-处理文件: 20250620203751.394046.tdms, 数据长度: 200000, 通道数: 16
2025-10-17 10:22:29-INFO-[tdms_reader_time.py:92]-使用通道起始时间: 2025-06-20T12:37:35.442828
2025-10-17 10:22:29-ERROR-[tdms_reader_time.py:139]-处理文件 20250620203739.731672.tdms 时出错: ufunc 'add' cannot use operands with types dtype('<M8[us]') and dtype('O')
2025-10-17 10:22:29-INFO-[tdms_reader_time.py:92]-使用通道起始时间: 2025-06-20T12:37:20.755309
2025-10-17 10:22:29-ERROR-[tdms_reader_time.py:139]-处理文件 20250620203733.850068.tdms 时出错: ufunc 'add' cannot use operands with types dtype('<M8[us]') and dtype('O')
2025-10-17 10:22:29-INFO-[tdms_reader_time.py:92]-使用通道起始时间: 2025-06-20T12:37:41.284860
2025-10-17 10:22:29-INFO-[tdms_reader_time.py:92]-使用通道起始时间: 2025-06-20T12:37:23.688227
2025-10-17 10:22:29-ERROR-[tdms_reader_time.py:139]-处理文件 20250620203727.976887.tdms 时出错: ufunc 'add' cannot use operands with types dtype('<M8[us]') and dtype('O')
2025-10-17 10:22:29-INFO-[tdms_reader_time.py:82]-使用实际采样间隔: 5e-06 秒
2025-10-17 10:22:29-ERROR-[tdms_reader_time.py:139]-处理文件 20250620203736.809154.tdms 时出错: ufunc 'add' cannot use operands with types dtype('<M8[us]') and dtype('O')
2025-10-17 10:22:29-ERROR-[tdms_reader_time.py:139]-处理文件 20250620203722.132566.tdms 时出错: ufunc 'add' cannot use operands with types dtype('<M8[us]') and dtype('O')
2025-10-17 10:22:29-INFO-[tdms_reader_time.py:92]-使用通道起始时间: 2025-06-20T12:37:50.044528
2025-10-17 10:22:29-ERROR-[tdms_reader_time.py:139]-处理文件 20250620203725.055667.tdms 时出错: ufunc 'add' cannot use operands with types dtype('<M8[us]') and dtype('O')
r_time.py", line 101, in process_tdms_file
    current_time = start_time + i * time_interval
numpy.core._exceptions._UFuncBinaryResolutionError: ufunc 'add' cannot use operands with types dtype('<M8[us]') and dtype('O')

2025-10-17 10:22:29-ERROR-[tdms_reader_time.py:139]-处理文件 20250620203742.636087.tdms 时出错: ufunc 'add' cannot use operands with types dtype('<M8[us]') and dtype('O')
2025-10-17 10:22:29-ERROR-[tdms_reader_time.py:141]-Traceback (most recent call last):
  File "C:\Users\17584\Documents\ALearning\Project\tools\DataProcess\src\data_io\tdms_reader_time.py", line 101, in process_tdms_file
    current_time = start_time + i * time_interval
numpy.core._exceptions._UFuncBinaryResolutionError: ufunc 'add' cannot use operands with types dtype('<M8[us]') and dtype('O')

2025-10-17 10:22:29-ERROR-[tdms_reader_time.py:141]-Traceback (most recent call last):
  File "C:\Users\17584\Documents\ALearning\Project\tools\DataProcess\src\data_io\tdms_reader_time.py", line 101, in process_tdms_file
    current_time = start_time + i * time_interval
numpy.core._exceptions._UFuncBinaryResolutionError: ufunc 'add' cannot use operands with types dtype('<M8[us]') and dtype('O')

2025-10-17 10:22:29-ERROR-[tdms_reader_time.py:141]-Traceback (most recent call last):
  File "C:\Users\17584\Documents\ALearning\Project\tools\DataProcess\src\data_io\tdms_reader_time.py", line 101, in process_tdms_file
    current_time = start_time + i * time_interval
numpy.core._exceptions._UFuncBinaryResolutionError: ufunc 'add' cannot use operands with types dtype('<M8[us]') and dtype('O')

2025-10-17 10:22:29-INFO-[tdms_reader_time.py:73]-处理文件: 20250620203748.493319.tdms, 数据长度: 200000, 通道数: 16
2025-10-17 10:22:29-ERROR-[tdms_reader_time.py:141]-Traceback (most recent call last):
  File "C:\Users\17584\Documents\ALearning\Project\tools\DataProcess\src\data_io\tdms_reader_time.py", line 101, in process_tdms_file
    current_time = start_time + i * time_interval
numpy.core._exceptions._UFuncBinaryResolutionError: ufunc 'add' cannot use operands with types dtype('<M8[us]') and dtype('O')

2025-10-17 10:22:29-ERROR-[tdms_reader_time.py:139]-处理文件 20250620203751.394046.tdms 时出错: ufunc 'add' cannot use operands with types dtype('<M8[us]') and dtype('O')
2025-10-17 10:22:29-INFO-[tdms_reader_time.py:44]-开始处理文件: D:/Lab/raw/2025.6.20\test\20250620193249.732466.tdms
2025-10-17 10:22:29-INFO-[tdms_reader_time.py:82]-使用实际采样间隔: 5e-06 秒
2025-10-17 10:22:29-ERROR-[tdms_reader_time.py:141]-Traceback (most recent call last):
  File "C:\Users\17584\Documents\ALearning\Project\tools\DataProcess\src\data_io\tdms_reader_time.py", line 101, in process_tdms_file
    current_time = start_time + i * time_interval
numpy.core._exceptions._UFuncBinaryResolutionError: ufunc 'add' cannot use operands with types dtype('<M8[us]') and dtype('O')

2025-10-17 10:22:29-ERROR-[tdms_reader_time.py:141]-Traceback (most recent call last):
  File "C:\Users\17584\Documents\ALearning\Project\tools\DataProcess\src\data_io\tdms_reader_time.py", line 101, in process_tdms_file
    current_time = start_time + i * time_interval
numpy.core._exceptions._UFuncBinaryResolutionError: ufunc 'add' cannot use operands with types dtype('<M8[us]') and dtype('O')

2025-10-17 10:22:29-INFO-[tdms_reader_time.py:73]-处理文件: 20250620203745.567957.tdms, 数据长度: 200000, 通道数: 16
2025-10-17 10:22:29-INFO-[tdms_reader_time.py:92]-使用通道起始时间: 2025-06-20T12:37:47.133766
2025-10-17 10:22:29-ERROR-[tdms_reader_time.py:141]-Traceback (most recent call last):
  File "C:\Users\17584\Documents\ALearning\Project\tools\DataProcess\src\data_io\tdms_reader_time.py", line 101, in process_tdms_file
    current_time = start_time + i * time_interval
numpy.core._exceptions._UFuncBinaryResolutionError: ufunc 'add' cannot use operands with types dtype('<M8[us]') and dtype('O')

2025-10-17 10:22:29-INFO-[tdms_reader_time.py:82]-使用实际采样间隔: 5e-06 秒
2025-10-17 10:22:29-INFO-[tdms_reader_time.py:73]-处理文件: 20250620203754.381011.tdms, 数据长度: 200000, 通道数: 16
2025-10-17 10:22:29-ERROR-[tdms_reader_time.py:139]-处理文件 20250620203748.493319.tdms 时出错: ufunc 'add' cannot use operands with types dtype('<M8[us]') and dtype('O')
2025-10-17 10:22:29-INFO-[tdms_reader_time.py:44]-开始处理文件: D:/Lab/raw/2025.6.20\test\20250620193255.616210.tdms
e operands with types dtype('<M8[us]') and dtype('O')
2025-10-17 10:22:29-ERROR-[tdms_reader_time.py:141]-Traceback (most recent call last):
  File "C:\Users\17584\Documents\ALearning\Project\tools\DataProcess\src\data_io\tdms_reader_time.py", line 101, in process_tdms_file
    current_time = start_time + i * time_interval
numpy.core._exceptions._UFuncBinaryResolutionError: ufunc 'add' cannot use operands with types dtype('<M8[us]') and dtype('O')

2025-10-17 10:22:29-INFO-[tdms_reader_time.py:73]-处理文件: 20250620203800.231357.tdms, 数据长度: 200000, 通道数: 16
2025-10-17 10:22:29-INFO-[tdms_reader_time.py:82]-使用实际采样间隔: 5e-06 秒
2025-10-17 10:22:29-INFO-[tdms_reader_time.py:44]-开始处理文件: D:/Lab/raw/2025.6.20\test\20250620193304.484258.tdms
2025-10-17 10:22:29-INFO-[tdms_reader_time.py:73]-处理文件: 20250620193226.144821.tdms, 数据长度: 200000, 通道数: 16
2025-10-17 10:22:29-INFO-[tdms_reader_time.py:44]-开始处理文件: D:/Lab/raw/2025.6.20\test\20250620193258.574172.tdms
 16
2025-10-17 10:22:29-INFO-[tdms_reader_time.py:82]-使用实际采样间隔: 5e-06 秒
2025-10-17 10:22:29-INFO-[tdms_reader_time.py:92]-使用通道起始时间: 2025-06-20T12:37:52.968803
2025-10-17 10:22:29-INFO-[tdms_reader_time.py:82]-使用实际采样间隔: 5e-06 秒
2025-10-17 10:22:29-INFO-[tdms_reader_time.py:82]-使用实际采样间隔: 5e-06 秒
2025-10-17 10:22:29-ERROR-[tdms_reader_time.py:141]-Traceback (most recent call last):
  File "C:\Users\17584\Documents\ALearning\Project\tools\DataProcess\src\data_io\tdms_reader_time.py", line 101, in process_tdms_file
    current_time = start_time + i * time_interval
numpy.core._exceptions._UFuncBinaryResolutionError: ufunc 'add' cannot use operands with types dtype('<M8[us]') and dtype('O')

2025-10-17 10:22:29-INFO-[tdms_reader_time.py:44]-开始处理文件: D:/Lab/raw/2025.6.20\test\20250620193307.430461.tdms
2025-10-17 10:22:29-INFO-[tdms_reader_time.py:73]-处理文件: 20250620203757.355624.tdms, 数据长度: 200000, 通道数: 16
2025-10-17 10:22:29-ERROR-[tdms_reader_time.py:139]-处理文件 20250620203754.381011.tdms 时出错: ufunc 'add' cannot use operands with types dtype('<M8[us]') and dtype('O')
2025-10-17 10:22:29-INFO-[tdms_reader_time.py:92]-使用通道起始时间: 2025-06-20T11:32:21.761863
2025-10-17 10:22:29-INFO-[tdms_reader_time.py:92]-使用通道起始时间: 2025-06-20T12:37:58.871695
2025-10-17 10:22:29-INFO-[tdms_reader_time.py:82]-使用实际采样间隔: 5e-06 秒
2025-10-17 10:22:29-ERROR-[tdms_reader_time.py:141]-Traceback (most recent call last):
  File "C:\Users\17584\Documents\ALearning\Project\tools\DataProcess\src\data_io\tdms_reader_time.py", line 101, in process_tdms_file
    current_time = start_time + i * time_interval
numpy.core._exceptions._UFuncBinaryResolutionError: ufunc 'add' cannot use operands with types dtype('<M8[us]') and dtype('O')

2025-10-17 10:22:29-INFO-[tdms_reader_time.py:44]-开始处理文件: D:/Lab/raw/2025.6.20\test\20250620193313.360571.tdms
2025-10-17 10:22:29-INFO-[tdms_reader_time.py:44]-开始处理文件: D:/Lab/raw/2025.6.20\test\20250620193301.508846.tdms
2025-10-17 10:22:29-INFO-[tdms_reader_time.py:44]-开始处理文件: D:/Lab/raw/2025.6.20\test\20250620193310.390563.tdms
2025-10-17 10:22:29-ERROR-[tdms_reader_time.py:139]-处理文件 20250620203800.231357.tdms 时出错: ufunc 'add' cannot use operands with types dtype('<M8[us]') and dtype('O')
2025-10-17 10:22:29-INFO-[tdms_reader_time.py:73]-处理文件: 20250620193229.092219.tdms, 数据长度: 200000, 通道数: 16
2025-10-17 10:22:29-ERROR-[tdms_reader_time.py:139]-处理文件 20250620193226.144821.tdms 时出错: ufunc 'add' cannot use operands with types dtype('<M8[us]') and dtype('O')
2025-10-17 10:22:29-ERROR-[tdms_reader_time.py:139]-处理文件 20250620193223.119184.tdms 时出错: ufunc 'add' cannot use operands with types dtype('<M8[us]') and dtype('O')
2025-10-17 10:22:29-INFO-[tdms_reader_time.py:92]-使用通道起始时间: 2025-06-20T12:37:55.995265
2025-10-17 10:22:29-ERROR-[tdms_reader_time.py:141]-Traceback (most recent call last):
  File "C:\Users\17584\Documents\ALearning\Project\tools\DataProcess\src\data_io\tdms_reader_time.py", line 101, in process_tdms_file
    current_time = start_time + i * time_interval
numpy.core._exceptions._UFuncBinaryResolutionError: ufunc 'add' cannot use operands with types dtype('<M8[us]') and dtype('O')

2025-10-17 10:22:29-INFO-[tdms_reader_time.py:73]-处理文件: 20250620193237.935547.tdms, 数据长度: 200000, 通道数: 16
2025-10-17 10:22:29-INFO-[tdms_reader_time.py:82]-使用实际采样间隔: 5e-06 秒
2025-10-17 10:22:29-ERROR-[tdms_reader_time.py:141]-Traceback (most recent call last):
  File "C:\Users\17584\Documents\ALearning\Project\tools\DataProcess\src\data_io\tdms_reader_time.py", line 101, in process_tdms_file
    current_time = start_time + i * time_interval
numpy.core._exceptions._UFuncBinaryResolutionError: ufunc 'add' cannot use operands with types dtype('<M8[us]') and dtype('O')

2025-10-17 10:22:29-ERROR-[tdms_reader_time.py:141]-Traceback (most recent call last):
  File "C:\Users\17584\Documents\ALearning\Project\tools\DataProcess\src\data_io\tdms_reader_time.py", line 101, in process_tdms_file
    current_time = start_time + i * time_interval
numpy.core._exceptions._UFuncBinaryResolutionError: ufunc 'add' cannot use operands with types dtype('<M8[us]') and dtype('O')

2025-10-17 10:22:29-ERROR-[tdms_reader_time.py:139]-处理文件 20250620203757.355624.tdms 时出错: ufunc 'add' cannot use operands with types dtype('<M8[us]') and dtype('O')
2025-10-17 10:22:29-INFO-[tdms_reader_time.py:92]-使用通道起始时间: 2025-06-20T11:32:27.735315
2025-10-17 10:22:29-INFO-[tdms_reader_time.py:82]-使用实际采样间隔: 5e-06 秒
2025-10-17 10:22:29-INFO-[tdms_reader_time.py:44]-开始处理文件: D:/Lab/raw/2025.6.20\test\20250620193316.385404.tdms
2025-10-17 10:22:29-INFO-[tdms_reader_time.py:92]-使用通道起始时间: 2025-06-20T11:32:36.574364
: 200000, 通道数: 16
2025-10-17 10:22:29-ERROR-[tdms_reader_time.py:141]-Traceback (most recent call last):
  File "C:\Users\17584\Documents\ALearning\Project\tools\DataProcess\src\data_io\tdms_reader_time.py", line 101, in process_tdms_file
    current_time = start_time + i * time_interval
numpy.core._exceptions._UFuncBinaryResolutionError: ufunc 'add' cannot use operands with types dtype('<M8[us]') and dtype('O')

2025-10-17 10:22:29-ERROR-[tdms_reader_time.py:139]-处理文件 20250620193229.092219.tdms 时出错: ufunc 'add' cannot use operands with types dtype('<M8[us]') and dtype('O')
2025-10-17 10:22:29-INFO-[tdms_reader_time.py:82]-使用实际采样间隔: 5e-06 秒
2025-10-17 10:22:29-INFO-[tdms_reader_time.py:73]-处理文件: 20250620193234.988384.tdms, 数据长度: 200000, 通道数: 16
2025-10-17 10:22:29-ERROR-[tdms_reader_time.py:139]-处理文件 20250620193237.935547.tdms 时出错: ufunc 'add' cannot use operands with types dtype('<M8[us]') and dtype('O')
2025-10-17 10:22:29-INFO-[tdms_reader_time.py:73]-处理文件: 20250620193243.809867.tdms, 数据长度: 200000, 通道数: 16
2025-10-17 10:22:29-INFO-[tdms_reader_time.py:44]-开始处理文件: D:/Lab/raw/2025.6.20\test\20250620193319.359090.tdms
2025-10-17 10:22:29-ERROR-[tdms_reader_time.py:141]-Traceback (most recent call last):
  File "C:\Users\17584\Documents\ALearning\Project\tools\DataProcess\src\data_io\tdms_reader_time.py", line 101, in process_tdms_file
    current_time = start_time + i * time_interval
numpy.core._exceptions._UFuncBinaryResolutionError: ufunc 'add' cannot use operands with types dtype('<M8[us]') and dtype('O')

2025-10-17 10:22:29-INFO-[tdms_reader_time.py:92]-使用通道起始时间: 2025-06-20T11:32:30.693078
2025-10-17 10:22:29-INFO-[tdms_reader_time.py:82]-使用实际采样间隔: 5e-06 秒
2025-10-17 10:22:29-INFO-[tdms_reader_time.py:82]-使用实际采样间隔: 5e-06 秒

  File "C:\Users\17584\Documents\ALearning\Project\tools\DataProcess\src\data_io\tdms_reader_time.py", line 101, in process_tdms_file
    current_time = start_time + i * time_interval
numpy.core._exceptions._UFuncBinaryResolutionError: ufunc 'add' cannot use operands with types dtype('<M8[us]') and dtype('O')

2025-10-17 10:22:29-INFO-[tdms_reader_time.py:82]-使用实际采样间隔: 5e-06 秒
2025-10-17 10:22:29-ERROR-[tdms_reader_time.py:139]-处理文件 20250620193232.047310.tdms 时出错: ufunc 'add' cannot use operands with types dtype('<M8[us]') and dtype('O')
2025-10-17 10:22:29-INFO-[tdms_reader_time.py:92]-使用通道起始时间: 2025-06-20T11:32:39.515396
2025-10-17 10:22:29-INFO-[tdms_reader_time.py:92]-使用通道起始时间: 2025-06-20T11:32:33.632545
2025-10-17 10:22:29-INFO-[tdms_reader_time.py:44]-开始处理文件: D:/Lab/raw/2025.6.20\test\20250620193322.349448.tdms
2025-10-17 10:22:29-INFO-[tdms_reader_time.py:92]-使用通道起始时间: 2025-06-20T11:32:42.450828
2025-10-17 10:22:29-ERROR-[tdms_reader_time.py:139]-处理文件 20250620193234.988384.tdms 时出错: ufunc 'add' cannot use operands with types dtype('<M8[us]') and dtype('O')
2025-10-17 10:22:29-ERROR-[tdms_reader_time.py:141]-Traceback (most recent call last):
  File "C:\Users\17584\Documents\ALearning\Project\tools\DataProcess\src\data_io\tdms_reader_time.py", line 101, in process_tdms_file
    current_time = start_time + i * time_interval
numpy.core._exceptions._UFuncBinaryResolutionError: ufunc 'add' cannot use operands with types dtype('<M8[us]') and dtype('O')

2025-10-17 10:22:29-ERROR-[tdms_reader_time.py:139]-处理文件 20250620193243.809867.tdms 时出错: ufunc 'add' cannot use operands with types dtype('<M8[us]') and dtype('O')
2025-10-17 10:22:29-INFO-[tdms_reader_time.py:44]-开始处理文件: D:/Lab/raw/2025.6.20\test\20250620193325.269995.tdms
2025-10-17 10:22:29-ERROR-[tdms_reader_time.py:141]-Traceback (most recent call last):
  File "C:\Users\17584\Documents\ALearning\Project\tools\DataProcess\src\data_io\tdms_reader_time.py", line 101, in process_tdms_file
    current_time = start_time + i * time_interval
numpy.core._exceptions._UFuncBinaryResolutionError: ufunc 'add' cannot use operands with types dtype('<M8[us]') and dtype('O')

2025-10-17 10:22:29-ERROR-[tdms_reader_time.py:141]-Traceback (most recent call last):
  File "C:\Users\17584\Documents\ALearning\Project\tools\DataProcess\src\data_io\tdms_reader_time.py", line 101, in process_tdms_file
    current_time = start_time + i * time_interval
numpy.core._exceptions._UFuncBinaryResolutionError: ufunc 'add' cannot use operands with types dtype('<M8[us]') and dtype('O')

2025-10-17 10:22:29-INFO-[tdms_reader_time.py:73]-处理文件: 20250620193249.732466.tdms, 数据长度: 200000, 通道数: 16
2025-10-17 10:22:29-ERROR-[tdms_reader_time.py:141]-Traceback (most recent call last):
  File "C:\Users\17584\Documents\ALearning\Project\tools\DataProcess\src\data_io\tdms_reader_time.py", line 101, in process_tdms_file
    current_time = start_time + i * time_interval
numpy.core._exceptions._UFuncBinaryResolutionError: ufunc 'add' cannot use operands with types dtype('<M8[us]') and dtype('O')

2025-10-17 10:22:29-INFO-[tdms_reader_time.py:82]-使用实际采样间隔: 5e-06 秒
2025-10-17 10:22:29-INFO-[tdms_reader_time.py:92]-使用通道起始时间: 2025-06-20T11:32:48.382559
2025-10-17 10:22:29-ERROR-[tdms_reader_time.py:139]-处理文件 20250620193249.732466.tdms 时出错: ufunc 'add' cannot use operands with types dtype('<M8[us]') and dtype('O')
2025-10-17 10:22:29-INFO-[tdms_reader_time.py:73]-处理文件: 20250620193246.763908.tdms, 数据长度: 200000, 通道数: 16
2025-10-17 10:22:29-INFO-[tdms_reader_time.py:82]-使用实际采样间隔: 5e-06 秒
2025-10-17 10:22:29-ERROR-[tdms_reader_time.py:141]-Traceback (most recent call last):
  File "C:\Users\17584\Documents\ALearning\Project\tools\DataProcess\src\data_io\tdms_reader_time.py", line 101, in process_tdms_file
    current_time = start_time + i * time_interval
numpy.core._exceptions._UFuncBinaryResolutionError: ufunc 'add' cannot use operands with types dtype('<M8[us]') and dtype('O')

2025-10-17 10:22:29-INFO-[tdms_reader_time.py:92]-使用通道起始时间: 2025-06-20T11:32:45.403797
2025-10-17 10:22:29-ERROR-[tdms_reader_time.py:139]-处理文件 20250620193246.763908.tdms 时出错: ufunc 'add' cannot use operands with types dtype('<M8[us]') and dtype('O')
2025-10-17 10:22:29-ERROR-[tdms_reader_time.py:141]-Traceback (most recent call last):
  File "C:\Users\17584\Documents\ALearning\Project\tools\DataProcess\src\data_io\tdms_reader_time.py", line 101, in process_tdms_file
    current_time = start_time + i * time_interval
numpy.core._exceptions._UFuncBinaryResolutionError: ufunc 'add' cannot use operands with types dtype('<M8[us]') and dtype('O')

2025-10-17 10:22:30-INFO-[tdms_reader_time.py:73]-处理文件: 20250620193252.662583.tdms, 数据长度: 200000, 通道数: 16
2025-10-17 10:22:30-INFO-[tdms_reader_time.py:82]-使用实际采样间隔: 5e-06 秒
2025-10-17 10:22:30-INFO-[tdms_reader_time.py:92]-使用通道起始时间: 2025-06-20T11:32:51.300321
2025-10-17 10:22:30-ERROR-[tdms_reader_time.py:139]-处理文件 20250620193252.662583.tdms 时出错: ufunc 'add' cannot use operands with types dtype('<M8[us]') and dtype('O')
2025-10-17 10:22:30-ERROR-[tdms_reader_time.py:141]-Traceback (most recent call last):
  File "C:\Users\17584\Documents\ALearning\Project\tools\DataProcess\src\data_io\tdms_reader_time.py", line 101, in process_tdms_file
    current_time = start_time + i * time_interval
numpy.core._exceptions._UFuncBinaryResolutionError: ufunc 'add' cannot use operands with types dtype('<M8[us]') and dtype('O')

2025-10-17 10:22:30-INFO-[tdms_reader_time.py:73]-处理文件: 20250620193258.574172.tdms, 数据长度: 200000, 通道数: 16
2025-10-17 10:22:30-INFO-[tdms_reader_time.py:73]-处理文件: 20250620193307.430461.tdms, 数据长度: 200000, 通道数: 16
2025-10-17 10:22:30-INFO-[tdms_reader_time.py:82]-使用实际采样间隔: 5e-06 秒
2025-10-17 10:22:30-INFO-[tdms_reader_time.py:82]-使用实际采样间隔: 5e-06 秒
2025-10-17 10:22:30-INFO-[tdms_reader_time.py:73]-处理文件: 20250620193255.616210.tdms, 数据长度: 200000, 通道数: 16
2025-10-17 10:22:30-INFO-[tdms_reader_time.py:92]-使用通道起始时间: 2025-06-20T11:32:57.203055
2025-10-17 10:22:30-INFO-[tdms_reader_time.py:92]-使用通道起始时间: 2025-06-20T11:33:06.060083
2025-10-17 10:22:30-INFO-[tdms_reader_time.py:82]-使用实际采样间隔: 5e-06 秒
2025-10-17 10:22:30-ERROR-[tdms_reader_time.py:139]-处理文件 20250620193258.574172.tdms 时出错: ufunc 'add' cannot use operands with types dtype('<M8[us]') and dtype('O')
2025-10-17 10:22:30-ERROR-[tdms_reader_time.py:139]-处理文件 20250620193307.430461.tdms 时出错: ufunc 'add' cannot use operands with types dtype('<M8[us]') and dtype('O')
2025-10-17 10:22:30-INFO-[tdms_reader_time.py:73]-处理文件: 20250620193301.508846.tdms, 数据长度: 200000, 通道数: 16
2025-10-17 10:22:30-INFO-[tdms_reader_time.py:82]-使用实际采样间隔: 5e-06 秒
2025-10-17 10:22:30-ERROR-[tdms_reader_time.py:141]-Traceback (most recent call last):
  File "C:\Users\17584\Documents\ALearning\Project\tools\DataProcess\src\data_io\tdms_reader_time.py", line 101, in process_tdms_file
    current_time = start_time + i * time_interval
numpy.core._exceptions._UFuncBinaryResolutionError: ufunc 'add' cannot use operands with types dtype('<M8[us]') and dtype('O')

2025-10-17 10:22:30-INFO-[tdms_reader_time.py:73]-处理文件: 20250620193313.360571.tdms, 数据长度: 200000, 通道数: 16
2025-10-17 10:22:30-ERROR-[tdms_reader_time.py:139]-处理文件 20250620193255.616210.tdms 时出错: ufunc 'add' cannot use operands with types dtype('<M8[us]') and dtype('O')
2025-10-17 10:22:30-INFO-[tdms_reader_time.py:92]-使用通道起始时间: 2025-06-20T11:33:03.099288
2025-10-17 10:22:30-ERROR-[tdms_reader_time.py:141]-Traceback (most recent call last):
  File "C:\Users\17584\Documents\ALearning\Project\tools\DataProcess\src\data_io\tdms_reader_time.py", line 101, in process_tdms_file
    current_time = start_time + i * time_interval
numpy.core._exceptions._UFuncBinaryResolutionError: ufunc 'add' cannot use operands with types dtype('<M8[us]') and dtype('O')

2025-10-17 10:22:30-INFO-[tdms_reader_time.py:82]-使用实际采样间隔: 5e-06 秒
2025-10-17 10:22:30-INFO-[tdms_reader_time.py:92]-使用通道起始时间: 2025-06-20T11:33:00.141653
2025-10-17 10:22:30-ERROR-[tdms_reader_time.py:141]-Traceback (most recent call last):
  File "C:\Users\17584\Documents\ALearning\Project\tools\DataProcess\src\data_io\tdms_reader_time.py", line 101, in process_tdms_file
    current_time = start_time + i * time_interval
numpy.core._exceptions._UFuncBinaryResolutionError: ufunc 'add' cannot use operands with types dtype('<M8[us]') and dtype('O')

2025-10-17 10:22:30-ERROR-[tdms_reader_time.py:139]-处理文件 20250620193304.484258.tdms 时出错: ufunc 'add' cannot use operands with types dtype('<M8[us]') and dtype('O')
2025-10-17 10:22:30-INFO-[tdms_reader_time.py:92]-使用通道起始时间: 2025-06-20T11:33:11.997665
2025-10-17 10:22:30-ERROR-[tdms_reader_time.py:139]-处理文件 20250620193301.508846.tdms 时出错: ufunc 'add' cannot use operands with types dtype('<M8[us]') and dtype('O')
2025-10-17 10:22:30-ERROR-[tdms_reader_time.py:139]-处理文件 20250620193313.360571.tdms 时出错: ufunc 'add' cannot use operands with types dtype('<M8[us]') and dtype('O')
2025-10-17 10:22:30-ERROR-[tdms_reader_time.py:141]-Traceback (most recent call last):
  File "C:\Users\17584\Documents\ALearning\Project\tools\DataProcess\src\data_io\tdms_reader_time.py", line 101, in process_tdms_file
    current_time = start_time + i * time_interval
numpy.core._exceptions._UFuncBinaryResolutionError: ufunc 'add' cannot use operands with types dtype('<M8[us]') and dtype('O')

2025-10-17 10:22:30-ERROR-[tdms_reader_time.py:141]-Traceback (most recent call last):
  File "C:\Users\17584\Documents\ALearning\Project\tools\DataProcess\src\data_io\tdms_reader_time.py", line 101, in process_tdms_file
    current_time = start_time + i * time_interval
numpy.core._exceptions._UFuncBinaryResolutionError: ufunc 'add' cannot use operands with types dtype('<M8[us]') and dtype('O')

2025-10-17 10:22:30-ERROR-[tdms_reader_time.py:141]-Traceback (most recent call last):
  File "C:\Users\17584\Documents\ALearning\Project\tools\DataProcess\src\data_io\tdms_reader_time.py", line 101, in process_tdms_file
    current_time = start_time + i * time_interval
numpy.core._exceptions._UFuncBinaryResolutionError: ufunc 'add' cannot use operands with types dtype('<M8[us]') and dtype('O')

2025-10-17 10:22:30-INFO-[tdms_reader_time.py:73]-处理文件: 20250620193310.390563.tdms, 数据长度: 200000, 通道数: 16
2025-10-17 10:22:30-INFO-[tdms_reader_time.py:82]-使用实际采样间隔: 5e-06 秒
2025-10-17 10:22:30-INFO-[tdms_reader_time.py:92]-使用通道起始时间: 2025-06-20T11:33:09.026716
2025-10-17 10:22:30-INFO-[tdms_reader_time.py:73]-处理文件: 20250620193316.385404.tdms, 数据长度: 200000, 通道数: 16
2025-10-17 10:22:30-ERROR-[tdms_reader_time.py:139]-处理文件 20250620193310.390563.tdms 时出错: ufunc 'add' cannot use operands with types dtype('<M8[us]') and dtype('O')
2025-10-17 10:22:30-INFO-[tdms_reader_time.py:82]-使用实际采样间隔: 5e-06 秒
2025-10-17 10:22:30-INFO-[tdms_reader_time.py:92]-使用通道起始时间: 2025-06-20T11:33:15.016763
2025-10-17 10:22:30-ERROR-[tdms_reader_time.py:141]-Traceback (most recent call last):
  File "C:\Users\17584\Documents\ALearning\Project\tools\DataProcess\src\data_io\tdms_reader_time.py", line 101, in process_tdms_file
    current_time = start_time + i * time_interval
numpy.core._exceptions._UFuncBinaryResolutionError: ufunc 'add' cannot use operands with types dtype('<M8[us]') and dtype('O')

2025-10-17 10:22:30-INFO-[tdms_reader_time.py:73]-处理文件: 20250620193325.269995.tdms, 数据长度: 200000, 通道数: 16
2025-10-17 10:22:30-INFO-[tdms_reader_time.py:73]-处理文件: 20250620193322.349448.tdms, 数据长度: 200000, 通道数: 16
2025-10-17 10:22:30-ERROR-[tdms_reader_time.py:139]-处理文件 20250620193316.385404.tdms 时出错: ufunc 'add' cannot use operands with types dtype('<M8[us]') and dtype('O')
2025-10-17 10:22:30-INFO-[tdms_reader_time.py:82]-使用实际采样间隔: 5e-06 秒
2025-10-17 10:22:30-INFO-[tdms_reader_time.py:82]-使用实际采样间隔: 5e-06 秒
2025-10-17 10:22:30-INFO-[tdms_reader_time.py:92]-使用通道起始时间: 2025-06-20T11:33:23.909294
2025-10-17 10:22:30-ERROR-[tdms_reader_time.py:141]-Traceback (most recent call last):
  File "C:\Users\17584\Documents\ALearning\Project\tools\DataProcess\src\data_io\tdms_reader_time.py", line 101, in process_tdms_file
    current_time = start_time + i * time_interval
numpy.core._exceptions._UFuncBinaryResolutionError: ufunc 'add' cannot use operands with types dtype('<M8[us]') and dtype('O')

2025-10-17 10:22:30-INFO-[tdms_reader_time.py:92]-使用通道起始时间: 2025-06-20T11:33:20.991885
2025-10-17 10:22:30-INFO-[tdms_reader_time.py:73]-处理文件: 20250620193319.359090.tdms, 数据长度: 200000, 通道数: 16
2025-10-17 10:22:30-ERROR-[tdms_reader_time.py:139]-处理文件 20250620193325.269995.tdms 时出错: ufunc 'add' cannot use operands with types dtype('<M8[us]') and dtype('O')
2025-10-17 10:22:30-INFO-[tdms_reader_time.py:82]-使用实际采样间隔: 5e-06 秒
tdms 时出错: ufunc 'add' cannot use operands with types dtype('<M8[us]') and dtype('O')
2025-10-17 10:22:30-ERROR-[tdms_reader_time.py:141]-Traceback (most recent call last):
  File "C:\Users\17584\Documents\ALearning\Project\tools\DataProcess\src\data_io\tdms_reader_time.py", line 101, in process_tdms_file
    current_time = start_time + i * time_interval
numpy.core._exceptions._UFuncBinaryResolutionError: ufunc 'add' cannot use operands with types dtype('<M8[us]') and dtype('O')

2025-10-17 10:22:30-INFO-[tdms_reader_time.py:92]-使用通道起始时间: 2025-06-20T11:33:18.006834
2025-10-17 10:22:30-ERROR-[tdms_reader_time.py:141]-Traceback (most recent call last):
  File "C:\Users\17584\Documents\ALearning\Project\tools\DataProcess\src\data_io\tdms_reader_time.py", line 101, in process_tdms_file
    current_time = start_time + i * time_interval
numpy.core._exceptions._UFuncBinaryResolutionError: ufunc 'add' cannot use operands with types dtype('<M8[us]') and dtype('O')

2025-10-17 10:22:30-ERROR-[tdms_reader_time.py:139]-处理文件 20250620193319.359090.tdms 时出错: ufunc 'add' cannot use operands with types dtype('<M8[us]') and dtype('O')
2025-10-17 10:22:30-ERROR-[tdms_reader_time.py:141]-Traceback (most recent call last):
  File "C:\Users\17584\Documents\ALearning\Project\tools\DataProcess\src\data_io\tdms_reader_time.py", line 101, in process_tdms_file
    current_time = start_time + i * time_interval
numpy.core._exceptions._UFuncBinaryResolutionError: ufunc 'add' cannot use operands with types dtype('<M8[us]') and dtype('O')

2025-10-17 10:22:30-INFO-[tdms_reader_time.py:186]-所有文件处理完成
2025-10-17 10:22:30-INFO-[main.py:59]------------------------------执行完成-----------------------------
2025-10-17 10:26:51-INFO-[main.py:27]--------------------------启动数据分析系统-------------------------
2025-10-17 10:26:51-INFO-[file_utils.py:39]-paths.yaml 生成成功: C:\Users\17584\Documents\ALearning\Project\tools\DataProcess\config\paths.yaml
2025-10-17 10:26:51-INFO-[tdms_reader_time.py:38]-配置文件加载成功: C:\Users\17584\Documents\ALearning\Project\tools\DataProcess\config\paths.yaml
2025-10-17 10:26:51-INFO-[tdms_reader_time.py:172]-原始数据目录: D:/Lab/raw/2025.6.20
2025-10-17 10:26:51-INFO-[tdms_reader_time.py:173]-输出目录: D:/Lab/process/2025.6.20/time
2025-10-17 10:26:51-INFO-[tdms_reader_time.py:185]-找到 164 个TDMS文件
2025-10-17 10:26:54-INFO-[tdms_reader_time.py:44]-开始处理文件: D:/Lab/raw/2025.6.20\30hz\20250620205455.361056.tdms
2025-10-17 10:26:54-INFO-[tdms_reader_time.py:71]-处理文件: 20250620205455.361056.tdms, 数据长度: 200000, 通道数: 16
2025-10-17 10:26:54-INFO-[tdms_reader_time.py:80]-使用实际采样间隔: 5e-06 秒
2025-10-17 10:26:54-INFO-[tdms_reader_time.py:94]-使用通道起始时间: 2025-06-20 12:54:54.002876
2025-10-17 10:26:54-INFO-[tdms_reader_time.py:44]-开始处理文件: D:/Lab/raw/2025.6.20\30hz\20250620205458.257609.tdms
2025-10-17 10:26:54-INFO-[tdms_reader_time.py:71]-处理文件: 20250620205458.257609.tdms, 数据长度: 200000, 通道数: 16
2025-10-17 10:26:54-INFO-[tdms_reader_time.py:80]-使用实际采样间隔: 5e-06 秒
2025-10-17 10:26:54-INFO-[tdms_reader_time.py:94]-使用通道起始时间: 2025-06-20 12:54:56.888926
2025-10-17 10:26:54-INFO-[tdms_reader_time.py:44]-开始处理文件: D:/Lab/raw/2025.6.20\30hz\20250620205501.157457.tdms
2025-10-17 10:26:54-INFO-[tdms_reader_time.py:71]-处理文件: 20250620205501.157457.tdms, 数据长度: 200000, 通道数: 16
2025-10-17 10:26:54-INFO-[tdms_reader_time.py:80]-使用实际采样间隔: 5e-06 秒
2025-10-17 10:26:54-INFO-[tdms_reader_time.py:94]-使用通道起始时间: 2025-06-20 12:54:59.792038
2025-10-17 10:26:54-INFO-[tdms_reader_time.py:44]-开始处理文件: D:/Lab/raw/2025.6.20\30hz\20250620205504.026487.tdms
2025-10-17 10:26:54-INFO-[tdms_reader_time.py:71]-处理文件: 20250620205504.026487.tdms, 数据长度: 200000, 通道数: 16
2025-10-17 10:26:54-INFO-[tdms_reader_time.py:80]-使用实际采样间隔: 5e-06 秒
2025-10-17 10:26:54-INFO-[tdms_reader_time.py:94]-使用通道起始时间: 2025-06-20 12:55:02.668804
2025-10-17 10:26:54-INFO-[tdms_reader_time.py:44]-开始处理文件: D:/Lab/raw/2025.6.20\30hz\20250620205506.866113.tdms
2025-10-17 10:26:54-INFO-[tdms_reader_time.py:71]-处理文件: 20250620205506.866113.tdms, 数据长度: 200000, 通道数: 16
2025-10-17 10:26:54-INFO-[tdms_reader_time.py:80]-使用实际采样间隔: 5e-06 秒
2025-10-17 10:26:54-INFO-[tdms_reader_time.py:94]-使用通道起始时间: 2025-06-20 12:55:05.516600
2025-10-17 10:26:54-INFO-[tdms_reader_time.py:44]-开始处理文件: D:/Lab/raw/2025.6.20\30hz\20250620205509.740417.tdms
2025-10-17 10:26:54-INFO-[tdms_reader_time.py:71]-处理文件: 20250620205509.740417.tdms, 数据长度: 200000, 通道数: 16
2025-10-17 10:26:54-INFO-[tdms_reader_time.py:80]-使用实际采样间隔: 5e-06 秒
2025-10-17 10:26:54-INFO-[tdms_reader_time.py:94]-使用通道起始时间: 2025-06-20 12:55:08.394506
2025-10-17 10:26:54-INFO-[tdms_reader_time.py:44]-开始处理文件: D:/Lab/raw/2025.6.20\30hz\20250620205512.593425.tdms
2025-10-17 10:26:54-INFO-[tdms_reader_time.py:71]-处理文件: 20250620205512.593425.tdms, 数据长度: 200000, 通道数: 16
2025-10-17 10:26:54-INFO-[tdms_reader_time.py:80]-使用实际采样间隔: 5e-06 秒
2025-10-17 10:26:54-INFO-[tdms_reader_time.py:94]-使用通道起始时间: 2025-06-20 12:55:11.244407
2025-10-17 10:26:54-INFO-[tdms_reader_time.py:44]-开始处理文件: D:/Lab/raw/2025.6.20\30hz\20250620205515.474232.tdms
2025-10-17 10:26:54-INFO-[tdms_reader_time.py:44]-开始处理文件: D:/Lab/raw/2025.6.20\30hz\20250620205518.349068.tdms
2025-10-17 10:26:54-INFO-[tdms_reader_time.py:71]-处理文件: 20250620205515.474232.tdms, 数据长度: 200000, 通道数: 16
2025-10-17 10:26:54-INFO-[tdms_reader_time.py:80]-使用实际采样间隔: 5e-06 秒
2025-10-17 10:26:54-INFO-[tdms_reader_time.py:94]-使用通道起始时间: 2025-06-20 12:55:14.109502
2025-10-17 10:26:54-INFO-[tdms_reader_time.py:71]-处理文件: 20250620205518.349068.tdms, 数据长度: 200000, 通道数: 16
2025-10-17 10:26:54-INFO-[tdms_reader_time.py:80]-使用实际采样间隔: 5e-06 秒
2025-10-17 10:26:54-INFO-[tdms_reader_time.py:94]-使用通道起始时间: 2025-06-20 12:55:16.984420
2025-10-17 10:26:54-INFO-[tdms_reader_time.py:44]-开始处理文件: D:/Lab/raw/2025.6.20\30hz\20250620205521.206456.tdms
2025-10-17 10:26:54-INFO-[tdms_reader_time.py:44]-开始处理文件: D:/Lab/raw/2025.6.20\30hz\20250620205524.067070.tdms
2025-10-17 10:26:54-INFO-[tdms_reader_time.py:44]-开始处理文件: D:/Lab/raw/2025.6.20\30hz\20250620205526.960472.tdms
2025-10-17 10:26:54-INFO-[tdms_reader_time.py:71]-处理文件: 20250620205521.206456.tdms, 数据长度: 200000, 通道数: 16
2025-10-17 10:26:54-INFO-[tdms_reader_time.py:80]-使用实际采样间隔: 5e-06 秒
2025-10-17 10:26:54-INFO-[tdms_reader_time.py:94]-使用通道起始时间: 2025-06-20 12:55:19.862059
2025-10-17 10:26:54-INFO-[tdms_reader_time.py:71]-处理文件: 20250620205524.067070.tdms, 数据长度: 200000, 通道数: 16
2025-10-17 10:26:54-INFO-[tdms_reader_time.py:80]-使用实际采样间隔: 5e-06 秒
2025-10-17 10:26:54-INFO-[tdms_reader_time.py:94]-使用通道起始时间: 2025-06-20 12:55:22.723268
2025-10-17 10:26:54-INFO-[tdms_reader_time.py:71]-处理文件: 20250620205526.960472.tdms, 数据长度: 200000, 通道数: 16
2025-10-17 10:26:54-INFO-[tdms_reader_time.py:80]-使用实际采样间隔: 5e-06 秒
2025-10-17 10:26:54-INFO-[tdms_reader_time.py:94]-使用通道起始时间: 2025-06-20 12:55:25.583001
2025-10-17 10:26:54-INFO-[tdms_reader_time.py:44]-开始处理文件: D:/Lab/raw/2025.6.20\30hz\20250620205529.836771.tdms
2025-10-17 10:26:54-INFO-[tdms_reader_time.py:71]-处理文件: 20250620205529.836771.tdms, 数据长度: 200000, 通道数: 16
2025-10-17 10:26:54-INFO-[tdms_reader_time.py:80]-使用实际采样间隔: 5e-06 秒
2025-10-17 10:26:54-INFO-[tdms_reader_time.py:94]-使用通道起始时间: 2025-06-20 12:55:28.477993
2025-10-17 10:26:54-INFO-[tdms_reader_time.py:44]-开始处理文件: D:/Lab/raw/2025.6.20\30hz\20250620205532.720182.tdms
2025-10-17 10:26:55-INFO-[tdms_reader_time.py:44]-开始处理文件: D:/Lab/raw/2025.6.20\30hz\20250620205535.616021.tdms
2025-10-17 10:26:55-INFO-[tdms_reader_time.py:71]-处理文件: 20250620205532.720182.tdms, 数据长度: 200000, 通道数: 16
2025-10-17 10:26:55-INFO-[tdms_reader_time.py:80]-使用实际采样间隔: 5e-06 秒
2025-10-17 10:26:55-INFO-[tdms_reader_time.py:94]-使用通道起始时间: 2025-06-20 12:55:31.365863
2025-10-17 10:26:55-INFO-[tdms_reader_time.py:71]-处理文件: 20250620205535.616021.tdms, 数据长度: 200000, 通道数: 16
2025-10-17 10:26:55-INFO-[tdms_reader_time.py:80]-使用实际采样间隔: 5e-06 秒
2025-10-17 10:26:55-INFO-[tdms_reader_time.py:94]-使用通道起始时间: 2025-06-20 12:55:34.254333
2025-10-17 10:26:55-INFO-[tdms_reader_time.py:44]-开始处理文件: D:/Lab/raw/2025.6.20\30hz\20250620205538.511375.tdms
2025-10-17 10:26:55-INFO-[tdms_reader_time.py:71]-处理文件: 20250620205538.511375.tdms, 数据长度: 200000, 通道数: 16
2025-10-17 10:26:55-INFO-[tdms_reader_time.py:44]-开始处理文件: D:/Lab/raw/2025.6.20\30hz\20250620205541.382788.tdms
2025-10-17 10:26:55-INFO-[tdms_reader_time.py:80]-使用实际采样间隔: 5e-06 秒
2025-10-17 10:26:55-INFO-[tdms_reader_time.py:94]-使用通道起始时间: 2025-06-20 12:55:37.135151
2025-10-17 10:26:55-INFO-[tdms_reader_time.py:71]-处理文件: 20250620205541.382788.tdms, 数据长度: 200000, 通道数: 16
2025-10-17 10:26:55-INFO-[tdms_reader_time.py:80]-使用实际采样间隔: 5e-06 秒
2025-10-17 10:26:55-INFO-[tdms_reader_time.py:94]-使用通道起始时间: 2025-06-20 12:55:40.032800
2025-10-17 10:26:55-INFO-[tdms_reader_time.py:44]-开始处理文件: D:/Lab/raw/2025.6.20\30hz\20250620205544.253550.tdms
2025-10-17 10:26:55-INFO-[tdms_reader_time.py:44]-开始处理文件: D:/Lab/raw/2025.6.20\30hz\20250620205547.172719.tdms
2025-10-17 10:26:55-INFO-[tdms_reader_time.py:44]-开始处理文件: D:/Lab/raw/2025.6.20\30hz\20250620205550.074166.tdms
2025-10-17 10:26:55-INFO-[tdms_reader_time.py:71]-处理文件: 20250620205544.253550.tdms, 数据长度: 200000, 通道数: 16
2025-10-17 10:26:55-INFO-[tdms_reader_time.py:80]-使用实际采样间隔: 5e-06 秒
2025-10-17 10:26:55-INFO-[tdms_reader_time.py:44]-开始处理文件: D:/Lab/raw/2025.6.20\30hz\20250620205552.959105.tdms
2025-10-17 10:26:55-INFO-[tdms_reader_time.py:44]-开始处理文件: D:/Lab/raw/2025.6.20\30hz\20250620205555.848733.tdms
2025-10-17 10:26:55-INFO-[tdms_reader_time.py:94]-使用通道起始时间: 2025-06-20 12:55:42.892190
2025-10-17 10:26:55-INFO-[tdms_reader_time.py:71]-处理文件: 20250620205547.172719.tdms, 数据长度: 200000, 通道数: 16
2025-10-17 10:26:55-INFO-[tdms_reader_time.py:80]-使用实际采样间隔: 5e-06 秒
2025-10-17 10:26:55-INFO-[tdms_reader_time.py:44]-开始处理文件: D:/Lab/raw/2025.6.20\30hz\20250620205558.740427.tdms
2025-10-17 10:26:55-INFO-[tdms_reader_time.py:94]-使用通道起始时间: 2025-06-20 12:55:45.777568
2025-10-17 10:26:55-INFO-[tdms_reader_time.py:71]-处理文件: 20250620205550.074166.tdms, 数据长度: 200000, 通道数: 16
2025-10-17 10:26:55-INFO-[tdms_reader_time.py:80]-使用实际采样间隔: 5e-06 秒
2025-10-17 10:26:55-INFO-[tdms_reader_time.py:71]-处理文件: 20250620205555.848733.tdms, 数据长度: 200000, 通道数: 16
2025-10-17 10:26:55-INFO-[tdms_reader_time.py:71]-处理文件: 20250620205552.959105.tdms, 数据长度: 200000, 通道数: 16
2025-10-17 10:26:55-INFO-[tdms_reader_time.py:94]-使用通道起始时间: 2025-06-20 12:55:48.686811
2025-10-17 10:26:55-INFO-[tdms_reader_time.py:80]-使用实际采样间隔: 5e-06 秒
2025-10-17 10:26:55-INFO-[tdms_reader_time.py:94]-使用通道起始时间: 2025-06-20 12:55:54.467490
2025-10-17 10:26:55-INFO-[tdms_reader_time.py:94]-使用通道起始时间: 2025-06-20 12:55:51.596321
2025-10-17 10:26:55-INFO-[tdms_reader_time.py:71]-处理文件: 20250620205558.740427.tdms, 数据长度: 200000, 通道数: 16
2025-10-17 10:26:55-INFO-[tdms_reader_time.py:80]-使用实际采样间隔: 5e-06 秒
2025-10-17 10:26:55-INFO-[tdms_reader_time.py:94]-使用通道起始时间: 2025-06-20 12:55:57.364361
2025-10-17 10:26:55-INFO-[tdms_reader_time.py:44]-开始处理文件: D:/Lab/raw/2025.6.20\30hz\20250620205601.429140.tdms
2025-10-17 10:26:55-INFO-[tdms_reader_time.py:71]-处理文件: 20250620205601.429140.tdms, 数据长度: 200000, 通道数: 16
2025-10-17 10:26:55-INFO-[tdms_reader_time.py:80]-使用实际采样间隔: 5e-06 秒
2025-10-17 10:26:55-INFO-[tdms_reader_time.py:94]-使用通道起始时间: 2025-06-20 12:56:00.046237
2025-10-17 10:26:55-INFO-[tdms_reader_time.py:44]-开始处理文件: D:/Lab/raw/2025.6.20\50hz\20250620203946.014336.tdms
2025-10-17 10:26:55-INFO-[tdms_reader_time.py:44]-开始处理文件: D:/Lab/raw/2025.6.20\50hz\20250620203943.117518.tdms
2025-10-17 10:26:55-INFO-[tdms_reader_time.py:44]-开始处理文件: D:/Lab/raw/2025.6.20\50hz\20250620203948.997384.tdms
2025-10-17 10:26:55-INFO-[tdms_reader_time.py:44]-开始处理文件: D:/Lab/raw/2025.6.20\50hz\20250620203951.928351.tdms
2025-10-17 10:26:55-INFO-[tdms_reader_time.py:71]-处理文件: 20250620203946.014336.tdms, 数据长度: 200000, 通道数: 16
2025-10-17 10:26:55-INFO-[tdms_reader_time.py:80]-使用实际采样间隔: 5e-06 秒
2025-10-17 10:26:55-INFO-[tdms_reader_time.py:94]-使用通道起始时间: 2025-06-20 12:39:44.662246
2025-10-17 10:26:55-INFO-[tdms_reader_time.py:71]-处理文件: 20250620203943.117518.tdms, 数据长度: 200000, 通道数: 16
2025-10-17 10:26:55-INFO-[tdms_reader_time.py:71]-处理文件: 20250620203948.997384.tdms, 数据长度: 200000, 通道数: 16
2025-10-17 10:26:55-INFO-[tdms_reader_time.py:80]-使用实际采样间隔: 5e-06 秒
2025-10-17 10:26:55-INFO-[tdms_reader_time.py:80]-使用实际采样间隔: 5e-06 秒
2025-10-17 10:26:55-INFO-[tdms_reader_time.py:94]-使用通道起始时间: 2025-06-20 12:39:41.742630
2025-10-17 10:26:55-INFO-[tdms_reader_time.py:94]-使用通道起始时间: 2025-06-20 12:39:47.604040
2025-10-17 10:26:55-INFO-[tdms_reader_time.py:71]-处理文件: 20250620203951.928351.tdms, 数据长度: 200000, 通道数: 16
2025-10-17 10:26:55-INFO-[tdms_reader_time.py:80]-使用实际采样间隔: 5e-06 秒
2025-10-17 10:26:55-INFO-[tdms_reader_time.py:94]-使用通道起始时间: 2025-06-20 12:39:50.560411
2025-10-17 10:26:57-INFO-[tdms_reader_time.py:137]-  已写入 100000/200000 行数据
2025-10-17 10:26:57-INFO-[tdms_reader_time.py:137]-  已写入 100000/200000 行数据
2025-10-17 10:26:57-INFO-[tdms_reader_time.py:137]-  已写入 100000/200000 行数据
2025-10-17 10:26:57-INFO-[tdms_reader_time.py:137]-  已写入 100000/200000 行数据
2025-10-17 10:26:57-INFO-[tdms_reader_time.py:137]-  已写入 100000/200000 行数据
2025-10-17 10:26:58-INFO-[tdms_reader_time.py:137]-  已写入 100000/200000 行数据
2025-10-17 10:26:58-INFO-[tdms_reader_time.py:137]-  已写入 100000/200000 行数据
2025-10-17 10:26:58-INFO-[tdms_reader_time.py:137]-  已写入 100000/200000 行数据
2025-10-17 10:26:58-INFO-[tdms_reader_time.py:137]-  已写入 100000/200000 行数据
2025-10-17 10:26:58-INFO-[tdms_reader_time.py:137]-  已写入 100000/200000 行数据
2025-10-17 10:26:58-INFO-[tdms_reader_time.py:137]-  已写入 100000/200000 行数据
2025-10-17 10:26:58-INFO-[tdms_reader_time.py:137]-  已写入 100000/200000 行数据
2025-10-17 10:26:58-INFO-[tdms_reader_time.py:137]-  已写入 100000/200000 行数据
2025-10-17 10:26:58-INFO-[tdms_reader_time.py:137]-  已写入 100000/200000 行数据
2025-10-17 10:26:58-INFO-[tdms_reader_time.py:137]-  已写入 100000/200000 行数据
2025-10-17 10:26:58-INFO-[tdms_reader_time.py:137]-  已写入 100000/200000 行数据
2025-10-17 10:26:58-INFO-[tdms_reader_time.py:137]-  已写入 100000/200000 行数据
2025-10-17 10:26:58-INFO-[tdms_reader_time.py:137]-  已写入 100000/200000 行数据
2025-10-17 10:26:58-INFO-[tdms_reader_time.py:137]-  已写入 100000/200000 行数据
2025-10-17 10:26:58-INFO-[tdms_reader_time.py:137]-  已写入 100000/200000 行数据
2025-10-17 10:26:58-INFO-[tdms_reader_time.py:137]-  已写入 100000/200000 行数据
2025-10-17 10:26:58-INFO-[tdms_reader_time.py:137]-  已写入 100000/200000 行数据
2025-10-17 10:26:58-INFO-[tdms_reader_time.py:137]-  已写入 100000/200000 行数据
2025-10-17 10:26:58-INFO-[tdms_reader_time.py:137]-  已写入 100000/200000 行数据
2025-10-17 10:26:58-INFO-[tdms_reader_time.py:137]-  已写入 100000/200000 行数据
2025-10-17 10:26:58-INFO-[tdms_reader_time.py:137]-  已写入 100000/200000 行数据
2025-10-17 10:26:58-INFO-[tdms_reader_time.py:137]-  已写入 100000/200000 行数据
2025-10-17 10:26:58-INFO-[tdms_reader_time.py:137]-  已写入 200000/200000 行数据
2025-10-17 10:26:58-INFO-[tdms_reader_time.py:139]-已转换: 20250620205455.361056.tdms -> D:/Lab/process/2025.6.20/time\30hz\20250620205455.361056.csv
2025-10-17 10:26:58-INFO-[tdms_reader_time.py:44]-开始处理文件: D:/Lab/raw/2025.6.20\50hz\20250620203954.838344.tdms
2025-10-17 10:26:58-INFO-[tdms_reader_time.py:137]-  已写入 100000/200000 行数据
2025-10-17 10:26:58-INFO-[tdms_reader_time.py:71]-处理文件: 20250620203954.838344.tdms, 数据长度: 200000, 通道数: 16
2025-10-17 10:26:58-INFO-[tdms_reader_time.py:80]-使用实际采样间隔: 5e-06 秒
2025-10-17 10:26:58-INFO-[tdms_reader_time.py:94]-使用通道起始时间: 2025-06-20 12:39:53.483955
2025-10-17 10:26:59-INFO-[tdms_reader_time.py:137]-  已写入 200000/200000 行数据
2025-10-17 10:26:59-INFO-[tdms_reader_time.py:139]-已转换: 20250620205458.257609.tdms -> D:/Lab/process/2025.6.20/time\30hz\20250620205458.257609.csv
2025-10-17 10:26:59-INFO-[tdms_reader_time.py:44]-开始处理文件: D:/Lab/raw/2025.6.20\50hz\20250620203957.759340.tdms
2025-10-17 10:26:59-INFO-[tdms_reader_time.py:71]-处理文件: 20250620203957.759340.tdms, 数据长度: 200000, 通道数: 16
2025-10-17 10:26:59-INFO-[tdms_reader_time.py:80]-使用实际采样间隔: 5e-06 秒
2025-10-17 10:26:59-INFO-[tdms_reader_time.py:94]-使用通道起始时间: 2025-06-20 12:39:56.408238
2025-10-17 10:26:59-INFO-[tdms_reader_time.py:137]-  已写入 200000/200000 行数据
2025-10-17 10:26:59-INFO-[tdms_reader_time.py:139]-已转换: 20250620205501.157457.tdms -> D:/Lab/process/2025.6.20/time\30hz\20250620205501.157457.csv
2025-10-17 10:26:59-INFO-[tdms_reader_time.py:44]-开始处理文件: D:/Lab/raw/2025.6.20\50hz\20250620204000.623816.tdms
2025-10-17 10:26:59-INFO-[tdms_reader_time.py:71]-处理文件: 20250620204000.623816.tdms, 数据长度: 200000, 通道数: 16
2025-10-17 10:26:59-INFO-[tdms_reader_time.py:80]-使用实际采样间隔: 5e-06 秒
2025-10-17 10:26:59-INFO-[tdms_reader_time.py:94]-使用通道起始时间: 2025-06-20 12:39:59.267487
2025-10-17 10:26:59-INFO-[tdms_reader_time.py:137]-  已写入 200000/200000 行数据
2025-10-17 10:26:59-INFO-[tdms_reader_time.py:139]-已转换: 20250620205504.026487.tdms -> D:/Lab/process/2025.6.20/time\30hz\20250620205504.026487.csv
2025-10-17 10:26:59-INFO-[tdms_reader_time.py:44]-开始处理文件: D:/Lab/raw/2025.6.20\50hz\20250620204003.597035.tdms
2025-10-17 10:26:59-INFO-[tdms_reader_time.py:137]-  已写入 200000/200000 行数据
2025-10-17 10:26:59-INFO-[tdms_reader_time.py:139]-已转换: 20250620205506.866113.tdms -> D:/Lab/process/2025.6.20/time\30hz\20250620205506.866113.csv
2025-10-17 10:26:59-INFO-[tdms_reader_time.py:44]-开始处理文件: D:/Lab/raw/2025.6.20\50hz\20250620204006.502835.tdms
2025-10-17 10:26:59-INFO-[tdms_reader_time.py:71]-处理文件: 20250620204003.597035.tdms, 数据长度: 200000, 通道数: 16
2025-10-17 10:26:59-INFO-[tdms_reader_time.py:80]-使用实际采样间隔: 5e-06 秒
2025-10-17 10:26:59-INFO-[tdms_reader_time.py:94]-使用通道起始时间: 2025-06-20 12:40:02.213574
2025-10-17 10:26:59-INFO-[tdms_reader_time.py:71]-处理文件: 20250620204006.502835.tdms, 数据长度: 200000, 通道数: 16
2025-10-17 10:26:59-INFO-[tdms_reader_time.py:80]-使用实际采样间隔: 5e-06 秒
2025-10-17 10:26:59-INFO-[tdms_reader_time.py:94]-使用通道起始时间: 2025-06-20 12:40:05.143713
2025-10-17 10:26:59-INFO-[tdms_reader_time.py:137]-  已写入 200000/200000 行数据
2025-10-17 10:26:59-INFO-[tdms_reader_time.py:139]-已转换: 20250620205509.740417.tdms -> D:/Lab/process/2025.6.20/time\30hz\20250620205509.740417.csv
2025-10-17 10:26:59-INFO-[tdms_reader_time.py:44]-开始处理文件: D:/Lab/raw/2025.6.20\50hz\20250620204009.381570.tdms
2025-10-17 10:26:59-INFO-[tdms_reader_time.py:71]-处理文件: 20250620204009.381570.tdms, 数据长度: 200000, 通道数: 16
2025-10-17 10:26:59-INFO-[tdms_reader_time.py:80]-使用实际采样间隔: 5e-06 秒
2025-10-17 10:26:59-INFO-[tdms_reader_time.py:94]-使用通道起始时间: 2025-06-20 12:40:08.028342
2025-10-17 10:26:59-INFO-[tdms_reader_time.py:137]-  已写入 200000/200000 行数据
2025-10-17 10:26:59-INFO-[tdms_reader_time.py:139]-已转换: 20250620205512.593425.tdms -> D:/Lab/process/2025.6.20/time\30hz\20250620205512.593425.csv
2025-10-17 10:26:59-INFO-[tdms_reader_time.py:44]-开始处理文件: D:/Lab/raw/2025.6.20\50hz\20250620204012.290275.tdms
2025-10-17 10:26:59-INFO-[tdms_reader_time.py:71]-处理文件: 20250620204012.290275.tdms, 数据长度: 200000, 通道数: 16
2025-10-17 10:26:59-INFO-[tdms_reader_time.py:80]-使用实际采样间隔: 5e-06 秒
2025-10-17 10:26:59-INFO-[tdms_reader_time.py:94]-使用通道起始时间: 2025-06-20 12:40:10.923739
2025-10-17 10:26:59-INFO-[tdms_reader_time.py:137]-  已写入 200000/200000 行数据
2025-10-17 10:26:59-INFO-[tdms_reader_time.py:137]-  已写入 200000/200000 行数据
2025-10-17 10:26:59-INFO-[tdms_reader_time.py:139]-已转换: 20250620205515.474232.tdms -> D:/Lab/process/2025.6.20/time\30hz\20250620205515.474232.csv
2025-10-17 10:26:59-INFO-[tdms_reader_time.py:139]-已转换: 20250620205524.067070.tdms -> D:/Lab/process/2025.6.20/time\30hz\20250620205524.067070.csv
2025-10-17 10:26:59-INFO-[tdms_reader_time.py:44]-开始处理文件: D:/Lab/raw/2025.6.20\50hz\20250620204015.172895.tdms
2025-10-17 10:26:59-INFO-[tdms_reader_time.py:44]-开始处理文件: D:/Lab/raw/2025.6.20\50hz\20250620204018.073789.tdms
2025-10-17 10:26:59-INFO-[tdms_reader_time.py:71]-处理文件: 20250620204015.172895.tdms, 数据长度: 200000, 通道数: 16
2025-10-17 10:26:59-INFO-[tdms_reader_time.py:80]-使用实际采样间隔: 5e-06 秒
2025-10-17 10:26:59-INFO-[tdms_reader_time.py:94]-使用通道起始时间: 2025-06-20 12:40:13.811309
2025-10-17 10:26:59-INFO-[tdms_reader_time.py:137]-  已写入 200000/200000 行数据
2025-10-17 10:26:59-INFO-[tdms_reader_time.py:139]-已转换: 20250620205518.349068.tdms -> D:/Lab/process/2025.6.20/time\30hz\20250620205518.349068.csv
2025-10-17 10:26:59-INFO-[tdms_reader_time.py:71]-处理文件: 20250620204018.073789.tdms, 数据长度: 200000, 通道数: 16
2025-10-17 10:26:59-INFO-[tdms_reader_time.py:137]-  已写入 200000/200000 行数据
2025-10-17 10:26:59-INFO-[tdms_reader_time.py:44]-开始处理文件: D:/Lab/raw/2025.6.20\50hz\20250620204020.965725.tdms
2025-10-17 10:26:59-INFO-[tdms_reader_time.py:80]-使用实际采样间隔: 5e-06 秒
2025-10-17 10:26:59-INFO-[tdms_reader_time.py:94]-使用通道起始时间: 2025-06-20 12:40:16.711235
2025-10-17 10:26:59-INFO-[tdms_reader_time.py:139]-已转换: 20250620205526.960472.tdms -> D:/Lab/process/2025.6.20/time\30hz\20250620205526.960472.csv
2025-10-17 10:26:59-INFO-[tdms_reader_time.py:44]-开始处理文件: D:/Lab/raw/2025.6.20\50hz\20250620204023.874951.tdms
2025-10-17 10:26:59-INFO-[tdms_reader_time.py:137]-  已写入 200000/200000 行数据
2025-10-17 10:26:59-INFO-[tdms_reader_time.py:139]-已转换: 20250620205535.616021.tdms -> D:/Lab/process/2025.6.20/time\30hz\20250620205535.616021.csv
2025-10-17 10:27:00-INFO-[tdms_reader_time.py:71]-处理文件: 20250620204020.965725.tdms, 数据长度: 200000, 通道数: 16
2025-10-17 10:27:00-INFO-[tdms_reader_time.py:80]-使用实际采样间隔: 5e-06 秒
2025-10-17 10:27:00-INFO-[tdms_reader_time.py:94]-使用通道起始时间: 2025-06-20 12:40:19.611645
2025-10-17 10:27:00-INFO-[tdms_reader_time.py:44]-开始处理文件: D:/Lab/raw/2025.6.20\50hz\20250620204026.769314.tdms
2025-10-17 10:27:00-INFO-[tdms_reader_time.py:71]-处理文件: 20250620204023.874951.tdms, 数据长度: 200000, 通道数: 16
2025-10-17 10:27:00-INFO-[tdms_reader_time.py:80]-使用实际采样间隔: 5e-06 秒
2025-10-17 10:27:00-INFO-[tdms_reader_time.py:94]-使用通道起始时间: 2025-06-20 12:40:22.523580
2025-10-17 10:27:00-INFO-[tdms_reader_time.py:137]-  已写入 200000/200000 行数据
2025-10-17 10:27:00-INFO-[tdms_reader_time.py:139]-已转换: 20250620205521.206456.tdms -> D:/Lab/process/2025.6.20/time\30hz\20250620205521.206456.csv
2025-10-17 10:27:00-INFO-[tdms_reader_time.py:137]-  已写入 200000/200000 行数据
2025-10-17 10:27:00-INFO-[tdms_reader_time.py:139]-已转换: 20250620205529.836771.tdms -> D:/Lab/process/2025.6.20/time\30hz\20250620205529.836771.csv
2025-10-17 10:27:00-INFO-[tdms_reader_time.py:71]-处理文件: 20250620204026.769314.tdms, 数据长度: 200000, 通道数: 16
2025-10-17 10:27:00-INFO-[tdms_reader_time.py:80]-使用实际采样间隔: 5e-06 秒
2025-10-17 10:27:00-INFO-[tdms_reader_time.py:44]-开始处理文件: D:/Lab/raw/2025.6.20\50hz\20250620204029.679945.tdms
2025-10-17 10:27:00-INFO-[tdms_reader_time.py:94]-使用通道起始时间: 2025-06-20 12:40:25.409663
2025-10-17 10:27:00-INFO-[tdms_reader_time.py:44]-开始处理文件: D:/Lab/raw/2025.6.20\50hz\20250620204032.660249.tdms
2025-10-17 10:27:00-INFO-[tdms_reader_time.py:137]-  已写入 200000/200000 行数据
2025-10-17 10:27:00-INFO-[tdms_reader_time.py:139]-已转换: 20250620205532.720182.tdms -> D:/Lab/process/2025.6.20/time\30hz\20250620205532.720182.csv
2025-10-17 10:27:00-INFO-[tdms_reader_time.py:71]-处理文件: 20250620204029.679945.tdms, 数据长度: 200000, 通道数: 16
2025-10-17 10:27:00-INFO-[tdms_reader_time.py:80]-使用实际采样间隔: 5e-06 秒
2025-10-17 10:27:00-INFO-[tdms_reader_time.py:94]-使用通道起始时间: 2025-06-20 12:40:28.287687
2025-10-17 10:27:00-INFO-[tdms_reader_time.py:44]-开始处理文件: D:/Lab/raw/2025.6.20\50hz\20250620204035.578939.tdms
2025-10-17 10:27:00-INFO-[tdms_reader_time.py:71]-处理文件: 20250620204032.660249.tdms, 数据长度: 200000, 通道数: 16
2025-10-17 10:27:00-INFO-[tdms_reader_time.py:80]-使用实际采样间隔: 5e-06 秒
2025-10-17 10:27:00-INFO-[tdms_reader_time.py:94]-使用通道起始时间: 2025-06-20 12:40:31.269728
2025-10-17 10:27:00-INFO-[tdms_reader_time.py:137]-  已写入 200000/200000 行数据
2025-10-17 10:27:00-INFO-[tdms_reader_time.py:139]-已转换: 20250620205538.511375.tdms -> D:/Lab/process/2025.6.20/time\30hz\20250620205538.511375.csv
2025-10-17 10:27:00-INFO-[tdms_reader_time.py:71]-处理文件: 20250620204035.578939.tdms, 数据长度: 200000, 通道数: 16
2025-10-17 10:27:00-INFO-[tdms_reader_time.py:80]-使用实际采样间隔: 5e-06 秒
2025-10-17 10:27:00-INFO-[tdms_reader_time.py:94]-使用通道起始时间: 2025-06-20 12:40:34.212728
2025-10-17 10:27:00-INFO-[tdms_reader_time.py:44]-开始处理文件: D:/Lab/raw/2025.6.20\50hz\20250620204038.547364.tdms
2025-10-17 10:27:00-INFO-[tdms_reader_time.py:71]-处理文件: 20250620204038.547364.tdms, 数据长度: 200000, 通道数: 16
2025-10-17 10:27:00-INFO-[tdms_reader_time.py:80]-使用实际采样间隔: 5e-06 秒
2025-10-17 10:27:00-INFO-[tdms_reader_time.py:94]-使用通道起始时间: 2025-06-20 12:40:37.143602
2025-10-17 10:27:00-INFO-[tdms_reader_time.py:137]-  已写入 200000/200000 行数据
2025-10-17 10:27:00-INFO-[tdms_reader_time.py:139]-已转换: 20250620205552.959105.tdms -> D:/Lab/process/2025.6.20/time\30hz\20250620205552.959105.csv
2025-10-17 10:27:00-INFO-[tdms_reader_time.py:137]-  已写入 200000/200000 行数据
2025-10-17 10:27:00-INFO-[tdms_reader_time.py:44]-开始处理文件: D:/Lab/raw/2025.6.20\50hz\20250620204041.503131.tdms
2025-10-17 10:27:00-INFO-[tdms_reader_time.py:139]-已转换: 20250620205547.172719.tdms -> D:/Lab/process/2025.6.20/time\30hz\20250620205547.172719.csv
2025-10-17 10:27:00-INFO-[tdms_reader_time.py:137]-  已写入 200000/200000 行数据
2025-10-17 10:27:00-INFO-[tdms_reader_time.py:139]-已转换: 20250620205555.848733.tdms -> D:/Lab/process/2025.6.20/time\30hz\20250620205555.848733.csv
2025-10-17 10:27:00-INFO-[tdms_reader_time.py:44]-开始处理文件: D:/Lab/raw/2025.6.20\50hz\20250620204044.399715.tdms
2025-10-17 10:27:00-INFO-[tdms_reader_time.py:44]-开始处理文件: D:/Lab/raw/2025.6.20\50hz\20250620204047.316458.tdms
2025-10-17 10:27:00-INFO-[tdms_reader_time.py:71]-处理文件: 20250620204041.503131.tdms, 数据长度: 200000, 通道数: 16
2025-10-17 10:27:00-INFO-[tdms_reader_time.py:80]-使用实际采样间隔: 5e-06 秒
2025-10-17 10:27:00-INFO-[tdms_reader_time.py:94]-使用通道起始时间: 2025-06-20 12:40:40.125991
2025-10-17 10:27:00-INFO-[tdms_reader_time.py:71]-处理文件: 20250620204044.399715.tdms, 数据长度: 200000, 通道数: 16
2025-10-17 10:27:00-INFO-[tdms_reader_time.py:80]-使用实际采样间隔: 5e-06 秒
2025-10-17 10:27:00-INFO-[tdms_reader_time.py:71]-处理文件: 20250620204047.316458.tdms, 数据长度: 200000, 通道数: 16
2025-10-17 10:27:00-INFO-[tdms_reader_time.py:94]-使用通道起始时间: 2025-06-20 12:40:43.032670
2025-10-17 10:27:00-INFO-[tdms_reader_time.py:80]-使用实际采样间隔: 5e-06 秒
2025-10-17 10:27:00-INFO-[tdms_reader_time.py:94]-使用通道起始时间: 2025-06-20 12:40:45.960360
2025-10-17 10:27:00-INFO-[tdms_reader_time.py:137]-  已写入 200000/200000 行数据
2025-10-17 10:27:00-INFO-[tdms_reader_time.py:137]-  已写入 200000/200000 行数据
2025-10-17 10:27:00-INFO-[tdms_reader_time.py:139]-已转换: 20250620205558.740427.tdms -> D:/Lab/process/2025.6.20/time\30hz\20250620205558.740427.csv
2025-10-17 10:27:00-INFO-[tdms_reader_time.py:139]-已转换: 20250620205601.429140.tdms -> D:/Lab/process/2025.6.20/time\30hz\20250620205601.429140.csv
2025-10-17 10:27:00-INFO-[tdms_reader_time.py:137]-  已写入 200000/200000 行数据
2025-10-17 10:27:00-INFO-[tdms_reader_time.py:139]-已转换: 20250620203951.928351.tdms -> D:/Lab/process/2025.6.20/time\50hz\20250620203951.928351.csv
2025-10-17 10:27:00-INFO-[tdms_reader_time.py:137]-  已写入 200000/200000 行数据
2025-10-17 10:27:00-INFO-[tdms_reader_time.py:139]-已转换: 20250620205550.074166.tdms -> D:/Lab/process/2025.6.20/time\30hz\20250620205550.074166.csv
2025-10-17 10:27:00-INFO-[tdms_reader_time.py:44]-开始处理文件: D:/Lab/raw/2025.6.20\back\20250620194612.368512.tdms
2025-10-17 10:27:00-INFO-[tdms_reader_time.py:44]-开始处理文件: D:/Lab/raw/2025.6.20\back\20250620194615.280443.tdms
2025-10-17 10:27:00-INFO-[tdms_reader_time.py:44]-开始处理文件: D:/Lab/raw/2025.6.20\back\20250620194618.181950.tdms
2025-10-17 10:27:00-INFO-[tdms_reader_time.py:44]-开始处理文件: D:/Lab/raw/2025.6.20\back\20250620194621.140929.tdms
2025-10-17 10:27:00-INFO-[tdms_reader_time.py:137]-  已写入 200000/200000 行数据
2025-10-17 10:27:00-INFO-[tdms_reader_time.py:139]-已转换: 20250620205541.382788.tdms -> D:/Lab/process/2025.6.20/time\30hz\20250620205541.382788.csv
2025-10-17 10:27:00-INFO-[tdms_reader_time.py:137]-  已写入 200000/200000 行数据
2025-10-17 10:27:00-INFO-[tdms_reader_time.py:71]-处理文件: 20250620194615.280443.tdms, 数据长度: 200000, 通道数: 16
2025-10-17 10:27:00-INFO-[tdms_reader_time.py:80]-使用实际采样间隔: 5e-06 秒
2025-10-17 10:27:00-INFO-[tdms_reader_time.py:139]-已转换: 20250620205544.253550.tdms -> D:/Lab/process/2025.6.20/time\30hz\20250620205544.253550.csv
2025-10-17 10:27:00-INFO-[tdms_reader_time.py:71]-处理文件: 20250620194612.368512.tdms, 数据长度: 200000, 通道数: 16
2025-10-17 10:27:00-INFO-[tdms_reader_time.py:94]-使用通道起始时间: 2025-06-20 11:46:13.891491
2025-10-17 10:27:00-INFO-[tdms_reader_time.py:80]-使用实际采样间隔: 5e-06 秒
2025-10-17 10:27:00-INFO-[tdms_reader_time.py:80]-使用实际采样间隔: 5e-06 秒
2025-10-17 10:27:00-INFO-[tdms_reader_time.py:94]-使用通道起始时间: 2025-06-20 11:46:16.814146
2025-10-17 10:27:00-INFO-[tdms_reader_time.py:94]-使用通道起始时间: 2025-06-20 11:46:11.001639
2025-10-17 10:27:00-INFO-[tdms_reader_time.py:71]-处理文件: 20250620194621.140929.tdms, 数据长度: 200000, 通道数: 16
2025-10-17 10:27:00-INFO-[tdms_reader_time.py:44]-开始处理文件: D:/Lab/raw/2025.6.20\back\20250620194624.055741.tdms
2025-10-17 10:27:00-INFO-[tdms_reader_time.py:80]-使用实际采样间隔: 5e-06 秒
2025-10-17 10:27:00-INFO-[tdms_reader_time.py:94]-使用通道起始时间: 2025-06-20 11:46:19.766456
2025-10-17 10:27:00-INFO-[tdms_reader_time.py:44]-开始处理文件: D:/Lab/raw/2025.6.20\back\20250620194626.920608.tdms
2025-10-17 10:27:00-INFO-[tdms_reader_time.py:137]-  已写入 200000/200000 行数据
2025-10-17 10:27:00-INFO-[tdms_reader_time.py:139]-已转换: 20250620203946.014336.tdms -> D:/Lab/process/2025.6.20/time\50hz\20250620203946.014336.csv
2025-10-17 10:27:00-INFO-[tdms_reader_time.py:71]-处理文件: 20250620194624.055741.tdms, 数据长度: 200000, 通道数: 16
2025-10-17 10:27:00-INFO-[tdms_reader_time.py:80]-使用实际采样间隔: 5e-06 秒
2025-10-17 10:27:00-INFO-[tdms_reader_time.py:94]-使用通道起始时间: 2025-06-20 11:46:22.697196
2025-10-17 10:27:00-INFO-[tdms_reader_time.py:71]-处理文件: 20250620194626.920608.tdms, 数据长度: 200000, 通道数: 16
2025-10-17 10:27:00-INFO-[tdms_reader_time.py:80]-使用实际采样间隔: 5e-06 秒
2025-10-17 10:27:00-INFO-[tdms_reader_time.py:94]-使用通道起始时间: 2025-06-20 11:46:25.564345
2025-10-17 10:27:00-INFO-[tdms_reader_time.py:44]-开始处理文件: D:/Lab/raw/2025.6.20\back\20250620194629.813220.tdms
2025-10-17 10:27:00-INFO-[tdms_reader_time.py:71]-处理文件: 20250620194629.813220.tdms, 数据长度: 200000, 通道数: 16
2025-10-17 10:27:00-INFO-[tdms_reader_time.py:80]-使用实际采样间隔: 5e-06 秒
2025-10-17 10:27:00-INFO-[tdms_reader_time.py:94]-使用通道起始时间: 2025-06-20 11:46:28.459063
2025-10-17 10:27:00-INFO-[tdms_reader_time.py:137]-  已写入 200000/200000 行数据
2025-10-17 10:27:00-INFO-[tdms_reader_time.py:139]-已转换: 20250620203948.997384.tdms -> D:/Lab/process/2025.6.20/time\50hz\20250620203948.997384.csv
2025-10-17 10:27:00-INFO-[tdms_reader_time.py:44]-开始处理文件: D:/Lab/raw/2025.6.20\back\20250620194632.691684.tdms
2025-10-17 10:27:00-INFO-[tdms_reader_time.py:71]-处理文件: 20250620194632.691684.tdms, 数据长度: 200000, 通道数: 16
2025-10-17 10:27:00-INFO-[tdms_reader_time.py:80]-使用实际采样间隔: 5e-06 秒
2025-10-17 10:27:00-INFO-[tdms_reader_time.py:94]-使用通道起始时间: 2025-06-20 11:46:31.329261
2025-10-17 10:27:00-INFO-[tdms_reader_time.py:137]-  已写入 200000/200000 行数据
2025-10-17 10:27:00-INFO-[tdms_reader_time.py:139]-已转换: 20250620203943.117518.tdms -> D:/Lab/process/2025.6.20/time\50hz\20250620203943.117518.csv
2025-10-17 10:27:00-INFO-[tdms_reader_time.py:44]-开始处理文件: D:/Lab/raw/2025.6.20\back\20250620194635.587857.tdms
2025-10-17 10:27:00-INFO-[tdms_reader_time.py:71]-处理文件: 20250620194635.587857.tdms, 数据长度: 200000, 通道数: 16
2025-10-17 10:27:00-INFO-[tdms_reader_time.py:80]-使用实际采样间隔: 5e-06 秒
2025-10-17 10:27:00-INFO-[tdms_reader_time.py:94]-使用通道起始时间: 2025-06-20 11:46:34.234615
2025-10-17 10:27:02-INFO-[tdms_reader_time.py:137]-  已写入 100000/200000 行数据
2025-10-17 10:27:02-INFO-[tdms_reader_time.py:137]-  已写入 100000/200000 行数据
2025-10-17 10:27:02-INFO-[tdms_reader_time.py:137]-  已写入 100000/200000 行数据
2025-10-17 10:27:03-INFO-[tdms_reader_time.py:137]-  已写入 100000/200000 行数据
2025-10-17 10:27:03-INFO-[tdms_reader_time.py:137]-  已写入 100000/200000 行数据
2025-10-17 10:27:03-INFO-[tdms_reader_time.py:137]-  已写入 100000/200000 行数据
2025-10-17 10:27:03-INFO-[tdms_reader_time.py:137]-  已写入 100000/200000 行数据
2025-10-17 10:27:03-INFO-[tdms_reader_time.py:137]-  已写入 100000/200000 行数据
2025-10-17 10:27:03-INFO-[tdms_reader_time.py:137]-  已写入 100000/200000 行数据
2025-10-17 10:27:03-INFO-[tdms_reader_time.py:137]-  已写入 100000/200000 行数据
2025-10-17 10:27:03-INFO-[tdms_reader_time.py:137]-  已写入 100000/200000 行数据
2025-10-17 10:27:03-INFO-[tdms_reader_time.py:137]-  已写入 100000/200000 行数据
2025-10-17 10:27:03-INFO-[tdms_reader_time.py:137]-  已写入 100000/200000 行数据
2025-10-17 10:27:03-INFO-[tdms_reader_time.py:137]-  已写入 100000/200000 行数据
2025-10-17 10:27:03-INFO-[tdms_reader_time.py:137]-  已写入 100000/200000 行数据
2025-10-17 10:27:03-INFO-[tdms_reader_time.py:137]-  已写入 100000/200000 行数据
2025-10-17 10:27:03-INFO-[tdms_reader_time.py:137]-  已写入 100000/200000 行数据
2025-10-17 10:27:03-INFO-[tdms_reader_time.py:137]-  已写入 100000/200000 行数据
2025-10-17 10:27:03-INFO-[tdms_reader_time.py:137]-  已写入 100000/200000 行数据
2025-10-17 10:27:03-INFO-[tdms_reader_time.py:137]-  已写入 100000/200000 行数据
2025-10-17 10:27:03-INFO-[tdms_reader_time.py:137]-  已写入 100000/200000 行数据
2025-10-17 10:27:03-INFO-[tdms_reader_time.py:137]-  已写入 100000/200000 行数据
2025-10-17 10:27:03-INFO-[tdms_reader_time.py:137]-  已写入 100000/200000 行数据
2025-10-17 10:27:03-INFO-[tdms_reader_time.py:137]-  已写入 100000/200000 行数据
2025-10-17 10:27:03-INFO-[tdms_reader_time.py:137]-  已写入 100000/200000 行数据
2025-10-17 10:27:04-INFO-[tdms_reader_time.py:137]-  已写入 100000/200000 行数据
2025-10-17 10:27:06-INFO-[tdms_reader_time.py:137]-  已写入 100000/200000 行数据
2025-10-17 10:27:06-INFO-[tdms_reader_time.py:137]-  已写入 200000/200000 行数据
2025-10-17 10:27:06-INFO-[tdms_reader_time.py:139]-已转换: 20250620203957.759340.tdms -> D:/Lab/process/2025.6.20/time\50hz\20250620203957.759340.csv
2025-10-17 10:27:06-INFO-[tdms_reader_time.py:44]-开始处理文件: D:/Lab/raw/2025.6.20\back\20250620194638.548843.tdms
2025-10-17 10:27:06-INFO-[tdms_reader_time.py:137]-  已写入 200000/200000 行数据
2025-10-17 10:27:06-INFO-[tdms_reader_time.py:139]-已转换: 20250620203954.838344.tdms -> D:/Lab/process/2025.6.20/time\50hz\20250620203954.838344.csv
2025-10-17 10:27:06-INFO-[tdms_reader_time.py:71]-处理文件: 20250620194638.548843.tdms, 数据长度: 200000, 通道数: 16
2025-10-17 10:27:06-INFO-[tdms_reader_time.py:80]-使用实际采样间隔: 5e-06 秒
2025-10-17 10:27:06-INFO-[tdms_reader_time.py:44]-开始处理文件: D:/Lab/raw/2025.6.20\back\20250620194641.451865.tdms
2025-10-17 10:27:06-INFO-[tdms_reader_time.py:94]-使用通道起始时间: 2025-06-20 11:46:37.105886
2025-10-17 10:27:06-INFO-[tdms_reader_time.py:71]-处理文件: 20250620194641.451865.tdms, 数据长度: 200000, 通道数: 16
2025-10-17 10:27:06-INFO-[tdms_reader_time.py:80]-使用实际采样间隔: 5e-06 秒
2025-10-17 10:27:06-INFO-[tdms_reader_time.py:94]-使用通道起始时间: 2025-06-20 11:46:40.090155
2025-10-17 10:27:06-INFO-[tdms_reader_time.py:137]-  已写入 100000/200000 行数据
2025-10-17 10:27:06-INFO-[tdms_reader_time.py:137]-  已写入 200000/200000 行数据
2025-10-17 10:27:06-INFO-[tdms_reader_time.py:139]-已转换: 20250620204000.623816.tdms -> D:/Lab/process/2025.6.20/time\50hz\20250620204000.623816.csv
2025-10-17 10:27:06-INFO-[tdms_reader_time.py:44]-开始处理文件: D:/Lab/raw/2025.6.20\back\20250620194644.379134.tdms
2025-10-17 10:27:06-INFO-[tdms_reader_time.py:71]-处理文件: 20250620194644.379134.tdms, 数据长度: 200000, 通道数: 16
2025-10-17 10:27:06-INFO-[tdms_reader_time.py:80]-使用实际采样间隔: 5e-06 秒
2025-10-17 10:27:06-INFO-[tdms_reader_time.py:94]-使用通道起始时间: 2025-06-20 11:46:43.008657
2025-10-17 10:27:06-INFO-[tdms_reader_time.py:137]-  已写入 200000/200000 行数据
2025-10-17 10:27:06-INFO-[tdms_reader_time.py:139]-已转换: 20250620204003.597035.tdms -> D:/Lab/process/2025.6.20/time\50hz\20250620204003.597035.csv
2025-10-17 10:27:06-INFO-[tdms_reader_time.py:44]-开始处理文件: D:/Lab/raw/2025.6.20\back\20250620194647.302328.tdms
2025-10-17 10:27:06-INFO-[tdms_reader_time.py:71]-处理文件: 20250620194647.302328.tdms, 数据长度: 200000, 通道数: 16
2025-10-17 10:27:06-INFO-[tdms_reader_time.py:80]-使用实际采样间隔: 5e-06 秒
2025-10-17 10:27:06-INFO-[tdms_reader_time.py:137]-  已写入 200000/200000 行数据
2025-10-17 10:27:06-INFO-[tdms_reader_time.py:94]-使用通道起始时间: 2025-06-20 11:46:45.938580
2025-10-17 10:27:06-INFO-[tdms_reader_time.py:139]-已转换: 20250620204006.502835.tdms -> D:/Lab/process/2025.6.20/time\50hz\20250620204006.502835.csv
2025-10-17 10:27:06-INFO-[tdms_reader_time.py:139]-已转换: 20250620204009.381570.tdms -> D:/Lab/process/2025.6.20/time\50hz\20250620204009.381570.csv
2025-10-17 10:27:06-INFO-[tdms_reader_time.py:44]-开始处理文件: D:/Lab/raw/2025.6.20\back\20250620194650.211108.tdms
2025-10-17 10:27:06-INFO-[tdms_reader_time.py:44]-开始处理文件: D:/Lab/raw/2025.6.20\back\20250620194653.136268.tdms
2025-10-17 10:27:06-INFO-[tdms_reader_time.py:71]-处理文件: 20250620194650.211108.tdms, 数据长度: 200000, 通道数: 16
2025-10-17 10:27:06-INFO-[tdms_reader_time.py:71]-处理文件: 20250620194653.136268.tdms, 数据长度: 200000, 通道数: 16
2025-10-17 10:27:07-INFO-[tdms_reader_time.py:80]-使用实际采样间隔: 5e-06 秒
2025-10-17 10:27:07-INFO-[tdms_reader_time.py:94]-使用通道起始时间: 2025-06-20 11:46:48.832746
2025-10-17 10:27:07-INFO-[tdms_reader_time.py:80]-使用实际采样间隔: 5e-06 秒
2025-10-17 10:27:07-INFO-[tdms_reader_time.py:94]-使用通道起始时间: 2025-06-20 11:46:51.773563
2025-10-17 10:27:07-INFO-[tdms_reader_time.py:137]-  已写入 200000/200000 行数据
2025-10-17 10:27:07-INFO-[tdms_reader_time.py:139]-已转换: 20250620204012.290275.tdms -> D:/Lab/process/2025.6.20/time\50hz\20250620204012.290275.csv
2025-10-17 10:27:07-INFO-[tdms_reader_time.py:44]-开始处理文件: D:/Lab/raw/2025.6.20\back\20250620194656.041305.tdms
2025-10-17 10:27:07-INFO-[tdms_reader_time.py:71]-处理文件: 20250620194656.041305.tdms, 数据长度: 200000, 通道数: 16
2025-10-17 10:27:07-INFO-[tdms_reader_time.py:80]-使用实际采样间隔: 5e-06 秒
2025-10-17 10:27:07-INFO-[tdms_reader_time.py:94]-使用通道起始时间: 2025-06-20 11:46:54.678582
2025-10-17 10:27:07-INFO-[tdms_reader_time.py:137]-  已写入 200000/200000 行数据
2025-10-17 10:27:07-INFO-[tdms_reader_time.py:139]-已转换: 20250620204018.073789.tdms -> D:/Lab/process/2025.6.20/time\50hz\20250620204018.073789.csv
2025-10-17 10:27:07-INFO-[tdms_reader_time.py:44]-开始处理文件: D:/Lab/raw/2025.6.20\back\20250620194659.052610.tdms
2025-10-17 10:27:07-INFO-[tdms_reader_time.py:71]-处理文件: 20250620194659.052610.tdms, 数据长度: 200000, 通道数: 16
2025-10-17 10:27:07-INFO-[tdms_reader_time.py:80]-使用实际采样间隔: 5e-06 秒
2025-10-17 10:27:07-INFO-[tdms_reader_time.py:94]-使用通道起始时间: 2025-06-20 11:46:57.675268
2025-10-17 10:27:07-INFO-[tdms_reader_time.py:137]-  已写入 200000/200000 行数据
2025-10-17 10:27:07-INFO-[tdms_reader_time.py:137]-  已写入 200000/200000 行数据
2025-10-17 10:27:07-INFO-[tdms_reader_time.py:139]-已转换: 20250620204020.965725.tdms -> D:/Lab/process/2025.6.20/time\50hz\20250620204020.965725.csv
2025-10-17 10:27:07-INFO-[tdms_reader_time.py:139]-已转换: 20250620204015.172895.tdms -> D:/Lab/process/2025.6.20/time\50hz\20250620204015.172895.csv
2025-10-17 10:27:07-INFO-[tdms_reader_time.py:137]-  已写入 200000/200000 行数据
2025-10-17 10:27:07-INFO-[tdms_reader_time.py:139]-已转换: 20250620204032.660249.tdms -> D:/Lab/process/2025.6.20/time\50hz\20250620204032.660249.csv
2025-10-17 10:27:07-INFO-[tdms_reader_time.py:44]-开始处理文件: D:/Lab/raw/2025.6.20\back\20250620194702.006214.tdms
2025-10-17 10:27:07-INFO-[tdms_reader_time.py:44]-开始处理文件: D:/Lab/raw/2025.6.20\back\20250620194704.911499.tdms
2025-10-17 10:27:07-INFO-[tdms_reader_time.py:137]-  已写入 200000/200000 行数据
2025-10-17 10:27:07-INFO-[tdms_reader_time.py:139]-已转换: 20250620204023.874951.tdms -> D:/Lab/process/2025.6.20/time\50hz\20250620204023.874951.csv
2025-10-17 10:27:07-INFO-[tdms_reader_time.py:44]-开始处理文件: D:/Lab/raw/2025.6.20\back\20250620194707.790523.tdms
2025-10-17 10:27:07-INFO-[tdms_reader_time.py:71]-处理文件: 20250620194702.006214.tdms, 数据长度: 200000, 通道数: 16
2025-10-17 10:27:07-INFO-[tdms_reader_time.py:80]-使用实际采样间隔: 5e-06 秒
2025-10-17 10:27:07-INFO-[tdms_reader_time.py:137]-  已写入 200000/200000 行数据
2025-10-17 10:27:07-INFO-[tdms_reader_time.py:94]-使用通道起始时间: 2025-06-20 11:47:00.643072
2025-10-17 10:27:07-INFO-[tdms_reader_time.py:139]-已转换: 20250620204026.769314.tdms -> D:/Lab/process/2025.6.20/time\50hz\20250620204026.769314.csv
2025-10-17 10:27:07-INFO-[tdms_reader_time.py:44]-开始处理文件: D:/Lab/raw/2025.6.20\back\20250620194710.704633.tdms
2025-10-17 10:27:07-INFO-[tdms_reader_time.py:71]-处理文件: 20250620194704.911499.tdms, 数据长度: 200000, 通道数: 16
2025-10-17 10:27:07-INFO-[tdms_reader_time.py:80]-使用实际采样间隔: 5e-06 秒
2025-10-17 10:27:07-INFO-[tdms_reader_time.py:94]-使用通道起始时间: 2025-06-20 11:47:03.537446
2025-10-17 10:27:07-INFO-[tdms_reader_time.py:71]-处理文件: 20250620194707.790523.tdms, 数据长度: 200000, 通道数: 16
2025-10-17 10:27:07-INFO-[tdms_reader_time.py:80]-使用实际采样间隔: 5e-06 秒
2025-10-17 10:27:07-INFO-[tdms_reader_time.py:94]-使用通道起始时间: 2025-06-20 11:47:06.423161
2025-10-17 10:27:07-INFO-[tdms_reader_time.py:137]-  已写入 200000/200000 行数据
2025-10-17 10:27:07-INFO-[tdms_reader_time.py:44]-开始处理文件: D:/Lab/raw/2025.6.20\back\20250620194713.610034.tdms
2025-10-17 10:27:07-INFO-[tdms_reader_time.py:139]-已转换: 20250620204029.679945.tdms -> D:/Lab/process/2025.6.20/time\50hz\20250620204029.679945.csv
2025-10-17 10:27:07-INFO-[tdms_reader_time.py:71]-处理文件: 20250620194710.704633.tdms, 数据长度: 200000, 通道数: 16
2025-10-17 10:27:07-INFO-[tdms_reader_time.py:80]-使用实际采样间隔: 5e-06 秒
2025-10-17 10:27:07-INFO-[tdms_reader_time.py:94]-使用通道起始时间: 2025-06-20 11:47:09.329059
2025-10-17 10:27:07-INFO-[tdms_reader_time.py:44]-开始处理文件: D:/Lab/raw/2025.6.20\back\20250620194716.530521.tdms
2025-10-17 10:27:07-INFO-[tdms_reader_time.py:137]-  已写入 200000/200000 行数据
2025-10-17 10:27:07-INFO-[tdms_reader_time.py:139]-已转换: 20250620204035.578939.tdms -> D:/Lab/process/2025.6.20/time\50hz\20250620204035.578939.csv
2025-10-17 10:27:07-INFO-[tdms_reader_time.py:71]-处理文件: 20250620194713.610034.tdms, 数据长度: 200000, 通道数: 16
2025-10-17 10:27:07-INFO-[tdms_reader_time.py:80]-使用实际采样间隔: 5e-06 秒
2025-10-17 10:27:07-INFO-[tdms_reader_time.py:44]-开始处理文件: D:/Lab/raw/2025.6.20\back\20250620194719.443004.tdms
2025-10-17 10:27:07-INFO-[tdms_reader_time.py:94]-使用通道起始时间: 2025-06-20 11:47:12.251513
2025-10-17 10:27:07-INFO-[tdms_reader_time.py:71]-处理文件: 20250620194716.530521.tdms, 数据长度: 200000, 通道数: 16
2025-10-17 10:27:07-INFO-[tdms_reader_time.py:80]-使用实际采样间隔: 5e-06 秒
2025-10-17 10:27:07-INFO-[tdms_reader_time.py:94]-使用通道起始时间: 2025-06-20 11:47:15.174118
2025-10-17 10:27:07-INFO-[tdms_reader_time.py:71]-处理文件: 20250620194719.443004.tdms, 数据长度: 200000, 通道数: 16
2025-10-17 10:27:07-INFO-[tdms_reader_time.py:80]-使用实际采样间隔: 5e-06 秒
2025-10-17 10:27:07-INFO-[tdms_reader_time.py:94]-使用通道起始时间: 2025-06-20 11:47:18.076321
2025-10-17 10:27:07-INFO-[tdms_reader_time.py:137]-  已写入 200000/200000 行数据
2025-10-17 10:27:07-INFO-[tdms_reader_time.py:139]-已转换: 20250620204038.547364.tdms -> D:/Lab/process/2025.6.20/time\50hz\20250620204038.547364.csv
2025-10-17 10:27:07-INFO-[tdms_reader_time.py:44]-开始处理文件: D:/Lab/raw/2025.6.20\back\20250620194722.345550.tdms
2025-10-17 10:27:07-INFO-[tdms_reader_time.py:71]-处理文件: 20250620194722.345550.tdms, 数据长度: 200000, 通道数: 16
2025-10-17 10:27:07-INFO-[tdms_reader_time.py:80]-使用实际采样间隔: 5e-06 秒
2025-10-17 10:27:07-INFO-[tdms_reader_time.py:94]-使用通道起始时间: 2025-06-20 11:47:20.977076
2025-10-17 10:27:07-INFO-[tdms_reader_time.py:137]-  已写入 200000/200000 行数据
2025-10-17 10:27:07-INFO-[tdms_reader_time.py:139]-已转换: 20250620204047.316458.tdms -> D:/Lab/process/2025.6.20/time\50hz\20250620204047.316458.csv
2025-10-17 10:27:07-INFO-[tdms_reader_time.py:44]-开始处理文件: D:/Lab/raw/2025.6.20\back\20250620194725.240403.tdms
2025-10-17 10:27:07-INFO-[tdms_reader_time.py:137]-  已写入 200000/200000 行数据
2025-10-17 10:27:07-INFO-[tdms_reader_time.py:139]-已转换: 20250620204041.503131.tdms -> D:/Lab/process/2025.6.20/time\50hz\20250620204041.503131.csv
2025-10-17 10:27:07-INFO-[tdms_reader_time.py:71]-处理文件: 20250620194725.240403.tdms, 数据长度: 200000, 通道数: 16
2025-10-17 10:27:07-INFO-[tdms_reader_time.py:80]-使用实际采样间隔: 5e-06 秒
2025-10-17 10:27:07-INFO-[tdms_reader_time.py:94]-使用通道起始时间: 2025-06-20 11:47:23.874696
2025-10-17 10:27:07-INFO-[tdms_reader_time.py:44]-开始处理文件: D:/Lab/raw/2025.6.20\back\20250620194728.134972.tdms
2025-10-17 10:27:07-INFO-[tdms_reader_time.py:71]-处理文件: 20250620194728.134972.tdms, 数据长度: 200000, 通道数: 16
2025-10-17 10:27:07-INFO-[tdms_reader_time.py:80]-使用实际采样间隔: 5e-06 秒
2025-10-17 10:27:07-INFO-[tdms_reader_time.py:94]-使用通道起始时间: 2025-06-20 11:47:26.764507
2025-10-17 10:27:07-INFO-[tdms_reader_time.py:137]-  已写入 200000/200000 行数据
2025-10-17 10:27:07-INFO-[tdms_reader_time.py:137]-  已写入 200000/200000 行数据
2025-10-17 10:27:07-INFO-[tdms_reader_time.py:139]-已转换: 20250620204044.399715.tdms -> D:/Lab/process/2025.6.20/time\50hz\20250620204044.399715.csv
2025-10-17 10:27:07-INFO-[tdms_reader_time.py:139]-已转换: 20250620194621.140929.tdms -> D:/Lab/process/2025.6.20/time\back\20250620194621.140929.csv
2025-10-17 10:27:07-INFO-[tdms_reader_time.py:44]-开始处理文件: D:/Lab/raw/2025.6.20\back\20250620194731.069696.tdms
2025-10-17 10:27:07-INFO-[tdms_reader_time.py:44]-开始处理文件: D:/Lab/raw/2025.6.20\back\20250620194734.001919.tdms
2025-10-17 10:27:07-INFO-[tdms_reader_time.py:137]-  已写入 200000/200000 行数据
2025-10-17 10:27:07-INFO-[tdms_reader_time.py:139]-已转换: 20250620194618.181950.tdms -> D:/Lab/process/2025.6.20/time\back\20250620194618.181950.csv
2025-10-17 10:27:07-INFO-[tdms_reader_time.py:71]-处理文件: 20250620194731.069696.tdms, 数据长度: 200000, 通道数: 16
2025-10-17 10:27:07-INFO-[tdms_reader_time.py:71]-处理文件: 20250620194734.001919.tdms, 数据长度: 200000, 通道数: 16
2025-10-17 10:27:07-INFO-[tdms_reader_time.py:80]-使用实际采样间隔: 5e-06 秒
2025-10-17 10:27:07-INFO-[tdms_reader_time.py:80]-使用实际采样间隔: 5e-06 秒
2025-10-17 10:27:07-INFO-[tdms_reader_time.py:94]-使用通道起始时间: 2025-06-20 11:47:29.688513
2025-10-17 10:27:07-INFO-[tdms_reader_time.py:94]-使用通道起始时间: 2025-06-20 11:47:32.615933
2025-10-17 10:27:07-INFO-[tdms_reader_time.py:44]-开始处理文件: D:/Lab/raw/2025.6.20\backwatering\20250620193734.678390.tdms
2025-10-17 10:27:07-INFO-[tdms_reader_time.py:137]-  已写入 200000/200000 行数据
2025-10-17 10:27:07-INFO-[tdms_reader_time.py:139]-已转换: 20250620194624.055741.tdms -> D:/Lab/process/2025.6.20/time\back\20250620194624.055741.csv
2025-10-17 10:27:07-INFO-[tdms_reader_time.py:71]-处理文件: 20250620193734.678390.tdms, 数据长度: 200000, 通道数: 16
2025-10-17 10:27:07-INFO-[tdms_reader_time.py:80]-使用实际采样间隔: 5e-06 秒
2025-10-17 10:27:07-INFO-[tdms_reader_time.py:94]-使用通道起始时间: 2025-06-20 11:37:33.310871
2025-10-17 10:27:07-INFO-[tdms_reader_time.py:44]-开始处理文件: D:/Lab/raw/2025.6.20\backwatering\20250620193737.643558.tdms
2025-10-17 10:27:07-INFO-[tdms_reader_time.py:137]-  已写入 200000/200000 行数据
2025-10-17 10:27:07-INFO-[tdms_reader_time.py:139]-已转换: 20250620194615.280443.tdms -> D:/Lab/process/2025.6.20/time\back\20250620194615.280443.csv
2025-10-17 10:27:07-INFO-[tdms_reader_time.py:71]-处理文件: 20250620193737.643558.tdms, 数据长度: 200000, 通道数: 16
2025-10-17 10:27:07-INFO-[tdms_reader_time.py:80]-使用实际采样间隔: 5e-06 秒
2025-10-17 10:27:07-INFO-[tdms_reader_time.py:94]-使用通道起始时间: 2025-06-20 11:37:36.282100
2025-10-17 10:27:07-INFO-[tdms_reader_time.py:137]-  已写入 200000/200000 行数据
2025-10-17 10:27:07-INFO-[tdms_reader_time.py:139]-已转换: 20250620194626.920608.tdms -> D:/Lab/process/2025.6.20/time\back\20250620194626.920608.csv
2025-10-17 10:27:07-INFO-[tdms_reader_time.py:44]-开始处理文件: D:/Lab/raw/2025.6.20\backwatering\20250620193740.545447.tdms
2025-10-17 10:27:07-INFO-[tdms_reader_time.py:137]-  已写入 200000/200000 行数据
2025-10-17 10:27:07-INFO-[tdms_reader_time.py:139]-已转换: 20250620194612.368512.tdms -> D:/Lab/process/2025.6.20/time\back\20250620194612.368512.csv
2025-10-17 10:27:07-INFO-[tdms_reader_time.py:44]-开始处理文件: D:/Lab/raw/2025.6.20\backwatering\20250620193743.417335.tdms
2025-10-17 10:27:07-INFO-[tdms_reader_time.py:44]-开始处理文件: D:/Lab/raw/2025.6.20\backwatering\20250620193746.344677.tdms
2025-10-17 10:27:07-INFO-[tdms_reader_time.py:71]-处理文件: 20250620193740.545447.tdms, 数据长度: 200000, 通道数: 16
2025-10-17 10:27:07-INFO-[tdms_reader_time.py:80]-使用实际采样间隔: 5e-06 秒
2025-10-17 10:27:07-INFO-[tdms_reader_time.py:94]-使用通道起始时间: 2025-06-20 11:37:39.197313
2025-10-17 10:27:07-INFO-[tdms_reader_time.py:137]-  已写入 200000/200000 行数据
2025-10-17 10:27:07-INFO-[tdms_reader_time.py:139]-已转换: 20250620194629.813220.tdms -> D:/Lab/process/2025.6.20/time\back\20250620194629.813220.csv
2025-10-17 10:27:07-INFO-[tdms_reader_time.py:71]-处理文件: 20250620193743.417335.tdms, 数据长度: 200000, 通道数: 16
2025-10-17 10:27:07-INFO-[tdms_reader_time.py:80]-使用实际采样间隔: 5e-06 秒
2025-10-17 10:27:07-INFO-[tdms_reader_time.py:94]-使用通道起始时间: 2025-06-20 11:37:42.073734
2025-10-17 10:27:07-INFO-[tdms_reader_time.py:71]-处理文件: 20250620193746.344677.tdms, 数据长度: 200000, 通道数: 16
2025-10-17 10:27:07-INFO-[tdms_reader_time.py:80]-使用实际采样间隔: 5e-06 秒
2025-10-17 10:27:07-INFO-[tdms_reader_time.py:94]-使用通道起始时间: 2025-06-20 11:37:45.000532
2025-10-17 10:27:07-INFO-[tdms_reader_time.py:44]-开始处理文件: D:/Lab/raw/2025.6.20\backwatering\20250620193749.270337.tdms
2025-10-17 10:27:07-INFO-[tdms_reader_time.py:71]-处理文件: 20250620193749.270337.tdms, 数据长度: 200000, 通道数: 16
2025-10-17 10:27:07-INFO-[tdms_reader_time.py:137]-  已写入 200000/200000 行数据
2025-10-17 10:27:07-INFO-[tdms_reader_time.py:80]-使用实际采样间隔: 5e-06 秒
2025-10-17 10:27:07-INFO-[tdms_reader_time.py:139]-已转换: 20250620194632.691684.tdms -> D:/Lab/process/2025.6.20/time\back\20250620194632.691684.csv
2025-10-17 10:27:07-INFO-[tdms_reader_time.py:94]-使用通道起始时间: 2025-06-20 11:37:47.911100
2025-10-17 10:27:07-INFO-[tdms_reader_time.py:44]-开始处理文件: D:/Lab/raw/2025.6.20\backwatering\20250620193752.182714.tdms
2025-10-17 10:27:07-INFO-[tdms_reader_time.py:71]-处理文件: 20250620193752.182714.tdms, 数据长度: 200000, 通道数: 16
2025-10-17 10:27:07-INFO-[tdms_reader_time.py:80]-使用实际采样间隔: 5e-06 秒
2025-10-17 10:27:07-INFO-[tdms_reader_time.py:94]-使用通道起始时间: 2025-06-20 11:37:50.841629
2025-10-17 10:27:08-INFO-[tdms_reader_time.py:137]-  已写入 200000/200000 行数据
2025-10-17 10:27:08-INFO-[tdms_reader_time.py:139]-已转换: 20250620194635.587857.tdms -> D:/Lab/process/2025.6.20/time\back\20250620194635.587857.csv
2025-10-17 10:27:08-INFO-[tdms_reader_time.py:44]-开始处理文件: D:/Lab/raw/2025.6.20\backwatering\20250620193755.071010.tdms
2025-10-17 10:27:08-INFO-[tdms_reader_time.py:71]-处理文件: 20250620193755.071010.tdms, 数据长度: 200000, 通道数: 16
2025-10-17 10:27:08-INFO-[tdms_reader_time.py:80]-使用实际采样间隔: 5e-06 秒
2025-10-17 10:27:08-INFO-[tdms_reader_time.py:94]-使用通道起始时间: 2025-06-20 11:37:53.721585
2025-10-17 10:27:09-INFO-[tdms_reader_time.py:137]-  已写入 100000/200000 行数据
2025-10-17 10:27:09-INFO-[tdms_reader_time.py:137]-  已写入 100000/200000 行数据
2025-10-17 10:27:10-INFO-[tdms_reader_time.py:137]-  已写入 100000/200000 行数据
2025-10-17 10:27:10-INFO-[tdms_reader_time.py:137]-  已写入 100000/200000 行数据
2025-10-17 10:27:10-INFO-[tdms_reader_time.py:137]-  已写入 100000/200000 行数据
2025-10-17 10:27:10-INFO-[tdms_reader_time.py:137]-  已写入 100000/200000 行数据
2025-10-17 10:27:10-INFO-[tdms_reader_time.py:137]-  已写入 100000/200000 行数据
2025-10-17 10:27:10-INFO-[tdms_reader_time.py:137]-  已写入 100000/200000 行数据
2025-10-17 10:27:10-INFO-[tdms_reader_time.py:137]-  已写入 100000/200000 行数据
2025-10-17 10:27:10-INFO-[tdms_reader_time.py:137]-  已写入 100000/200000 行数据
2025-10-17 10:27:10-INFO-[tdms_reader_time.py:137]-  已写入 100000/200000 行数据
2025-10-17 10:27:10-INFO-[tdms_reader_time.py:137]-  已写入 100000/200000 行数据
2025-10-17 10:27:10-INFO-[tdms_reader_time.py:137]-  已写入 100000/200000 行数据
2025-10-17 10:27:10-INFO-[tdms_reader_time.py:137]-  已写入 100000/200000 行数据
2025-10-17 10:27:10-INFO-[tdms_reader_time.py:137]-  已写入 100000/200000 行数据
2025-10-17 10:27:10-INFO-[tdms_reader_time.py:137]-  已写入 100000/200000 行数据
2025-10-17 10:27:10-INFO-[tdms_reader_time.py:137]-  已写入 100000/200000 行数据
2025-10-17 10:27:10-INFO-[tdms_reader_time.py:137]-  已写入 100000/200000 行数据
2025-10-17 10:27:10-INFO-[tdms_reader_time.py:137]-  已写入 100000/200000 行数据
2025-10-17 10:27:11-INFO-[tdms_reader_time.py:137]-  已写入 100000/200000 行数据
2025-10-17 10:27:11-INFO-[tdms_reader_time.py:137]-  已写入 200000/200000 行数据
2025-10-17 10:27:11-INFO-[tdms_reader_time.py:139]-已转换: 20250620194638.548843.tdms -> D:/Lab/process/2025.6.20/time\back\20250620194638.548843.csv
2025-10-17 10:27:11-INFO-[tdms_reader_time.py:44]-开始处理文件: D:/Lab/raw/2025.6.20\backwatering\20250620193757.946475.tdms
2025-10-17 10:27:11-INFO-[tdms_reader_time.py:71]-处理文件: 20250620193757.946475.tdms, 数据长度: 200000, 通道数: 16
2025-10-17 10:27:11-INFO-[tdms_reader_time.py:80]-使用实际采样间隔: 5e-06 秒
2025-10-17 10:27:11-INFO-[tdms_reader_time.py:94]-使用通道起始时间: 2025-06-20 11:37:56.606508
2025-10-17 10:27:11-INFO-[tdms_reader_time.py:137]-  已写入 200000/200000 行数据
2025-10-17 10:27:11-INFO-[tdms_reader_time.py:139]-已转换: 20250620194641.451865.tdms -> D:/Lab/process/2025.6.20/time\back\20250620194641.451865.csv
2025-10-17 10:27:11-INFO-[tdms_reader_time.py:44]-开始处理文件: D:/Lab/raw/2025.6.20\backwatering\20250620193800.664447.tdms
2025-10-17 10:27:11-INFO-[tdms_reader_time.py:71]-处理文件: 20250620193800.664447.tdms, 数据长度: 200000, 通道数: 16
2025-10-17 10:27:11-INFO-[tdms_reader_time.py:80]-使用实际采样间隔: 5e-06 秒
2025-10-17 10:27:11-INFO-[tdms_reader_time.py:94]-使用通道起始时间: 2025-06-20 11:37:59.511104
2025-10-17 10:27:11-INFO-[tdms_reader_time.py:137]-  已写入 100000/200000 行数据
2025-10-17 10:27:11-INFO-[tdms_reader_time.py:137]-  已写入 100000/200000 行数据
2025-10-17 10:27:11-INFO-[tdms_reader_time.py:137]-  已写入 200000/200000 行数据
2025-10-17 10:27:11-INFO-[tdms_reader_time.py:137]-  已写入 100000/200000 行数据
2025-10-17 10:27:11-INFO-[tdms_reader_time.py:139]-已转换: 20250620194644.379134.tdms -> D:/Lab/process/2025.6.20/time\back\20250620194644.379134.csv
2025-10-17 10:27:11-INFO-[tdms_reader_time.py:44]-开始处理文件: D:/Lab/raw/2025.6.20\backwatering\20250620193803.575523.tdms
2025-10-17 10:27:11-INFO-[tdms_reader_time.py:137]-  已写入 100000/200000 行数据
2025-10-17 10:27:11-INFO-[tdms_reader_time.py:137]-  已写入 100000/200000 行数据
2025-10-17 10:27:11-INFO-[tdms_reader_time.py:71]-处理文件: 20250620193803.575523.tdms, 数据长度: 200000, 通道数: 16
2025-10-17 10:27:11-INFO-[tdms_reader_time.py:80]-使用实际采样间隔: 5e-06 秒
2025-10-17 10:27:11-INFO-[tdms_reader_time.py:137]-  已写入 100000/200000 行数据
2025-10-17 10:27:11-INFO-[tdms_reader_time.py:94]-使用通道起始时间: 2025-06-20 11:38:02.230885
2025-10-17 10:27:11-INFO-[tdms_reader_time.py:137]-  已写入 100000/200000 行数据
2025-10-17 10:27:12-INFO-[tdms_reader_time.py:137]-  已写入 200000/200000 行数据
2025-10-17 10:27:12-INFO-[tdms_reader_time.py:139]-已转换: 20250620194647.302328.tdms -> D:/Lab/process/2025.6.20/time\back\20250620194647.302328.csv
2025-10-17 10:27:12-INFO-[tdms_reader_time.py:44]-开始处理文件: D:/Lab/raw/2025.6.20\backwatering\20250620193806.499762.tdms
2025-10-17 10:27:12-INFO-[tdms_reader_time.py:71]-处理文件: 20250620193806.499762.tdms, 数据长度: 200000, 通道数: 16
2025-10-17 10:27:12-INFO-[tdms_reader_time.py:80]-使用实际采样间隔: 5e-06 秒
2025-10-17 10:27:12-INFO-[tdms_reader_time.py:94]-使用通道起始时间: 2025-06-20 11:38:05.144131
2025-10-17 10:27:12-INFO-[tdms_reader_time.py:137]-  已写入 200000/200000 行数据
2025-10-17 10:27:12-INFO-[tdms_reader_time.py:139]-已转换: 20250620194650.211108.tdms -> D:/Lab/process/2025.6.20/time\back\20250620194650.211108.csv
2025-10-17 10:27:12-INFO-[tdms_reader_time.py:137]-  已写入 200000/200000 行数据
2025-10-17 10:27:12-INFO-[tdms_reader_time.py:139]-已转换: 20250620194653.136268.tdms -> D:/Lab/process/2025.6.20/time\back\20250620194653.136268.csv
2025-10-17 10:27:12-INFO-[tdms_reader_time.py:44]-开始处理文件: D:/Lab/raw/2025.6.20\backwatering\20250620193809.385131.tdms
2025-10-17 10:27:12-INFO-[tdms_reader_time.py:44]-开始处理文件: D:/Lab/raw/2025.6.20\backwatering\20250620193812.362895.tdms
2025-10-17 10:27:12-INFO-[tdms_reader_time.py:71]-处理文件: 20250620193809.385131.tdms, 数据长度: 200000, 通道数: 16
2025-10-17 10:27:12-INFO-[tdms_reader_time.py:80]-使用实际采样间隔: 5e-06 秒
2025-10-17 10:27:12-INFO-[tdms_reader_time.py:94]-使用通道起始时间: 2025-06-20 11:38:08.041198
2025-10-17 10:27:12-INFO-[tdms_reader_time.py:71]-处理文件: 20250620193812.362895.tdms, 数据长度: 200000, 通道数: 16
2025-10-17 10:27:12-INFO-[tdms_reader_time.py:80]-使用实际采样间隔: 5e-06 秒
2025-10-17 10:27:12-INFO-[tdms_reader_time.py:137]-  已写入 200000/200000 行数据
2025-10-17 10:27:12-INFO-[tdms_reader_time.py:94]-使用通道起始时间: 2025-06-20 11:38:10.988239
2025-10-17 10:27:12-INFO-[tdms_reader_time.py:139]-已转换: 20250620194656.041305.tdms -> D:/Lab/process/2025.6.20/time\back\20250620194656.041305.csv
2025-10-17 10:27:12-INFO-[tdms_reader_time.py:44]-开始处理文件: D:/Lab/raw/2025.6.20\backwatering\20250620193815.303531.tdms
2025-10-17 10:27:12-INFO-[tdms_reader_time.py:71]-处理文件: 20250620193815.303531.tdms, 数据长度: 200000, 通道数: 16
2025-10-17 10:27:12-INFO-[tdms_reader_time.py:80]-使用实际采样间隔: 5e-06 秒
2025-10-17 10:27:12-INFO-[tdms_reader_time.py:94]-使用通道起始时间: 2025-06-20 11:38:13.957041
2025-10-17 10:27:12-INFO-[tdms_reader_time.py:137]-  已写入 200000/200000 行数据
2025-10-17 10:27:12-INFO-[tdms_reader_time.py:137]-  已写入 200000/200000 行数据
2025-10-17 10:27:12-INFO-[tdms_reader_time.py:139]-已转换: 20250620194707.790523.tdms -> D:/Lab/process/2025.6.20/time\back\20250620194707.790523.csv
2025-10-17 10:27:12-INFO-[tdms_reader_time.py:139]-已转换: 20250620194713.610034.tdms -> D:/Lab/process/2025.6.20/time\back\20250620194713.610034.csv
2025-10-17 10:27:12-INFO-[tdms_reader_time.py:137]-  已写入 200000/200000 行数据
2025-10-17 10:27:12-INFO-[tdms_reader_time.py:137]-  已写入 200000/200000 行数据
2025-10-17 10:27:12-INFO-[tdms_reader_time.py:139]-已转换: 20250620194704.911499.tdms -> D:/Lab/process/2025.6.20/time\back\20250620194704.911499.csv
2025-10-17 10:27:12-INFO-[tdms_reader_time.py:44]-开始处理文件: D:/Lab/raw/2025.6.20\backwatering\20250620193818.229423.tdms
2025-10-17 10:27:12-INFO-[tdms_reader_time.py:139]-已转换: 20250620194702.006214.tdms -> D:/Lab/process/2025.6.20/time\back\20250620194702.006214.csv
2025-10-17 10:27:12-INFO-[tdms_reader_time.py:44]-开始处理文件: D:/Lab/raw/2025.6.20\backwatering\20250620193821.140393.tdms
2025-10-17 10:27:12-INFO-[tdms_reader_time.py:137]-  已写入 100000/200000 行数据
2025-10-17 10:27:12-INFO-[tdms_reader_time.py:44]-开始处理文件: D:/Lab/raw/2025.6.20\backwatering\20250620193824.039435.tdms
2025-10-17 10:27:12-INFO-[tdms_reader_time.py:44]-开始处理文件: D:/Lab/raw/2025.6.20\backwatering\20250620193827.003131.tdms
2025-10-17 10:27:12-INFO-[tdms_reader_time.py:71]-处理文件: 20250620193818.229423.tdms, 数据长度: 200000, 通道数: 16
2025-10-17 10:27:12-INFO-[tdms_reader_time.py:137]-  已写入 200000/200000 行数据
2025-10-17 10:27:12-INFO-[tdms_reader_time.py:80]-使用实际采样间隔: 5e-06 秒
2025-10-17 10:27:12-INFO-[tdms_reader_time.py:139]-已转换: 20250620194719.443004.tdms -> D:/Lab/process/2025.6.20/time\back\20250620194719.443004.csv
2025-10-17 10:27:12-INFO-[tdms_reader_time.py:94]-使用通道起始时间: 2025-06-20 11:38:16.880841
2025-10-17 10:27:12-INFO-[tdms_reader_time.py:71]-处理文件: 20250620193821.140393.tdms, 数据长度: 200000, 通道数: 16
2025-10-17 10:27:12-INFO-[tdms_reader_time.py:80]-使用实际采样间隔: 5e-06 秒
2025-10-17 10:27:12-INFO-[tdms_reader_time.py:94]-使用通道起始时间: 2025-06-20 11:38:19.785103
2025-10-17 10:27:12-INFO-[tdms_reader_time.py:71]-处理文件: 20250620193824.039435.tdms, 数据长度: 200000, 通道数: 16
2025-10-17 10:27:12-INFO-[tdms_reader_time.py:44]-开始处理文件: D:/Lab/raw/2025.6.20\backwatering\20250620193829.938352.tdms
2025-10-17 10:27:12-INFO-[tdms_reader_time.py:80]-使用实际采样间隔: 5e-06 秒
2025-10-17 10:27:12-INFO-[tdms_reader_time.py:94]-使用通道起始时间: 2025-06-20 11:38:22.699460
2025-10-17 10:27:12-INFO-[tdms_reader_time.py:71]-处理文件: 20250620193827.003131.tdms, 数据长度: 200000, 通道数: 16
2025-10-17 10:27:12-INFO-[tdms_reader_time.py:80]-使用实际采样间隔: 5e-06 秒
2025-10-17 10:27:12-INFO-[tdms_reader_time.py:94]-使用通道起始时间: 2025-06-20 11:38:25.634736
2025-10-17 10:27:12-INFO-[tdms_reader_time.py:137]-  已写入 200000/200000 行数据
2025-10-17 10:27:12-INFO-[tdms_reader_time.py:139]-已转换: 20250620194659.052610.tdms -> D:/Lab/process/2025.6.20/time\back\20250620194659.052610.csv
2025-10-17 10:27:12-INFO-[tdms_reader_time.py:71]-处理文件: 20250620193829.938352.tdms, 数据长度: 200000, 通道数: 16
2025-10-17 10:27:12-INFO-[tdms_reader_time.py:44]-开始处理文件: D:/Lab/raw/2025.6.20\backwatering\20250620193832.870292.tdms
2025-10-17 10:27:12-INFO-[tdms_reader_time.py:80]-使用实际采样间隔: 5e-06 秒
2025-10-17 10:27:12-INFO-[tdms_reader_time.py:137]-  已写入 200000/200000 行数据
2025-10-17 10:27:12-INFO-[tdms_reader_time.py:94]-使用通道起始时间: 2025-06-20 11:38:28.593468
2025-10-17 10:27:12-INFO-[tdms_reader_time.py:139]-已转换: 20250620194716.530521.tdms -> D:/Lab/process/2025.6.20/time\back\20250620194716.530521.csv
2025-10-17 10:27:12-INFO-[tdms_reader_time.py:44]-开始处理文件: D:/Lab/raw/2025.6.20\backwatering\20250620193835.769193.tdms
2025-10-17 10:27:12-INFO-[tdms_reader_time.py:137]-  已写入 200000/200000 行数据
2025-10-17 10:27:12-INFO-[tdms_reader_time.py:139]-已转换: 20250620194710.704633.tdms -> D:/Lab/process/2025.6.20/time\back\20250620194710.704633.csv
2025-10-17 10:27:12-INFO-[tdms_reader_time.py:71]-处理文件: 20250620193832.870292.tdms, 数据长度: 200000, 通道数: 16
2025-10-17 10:27:12-INFO-[tdms_reader_time.py:80]-使用实际采样间隔: 5e-06 秒
2025-10-17 10:27:12-INFO-[tdms_reader_time.py:94]-使用通道起始时间: 2025-06-20 11:38:31.515718
2025-10-17 10:27:12-INFO-[tdms_reader_time.py:44]-开始处理文件: D:/Lab/raw/2025.6.20\backwatering\20250620193838.664452.tdms
2025-10-17 10:27:12-INFO-[tdms_reader_time.py:71]-处理文件: 20250620193835.769193.tdms, 数据长度: 200000, 通道数: 16
2025-10-17 10:27:12-INFO-[tdms_reader_time.py:80]-使用实际采样间隔: 5e-06 秒
2025-10-17 10:27:12-INFO-[tdms_reader_time.py:94]-使用通道起始时间: 2025-06-20 11:38:34.425046
2025-10-17 10:27:12-INFO-[tdms_reader_time.py:71]-处理文件: 20250620193838.664452.tdms, 数据长度: 200000, 通道数: 16
2025-10-17 10:27:12-INFO-[tdms_reader_time.py:80]-使用实际采样间隔: 5e-06 秒
2025-10-17 10:27:12-INFO-[tdms_reader_time.py:94]-使用通道起始时间: 2025-06-20 11:38:37.321938
2025-10-17 10:27:12-INFO-[tdms_reader_time.py:137]-  已写入 200000/200000 行数据
2025-10-17 10:27:12-INFO-[tdms_reader_time.py:139]-已转换: 20250620194725.240403.tdms -> D:/Lab/process/2025.6.20/time\back\20250620194725.240403.csv
2025-10-17 10:27:12-INFO-[tdms_reader_time.py:137]-  已写入 200000/200000 行数据
2025-10-17 10:27:12-INFO-[tdms_reader_time.py:44]-开始处理文件: D:/Lab/raw/2025.6.20\backwatering\20250620193841.584246.tdms
2025-10-17 10:27:12-INFO-[tdms_reader_time.py:139]-已转换: 20250620194728.134972.tdms -> D:/Lab/process/2025.6.20/time\back\20250620194728.134972.csv
2025-10-17 10:27:12-INFO-[tdms_reader_time.py:137]-  已写入 200000/200000 行数据
2025-10-17 10:27:12-INFO-[tdms_reader_time.py:139]-已转换: 20250620194722.345550.tdms -> D:/Lab/process/2025.6.20/time\back\20250620194722.345550.csv
2025-10-17 10:27:12-INFO-[tdms_reader_time.py:44]-开始处理文件: D:/Lab/raw/2025.6.20\backwatering\20250620193844.533171.tdms
2025-10-17 10:27:12-INFO-[tdms_reader_time.py:44]-开始处理文件: D:/Lab/raw/2025.6.20\backwatering\20250620193847.466852.tdms
2025-10-17 10:27:12-INFO-[tdms_reader_time.py:71]-处理文件: 20250620193841.584246.tdms, 数据长度: 200000, 通道数: 16
2025-10-17 10:27:12-INFO-[tdms_reader_time.py:80]-使用实际采样间隔: 5e-06 秒
2025-10-17 10:27:12-INFO-[tdms_reader_time.py:94]-使用通道起始时间: 2025-06-20 11:38:40.241678
2025-10-17 10:27:12-INFO-[tdms_reader_time.py:137]-  已写入 200000/200000 行数据
2025-10-17 10:27:12-INFO-[tdms_reader_time.py:71]-处理文件: 20250620193844.533171.tdms, 数据长度: 200000, 通道数: 16
2025-10-17 10:27:12-INFO-[tdms_reader_time.py:139]-已转换: 20250620194731.069696.tdms -> D:/Lab/process/2025.6.20/time\back\20250620194731.069696.csv
2025-10-17 10:27:12-INFO-[tdms_reader_time.py:80]-使用实际采样间隔: 5e-06 秒
2025-10-17 10:27:12-INFO-[tdms_reader_time.py:94]-使用通道起始时间: 2025-06-20 11:38:43.186289
2025-10-17 10:27:12-INFO-[tdms_reader_time.py:71]-处理文件: 20250620193847.466852.tdms, 数据长度: 200000, 通道数: 16
2025-10-17 10:27:12-INFO-[tdms_reader_time.py:80]-使用实际采样间隔: 5e-06 秒
2025-10-17 10:27:12-INFO-[tdms_reader_time.py:94]-使用通道起始时间: 2025-06-20 11:38:46.122953
2025-10-17 10:27:12-INFO-[tdms_reader_time.py:44]-开始处理文件: D:/Lab/raw/2025.6.20\backwatering\20250620193850.400394.tdms
2025-10-17 10:27:12-INFO-[tdms_reader_time.py:71]-处理文件: 20250620193850.400394.tdms, 数据长度: 200000, 通道数: 16
2025-10-17 10:27:12-INFO-[tdms_reader_time.py:80]-使用实际采样间隔: 5e-06 秒
2025-10-17 10:27:12-INFO-[tdms_reader_time.py:94]-使用通道起始时间: 2025-06-20 11:38:49.058031
2025-10-17 10:27:12-INFO-[tdms_reader_time.py:137]-  已写入 200000/200000 行数据
2025-10-17 10:27:12-INFO-[tdms_reader_time.py:139]-已转换: 20250620194734.001919.tdms -> D:/Lab/process/2025.6.20/time\back\20250620194734.001919.csv
2025-10-17 10:27:12-INFO-[tdms_reader_time.py:44]-开始处理文件: D:/Lab/raw/2025.6.20\backwatering\20250620193853.345024.tdms
2025-10-17 10:27:12-INFO-[tdms_reader_time.py:71]-处理文件: 20250620193853.345024.tdms, 数据长度: 200000, 通道数: 16
2025-10-17 10:27:12-INFO-[tdms_reader_time.py:80]-使用实际采样间隔: 5e-06 秒
2025-10-17 10:27:12-INFO-[tdms_reader_time.py:94]-使用通道起始时间: 2025-06-20 11:38:51.982937
2025-10-17 10:27:14-INFO-[tdms_reader_time.py:137]-  已写入 200000/200000 行数据
2025-10-17 10:27:14-INFO-[tdms_reader_time.py:139]-已转换: 20250620193734.678390.tdms -> D:/Lab/process/2025.6.20/time\backwatering\20250620193734.678390.csv
2025-10-17 10:27:14-INFO-[tdms_reader_time.py:44]-开始处理文件: D:/Lab/raw/2025.6.20\backwatering\20250620193856.225711.tdms
2025-10-17 10:27:14-INFO-[tdms_reader_time.py:71]-处理文件: 20250620193856.225711.tdms, 数据长度: 200000, 通道数: 16
2025-10-17 10:27:14-INFO-[tdms_reader_time.py:80]-使用实际采样间隔: 5e-06 秒
2025-10-17 10:27:14-INFO-[tdms_reader_time.py:94]-使用通道起始时间: 2025-06-20 11:38:54.882304
2025-10-17 10:27:14-INFO-[tdms_reader_time.py:137]-  已写入 200000/200000 行数据
2025-10-17 10:27:14-INFO-[tdms_reader_time.py:137]-  已写入 200000/200000 行数据
2025-10-17 10:27:14-INFO-[tdms_reader_time.py:139]-已转换: 20250620193737.643558.tdms -> D:/Lab/process/2025.6.20/time\backwatering\20250620193737.643558.csv
2025-10-17 10:27:14-INFO-[tdms_reader_time.py:139]-已转换: 20250620193740.545447.tdms -> D:/Lab/process/2025.6.20/time\backwatering\20250620193740.545447.csv
2025-10-17 10:27:14-INFO-[tdms_reader_time.py:44]-开始处理文件: D:/Lab/raw/2025.6.20\backwatering\20250620193859.168055.tdms
2025-10-17 10:27:14-INFO-[tdms_reader_time.py:44]-开始处理文件: D:/Lab/raw/2025.6.20\backwatering\20250620193902.126579.tdms
2025-10-17 10:27:14-INFO-[tdms_reader_time.py:71]-处理文件: 20250620193859.168055.tdms, 数据长度: 200000, 通道数: 16
2025-10-17 10:27:14-INFO-[tdms_reader_time.py:80]-使用实际采样间隔: 5e-06 秒
2025-10-17 10:27:14-INFO-[tdms_reader_time.py:71]-处理文件: 20250620193902.126579.tdms, 数据长度: 200000, 通道数: 16
2025-10-17 10:27:14-INFO-[tdms_reader_time.py:137]-  已写入 200000/200000 行数据
2025-10-17 10:27:14-INFO-[tdms_reader_time.py:94]-使用通道起始时间: 2025-06-20 11:38:57.805856
2025-10-17 10:27:14-INFO-[tdms_reader_time.py:139]-已转换: 20250620193752.182714.tdms -> D:/Lab/process/2025.6.20/time\backwatering\20250620193752.182714.csv
2025-10-17 10:27:14-INFO-[tdms_reader_time.py:80]-使用实际采样间隔: 5e-06 秒
2025-10-17 10:27:14-INFO-[tdms_reader_time.py:94]-使用通道起始时间: 2025-06-20 11:39:00.778122
2025-10-17 10:27:14-INFO-[tdms_reader_time.py:44]-开始处理文件: D:/Lab/raw/2025.6.20\backwatering\20250620193905.056522.tdms
2025-10-17 10:27:14-INFO-[tdms_reader_time.py:137]-  已写入 200000/200000 行数据
2025-10-17 10:27:14-INFO-[tdms_reader_time.py:139]-已转换: 20250620193749.270337.tdms -> D:/Lab/process/2025.6.20/time\backwatering\20250620193749.270337.csv
2025-10-17 10:27:14-INFO-[tdms_reader_time.py:71]-处理文件: 20250620193905.056522.tdms, 数据长度: 200000, 通道数: 16
2025-10-17 10:27:14-INFO-[tdms_reader_time.py:80]-使用实际采样间隔: 5e-06 秒
2025-10-17 10:27:14-INFO-[tdms_reader_time.py:44]-开始处理文件: D:/Lab/raw/2025.6.20\backwatering\20250620193907.982947.tdms
2025-10-17 10:27:14-INFO-[tdms_reader_time.py:94]-使用通道起始时间: 2025-06-20 11:39:03.707632
2025-10-17 10:27:14-INFO-[tdms_reader_time.py:137]-  已写入 200000/200000 行数据
2025-10-17 10:27:14-INFO-[tdms_reader_time.py:139]-已转换: 20250620193746.344677.tdms -> D:/Lab/process/2025.6.20/time\backwatering\20250620193746.344677.csv
2025-10-17 10:27:14-INFO-[tdms_reader_time.py:71]-处理文件: 20250620193907.982947.tdms, 数据长度: 200000, 通道数: 16
2025-10-17 10:27:14-INFO-[tdms_reader_time.py:80]-使用实际采样间隔: 5e-06 秒
2025-10-17 10:27:14-INFO-[tdms_reader_time.py:44]-开始处理文件: D:/Lab/raw/2025.6.20\backwatering\20250620193910.873333.tdms
2025-10-17 10:27:14-INFO-[tdms_reader_time.py:94]-使用通道起始时间: 2025-06-20 11:39:06.638081
2025-10-17 10:27:14-INFO-[tdms_reader_time.py:137]-  已写入 200000/200000 行数据
2025-10-17 10:27:14-INFO-[tdms_reader_time.py:139]-已转换: 20250620193743.417335.tdms -> D:/Lab/process/2025.6.20/time\backwatering\20250620193743.417335.csv
2025-10-17 10:27:14-INFO-[tdms_reader_time.py:71]-处理文件: 20250620193910.873333.tdms, 数据长度: 200000, 通道数: 16
2025-10-17 10:27:14-INFO-[tdms_reader_time.py:44]-开始处理文件: D:/Lab/raw/2025.6.20\backwatering\20250620193913.800929.tdms
2025-10-17 10:27:14-INFO-[tdms_reader_time.py:80]-使用实际采样间隔: 5e-06 秒
2025-10-17 10:27:14-INFO-[tdms_reader_time.py:94]-使用通道起始时间: 2025-06-20 11:39:09.526312
2025-10-17 10:27:14-INFO-[tdms_reader_time.py:71]-处理文件: 20250620193913.800929.tdms, 数据长度: 200000, 通道数: 16
2025-10-17 10:27:14-INFO-[tdms_reader_time.py:80]-使用实际采样间隔: 5e-06 秒
2025-10-17 10:27:14-INFO-[tdms_reader_time.py:94]-使用通道起始时间: 2025-06-20 11:39:12.448147
2025-10-17 10:27:14-INFO-[tdms_reader_time.py:137]-  已写入 200000/200000 行数据
2025-10-17 10:27:14-INFO-[tdms_reader_time.py:139]-已转换: 20250620193755.071010.tdms -> D:/Lab/process/2025.6.20/time\backwatering\20250620193755.071010.csv
2025-10-17 10:27:14-INFO-[tdms_reader_time.py:44]-开始处理文件: D:/Lab/raw/2025.6.20\backwatering\20250620193916.714522.tdms
2025-10-17 10:27:14-INFO-[tdms_reader_time.py:71]-处理文件: 20250620193916.714522.tdms, 数据长度: 200000, 通道数: 16
2025-10-17 10:27:14-INFO-[tdms_reader_time.py:80]-使用实际采样间隔: 5e-06 秒
2025-10-17 10:27:14-INFO-[tdms_reader_time.py:94]-使用通道起始时间: 2025-06-20 11:39:15.372626
2025-10-17 10:27:16-INFO-[tdms_reader_time.py:137]-  已写入 100000/200000 行数据
2025-10-17 10:27:17-INFO-[tdms_reader_time.py:137]-  已写入 100000/200000 行数据
2025-10-17 10:27:17-INFO-[tdms_reader_time.py:137]-  已写入 100000/200000 行数据
2025-10-17 10:27:17-INFO-[tdms_reader_time.py:137]-  已写入 100000/200000 行数据
2025-10-17 10:27:17-INFO-[tdms_reader_time.py:137]-  已写入 100000/200000 行数据
2025-10-17 10:27:17-INFO-[tdms_reader_time.py:137]-  已写入 100000/200000 行数据
2025-10-17 10:27:18-INFO-[tdms_reader_time.py:137]-  已写入 100000/200000 行数据
2025-10-17 10:27:18-INFO-[tdms_reader_time.py:137]-  已写入 100000/200000 行数据
2025-10-17 10:27:18-INFO-[tdms_reader_time.py:137]-  已写入 100000/200000 行数据
2025-10-17 10:27:18-INFO-[tdms_reader_time.py:137]-  已写入 100000/200000 行数据
2025-10-17 10:27:18-INFO-[tdms_reader_time.py:137]-  已写入 100000/200000 行数据
2025-10-17 10:27:18-INFO-[tdms_reader_time.py:137]-  已写入 100000/200000 行数据
2025-10-17 10:27:18-INFO-[tdms_reader_time.py:137]-  已写入 100000/200000 行数据
2025-10-17 10:27:18-INFO-[tdms_reader_time.py:137]-  已写入 100000/200000 行数据
2025-10-17 10:27:18-INFO-[tdms_reader_time.py:137]-  已写入 100000/200000 行数据
2025-10-17 10:27:18-INFO-[tdms_reader_time.py:137]-  已写入 100000/200000 行数据
2025-10-17 10:27:18-INFO-[tdms_reader_time.py:137]-  已写入 100000/200000 行数据
2025-10-17 10:27:18-INFO-[tdms_reader_time.py:137]-  已写入 100000/200000 行数据
2025-10-17 10:27:18-INFO-[tdms_reader_time.py:137]-  已写入 100000/200000 行数据
2025-10-17 10:27:18-INFO-[tdms_reader_time.py:137]-  已写入 100000/200000 行数据
2025-10-17 10:27:19-INFO-[tdms_reader_time.py:137]-  已写入 100000/200000 行数据
2025-10-17 10:27:19-INFO-[tdms_reader_time.py:137]-  已写入 100000/200000 行数据
2025-10-17 10:27:19-INFO-[tdms_reader_time.py:137]-  已写入 100000/200000 行数据
2025-10-17 10:27:19-INFO-[tdms_reader_time.py:137]-  已写入 100000/200000 行数据
2025-10-17 10:27:19-INFO-[tdms_reader_time.py:137]-  已写入 100000/200000 行数据
2025-10-17 10:27:19-INFO-[tdms_reader_time.py:137]-  已写入 100000/200000 行数据
2025-10-17 10:27:19-INFO-[tdms_reader_time.py:137]-  已写入 100000/200000 行数据
2025-10-17 10:27:19-INFO-[tdms_reader_time.py:137]-  已写入 100000/200000 行数据
2025-10-17 10:27:19-INFO-[tdms_reader_time.py:137]-  已写入 200000/200000 行数据
2025-10-17 10:27:19-INFO-[tdms_reader_time.py:139]-已转换: 20250620193757.946475.tdms -> D:/Lab/process/2025.6.20/time\backwatering\20250620193757.946475.csv
2025-10-17 10:27:19-INFO-[tdms_reader_time.py:137]-  已写入 200000/200000 行数据
2025-10-17 10:27:19-INFO-[tdms_reader_time.py:139]-已转换: 20250620193800.664447.tdms -> D:/Lab/process/2025.6.20/time\backwatering\20250620193800.664447.csv
2025-10-17 10:27:19-INFO-[tdms_reader_time.py:44]-开始处理文件: D:/Lab/raw/2025.6.20\backwatering\20250620193919.648442.tdms
2025-10-17 10:27:19-INFO-[tdms_reader_time.py:44]-开始处理文件: D:/Lab/raw/2025.6.20\backwatering\20250620193922.601949.tdms
2025-10-17 10:27:19-INFO-[tdms_reader_time.py:71]-处理文件: 20250620193919.648442.tdms, 数据长度: 200000, 通道数: 16
2025-10-17 10:27:19-INFO-[tdms_reader_time.py:80]-使用实际采样间隔: 5e-06 秒
2025-10-17 10:27:19-INFO-[tdms_reader_time.py:94]-使用通道起始时间: 2025-06-20 11:39:18.292242
2025-10-17 10:27:19-INFO-[tdms_reader_time.py:71]-处理文件: 20250620193922.601949.tdms, 数据长度: 200000, 通道数: 16
2025-10-17 10:27:19-INFO-[tdms_reader_time.py:80]-使用实际采样间隔: 5e-06 秒
2025-10-17 10:27:19-INFO-[tdms_reader_time.py:94]-使用通道起始时间: 2025-06-20 11:39:21.237055
2025-10-17 10:27:19-INFO-[tdms_reader_time.py:137]-  已写入 200000/200000 行数据
2025-10-17 10:27:19-INFO-[tdms_reader_time.py:139]-已转换: 20250620193803.575523.tdms -> D:/Lab/process/2025.6.20/time\backwatering\20250620193803.575523.csv
2025-10-17 10:27:19-INFO-[tdms_reader_time.py:44]-开始处理文件: D:/Lab/raw/2025.6.20\backwatering\20250620193925.583770.tdms
2025-10-17 10:27:19-INFO-[tdms_reader_time.py:71]-处理文件: 20250620193925.583770.tdms, 数据长度: 200000, 通道数: 16
2025-10-17 10:27:19-INFO-[tdms_reader_time.py:80]-使用实际采样间隔: 5e-06 秒
2025-10-17 10:27:19-INFO-[tdms_reader_time.py:94]-使用通道起始时间: 2025-06-20 11:39:24.196544
2025-10-17 10:27:20-INFO-[tdms_reader_time.py:137]-  已写入 200000/200000 行数据
2025-10-17 10:27:20-INFO-[tdms_reader_time.py:139]-已转换: 20250620193806.499762.tdms -> D:/Lab/process/2025.6.20/time\backwatering\20250620193806.499762.csv
2025-10-17 10:27:20-INFO-[tdms_reader_time.py:44]-开始处理文件: D:/Lab/raw/2025.6.20\backwatering\20250620193928.513572.tdms
2025-10-17 10:27:20-INFO-[tdms_reader_time.py:71]-处理文件: 20250620193928.513572.tdms, 数据长度: 200000, 通道数: 16
2025-10-17 10:27:20-INFO-[tdms_reader_time.py:80]-使用实际采样间隔: 5e-06 秒
2025-10-17 10:27:20-INFO-[tdms_reader_time.py:94]-使用通道起始时间: 2025-06-20 11:39:27.159255
2025-10-17 10:27:20-INFO-[tdms_reader_time.py:137]-  已写入 200000/200000 行数据
2025-10-17 10:27:20-INFO-[tdms_reader_time.py:139]-已转换: 20250620193815.303531.tdms -> D:/Lab/process/2025.6.20/time\backwatering\20250620193815.303531.csv
2025-10-17 10:27:20-INFO-[tdms_reader_time.py:44]-开始处理文件: D:/Lab/raw/2025.6.20\backwatering\20250620193931.418785.tdms
2025-10-17 10:27:20-INFO-[tdms_reader_time.py:137]-  已写入 200000/200000 行数据
2025-10-17 10:27:20-INFO-[tdms_reader_time.py:139]-已转换: 20250620193812.362895.tdms -> D:/Lab/process/2025.6.20/time\backwatering\20250620193812.362895.csv
2025-10-17 10:27:20-INFO-[tdms_reader_time.py:137]-  已写入 200000/200000 行数据
2025-10-17 10:27:20-INFO-[tdms_reader_time.py:139]-已转换: 20250620193809.385131.tdms -> D:/Lab/process/2025.6.20/time\backwatering\20250620193809.385131.csv
2025-10-17 10:27:20-INFO-[tdms_reader_time.py:44]-开始处理文件: D:/Lab/raw/2025.6.20\backwatering\20250620194609.324848.tdms
2025-10-17 10:27:20-INFO-[tdms_reader_time.py:44]-开始处理文件: D:/Lab/raw/2025.6.20\stopdirtyback\20250620203652.803200.tdms
2025-10-17 10:27:20-INFO-[tdms_reader_time.py:71]-处理文件: 20250620193931.418785.tdms, 数据长度: 200000, 通道数: 16
2025-10-17 10:27:20-INFO-[tdms_reader_time.py:80]-使用实际采样间隔: 5e-06 秒
2025-10-17 10:27:20-INFO-[tdms_reader_time.py:71]-处理文件: 20250620203652.803200.tdms, 数据长度: 200000, 通道数: 16
2025-10-17 10:27:20-INFO-[tdms_reader_time.py:94]-使用通道起始时间: 2025-06-20 11:39:30.065486
2025-10-17 10:27:20-INFO-[tdms_reader_time.py:80]-使用实际采样间隔: 5e-06 秒
2025-10-17 10:27:20-INFO-[tdms_reader_time.py:94]-使用通道起始时间: 2025-06-20 12:36:51.441368
2025-10-17 10:27:20-INFO-[tdms_reader_time.py:71]-处理文件: 20250620194609.324848.tdms, 数据长度: 200000, 通道数: 16
2025-10-17 10:27:20-INFO-[tdms_reader_time.py:80]-使用实际采样间隔: 5e-06 秒
2025-10-17 10:27:20-INFO-[tdms_reader_time.py:94]-使用通道起始时间: 2025-06-20 11:46:07.950564
2025-10-17 10:27:20-INFO-[tdms_reader_time.py:137]-  已写入 200000/200000 行数据
2025-10-17 10:27:20-INFO-[tdms_reader_time.py:139]-已转换: 20250620193824.039435.tdms -> D:/Lab/process/2025.6.20/time\backwatering\20250620193824.039435.csv
2025-10-17 10:27:20-INFO-[tdms_reader_time.py:137]-  已写入 200000/200000 行数据
2025-10-17 10:27:20-INFO-[tdms_reader_time.py:139]-已转换: 20250620193821.140393.tdms -> D:/Lab/process/2025.6.20/time\backwatering\20250620193821.140393.csv
2025-10-17 10:27:20-INFO-[tdms_reader_time.py:44]-开始处理文件: D:/Lab/raw/2025.6.20\stopdirtyback\20250620203655.750625.tdms
2025-10-17 10:27:20-INFO-[tdms_reader_time.py:137]-  已写入 200000/200000 行数据
2025-10-17 10:27:20-INFO-[tdms_reader_time.py:139]-已转换: 20250620193827.003131.tdms -> D:/Lab/process/2025.6.20/time\backwatering\20250620193827.003131.csv
2025-10-17 10:27:20-INFO-[tdms_reader_time.py:137]-  已写入 200000/200000 行数据
2025-10-17 10:27:20-INFO-[tdms_reader_time.py:139]-已转换: 20250620193818.229423.tdms -> D:/Lab/process/2025.6.20/time\backwatering\20250620193818.229423.csv
2025-10-17 10:27:20-INFO-[tdms_reader_time.py:44]-开始处理文件: D:/Lab/raw/2025.6.20\stopdirtyback\20250620203658.518572.tdms
2025-10-17 10:27:20-INFO-[tdms_reader_time.py:44]-开始处理文件: D:/Lab/raw/2025.6.20\stopdirtyback\20250620203701.532839.tdms
2025-10-17 10:27:20-INFO-[tdms_reader_time.py:44]-开始处理文件: D:/Lab/raw/2025.6.20\stopdirtyback\20250620203704.513334.tdms
2025-10-17 10:27:20-INFO-[tdms_reader_time.py:71]-处理文件: 20250620203655.750625.tdms, 数据长度: 200000, 通道数: 16
2025-10-17 10:27:20-INFO-[tdms_reader_time.py:71]-处理文件: 20250620203658.518572.tdms, 数据长度: 200000, 通道数: 16
2025-10-17 10:27:20-INFO-[tdms_reader_time.py:80]-使用实际采样间隔: 5e-06 秒
2025-10-17 10:27:20-INFO-[tdms_reader_time.py:94]-使用通道起始时间: 2025-06-20 12:36:54.353779
2025-10-17 10:27:20-INFO-[tdms_reader_time.py:71]-处理文件: 20250620203701.532839.tdms, 数据长度: 200000, 通道数: 16
2025-10-17 10:27:20-INFO-[tdms_reader_time.py:80]-使用实际采样间隔: 5e-06 秒
2025-10-17 10:27:20-INFO-[tdms_reader_time.py:94]-使用通道起始时间: 2025-06-20 12:37:00.139156
2025-10-17 10:27:20-INFO-[tdms_reader_time.py:71]-处理文件: 20250620203704.513334.tdms, 数据长度: 200000, 通道数: 16
2025-10-17 10:27:20-INFO-[tdms_reader_time.py:80]-使用实际采样间隔: 5e-06 秒
2025-10-17 10:27:20-INFO-[tdms_reader_time.py:80]-使用实际采样间隔: 5e-06 秒
2025-10-17 10:27:20-INFO-[tdms_reader_time.py:94]-使用通道起始时间: 2025-06-20 12:36:57.111971
2025-10-17 10:27:20-INFO-[tdms_reader_time.py:94]-使用通道起始时间: 2025-06-20 12:37:03.129691
2025-10-17 10:27:20-INFO-[tdms_reader_time.py:137]-  已写入 200000/200000 行数据
2025-10-17 10:27:20-INFO-[tdms_reader_time.py:139]-已转换: 20250620193829.938352.tdms -> D:/Lab/process/2025.6.20/time\backwatering\20250620193829.938352.csv
2025-10-17 10:27:20-INFO-[tdms_reader_time.py:44]-开始处理文件: D:/Lab/raw/2025.6.20\stopdirtyback\20250620203707.478189.tdms
2025-10-17 10:27:20-INFO-[tdms_reader_time.py:137]-  已写入 200000/200000 行数据
2025-10-17 10:27:20-INFO-[tdms_reader_time.py:137]-  已写入 200000/200000 行数据
2025-10-17 10:27:20-INFO-[tdms_reader_time.py:139]-已转换: 20250620193838.664452.tdms -> D:/Lab/process/2025.6.20/time\backwatering\20250620193838.664452.csv
2025-10-17 10:27:20-INFO-[tdms_reader_time.py:71]-处理文件: 20250620203707.478189.tdms, 数据长度: 200000, 通道数: 16
2025-10-17 10:27:20-INFO-[tdms_reader_time.py:139]-已转换: 20250620193835.769193.tdms -> D:/Lab/process/2025.6.20/time\backwatering\20250620193835.769193.csv
2025-10-17 10:27:20-INFO-[tdms_reader_time.py:80]-使用实际采样间隔: 5e-06 秒
2025-10-17 10:27:20-INFO-[tdms_reader_time.py:139]-已转换: 20250620193832.870292.tdms -> D:/Lab/process/2025.6.20/time\backwatering\20250620193832.870292.csv
2025-10-17 10:27:20-INFO-[tdms_reader_time.py:44]-开始处理文件: D:/Lab/raw/2025.6.20\stopdirtyback\20250620203710.409991.tdms
2025-10-17 10:27:20-INFO-[tdms_reader_time.py:94]-使用通道起始时间: 2025-06-20 12:37:06.112899
2025-10-17 10:27:20-INFO-[tdms_reader_time.py:44]-开始处理文件: D:/Lab/raw/2025.6.20\stopdirtyback\20250620203713.390256.tdms
2025-10-17 10:27:20-INFO-[tdms_reader_time.py:44]-开始处理文件: D:/Lab/raw/2025.6.20\stopdirtyback\20250620203716.299159.tdms
2025-10-17 10:27:20-INFO-[tdms_reader_time.py:71]-处理文件: 20250620203710.409991.tdms, 数据长度: 200000, 通道数: 16
2025-10-17 10:27:20-INFO-[tdms_reader_time.py:80]-使用实际采样间隔: 5e-06 秒
2025-10-17 10:27:20-INFO-[tdms_reader_time.py:94]-使用通道起始时间: 2025-06-20 12:37:09.059997
2025-10-17 10:27:20-INFO-[tdms_reader_time.py:71]-处理文件: 20250620203713.390256.tdms, 数据长度: 200000, 通道数: 16
2025-10-17 10:27:20-INFO-[tdms_reader_time.py:80]-使用实际采样间隔: 5e-06 秒
2025-10-17 10:27:20-INFO-[tdms_reader_time.py:94]-使用通道起始时间: 2025-06-20 12:37:12.010212
2025-10-17 10:27:20-INFO-[tdms_reader_time.py:71]-处理文件: 20250620203716.299159.tdms, 数据长度: 200000, 通道数: 16
2025-10-17 10:27:20-INFO-[tdms_reader_time.py:80]-使用实际采样间隔: 5e-06 秒
2025-10-17 10:27:20-INFO-[tdms_reader_time.py:94]-使用通道起始时间: 2025-06-20 12:37:14.949285
2025-10-17 10:27:20-INFO-[tdms_reader_time.py:137]-  已写入 200000/200000 行数据
2025-10-17 10:27:20-INFO-[tdms_reader_time.py:139]-已转换: 20250620193847.466852.tdms -> D:/Lab/process/2025.6.20/time\backwatering\20250620193847.466852.csv
2025-10-17 10:27:20-INFO-[tdms_reader_time.py:137]-  已写入 200000/200000 行数据
2025-10-17 10:27:20-INFO-[tdms_reader_time.py:139]-已转换: 20250620193841.584246.tdms -> D:/Lab/process/2025.6.20/time\backwatering\20250620193841.584246.csv
2025-10-17 10:27:20-INFO-[tdms_reader_time.py:44]-开始处理文件: D:/Lab/raw/2025.6.20\stopdirtyback\20250620203719.208527.tdms
2025-10-17 10:27:20-INFO-[tdms_reader_time.py:44]-开始处理文件: D:/Lab/raw/2025.6.20\stopdirtyback\20250620203722.132566.tdms
2025-10-17 10:27:20-INFO-[tdms_reader_time.py:71]-处理文件: 20250620203719.208527.tdms, 数据长度: 200000, 通道数: 16
2025-10-17 10:27:20-INFO-[tdms_reader_time.py:80]-使用实际采样间隔: 5e-06 秒
2025-10-17 10:27:20-INFO-[tdms_reader_time.py:94]-使用通道起始时间: 2025-06-20 12:37:17.849428
2025-10-17 10:27:20-INFO-[tdms_reader_time.py:71]-处理文件: 20250620203722.132566.tdms, 数据长度: 200000, 通道数: 16
2025-10-17 10:27:20-INFO-[tdms_reader_time.py:80]-使用实际采样间隔: 5e-06 秒
2025-10-17 10:27:20-INFO-[tdms_reader_time.py:94]-使用通道起始时间: 2025-06-20 12:37:20.755309
2025-10-17 10:27:20-INFO-[tdms_reader_time.py:137]-  已写入 200000/200000 行数据
2025-10-17 10:27:20-INFO-[tdms_reader_time.py:139]-已转换: 20250620193844.533171.tdms -> D:/Lab/process/2025.6.20/time\backwatering\20250620193844.533171.csv
2025-10-17 10:27:20-INFO-[tdms_reader_time.py:137]-  已写入 200000/200000 行数据
2025-10-17 10:27:20-INFO-[tdms_reader_time.py:139]-已转换: 20250620193853.345024.tdms -> D:/Lab/process/2025.6.20/time\backwatering\20250620193853.345024.csv
2025-10-17 10:27:21-INFO-[tdms_reader_time.py:44]-开始处理文件: D:/Lab/raw/2025.6.20\stopdirtyback\20250620203725.055667.tdms
2025-10-17 10:27:21-INFO-[tdms_reader_time.py:137]-  已写入 200000/200000 行数据
2025-10-17 10:27:21-INFO-[tdms_reader_time.py:44]-开始处理文件: D:/Lab/raw/2025.6.20\stopdirtyback\20250620203727.976887.tdms
2025-10-17 10:27:21-INFO-[tdms_reader_time.py:139]-已转换: 20250620193850.400394.tdms -> D:/Lab/process/2025.6.20/time\backwatering\20250620193850.400394.csv
2025-10-17 10:27:21-INFO-[tdms_reader_time.py:71]-处理文件: 20250620203725.055667.tdms, 数据长度: 200000, 通道数: 16
2025-10-17 10:27:21-INFO-[tdms_reader_time.py:80]-使用实际采样间隔: 5e-06 秒
2025-10-17 10:27:21-INFO-[tdms_reader_time.py:94]-使用通道起始时间: 2025-06-20 12:37:23.688227
2025-10-17 10:27:21-INFO-[tdms_reader_time.py:44]-开始处理文件: D:/Lab/raw/2025.6.20\stopdirtyback\20250620203730.949081.tdms
2025-10-17 10:27:21-INFO-[tdms_reader_time.py:71]-处理文件: 20250620203727.976887.tdms, 数据长度: 200000, 通道数: 16
2025-10-17 10:27:21-INFO-[tdms_reader_time.py:80]-使用实际采样间隔: 5e-06 秒
2025-10-17 10:27:21-INFO-[tdms_reader_time.py:94]-使用通道起始时间: 2025-06-20 12:37:26.598158
2025-10-17 10:27:21-INFO-[tdms_reader_time.py:71]-处理文件: 20250620203730.949081.tdms, 数据长度: 200000, 通道数: 16
2025-10-17 10:27:21-INFO-[tdms_reader_time.py:80]-使用实际采样间隔: 5e-06 秒
2025-10-17 10:27:21-INFO-[tdms_reader_time.py:94]-使用通道起始时间: 2025-06-20 12:37:29.584377
2025-10-17 10:27:21-INFO-[tdms_reader_time.py:137]-  已写入 200000/200000 行数据
2025-10-17 10:27:21-INFO-[tdms_reader_time.py:139]-已转换: 20250620193856.225711.tdms -> D:/Lab/process/2025.6.20/time\backwatering\20250620193856.225711.csv
2025-10-17 10:27:21-INFO-[tdms_reader_time.py:137]-  已写入 200000/200000 行数据
2025-10-17 10:27:21-INFO-[tdms_reader_time.py:139]-已转换: 20250620193910.873333.tdms -> D:/Lab/process/2025.6.20/time\backwatering\20250620193910.873333.csv
2025-10-17 10:27:21-INFO-[tdms_reader_time.py:137]-  已写入 200000/200000 行数据
2025-10-17 10:27:21-INFO-[tdms_reader_time.py:139]-已转换: 20250620193859.168055.tdms -> D:/Lab/process/2025.6.20/time\backwatering\20250620193859.168055.csv
2025-10-17 10:27:21-INFO-[tdms_reader_time.py:44]-开始处理文件: D:/Lab/raw/2025.6.20\stopdirtyback\20250620203733.850068.tdms
2025-10-17 10:27:21-INFO-[tdms_reader_time.py:44]-开始处理文件: D:/Lab/raw/2025.6.20\stopdirtyback\20250620203739.731672.tdms
2025-10-17 10:27:21-INFO-[tdms_reader_time.py:44]-开始处理文件: D:/Lab/raw/2025.6.20\stopdirtyback\20250620203736.809154.tdms
2025-10-17 10:27:21-INFO-[tdms_reader_time.py:71]-处理文件: 20250620203733.850068.tdms, 数据长度: 200000, 通道数: 16
2025-10-17 10:27:21-INFO-[tdms_reader_time.py:80]-使用实际采样间隔: 5e-06 秒
2025-10-17 10:27:21-INFO-[tdms_reader_time.py:71]-处理文件: 20250620203739.731672.tdms, 数据长度: 200000, 通道数: 16
2025-10-17 10:27:21-INFO-[tdms_reader_time.py:94]-使用通道起始时间: 2025-06-20 12:37:32.497173
2025-10-17 10:27:21-INFO-[tdms_reader_time.py:71]-处理文件: 20250620203736.809154.tdms, 数据长度: 200000, 通道数: 16
2025-10-17 10:27:21-INFO-[tdms_reader_time.py:80]-使用实际采样间隔: 5e-06 秒
2025-10-17 10:27:21-INFO-[tdms_reader_time.py:94]-使用通道起始时间: 2025-06-20 12:37:35.442828
2025-10-17 10:27:21-INFO-[tdms_reader_time.py:137]-  已写入 200000/200000 行数据
2025-10-17 10:27:21-INFO-[tdms_reader_time.py:139]-已转换: 20250620193913.800929.tdms -> D:/Lab/process/2025.6.20/time\backwatering\20250620193913.800929.csv
2025-10-17 10:27:21-INFO-[tdms_reader_time.py:80]-使用实际采样间隔: 5e-06 秒
2025-10-17 10:27:21-INFO-[tdms_reader_time.py:94]-使用通道起始时间: 2025-06-20 12:37:38.369721
2025-10-17 10:27:21-INFO-[tdms_reader_time.py:137]-  已写入 200000/200000 行数据
2025-10-17 10:27:21-INFO-[tdms_reader_time.py:139]-已转换: 20250620193902.126579.tdms -> D:/Lab/process/2025.6.20/time\backwatering\20250620193902.126579.csv
2025-10-17 10:27:21-INFO-[tdms_reader_time.py:44]-开始处理文件: D:/Lab/raw/2025.6.20\stopdirtyback\20250620203742.636087.tdms
2025-10-17 10:27:21-INFO-[tdms_reader_time.py:44]-开始处理文件: D:/Lab/raw/2025.6.20\stopdirtyback\20250620203745.567957.tdms
2025-10-17 10:27:21-INFO-[tdms_reader_time.py:137]-  已写入 200000/200000 行数据
2025-10-17 10:27:21-INFO-[tdms_reader_time.py:139]-已转换: 20250620193905.056522.tdms -> D:/Lab/process/2025.6.20/time\backwatering\20250620193905.056522.csv
2025-10-17 10:27:21-INFO-[tdms_reader_time.py:71]-处理文件: 20250620203742.636087.tdms, 数据长度: 200000, 通道数: 16
2025-10-17 10:27:21-INFO-[tdms_reader_time.py:80]-使用实际采样间隔: 5e-06 秒
2025-10-17 10:27:21-INFO-[tdms_reader_time.py:94]-使用通道起始时间: 2025-06-20 12:37:41.284860
2025-10-17 10:27:21-INFO-[tdms_reader_time.py:44]-开始处理文件: D:/Lab/raw/2025.6.20\stopdirtyback\20250620203748.493319.tdms
2025-10-17 10:27:21-INFO-[tdms_reader_time.py:137]-  已写入 200000/200000 行数据
2025-10-17 10:27:21-INFO-[tdms_reader_time.py:139]-已转换: 20250620193907.982947.tdms -> D:/Lab/process/2025.6.20/time\backwatering\20250620193907.982947.csv
2025-10-17 10:27:21-INFO-[tdms_reader_time.py:71]-处理文件: 20250620203745.567957.tdms, 数据长度: 200000, 通道数: 16
2025-10-17 10:27:21-INFO-[tdms_reader_time.py:80]-使用实际采样间隔: 5e-06 秒
2025-10-17 10:27:21-INFO-[tdms_reader_time.py:94]-使用通道起始时间: 2025-06-20 12:37:44.207525
2025-10-17 10:27:21-INFO-[tdms_reader_time.py:44]-开始处理文件: D:/Lab/raw/2025.6.20\stopdirtyback\20250620203751.394046.tdms
2025-10-17 10:27:22-INFO-[tdms_reader_time.py:71]-处理文件: 20250620203748.493319.tdms, 数据长度: 200000, 通道数: 16
2025-10-17 10:27:22-INFO-[tdms_reader_time.py:80]-使用实际采样间隔: 5e-06 秒
2025-10-17 10:27:22-INFO-[tdms_reader_time.py:71]-处理文件: 20250620203751.394046.tdms, 数据长度: 200000, 通道数: 16
2025-10-17 10:27:22-INFO-[tdms_reader_time.py:94]-使用通道起始时间: 2025-06-20 12:37:47.133766
2025-10-17 10:27:22-INFO-[tdms_reader_time.py:80]-使用实际采样间隔: 5e-06 秒
2025-10-17 10:27:22-INFO-[tdms_reader_time.py:94]-使用通道起始时间: 2025-06-20 12:37:50.044528
2025-10-17 10:27:22-INFO-[tdms_reader_time.py:137]-  已写入 200000/200000 行数据
2025-10-17 10:27:22-INFO-[tdms_reader_time.py:139]-已转换: 20250620193916.714522.tdms -> D:/Lab/process/2025.6.20/time\backwatering\20250620193916.714522.csv
2025-10-17 10:27:22-INFO-[tdms_reader_time.py:44]-开始处理文件: D:/Lab/raw/2025.6.20\stopdirtyback\20250620203754.381011.tdms
2025-10-17 10:27:22-INFO-[tdms_reader_time.py:71]-处理文件: 20250620203754.381011.tdms, 数据长度: 200000, 通道数: 16
2025-10-17 10:27:22-INFO-[tdms_reader_time.py:80]-使用实际采样间隔: 5e-06 秒
2025-10-17 10:27:22-INFO-[tdms_reader_time.py:94]-使用通道起始时间: 2025-06-20 12:37:52.968803
2025-10-17 10:27:24-INFO-[tdms_reader_time.py:137]-  已写入 100000/200000 行数据
2025-10-17 10:27:24-INFO-[tdms_reader_time.py:137]-  已写入 100000/200000 行数据
2025-10-17 10:27:25-INFO-[tdms_reader_time.py:137]-  已写入 100000/200000 行数据
2025-10-17 10:27:25-INFO-[tdms_reader_time.py:137]-  已写入 100000/200000 行数据
2025-10-17 10:27:25-INFO-[tdms_reader_time.py:137]-  已写入 100000/200000 行数据
2025-10-17 10:27:25-INFO-[tdms_reader_time.py:137]-  已写入 100000/200000 行数据
2025-10-17 10:27:25-INFO-[tdms_reader_time.py:137]-  已写入 100000/200000 行数据
2025-10-17 10:27:25-INFO-[tdms_reader_time.py:137]-  已写入 100000/200000 行数据
2025-10-17 10:27:25-INFO-[tdms_reader_time.py:137]-  已写入 100000/200000 行数据
2025-10-17 10:27:25-INFO-[tdms_reader_time.py:137]-  已写入 100000/200000 行数据
2025-10-17 10:27:25-INFO-[tdms_reader_time.py:137]-  已写入 100000/200000 行数据
2025-10-17 10:27:25-INFO-[tdms_reader_time.py:137]-  已写入 100000/200000 行数据
2025-10-17 10:27:25-INFO-[tdms_reader_time.py:137]-  已写入 100000/200000 行数据
2025-10-17 10:27:25-INFO-[tdms_reader_time.py:137]-  已写入 100000/200000 行数据
2025-10-17 10:27:25-INFO-[tdms_reader_time.py:137]-  已写入 100000/200000 行数据
2025-10-17 10:27:25-INFO-[tdms_reader_time.py:137]-  已写入 100000/200000 行数据
2025-10-17 10:27:25-INFO-[tdms_reader_time.py:137]-  已写入 100000/200000 行数据
2025-10-17 10:27:25-INFO-[tdms_reader_time.py:137]-  已写入 100000/200000 行数据
2025-10-17 10:27:25-INFO-[tdms_reader_time.py:137]-  已写入 100000/200000 行数据
2025-10-17 10:27:25-INFO-[tdms_reader_time.py:137]-  已写入 100000/200000 行数据
2025-10-17 10:27:25-INFO-[tdms_reader_time.py:137]-  已写入 100000/200000 行数据
2025-10-17 10:27:25-INFO-[tdms_reader_time.py:137]-  已写入 100000/200000 行数据
2025-10-17 10:27:25-INFO-[tdms_reader_time.py:137]-  已写入 100000/200000 行数据
2025-10-17 10:27:25-INFO-[tdms_reader_time.py:137]-  已写入 100000/200000 行数据
2025-10-17 10:27:25-INFO-[tdms_reader_time.py:137]-  已写入 100000/200000 行数据
2025-10-17 10:27:25-INFO-[tdms_reader_time.py:137]-  已写入 100000/200000 行数据
2025-10-17 10:27:25-INFO-[tdms_reader_time.py:137]-  已写入 100000/200000 行数据
2025-10-17 10:27:25-INFO-[tdms_reader_time.py:137]-  已写入 100000/200000 行数据
2025-10-17 10:27:26-INFO-[tdms_reader_time.py:137]-  已写入 200000/200000 行数据
2025-10-17 10:27:26-INFO-[tdms_reader_time.py:137]-  已写入 200000/200000 行数据
2025-10-17 10:27:26-INFO-[tdms_reader_time.py:139]-已转换: 20250620203652.803200.tdms -> D:/Lab/process/2025.6.20/time\stopdirtyback\20250620203652.803200.csv
2025-10-17 10:27:26-INFO-[tdms_reader_time.py:139]-已转换: 20250620203748.493319.tdms -> D:/Lab/process/2025.6.20/time\stopdirtyback\20250620203748.493319.csv
2025-10-17 10:27:26-INFO-[tdms_reader_time.py:137]-  已写入 200000/200000 行数据
2025-10-17 10:27:26-INFO-[tdms_reader_time.py:139]-已转换: 20250620194609.324848.tdms -> D:/Lab/process/2025.6.20/time\backwatering\20250620194609.324848.csv
2025-10-17 10:27:26-INFO-[tdms_reader_time.py:137]-  已写入 200000/200000 行数据
2025-10-17 10:27:26-INFO-[tdms_reader_time.py:139]-已转换: 20250620203733.850068.tdms -> D:/Lab/process/2025.6.20/time\stopdirtyback\20250620203733.850068.csv
2025-10-17 10:27:26-INFO-[tdms_reader_time.py:44]-开始处理文件: D:/Lab/raw/2025.6.20\stopdirtyback\20250620203757.355624.tdms
2025-10-17 10:27:26-INFO-[tdms_reader_time.py:44]-开始处理文件: D:/Lab/raw/2025.6.20\test\20250620193223.119184.tdms
2025-10-17 10:27:26-INFO-[tdms_reader_time.py:44]-开始处理文件: D:/Lab/raw/2025.6.20\stopdirtyback\20250620203800.231357.tdms
2025-10-17 10:27:26-INFO-[tdms_reader_time.py:137]-  已写入 200000/200000 行数据
2025-10-17 10:27:26-INFO-[tdms_reader_time.py:137]-  已写入 200000/200000 行数据
2025-10-17 10:27:26-INFO-[tdms_reader_time.py:139]-已转换: 20250620203754.381011.tdms -> D:/Lab/process/2025.6.20/time\stopdirtyback\20250620203754.381011.csv
2025-10-17 10:27:26-INFO-[tdms_reader_time.py:44]-开始处理文件: D:/Lab/raw/2025.6.20\test\20250620193226.144821.tdms
2025-10-17 10:27:26-INFO-[tdms_reader_time.py:139]-已转换: 20250620203736.809154.tdms -> D:/Lab/process/2025.6.20/time\stopdirtyback\20250620203736.809154.csv
2025-10-17 10:27:26-INFO-[tdms_reader_time.py:71]-处理文件: 20250620203757.355624.tdms, 数据长度: 200000, 通道数: 16
2025-10-17 10:27:26-INFO-[tdms_reader_time.py:80]-使用实际采样间隔: 5e-06 秒
2025-10-17 10:27:26-INFO-[tdms_reader_time.py:71]-处理文件: 20250620193223.119184.tdms, 数据长度: 200000, 通道数: 16
2025-10-17 10:27:26-INFO-[tdms_reader_time.py:94]-使用通道起始时间: 2025-06-20 12:37:55.995265
2025-10-17 10:27:26-INFO-[tdms_reader_time.py:80]-使用实际采样间隔: 5e-06 秒
2025-10-17 10:27:26-INFO-[tdms_reader_time.py:137]-  已写入 200000/200000 行数据
2025-10-17 10:27:26-INFO-[tdms_reader_time.py:139]-已转换: 20250620203710.409991.tdms -> D:/Lab/process/2025.6.20/time\stopdirtyback\20250620203710.409991.csv
2025-10-17 10:27:26-INFO-[tdms_reader_time.py:71]-处理文件: 20250620203800.231357.tdms, 数据长度: 200000, 通道数: 16
2025-10-17 10:27:26-INFO-[tdms_reader_time.py:94]-使用通道起始时间: 2025-06-20 11:32:21.761863
2025-10-17 10:27:26-INFO-[tdms_reader_time.py:80]-使用实际采样间隔: 5e-06 秒
2025-10-17 10:27:26-INFO-[tdms_reader_time.py:44]-开始处理文件: D:/Lab/raw/2025.6.20\test\20250620193232.047310.tdms
2025-10-17 10:27:26-INFO-[tdms_reader_time.py:44]-开始处理文件: D:/Lab/raw/2025.6.20\test\20250620193229.092219.tdms
2025-10-17 10:27:26-INFO-[tdms_reader_time.py:94]-使用通道起始时间: 2025-06-20 12:37:58.871695
2025-10-17 10:27:26-INFO-[tdms_reader_time.py:71]-处理文件: 20250620193226.144821.tdms, 数据长度: 200000, 通道数: 16
2025-10-17 10:27:26-INFO-[tdms_reader_time.py:80]-使用实际采样间隔: 5e-06 秒
2025-10-17 10:27:26-INFO-[tdms_reader_time.py:137]-  已写入 200000/200000 行数据
2025-10-17 10:27:26-INFO-[tdms_reader_time.py:137]-  已写入 200000/200000 行数据
2025-10-17 10:27:26-INFO-[tdms_reader_time.py:139]-已转换: 20250620203716.299159.tdms -> D:/Lab/process/2025.6.20/time\stopdirtyback\20250620203716.299159.csv
2025-10-17 10:27:26-INFO-[tdms_reader_time.py:139]-已转换: 20250620203742.636087.tdms -> D:/Lab/process/2025.6.20/time\stopdirtyback\20250620203742.636087.csv
2025-10-17 10:27:26-INFO-[tdms_reader_time.py:44]-开始处理文件: D:/Lab/raw/2025.6.20\test\20250620193234.988384.tdms
2025-10-17 10:27:26-INFO-[tdms_reader_time.py:94]-使用通道起始时间: 2025-06-20 11:32:24.762460
2025-10-17 10:27:26-INFO-[tdms_reader_time.py:137]-  已写入 200000/200000 行数据
2025-10-17 10:27:26-INFO-[tdms_reader_time.py:137]-  已写入 200000/200000 行数据
2025-10-17 10:27:26-INFO-[tdms_reader_time.py:71]-处理文件: 20250620193229.092219.tdms, 数据长度: 200000, 通道数: 16
2025-10-17 10:27:26-INFO-[tdms_reader_time.py:139]-已转换: 20250620203727.976887.tdms -> D:/Lab/process/2025.6.20/time\stopdirtyback\20250620203727.976887.csv
2025-10-17 10:27:26-INFO-[tdms_reader_time.py:137]-  已写入 200000/200000 行数据
20\test\20250620193237.935547.tdms
2025-10-17 10:27:26-INFO-[tdms_reader_time.py:71]-处理文件: 20250620193232.047310.tdms, 数据长度: 200000, 通道数: 16
tyback\20250620203719.208527.csv
2025-10-17 10:27:26-INFO-[tdms_reader_time.py:80]-使用实际采样间隔: 5e-06 秒
2025-10-17 10:27:26-INFO-[tdms_reader_time.py:139]-已转换: 20250620203658.518572.tdms -> D:/Lab/process/2025.6.20/time\stopdirtyback\20250620203658.518572.csv
2025-10-17 10:27:26-INFO-[tdms_reader_time.py:80]-使用实际采样间隔: 5e-06 秒
2025-10-17 10:27:26-INFO-[tdms_reader_time.py:94]-使用通道起始时间: 2025-06-20 11:32:27.735315
2025-10-17 10:27:26-INFO-[tdms_reader_time.py:44]-开始处理文件: D:/Lab/raw/2025.6.20\test\20250620193240.864516.tdms
2025-10-17 10:27:26-INFO-[tdms_reader_time.py:137]-  已写入 200000/200000 行数据
2025-10-17 10:27:26-INFO-[tdms_reader_time.py:94]-使用通道起始时间: 2025-06-20 11:32:30.693078
2025-10-17 10:27:26-INFO-[tdms_reader_time.py:139]-已转换: 20250620203701.532839.tdms -> D:/Lab/process/2025.6.20/time\stopdirtyback\20250620203701.532839.csv
2025-10-17 10:27:26-INFO-[tdms_reader_time.py:71]-处理文件: 20250620193234.988384.tdms, 数据长度: 200000, 通道数: 16
2025-10-17 10:27:26-INFO-[tdms_reader_time.py:137]-  已写入 200000/200000 行数据
2025-10-17 10:27:26-INFO-[tdms_reader_time.py:44]-开始处理文件: D:/Lab/raw/2025.6.20\test\20250620193243.809867.tdms
2025-10-17 10:27:26-INFO-[tdms_reader_time.py:80]-使用实际采样间隔: 5e-06 秒
2025-10-17 10:27:26-INFO-[tdms_reader_time.py:94]-使用通道起始时间: 2025-06-20 11:32:33.632545
2025-10-17 10:27:26-INFO-[tdms_reader_time.py:137]-  已写入 200000/200000 行数据
2025-10-17 10:27:26-INFO-[tdms_reader_time.py:44]-开始处理文件: D:/Lab/raw/2025.6.20\test\20250620193246.763908.tdms
2025-10-17 10:27:26-INFO-[tdms_reader_time.py:139]-已转换: 20250620203725.055667.tdms -> D:/Lab/process/2025.6.20/time\stopdirtyback\20250620203725.055667.csv
2025-10-17 10:27:26-INFO-[tdms_reader_time.py:137]-  已写入 200000/200000 行数据
2025-10-17 10:27:26-INFO-[tdms_reader_time.py:139]-已转换: 20250620203730.949081.tdms -> D:/Lab/process/2025.6.20/time\stopdirtyback\20250620203730.949081.csv
2025-10-17 10:27:26-INFO-[tdms_reader_time.py:71]-处理文件: 20250620193240.864516.tdms, 数据长度: 200000, 通道数: 16
2025-10-17 10:27:26-INFO-[tdms_reader_time.py:44]-开始处理文件: D:/Lab/raw/2025.6.20\test\20250620193249.732466.tdms
2025-10-17 10:27:26-INFO-[tdms_reader_time.py:139]-已转换: 20250620203713.390256.tdms -> D:/Lab/process/2025.6.20/time\stopdirtyback\20250620203713.390256.csv
2025-10-17 10:27:26-INFO-[tdms_reader_time.py:44]-开始处理文件: D:/Lab/raw/2025.6.20\test\20250620193252.662583.tdms
2025-10-17 10:27:26-INFO-[tdms_reader_time.py:80]-使用实际采样间隔: 5e-06 秒
2025-10-17 10:27:26-INFO-[tdms_reader_time.py:94]-使用通道起始时间: 2025-06-20 11:32:39.515396
2025-10-17 10:27:26-INFO-[tdms_reader_time.py:137]-  已写入 200000/200000 行数据
2025-10-17 10:27:26-INFO-[tdms_reader_time.py:139]-已转换: 20250620203655.750625.tdms -> D:/Lab/process/2025.6.20/time\stopdirtyback\20250620203655.750625.csv
2025-10-17 10:27:26-INFO-[tdms_reader_time.py:137]-  已写入 200000/200000 行数据
2025-10-17 10:27:26-INFO-[tdms_reader_time.py:71]-处理文件: 20250620193237.935547.tdms, 数据长度: 200000, 通道数: 16
2025-10-17 10:27:26-INFO-[tdms_reader_time.py:80]-使用实际采样间隔: 5e-06 秒
2025-10-17 10:27:26-INFO-[tdms_reader_time.py:139]-已转换: 20250620203739.731672.tdms -> D:/Lab/process/2025.6.20/time\stopdirtyback\20250620203739.731672.csv
2025-10-17 10:27:26-INFO-[tdms_reader_time.py:94]-使用通道起始时间: 2025-06-20 11:32:36.574364
2025-10-17 10:27:26-INFO-[tdms_reader_time.py:137]-  已写入 200000/200000 行数据
2025-10-17 10:27:26-INFO-[tdms_reader_time.py:137]-  已写入 200000/200000 行数据
2025-10-17 10:27:26-INFO-[tdms_reader_time.py:44]-开始处理文件: D:/Lab/raw/2025.6.20\test\20250620193255.616210.tdms
2025-10-17 10:27:26-INFO-[tdms_reader_time.py:139]-已转换: 20250620203722.132566.tdms -> D:/Lab/process/2025.6.20/time\stopdirtyback\20250620203722.132566.csv
2025-10-17 10:27:26-INFO-[tdms_reader_time.py:137]-  已写入 200000/200000 行数据
2025-10-17 10:27:26-INFO-[tdms_reader_time.py:139]-已转换: 20250620203751.394046.tdms -> D:/Lab/process/2025.6.20/time\stopdirtyback\20250620203751.394046.csv
2025-10-17 10:27:26-INFO-[tdms_reader_time.py:139]-已转换: 20250620203707.478189.tdms -> D:/Lab/process/2025.6.20/time\stopdirtyback\20250620203707.478189.csv
2025-10-17 10:27:26-INFO-[tdms_reader_time.py:44]-开始处理文件: D:/Lab/raw/2025.6.20\test\20250620193258.574172.tdms
2025-10-17 10:27:26-INFO-[tdms_reader_time.py:137]-  已写入 200000/200000 行数据
2025-10-17 10:27:26-INFO-[tdms_reader_time.py:139]-已转换: 20250620203704.513334.tdms -> D:/Lab/process/2025.6.20/time\stopdirtyback\20250620203704.513334.csv
2025-10-17 10:27:26-INFO-[tdms_reader_time.py:44]-开始处理文件: D:/Lab/raw/2025.6.20\test\20250620193301.508846.tdms
2025-10-17 10:27:26-INFO-[tdms_reader_time.py:44]-开始处理文件: D:/Lab/raw/2025.6.20\test\20250620193304.484258.tdms
2025-10-17 10:27:26-INFO-[tdms_reader_time.py:71]-处理文件: 20250620193249.732466.tdms, 数据长度: 200000, 通道数: 16
2025-10-17 10:27:26-INFO-[tdms_reader_time.py:71]-处理文件: 20250620193243.809867.tdms, 数据长度: 200000, 通道数: 16
2025-10-17 10:27:26-INFO-[tdms_reader_time.py:80]-使用实际采样间隔: 5e-06 秒
2025-10-17 10:27:26-INFO-[tdms_reader_time.py:44]-开始处理文件: D:/Lab/raw/2025.6.20\test\20250620193307.430461.tdms
2025-10-17 10:27:26-INFO-[tdms_reader_time.py:94]-使用通道起始时间: 2025-06-20 11:32:42.450828
2025-10-17 10:27:26-INFO-[tdms_reader_time.py:71]-处理文件: 20250620193252.662583.tdms, 数据长度: 200000, 通道数: 16
2025-10-17 10:27:26-INFO-[tdms_reader_time.py:44]-开始处理文件: D:/Lab/raw/2025.6.20\test\20250620193310.390563.tdms
2025-10-17 10:27:26-INFO-[tdms_reader_time.py:71]-处理文件: 20250620193246.763908.tdms, 数据长度: 200000, 通道数: 16
2025-10-17 10:27:26-INFO-[tdms_reader_time.py:80]-使用实际采样间隔: 5e-06 秒
2025-10-17 10:27:26-INFO-[tdms_reader_time.py:80]-使用实际采样间隔: 5e-06 秒
2025-10-17 10:27:26-INFO-[tdms_reader_time.py:44]-开始处理文件: D:/Lab/raw/2025.6.20\test\20250620193313.360571.tdms
2025-10-17 10:27:26-INFO-[tdms_reader_time.py:80]-使用实际采样间隔: 5e-06 秒
2025-10-17 10:27:26-INFO-[tdms_reader_time.py:94]-使用通道起始时间: 2025-06-20 11:32:48.382559
2025-10-17 10:27:26-INFO-[tdms_reader_time.py:94]-使用通道起始时间: 2025-06-20 11:32:51.300321
2025-10-17 10:27:26-INFO-[tdms_reader_time.py:44]-开始处理文件: D:/Lab/raw/2025.6.20\test\20250620193319.359090.tdms
2025-10-17 10:27:26-INFO-[tdms_reader_time.py:71]-处理文件: 20250620193255.616210.tdms, 数据长度: 200000, 通道数: 16
2025-10-17 10:27:26-INFO-[tdms_reader_time.py:80]-使用实际采样间隔: 5e-06 秒
2025-10-17 10:27:26-INFO-[tdms_reader_time.py:44]-开始处理文件: D:/Lab/raw/2025.6.20\test\20250620193316.385404.tdms
2025-10-17 10:27:26-INFO-[tdms_reader_time.py:94]-使用通道起始时间: 2025-06-20 11:32:45.403797
2025-10-17 10:27:26-INFO-[tdms_reader_time.py:94]-使用通道起始时间: 2025-06-20 11:32:54.252443
2025-10-17 10:27:26-INFO-[tdms_reader_time.py:71]-处理文件: 20250620193258.574172.tdms, 数据长度: 200000, 通道数: 16
2025-10-17 10:27:26-INFO-[tdms_reader_time.py:71]-处理文件: 20250620193301.508846.tdms, 数据长度: 200000, 通道数: 16
2025-10-17 10:27:26-INFO-[tdms_reader_time.py:80]-使用实际采样间隔: 5e-06 秒
2025-10-17 10:27:26-INFO-[tdms_reader_time.py:137]-  已写入 200000/200000 行数据
2025-10-17 10:27:26-INFO-[tdms_reader_time.py:80]-使用实际采样间隔: 5e-06 秒
2025-10-17 10:27:26-INFO-[tdms_reader_time.py:94]-使用通道起始时间: 2025-06-20 11:33:00.141653
2025-10-17 10:27:26-INFO-[tdms_reader_time.py:94]-使用通道起始时间: 2025-06-20 11:32:57.203055
2025-10-17 10:27:26-INFO-[tdms_reader_time.py:139]-已转换: 20250620203745.567957.tdms -> D:/Lab/process/2025.6.20/time\stopdirtyback\20250620203745.567957.csv
2025-10-17 10:27:26-INFO-[tdms_reader_time.py:71]-处理文件: 20250620193304.484258.tdms, 数据长度: 200000, 通道数: 16
2025-10-17 10:27:26-INFO-[tdms_reader_time.py:71]-处理文件: 20250620193307.430461.tdms, 数据长度: 200000, 通道数: 16
2025-10-17 10:27:26-INFO-[tdms_reader_time.py:80]-使用实际采样间隔: 5e-06 秒
2025-10-17 10:27:26-INFO-[tdms_reader_time.py:80]-使用实际采样间隔: 5e-06 秒
2025-10-17 10:27:26-INFO-[tdms_reader_time.py:94]-使用通道起始时间: 2025-06-20 11:33:06.060083
2025-10-17 10:27:26-INFO-[tdms_reader_time.py:94]-使用通道起始时间: 2025-06-20 11:33:03.099288
2025-10-17 10:27:27-INFO-[tdms_reader_time.py:44]-开始处理文件: D:/Lab/raw/2025.6.20\test\20250620193322.349448.tdms
2025-10-17 10:27:27-INFO-[tdms_reader_time.py:71]-处理文件: 20250620193310.390563.tdms, 数据长度: 200000, 通道数: 16
2025-10-17 10:27:27-INFO-[tdms_reader_time.py:80]-使用实际采样间隔: 5e-06 秒
2025-10-17 10:27:27-INFO-[tdms_reader_time.py:94]-使用通道起始时间: 2025-06-20 11:33:09.026716
2025-10-17 10:27:27-INFO-[tdms_reader_time.py:71]-处理文件: 20250620193319.359090.tdms, 数据长度: 200000, 通道数: 16
2025-10-17 10:27:27-INFO-[tdms_reader_time.py:71]-处理文件: 20250620193313.360571.tdms, 数据长度: 200000, 通道数: 16
2025-10-17 10:27:27-INFO-[tdms_reader_time.py:80]-使用实际采样间隔: 5e-06 秒
2025-10-17 10:27:27-INFO-[tdms_reader_time.py:80]-使用实际采样间隔: 5e-06 秒
2025-10-17 10:27:27-INFO-[tdms_reader_time.py:94]-使用通道起始时间: 2025-06-20 11:33:18.006834
2025-10-17 10:27:27-INFO-[tdms_reader_time.py:94]-使用通道起始时间: 2025-06-20 11:33:11.997665
2025-10-17 10:27:27-INFO-[tdms_reader_time.py:71]-处理文件: 20250620193316.385404.tdms, 数据长度: 200000, 通道数: 16
2025-10-17 10:27:27-INFO-[tdms_reader_time.py:80]-使用实际采样间隔: 5e-06 秒
2025-10-17 10:27:27-INFO-[tdms_reader_time.py:94]-使用通道起始时间: 2025-06-20 11:33:15.016763
2025-10-17 10:27:27-INFO-[tdms_reader_time.py:71]-处理文件: 20250620193322.349448.tdms, 数据长度: 200000, 通道数: 16
2025-10-17 10:27:27-INFO-[tdms_reader_time.py:80]-使用实际采样间隔: 5e-06 秒
2025-10-17 10:27:27-INFO-[tdms_reader_time.py:94]-使用通道起始时间: 2025-06-20 11:33:20.991885
2025-10-17 10:27:27-INFO-[tdms_reader_time.py:137]-  已写入 200000/200000 行数据
2025-10-17 10:27:27-INFO-[tdms_reader_time.py:137]-  已写入 200000/200000 行数据
2025-10-17 10:27:27-INFO-[tdms_reader_time.py:139]-已转换: 20250620193922.601949.tdms -> D:/Lab/process/2025.6.20/time\backwatering\20250620193922.601949.csv
2025-10-17 10:27:27-INFO-[tdms_reader_time.py:139]-已转换: 20250620193919.648442.tdms -> D:/Lab/process/2025.6.20/time\backwatering\20250620193919.648442.csv
2025-10-17 10:27:27-INFO-[tdms_reader_time.py:44]-开始处理文件: D:/Lab/raw/2025.6.20\test\20250620193325.269995.tdms
2025-10-17 10:27:27-INFO-[tdms_reader_time.py:71]-处理文件: 20250620193325.269995.tdms, 数据长度: 200000, 通道数: 16
2025-10-17 10:27:27-INFO-[tdms_reader_time.py:80]-使用实际采样间隔: 5e-06 秒
2025-10-17 10:27:27-INFO-[tdms_reader_time.py:94]-使用通道起始时间: 2025-06-20 11:33:23.909294
2025-10-17 10:27:27-INFO-[tdms_reader_time.py:137]-  已写入 200000/200000 行数据
2025-10-17 10:27:27-INFO-[tdms_reader_time.py:139]-已转换: 20250620193925.583770.tdms -> D:/Lab/process/2025.6.20/time\backwatering\20250620193925.583770.csv
2025-10-17 10:27:27-INFO-[tdms_reader_time.py:137]-  已写入 200000/200000 行数据
2025-10-17 10:27:27-INFO-[tdms_reader_time.py:139]-已转换: 20250620193928.513572.tdms -> D:/Lab/process/2025.6.20/time\backwatering\20250620193928.513572.csv
2025-10-17 10:27:28-INFO-[tdms_reader_time.py:137]-  已写入 200000/200000 行数据
2025-10-17 10:27:28-INFO-[tdms_reader_time.py:139]-已转换: 20250620193931.418785.tdms -> D:/Lab/process/2025.6.20/time\backwatering\20250620193931.418785.csv
2025-10-17 10:27:30-INFO-[tdms_reader_time.py:137]-  已写入 100000/200000 行数据
2025-10-17 10:27:30-INFO-[tdms_reader_time.py:137]-  已写入 100000/200000 行数据
2025-10-17 10:27:30-INFO-[tdms_reader_time.py:137]-  已写入 100000/200000 行数据
2025-10-17 10:27:30-INFO-[tdms_reader_time.py:137]-  已写入 100000/200000 行数据
2025-10-17 10:27:30-INFO-[tdms_reader_time.py:137]-  已写入 100000/200000 行数据
2025-10-17 10:27:30-INFO-[tdms_reader_time.py:137]-  已写入 100000/200000 行数据
2025-10-17 10:27:30-INFO-[tdms_reader_time.py:137]-  已写入 100000/200000 行数据
2025-10-17 10:27:30-INFO-[tdms_reader_time.py:137]-  已写入 100000/200000 行数据
2025-10-17 10:27:30-INFO-[tdms_reader_time.py:137]-  已写入 100000/200000 行数据
2025-10-17 10:27:30-INFO-[tdms_reader_time.py:137]-  已写入 100000/200000 行数据
2025-10-17 10:27:30-INFO-[tdms_reader_time.py:137]-  已写入 100000/200000 行数据
2025-10-17 10:27:30-INFO-[tdms_reader_time.py:137]-  已写入 100000/200000 行数据
2025-10-17 10:27:30-INFO-[tdms_reader_time.py:137]-  已写入 100000/200000 行数据
2025-10-17 10:27:30-INFO-[tdms_reader_time.py:137]-  已写入 100000/200000 行数据
2025-10-17 10:27:30-INFO-[tdms_reader_time.py:137]-  已写入 100000/200000 行数据
2025-10-17 10:27:30-INFO-[tdms_reader_time.py:137]-  已写入 100000/200000 行数据
2025-10-17 10:27:30-INFO-[tdms_reader_time.py:137]-  已写入 100000/200000 行数据
2025-10-17 10:27:30-INFO-[tdms_reader_time.py:137]-  已写入 100000/200000 行数据
2025-10-17 10:27:30-INFO-[tdms_reader_time.py:137]-  已写入 100000/200000 行数据
2025-10-17 10:27:30-INFO-[tdms_reader_time.py:137]-  已写入 100000/200000 行数据
2025-10-17 10:27:30-INFO-[tdms_reader_time.py:137]-  已写入 100000/200000 行数据
2025-10-17 10:27:30-INFO-[tdms_reader_time.py:137]-  已写入 100000/200000 行数据
2025-10-17 10:27:30-INFO-[tdms_reader_time.py:137]-  已写入 100000/200000 行数据
2025-10-17 10:27:31-INFO-[tdms_reader_time.py:137]-  已写入 100000/200000 行数据
2025-10-17 10:27:31-INFO-[tdms_reader_time.py:137]-  已写入 200000/200000 行数据
2025-10-17 10:27:31-INFO-[tdms_reader_time.py:139]-已转换: 20250620203757.355624.tdms -> D:/Lab/process/2025.6.20/time\stopdirtyback\20250620203757.355624.csv
2025-10-17 10:27:31-INFO-[tdms_reader_time.py:137]-  已写入 200000/200000 行数据
2025-10-17 10:27:31-INFO-[tdms_reader_time.py:139]-已转换: 20250620203800.231357.tdms -> D:/Lab/process/2025.6.20/time\stopdirtyback\20250620203800.231357.csv
2025-10-17 10:27:33-INFO-[tdms_reader_time.py:137]-  已写入 200000/200000 行数据
2025-10-17 10:27:33-INFO-[tdms_reader_time.py:139]-已转换: 20250620193223.119184.tdms -> D:/Lab/process/2025.6.20/time\test\20250620193223.119184.csv
2025-10-17 10:27:33-INFO-[tdms_reader_time.py:137]-  已写入 200000/200000 行数据
2025-10-17 10:27:33-INFO-[tdms_reader_time.py:139]-已转换: 20250620193232.047310.tdms -> D:/Lab/process/2025.6.20/time\test\20250620193232.047310.csv
2025-10-17 10:27:33-INFO-[tdms_reader_time.py:137]-  已写入 200000/200000 行数据
2025-10-17 10:27:33-INFO-[tdms_reader_time.py:139]-已转换: 20250620193243.809867.tdms -> D:/Lab/process/2025.6.20/time\test\20250620193243.809867.csv
2025-10-17 10:27:33-INFO-[tdms_reader_time.py:137]-  已写入 200000/200000 行数据
2025-10-17 10:27:33-INFO-[tdms_reader_time.py:139]-已转换: 20250620193226.144821.tdms -> D:/Lab/process/2025.6.20/time\test\20250620193226.144821.csv
2025-10-17 10:27:33-INFO-[tdms_reader_time.py:137]-  已写入 200000/200000 行数据
2025-10-17 10:27:33-INFO-[tdms_reader_time.py:139]-已转换: 20250620193234.988384.tdms -> D:/Lab/process/2025.6.20/time\test\20250620193234.988384.csv
2025-10-17 10:27:33-INFO-[tdms_reader_time.py:137]-  已写入 200000/200000 行数据
2025-10-17 10:27:33-INFO-[tdms_reader_time.py:139]-已转换: 20250620193240.864516.tdms -> D:/Lab/process/2025.6.20/time\test\20250620193240.864516.csv
2025-10-17 10:27:33-INFO-[tdms_reader_time.py:137]-  已写入 200000/200000 行数据
2025-10-17 10:27:33-INFO-[tdms_reader_time.py:139]-已转换: 20250620193258.574172.tdms -> D:/Lab/process/2025.6.20/time\test\20250620193258.574172.csv
2025-10-17 10:27:33-INFO-[tdms_reader_time.py:137]-  已写入 200000/200000 行数据
2025-10-17 10:27:33-INFO-[tdms_reader_time.py:139]-已转换: 20250620193255.616210.tdms -> D:/Lab/process/2025.6.20/time\test\20250620193255.616210.csv
2025-10-17 10:27:33-INFO-[tdms_reader_time.py:137]-  已写入 200000/200000 行数据
2025-10-17 10:27:33-INFO-[tdms_reader_time.py:139]-已转换: 20250620193249.732466.tdms -> D:/Lab/process/2025.6.20/time\test\20250620193249.732466.csv
2025-10-17 10:27:33-INFO-[tdms_reader_time.py:137]-  已写入 200000/200000 行数据
2025-10-17 10:27:33-INFO-[tdms_reader_time.py:139]-已转换: 20250620193252.662583.tdms -> D:/Lab/process/2025.6.20/time\test\20250620193252.662583.csv
2025-10-17 10:27:33-INFO-[tdms_reader_time.py:137]-  已写入 200000/200000 行数据
2025-10-17 10:27:33-INFO-[tdms_reader_time.py:139]-已转换: 20250620193310.390563.tdms -> D:/Lab/process/2025.6.20/time\test\20250620193310.390563.csv
2025-10-17 10:27:33-INFO-[tdms_reader_time.py:137]-  已写入 200000/200000 行数据
2025-10-17 10:27:33-INFO-[tdms_reader_time.py:139]-已转换: 20250620193301.508846.tdms -> D:/Lab/process/2025.6.20/time\test\20250620193301.508846.csv
2025-10-17 10:27:33-INFO-[tdms_reader_time.py:137]-  已写入 200000/200000 行数据
2025-10-17 10:27:33-INFO-[tdms_reader_time.py:137]-  已写入 200000/200000 行数据
2025-10-17 10:27:33-INFO-[tdms_reader_time.py:139]-已转换: 20250620193246.763908.tdms -> D:/Lab/process/2025.6.20/time\test\20250620193246.763908.csv
2025-10-17 10:27:33-INFO-[tdms_reader_time.py:139]-已转换: 20250620193237.935547.tdms -> D:/Lab/process/2025.6.20/time\test\20250620193237.935547.csv
2025-10-17 10:27:33-INFO-[tdms_reader_time.py:137]-  已写入 200000/200000 行数据
2025-10-17 10:27:33-INFO-[tdms_reader_time.py:139]-已转换: 20250620193316.385404.tdms -> D:/Lab/process/2025.6.20/time\test\20250620193316.385404.csv
2025-10-17 10:27:33-INFO-[tdms_reader_time.py:137]-  已写入 200000/200000 行数据
2025-10-17 10:27:33-INFO-[tdms_reader_time.py:139]-已转换: 20250620193322.349448.tdms -> D:/Lab/process/2025.6.20/time\test\20250620193322.349448.csv
2025-10-17 10:27:33-INFO-[tdms_reader_time.py:137]-  已写入 200000/200000 行数据
2025-10-17 10:27:33-INFO-[tdms_reader_time.py:137]-  已写入 200000/200000 行数据
2025-10-17 10:27:33-INFO-[tdms_reader_time.py:139]-已转换: 20250620193313.360571.tdms -> D:/Lab/process/2025.6.20/time\test\20250620193313.360571.csv
2025-10-17 10:27:33-INFO-[tdms_reader_time.py:139]-已转换: 20250620193319.359090.tdms -> D:/Lab/process/2025.6.20/time\test\20250620193319.359090.csv
2025-10-17 10:27:33-INFO-[tdms_reader_time.py:139]-已转换: 20250620193307.430461.tdms -> D:/Lab/process/2025.6.20/time\test\20250620193307.430461.csv
2025-10-17 10:27:33-INFO-[tdms_reader_time.py:137]-  已写入 200000/200000 行数据
2025-10-17 10:27:33-INFO-[tdms_reader_time.py:139]-已转换: 20250620193229.092219.tdms -> D:/Lab/process/2025.6.20/time\test\20250620193229.092219.csv
2025-10-17 10:27:33-INFO-[tdms_reader_time.py:137]-  已写入 200000/200000 行数据
2025-10-17 10:27:33-INFO-[tdms_reader_time.py:139]-已转换: 20250620193304.484258.tdms -> D:/Lab/process/2025.6.20/time\test\20250620193304.484258.csv
2025-10-17 10:27:33-INFO-[tdms_reader_time.py:137]-  已写入 200000/200000 行数据
2025-10-17 10:27:33-INFO-[tdms_reader_time.py:139]-已转换: 20250620193325.269995.tdms -> D:/Lab/process/2025.6.20/time\test\20250620193325.269995.csv
2025-10-17 10:27:34-INFO-[tdms_reader_time.py:189]-所有文件处理完成
2025-10-17 10:27:34-INFO-[main.py:59]------------------------------执行完成-----------------------------
2025-10-17 10:36:44-INFO-[main.py:27]--------------------------启动数据分析系统-------------------------
2025-10-17 10:36:44-INFO-[file_utils.py:39]-paths.yaml 生成成功: C:\Users\17584\Documents\ALearning\Project\tools\DataProcess\config\paths.yaml
2025-10-17 10:36:44-INFO-[tdms_reader_time.py:38]-配置文件加载成功: C:\Users\17584\Documents\ALearning\Project\tools\DataProcess\config\paths.yaml
2025-10-17 10:36:44-INFO-[tdms_reader_time.py:191]-原始数据目录: D:/Lab/raw/2025.6.20
2025-10-17 10:36:44-INFO-[tdms_reader_time.py:192]-输出目录: D:/Lab/process/2025.6.20/time
2025-10-17 10:36:44-INFO-[tdms_reader_time.py:204]-找到 164 个TDMS文件
2025-10-17 10:36:47-INFO-[tdms_reader_time.py:44]-开始处理文件: D:/Lab/raw/2025.6.20\30hz\20250620205455.361056.tdms
2025-10-17 10:36:47-INFO-[tdms_reader_time.py:44]-开始处理文件: D:/Lab/raw/2025.6.20\30hz\20250620205458.257609.tdms
2025-10-17 10:36:47-INFO-[tdms_reader_time.py:71]-处理文件: 20250620205455.361056.tdms, 数据长度: 200000, 通道数: 16
2025-10-17 10:36:47-INFO-[tdms_reader_time.py:79]-使用实际采样间隔: 5e-06 秒
2025-10-17 10:36:47-INFO-[tdms_reader_time.py:92]-使用通道起始时间: 2025-06-20 12:54:54.002876
2025-10-17 10:36:47-INFO-[tdms_reader_time.py:44]-开始处理文件: D:/Lab/raw/2025.6.20\30hz\20250620205501.157457.tdms
2025-10-17 10:36:47-INFO-[tdms_reader_time.py:71]-处理文件: 20250620205458.257609.tdms, 数据长度: 200000, 通道数: 16
2025-10-17 10:36:47-INFO-[tdms_reader_time.py:79]-使用实际采样间隔: 5e-06 秒
2025-10-17 10:36:47-INFO-[tdms_reader_time.py:92]-使用通道起始时间: 2025-06-20 12:54:56.888926
2025-10-17 10:36:47-INFO-[tdms_reader_time.py:71]-处理文件: 20250620205501.157457.tdms, 数据长度: 200000, 通道数: 16
2025-10-17 10:36:47-INFO-[tdms_reader_time.py:79]-使用实际采样间隔: 5e-06 秒
2025-10-17 10:36:47-INFO-[tdms_reader_time.py:92]-使用通道起始时间: 2025-06-20 12:54:59.792038
2025-10-17 10:36:47-INFO-[tdms_reader_time.py:44]-开始处理文件: D:/Lab/raw/2025.6.20\30hz\20250620205504.026487.tdms
2025-10-17 10:36:47-INFO-[tdms_reader_time.py:71]-处理文件: 20250620205504.026487.tdms, 数据长度: 200000, 通道数: 16
2025-10-17 10:36:47-INFO-[tdms_reader_time.py:79]-使用实际采样间隔: 5e-06 秒
2025-10-17 10:36:47-INFO-[tdms_reader_time.py:92]-使用通道起始时间: 2025-06-20 12:55:02.668804
2025-10-17 10:36:47-INFO-[tdms_reader_time.py:44]-开始处理文件: D:/Lab/raw/2025.6.20\30hz\20250620205506.866113.tdms
2025-10-17 10:36:47-INFO-[tdms_reader_time.py:44]-开始处理文件: D:/Lab/raw/2025.6.20\30hz\20250620205509.740417.tdms
2025-10-17 10:36:47-INFO-[tdms_reader_time.py:71]-处理文件: 20250620205506.866113.tdms, 数据长度: 200000, 通道数: 16
2025-10-17 10:36:47-INFO-[tdms_reader_time.py:79]-使用实际采样间隔: 5e-06 秒
2025-10-17 10:36:47-INFO-[tdms_reader_time.py:92]-使用通道起始时间: 2025-06-20 12:55:05.516600
2025-10-17 10:36:47-INFO-[tdms_reader_time.py:71]-处理文件: 20250620205509.740417.tdms, 数据长度: 200000, 通道数: 16
2025-10-17 10:36:47-INFO-[tdms_reader_time.py:79]-使用实际采样间隔: 5e-06 秒
2025-10-17 10:36:47-INFO-[tdms_reader_time.py:92]-使用通道起始时间: 2025-06-20 12:55:08.394506
2025-10-17 10:36:48-INFO-[tdms_reader_time.py:44]-开始处理文件: D:/Lab/raw/2025.6.20\30hz\20250620205512.593425.tdms
2025-10-17 10:36:48-INFO-[tdms_reader_time.py:44]-开始处理文件: D:/Lab/raw/2025.6.20\30hz\20250620205515.474232.tdms
2025-10-17 10:36:48-INFO-[tdms_reader_time.py:71]-处理文件: 20250620205512.593425.tdms, 数据长度: 200000, 通道数: 16
2025-10-17 10:36:48-INFO-[tdms_reader_time.py:79]-使用实际采样间隔: 5e-06 秒
2025-10-17 10:36:48-INFO-[tdms_reader_time.py:92]-使用通道起始时间: 2025-06-20 12:55:11.244407
2025-10-17 10:36:48-INFO-[tdms_reader_time.py:44]-开始处理文件: D:/Lab/raw/2025.6.20\30hz\20250620205518.349068.tdms
2025-10-17 10:36:48-INFO-[tdms_reader_time.py:71]-处理文件: 20250620205515.474232.tdms, 数据长度: 200000, 通道数: 16
2025-10-17 10:36:48-INFO-[tdms_reader_time.py:79]-使用实际采样间隔: 5e-06 秒
2025-10-17 10:36:48-INFO-[tdms_reader_time.py:92]-使用通道起始时间: 2025-06-20 12:55:14.109502
2025-10-17 10:36:48-INFO-[tdms_reader_time.py:71]-处理文件: 20250620205518.349068.tdms, 数据长度: 200000, 通道数: 16
2025-10-17 10:36:48-INFO-[tdms_reader_time.py:79]-使用实际采样间隔: 5e-06 秒
2025-10-17 10:36:48-INFO-[tdms_reader_time.py:92]-使用通道起始时间: 2025-06-20 12:55:16.984420
2025-10-17 10:36:48-INFO-[tdms_reader_time.py:44]-开始处理文件: D:/Lab/raw/2025.6.20\30hz\20250620205521.206456.tdms
2025-10-17 10:36:48-INFO-[tdms_reader_time.py:71]-处理文件: 20250620205521.206456.tdms, 数据长度: 200000, 通道数: 16
2025-10-17 10:36:48-INFO-[tdms_reader_time.py:79]-使用实际采样间隔: 5e-06 秒
2025-10-17 10:36:48-INFO-[tdms_reader_time.py:92]-使用通道起始时间: 2025-06-20 12:55:19.862059
2025-10-17 10:36:48-INFO-[tdms_reader_time.py:44]-开始处理文件: D:/Lab/raw/2025.6.20\30hz\20250620205524.067070.tdms
2025-10-17 10:36:48-INFO-[tdms_reader_time.py:71]-处理文件: 20250620205524.067070.tdms, 数据长度: 200000, 通道数: 16
2025-10-17 10:36:48-INFO-[tdms_reader_time.py:79]-使用实际采样间隔: 5e-06 秒
2025-10-17 10:36:48-INFO-[tdms_reader_time.py:92]-使用通道起始时间: 2025-06-20 12:55:22.723268
2025-10-17 10:36:48-INFO-[tdms_reader_time.py:44]-开始处理文件: D:/Lab/raw/2025.6.20\30hz\20250620205526.960472.tdms
2025-10-17 10:36:48-INFO-[tdms_reader_time.py:44]-开始处理文件: D:/Lab/raw/2025.6.20\30hz\20250620205529.836771.tdms
2025-10-17 10:36:48-INFO-[tdms_reader_time.py:44]-开始处理文件: D:/Lab/raw/2025.6.20\30hz\20250620205532.720182.tdms
2025-10-17 10:36:48-INFO-[tdms_reader_time.py:44]-开始处理文件: D:/Lab/raw/2025.6.20\30hz\20250620205535.616021.tdms
2025-10-17 10:36:48-INFO-[tdms_reader_time.py:71]-处理文件: 20250620205526.960472.tdms, 数据长度: 200000, 通道数: 16
2025-10-17 10:36:48-INFO-[tdms_reader_time.py:71]-处理文件: 20250620205529.836771.tdms, 数据长度: 200000, 通道数: 16
2025-10-17 10:36:48-INFO-[tdms_reader_time.py:79]-使用实际采样间隔: 5e-06 秒
2025-10-17 10:36:48-INFO-[tdms_reader_time.py:79]-使用实际采样间隔: 5e-06 秒
2025-10-17 10:36:48-INFO-[tdms_reader_time.py:92]-使用通道起始时间: 2025-06-20 12:55:28.477993
2025-10-17 10:36:48-INFO-[tdms_reader_time.py:92]-使用通道起始时间: 2025-06-20 12:55:25.583001
2025-10-17 10:36:48-INFO-[tdms_reader_time.py:44]-开始处理文件: D:/Lab/raw/2025.6.20\30hz\20250620205538.511375.tdms
2025-10-17 10:36:48-INFO-[tdms_reader_time.py:71]-处理文件: 20250620205532.720182.tdms, 数据长度: 200000, 通道数: 16
2025-10-17 10:36:48-INFO-[tdms_reader_time.py:79]-使用实际采样间隔: 5e-06 秒
2025-10-17 10:36:48-INFO-[tdms_reader_time.py:92]-使用通道起始时间: 2025-06-20 12:55:31.365863
2025-10-17 10:36:48-INFO-[tdms_reader_time.py:71]-处理文件: 20250620205535.616021.tdms, 数据长度: 200000, 通道数: 16
2025-10-17 10:36:48-INFO-[tdms_reader_time.py:79]-使用实际采样间隔: 5e-06 秒
2025-10-17 10:36:48-INFO-[tdms_reader_time.py:92]-使用通道起始时间: 2025-06-20 12:55:34.254333
2025-10-17 10:36:48-INFO-[tdms_reader_time.py:71]-处理文件: 20250620205538.511375.tdms, 数据长度: 200000, 通道数: 16
2025-10-17 10:36:48-INFO-[tdms_reader_time.py:44]-开始处理文件: D:/Lab/raw/2025.6.20\30hz\20250620205541.382788.tdms
2025-10-17 10:36:48-INFO-[tdms_reader_time.py:79]-使用实际采样间隔: 5e-06 秒
2025-10-17 10:36:48-INFO-[tdms_reader_time.py:92]-使用通道起始时间: 2025-06-20 12:55:37.135151
2025-10-17 10:36:48-INFO-[tdms_reader_time.py:71]-处理文件: 20250620205541.382788.tdms, 数据长度: 200000, 通道数: 16
2025-10-17 10:36:48-INFO-[tdms_reader_time.py:79]-使用实际采样间隔: 5e-06 秒
2025-10-17 10:36:48-INFO-[tdms_reader_time.py:92]-使用通道起始时间: 2025-06-20 12:55:40.032800
2025-10-17 10:36:48-INFO-[tdms_reader_time.py:44]-开始处理文件: D:/Lab/raw/2025.6.20\30hz\20250620205544.253550.tdms
2025-10-17 10:36:48-INFO-[tdms_reader_time.py:44]-开始处理文件: D:/Lab/raw/2025.6.20\30hz\20250620205547.172719.tdms
2025-10-17 10:36:48-INFO-[tdms_reader_time.py:44]-开始处理文件: D:/Lab/raw/2025.6.20\30hz\20250620205550.074166.tdms
2025-10-17 10:36:48-INFO-[tdms_reader_time.py:71]-处理文件: 20250620205544.253550.tdms, 数据长度: 200000, 通道数: 16
2025-10-17 10:36:48-INFO-[tdms_reader_time.py:79]-使用实际采样间隔: 5e-06 秒
2025-10-17 10:36:48-INFO-[tdms_reader_time.py:92]-使用通道起始时间: 2025-06-20 12:55:42.892190
2025-10-17 10:36:48-INFO-[tdms_reader_time.py:71]-处理文件: 20250620205547.172719.tdms, 数据长度: 200000, 通道数: 16
2025-10-17 10:36:48-INFO-[tdms_reader_time.py:79]-使用实际采样间隔: 5e-06 秒
2025-10-17 10:36:48-INFO-[tdms_reader_time.py:92]-使用通道起始时间: 2025-06-20 12:55:45.777568
2025-10-17 10:36:48-INFO-[tdms_reader_time.py:71]-处理文件: 20250620205550.074166.tdms, 数据长度: 200000, 通道数: 16
2025-10-17 10:36:48-INFO-[tdms_reader_time.py:79]-使用实际采样间隔: 5e-06 秒
2025-10-17 10:36:48-INFO-[tdms_reader_time.py:44]-开始处理文件: D:/Lab/raw/2025.6.20\30hz\20250620205552.959105.tdms
2025-10-17 10:36:48-INFO-[tdms_reader_time.py:92]-使用通道起始时间: 2025-06-20 12:55:48.686811
2025-10-17 10:36:48-INFO-[tdms_reader_time.py:71]-处理文件: 20250620205552.959105.tdms, 数据长度: 200000, 通道数: 16
2025-10-17 10:36:48-INFO-[tdms_reader_time.py:79]-使用实际采样间隔: 5e-06 秒
2025-10-17 10:36:48-INFO-[tdms_reader_time.py:92]-使用通道起始时间: 2025-06-20 12:55:51.596321
2025-10-17 10:36:48-INFO-[tdms_reader_time.py:44]-开始处理文件: D:/Lab/raw/2025.6.20\30hz\20250620205558.740427.tdms
2025-10-17 10:36:48-INFO-[tdms_reader_time.py:44]-开始处理文件: D:/Lab/raw/2025.6.20\30hz\20250620205555.848733.tdms
2025-10-17 10:36:48-INFO-[tdms_reader_time.py:71]-处理文件: 20250620205555.848733.tdms, 数据长度: 200000, 通道数: 16
2025-10-17 10:36:48-INFO-[tdms_reader_time.py:44]-开始处理文件: D:/Lab/raw/2025.6.20\30hz\20250620205601.429140.tdms
2025-10-17 10:36:48-INFO-[tdms_reader_time.py:79]-使用实际采样间隔: 5e-06 秒
2025-10-17 10:36:48-INFO-[tdms_reader_time.py:92]-使用通道起始时间: 2025-06-20 12:55:54.467490
2025-10-17 10:36:48-INFO-[tdms_reader_time.py:71]-处理文件: 20250620205558.740427.tdms, 数据长度: 200000, 通道数: 16
2025-10-17 10:36:48-INFO-[tdms_reader_time.py:79]-使用实际采样间隔: 5e-06 秒
2025-10-17 10:36:48-INFO-[tdms_reader_time.py:92]-使用通道起始时间: 2025-06-20 12:55:57.364361
2025-10-17 10:36:48-INFO-[tdms_reader_time.py:71]-处理文件: 20250620205601.429140.tdms, 数据长度: 200000, 通道数: 16
2025-10-17 10:36:48-INFO-[tdms_reader_time.py:79]-使用实际采样间隔: 5e-06 秒
2025-10-17 10:36:48-INFO-[tdms_reader_time.py:44]-开始处理文件: D:/Lab/raw/2025.6.20\50hz\20250620203943.117518.tdms
2025-10-17 10:36:48-INFO-[tdms_reader_time.py:92]-使用通道起始时间: 2025-06-20 12:56:00.046237
2025-10-17 10:36:48-INFO-[tdms_reader_time.py:44]-开始处理文件: D:/Lab/raw/2025.6.20\50hz\20250620203946.014336.tdms
2025-10-17 10:36:48-INFO-[tdms_reader_time.py:71]-处理文件: 20250620203943.117518.tdms, 数据长度: 200000, 通道数: 16
2025-10-17 10:36:48-INFO-[tdms_reader_time.py:71]-处理文件: 20250620203946.014336.tdms, 数据长度: 200000, 通道数: 16
2025-10-17 10:36:48-INFO-[tdms_reader_time.py:79]-使用实际采样间隔: 5e-06 秒
2025-10-17 10:36:48-INFO-[tdms_reader_time.py:79]-使用实际采样间隔: 5e-06 秒
2025-10-17 10:36:48-INFO-[tdms_reader_time.py:92]-使用通道起始时间: 2025-06-20 12:39:41.742630
2025-10-17 10:36:48-INFO-[tdms_reader_time.py:92]-使用通道起始时间: 2025-06-20 12:39:44.662246
2025-10-17 10:36:48-INFO-[tdms_reader_time.py:44]-开始处理文件: D:/Lab/raw/2025.6.20\50hz\20250620203948.997384.tdms
2025-10-17 10:36:48-INFO-[tdms_reader_time.py:71]-处理文件: 20250620203948.997384.tdms, 数据长度: 200000, 通道数: 16
2025-10-17 10:36:48-INFO-[tdms_reader_time.py:79]-使用实际采样间隔: 5e-06 秒
2025-10-17 10:36:48-INFO-[tdms_reader_time.py:92]-使用通道起始时间: 2025-06-20 12:39:47.604040
2025-10-17 10:36:48-INFO-[tdms_reader_time.py:44]-开始处理文件: D:/Lab/raw/2025.6.20\50hz\20250620203951.928351.tdms
2025-10-17 10:36:48-INFO-[tdms_reader_time.py:71]-处理文件: 20250620203951.928351.tdms, 数据长度: 200000, 通道数: 16
2025-10-17 10:36:48-INFO-[tdms_reader_time.py:79]-使用实际采样间隔: 5e-06 秒
2025-10-17 10:36:48-INFO-[tdms_reader_time.py:92]-使用通道起始时间: 2025-06-20 12:39:50.560411
2025-10-17 10:36:51-INFO-[tdms_reader_time.py:136]-  已写入 100000/200000 行数据
2025-10-17 10:36:51-INFO-[tdms_reader_time.py:136]-  已写入 100000/200000 行数据
2025-10-17 10:36:51-INFO-[tdms_reader_time.py:136]-  已写入 100000/200000 行数据
2025-10-17 10:36:51-INFO-[tdms_reader_time.py:136]-  已写入 100000/200000 行数据
2025-10-17 10:36:51-INFO-[tdms_reader_time.py:136]-  已写入 100000/200000 行数据
2025-10-17 10:36:51-INFO-[tdms_reader_time.py:136]-  已写入 100000/200000 行数据
2025-10-17 10:36:51-INFO-[tdms_reader_time.py:136]-  已写入 100000/200000 行数据
2025-10-17 10:36:51-INFO-[tdms_reader_time.py:136]-  已写入 100000/200000 行数据
2025-10-17 10:36:51-INFO-[tdms_reader_time.py:136]-  已写入 100000/200000 行数据
2025-10-17 10:36:51-INFO-[tdms_reader_time.py:136]-  已写入 100000/200000 行数据
2025-10-17 10:36:51-INFO-[tdms_reader_time.py:136]-  已写入 100000/200000 行数据
2025-10-17 10:36:51-INFO-[tdms_reader_time.py:136]-  已写入 100000/200000 行数据
2025-10-17 10:36:51-INFO-[tdms_reader_time.py:136]-  已写入 100000/200000 行数据
2025-10-17 10:36:51-INFO-[tdms_reader_time.py:136]-  已写入 100000/200000 行数据
2025-10-17 10:36:51-INFO-[tdms_reader_time.py:136]-  已写入 100000/200000 行数据
2025-10-17 10:36:51-INFO-[tdms_reader_time.py:136]-  已写入 100000/200000 行数据
2025-10-17 10:36:51-INFO-[tdms_reader_time.py:136]-  已写入 100000/200000 行数据
2025-10-17 10:36:51-INFO-[tdms_reader_time.py:136]-  已写入 100000/200000 行数据
2025-10-17 10:36:51-INFO-[tdms_reader_time.py:136]-  已写入 100000/200000 行数据
2025-10-17 10:36:51-INFO-[tdms_reader_time.py:136]-  已写入 100000/200000 行数据
2025-10-17 10:36:52-INFO-[tdms_reader_time.py:136]-  已写入 100000/200000 行数据
2025-10-17 10:36:52-INFO-[tdms_reader_time.py:136]-  已写入 100000/200000 行数据
2025-10-17 10:36:52-INFO-[tdms_reader_time.py:136]-  已写入 100000/200000 行数据
2025-10-17 10:36:52-INFO-[tdms_reader_time.py:136]-  已写入 100000/200000 行数据
2025-10-17 10:36:52-INFO-[tdms_reader_time.py:136]-  已写入 100000/200000 行数据
2025-10-17 10:36:52-INFO-[tdms_reader_time.py:136]-  已写入 100000/200000 行数据
2025-10-17 10:36:52-INFO-[tdms_reader_time.py:136]-  已写入 100000/200000 行数据
2025-10-17 10:36:52-INFO-[tdms_reader_time.py:136]-  已写入 100000/200000 行数据
2025-10-17 10:36:54-INFO-[tdms_reader_time.py:136]-  已写入 200000/200000 行数据
2025-10-17 10:36:54-ERROR-[tdms_reader_time.py:161]-处理文件 20250620205458.257609.tdms 时出错: name 'json' is not defined
2025-10-17 10:36:54-ERROR-[tdms_reader_time.py:163]-Traceback (most recent call last):
  File "C:\Users\17584\Documents\ALearning\Project\tools\DataProcess\src\data_io\tdms_reader_time.py", line 155, in process_tdms_file
    json.dump(metadata, f, indent=2, ensure_ascii=False)
NameError: name 'json' is not defined

2025-10-17 10:36:54-INFO-[tdms_reader_time.py:136]-  已写入 200000/200000 行数据
2025-10-17 10:36:54-ERROR-[tdms_reader_time.py:161]-处理文件 20250620205455.361056.tdms 时出错: name 'json' is not defined
2025-10-17 10:36:54-INFO-[tdms_reader_time.py:44]-开始处理文件: D:/Lab/raw/2025.6.20\50hz\20250620203954.838344.tdms
2025-10-17 10:36:54-ERROR-[tdms_reader_time.py:163]-Traceback (most recent call last):
  File "C:\Users\17584\Documents\ALearning\Project\tools\DataProcess\src\data_io\tdms_reader_time.py", line 155, in process_tdms_file
    json.dump(metadata, f, indent=2, ensure_ascii=False)
NameError: name 'json' is not defined

2025-10-17 10:36:54-INFO-[tdms_reader_time.py:71]-处理文件: 20250620203954.838344.tdms, 数据长度: 200000, 通道数: 16
2025-10-17 10:36:54-INFO-[tdms_reader_time.py:79]-使用实际采样间隔: 5e-06 秒
2025-10-17 10:36:54-INFO-[tdms_reader_time.py:92]-使用通道起始时间: 2025-06-20 12:39:53.483955
2025-10-17 10:36:54-INFO-[tdms_reader_time.py:44]-开始处理文件: D:/Lab/raw/2025.6.20\50hz\20250620203957.759340.tdms
2025-10-17 10:36:54-INFO-[tdms_reader_time.py:71]-处理文件: 20250620203957.759340.tdms, 数据长度: 200000, 通道数: 16
2025-10-17 10:36:54-INFO-[tdms_reader_time.py:79]-使用实际采样间隔: 5e-06 秒
2025-10-17 10:36:54-INFO-[tdms_reader_time.py:92]-使用通道起始时间: 2025-06-20 12:39:56.408238
2025-10-17 10:36:54-INFO-[tdms_reader_time.py:136]-  已写入 200000/200000 行数据
2025-10-17 10:36:54-ERROR-[tdms_reader_time.py:161]-处理文件 20250620205501.157457.tdms 时出错: name 'json' is not defined
2025-10-17 10:36:54-ERROR-[tdms_reader_time.py:163]-Traceback (most recent call last):
  File "C:\Users\17584\Documents\ALearning\Project\tools\DataProcess\src\data_io\tdms_reader_time.py", line 155, in process_tdms_file
    json.dump(metadata, f, indent=2, ensure_ascii=False)
NameError: name 'json' is not defined

2025-10-17 10:36:54-INFO-[tdms_reader_time.py:44]-开始处理文件: D:/Lab/raw/2025.6.20\50hz\20250620204000.623816.tdms
2025-10-17 10:36:54-INFO-[tdms_reader_time.py:71]-处理文件: 20250620204000.623816.tdms, 数据长度: 200000, 通道数: 16
2025-10-17 10:36:54-INFO-[tdms_reader_time.py:136]-  已写入 200000/200000 行数据
2025-10-17 10:36:54-INFO-[tdms_reader_time.py:79]-使用实际采样间隔: 5e-06 秒
2025-10-17 10:36:54-INFO-[tdms_reader_time.py:92]-使用通道起始时间: 2025-06-20 12:39:59.267487
2025-10-17 10:36:54-ERROR-[tdms_reader_time.py:161]-处理文件 20250620205504.026487.tdms 时出错: name 'json' is not defined
2025-10-17 10:36:54-ERROR-[tdms_reader_time.py:163]-Traceback (most recent call last):
  File "C:\Users\17584\Documents\ALearning\Project\tools\DataProcess\src\data_io\tdms_reader_time.py", line 155, in process_tdms_file
    json.dump(metadata, f, indent=2, ensure_ascii=False)
NameError: name 'json' is not defined

2025-10-17 10:36:54-INFO-[tdms_reader_time.py:44]-开始处理文件: D:/Lab/raw/2025.6.20\50hz\20250620204003.597035.tdms
2025-10-17 10:36:54-INFO-[tdms_reader_time.py:71]-处理文件: 20250620204003.597035.tdms, 数据长度: 200000, 通道数: 16
2025-10-17 10:36:54-INFO-[tdms_reader_time.py:79]-使用实际采样间隔: 5e-06 秒
2025-10-17 10:36:54-INFO-[tdms_reader_time.py:92]-使用通道起始时间: 2025-06-20 12:40:02.213574
2025-10-17 10:36:54-INFO-[tdms_reader_time.py:136]-  已写入 200000/200000 行数据
2025-10-17 10:36:54-INFO-[tdms_reader_time.py:136]-  已写入 200000/200000 行数据
2025-10-17 10:36:54-ERROR-[tdms_reader_time.py:161]-处理文件 20250620205515.474232.tdms 时出错: name 'json' is not defined
2025-10-17 10:36:54-ERROR-[tdms_reader_time.py:161]-处理文件 20250620205506.866113.tdms 时出错: name 'json' is not defined
2025-10-17 10:36:54-ERROR-[tdms_reader_time.py:163]-Traceback (most recent call last):
  File "C:\Users\17584\Documents\ALearning\Project\tools\DataProcess\src\data_io\tdms_reader_time.py", line 155, in process_tdms_file
    json.dump(metadata, f, indent=2, ensure_ascii=False)
NameError: name 'json' is not defined

2025-10-17 10:36:54-ERROR-[tdms_reader_time.py:163]-Traceback (most recent call last):
  File "C:\Users\17584\Documents\ALearning\Project\tools\DataProcess\src\data_io\tdms_reader_time.py", line 155, in process_tdms_file
    json.dump(metadata, f, indent=2, ensure_ascii=False)
NameError: name 'json' is not defined

2025-10-17 10:36:54-INFO-[tdms_reader_time.py:44]-开始处理文件: D:/Lab/raw/2025.6.20\50hz\20250620204006.502835.tdms
2025-10-17 10:36:54-INFO-[tdms_reader_time.py:44]-开始处理文件: D:/Lab/raw/2025.6.20\50hz\20250620204009.381570.tdms
2025-10-17 10:36:54-INFO-[tdms_reader_time.py:71]-处理文件: 20250620204006.502835.tdms, 数据长度: 200000, 通道数: 16
2025-10-17 10:36:54-INFO-[tdms_reader_time.py:71]-处理文件: 20250620204009.381570.tdms, 数据长度: 200000, 通道数: 16
2025-10-17 10:36:54-INFO-[tdms_reader_time.py:79]-使用实际采样间隔: 5e-06 秒
2025-10-17 10:36:54-INFO-[tdms_reader_time.py:79]-使用实际采样间隔: 5e-06 秒
2025-10-17 10:36:54-INFO-[tdms_reader_time.py:92]-使用通道起始时间: 2025-06-20 12:40:05.143713
2025-10-17 10:36:54-INFO-[tdms_reader_time.py:92]-使用通道起始时间: 2025-06-20 12:40:08.028342
2025-10-17 10:36:54-INFO-[tdms_reader_time.py:136]-  已写入 200000/200000 行数据
2025-10-17 10:36:54-INFO-[tdms_reader_time.py:136]-  已写入 200000/200000 行数据
2025-10-17 10:36:54-INFO-[tdms_reader_time.py:136]-  已写入 200000/200000 行数据
2025-10-17 10:36:54-ERROR-[tdms_reader_time.py:161]-处理文件 20250620205512.593425.tdms 时出错: name 'json' is not defined
2025-10-17 10:36:54-ERROR-[tdms_reader_time.py:161]-处理文件 20250620205509.740417.tdms 时出错: name 'json' is not defined
2025-10-17 10:36:54-ERROR-[tdms_reader_time.py:161]-处理文件 20250620205521.206456.tdms 时出错: name 'json' is not defined
2025-10-17 10:36:55-ERROR-[tdms_reader_time.py:163]-Traceback (most recent call last):
  File "C:\Users\17584\Documents\ALearning\Project\tools\DataProcess\src\data_io\tdms_reader_time.py", line 155, in process_tdms_file
    json.dump(metadata, f, indent=2, ensure_ascii=False)
NameError: name 'json' is not defined

2025-10-17 10:36:55-ERROR-[tdms_reader_time.py:163]-Traceback (most recent call last):
  File "C:\Users\17584\Documents\ALearning\Project\tools\DataProcess\src\data_io\tdms_reader_time.py", line 155, in process_tdms_file
    json.dump(metadata, f, indent=2, ensure_ascii=False)
NameError: name 'json' is not defined

2025-10-17 10:36:55-ERROR-[tdms_reader_time.py:163]-Traceback (most recent call last):
  File "C:\Users\17584\Documents\ALearning\Project\tools\DataProcess\src\data_io\tdms_reader_time.py", line 155, in process_tdms_file
    json.dump(metadata, f, indent=2, ensure_ascii=False)
NameError: name 'json' is not defined

2025-10-17 10:36:55-INFO-[tdms_reader_time.py:44]-开始处理文件: D:/Lab/raw/2025.6.20\50hz\20250620204012.290275.tdms
2025-10-17 10:36:55-INFO-[tdms_reader_time.py:44]-开始处理文件: D:/Lab/raw/2025.6.20\50hz\20250620204015.172895.tdms
2025-10-17 10:36:55-INFO-[tdms_reader_time.py:71]-处理文件: 20250620204012.290275.tdms, 数据长度: 200000, 通道数: 16
2025-10-17 10:36:55-INFO-[tdms_reader_time.py:44]-开始处理文件: D:/Lab/raw/2025.6.20\50hz\20250620204018.073789.tdms
2025-10-17 10:36:55-INFO-[tdms_reader_time.py:136]-  已写入 200000/200000 行数据
2025-10-17 10:36:55-INFO-[tdms_reader_time.py:79]-使用实际采样间隔: 5e-06 秒
2025-10-17 10:36:55-INFO-[tdms_reader_time.py:71]-处理文件: 20250620204015.172895.tdms, 数据长度: 200000, 通道数: 16

2025-10-17 10:36:55-INFO-[tdms_reader_time.py:92]-使用通道起始时间: 2025-06-20 12:40:10.923739
2025-10-17 10:36:55-ERROR-[tdms_reader_time.py:163]-Traceback (most recent call last):
  File "C:\Users\17584\Documents\ALearning\Project\tools\DataProcess\src\data_io\tdms_reader_time.py", line 155, in process_tdms_file
    json.dump(metadata, f, indent=2, ensure_ascii=False)
NameError: name 'json' is not defined

2025-10-17 10:36:55-INFO-[tdms_reader_time.py:79]-使用实际采样间隔: 5e-06 秒
2025-10-17 10:36:55-INFO-[tdms_reader_time.py:92]-使用通道起始时间: 2025-06-20 12:40:13.811309
2025-10-17 10:36:55-INFO-[tdms_reader_time.py:136]-  已写入 200000/200000 行数据
20\50hz\20250620204020.965725.tdms
2025-10-17 10:36:55-INFO-[tdms_reader_time.py:136]-  已写入 200000/200000 行数据
2025-10-17 10:36:55-INFO-[tdms_reader_time.py:71]-处理文件: 20250620204018.073789.tdms, 数据长度: 200000, 通道数: 16
2025-10-17 10:36:55-INFO-[tdms_reader_time.py:79]-使用实际采样间隔: 5e-06 秒
2025-10-17 10:36:55-ERROR-[tdms_reader_time.py:161]-处理文件 20250620205538.511375.tdms 时出错: name 'json' is not defined
2025-10-17 10:36:55-ERROR-[tdms_reader_time.py:161]-处理文件 20250620205532.720182.tdms 时出错: name 'json' is not defined
2025-10-17 10:36:55-INFO-[tdms_reader_time.py:92]-使用通道起始时间: 2025-06-20 12:40:16.711235
2025-10-17 10:36:55-ERROR-[tdms_reader_time.py:163]-Traceback (most recent call last):
  File "C:\Users\17584\Documents\ALearning\Project\tools\DataProcess\src\data_io\tdms_reader_time.py", line 155, in process_tdms_file
    json.dump(metadata, f, indent=2, ensure_ascii=False)
NameError: name 'json' is not defined

2025-10-17 10:36:55-ERROR-[tdms_reader_time.py:163]-Traceback (most recent call last):
  File "C:\Users\17584\Documents\ALearning\Project\tools\DataProcess\src\data_io\tdms_reader_time.py", line 155, in process_tdms_file
    json.dump(metadata, f, indent=2, ensure_ascii=False)
NameError: name 'json' is not defined

2025-10-17 10:36:55-INFO-[tdms_reader_time.py:136]-  已写入 200000/200000 行数据
2025-10-17 10:36:55-INFO-[tdms_reader_time.py:71]-处理文件: 20250620204020.965725.tdms, 数据长度: 200000, 通道数: 16
2025-10-17 10:36:55-INFO-[tdms_reader_time.py:44]-开始处理文件: D:/Lab/raw/2025.6.20\50hz\20250620204023.874951.tdms
2025-10-17 10:36:55-INFO-[tdms_reader_time.py:79]-使用实际采样间隔: 5e-06 秒
2025-10-17 10:36:55-INFO-[tdms_reader_time.py:44]-开始处理文件: D:/Lab/raw/2025.6.20\50hz\20250620204026.769314.tdms
2025-10-17 10:36:55-INFO-[tdms_reader_time.py:92]-使用通道起始时间: 2025-06-20 12:40:19.611645
2025-10-17 10:36:55-ERROR-[tdms_reader_time.py:161]-处理文件 20250620205526.960472.tdms 时出错: name 'json' is not defined
2025-10-17 10:36:55-INFO-[tdms_reader_time.py:136]-  已写入 200000/200000 行数据
2025-10-17 10:36:55-INFO-[tdms_reader_time.py:136]-  已写入 200000/200000 行数据
2025-10-17 10:36:55-ERROR-[tdms_reader_time.py:161]-处理文件 20250620205535.616021.tdms 时出错: name 'json' is not defined
2025-10-17 10:36:55-INFO-[tdms_reader_time.py:71]-处理文件: 20250620204026.769314.tdms, 数据长度: 200000, 通道数: 16
2025-10-17 10:36:55-ERROR-[tdms_reader_time.py:163]-Traceback (most recent call last):
  File "C:\Users\17584\Documents\ALearning\Project\tools\DataProcess\src\data_io\tdms_reader_time.py", line 155, in process_tdms_file
    json.dump(metadata, f, indent=2, ensure_ascii=False)
NameError: name 'json' is not defined

2025-10-17 10:36:55-ERROR-[tdms_reader_time.py:163]-Traceback (most recent call last):
  File "C:\Users\17584\Documents\ALearning\Project\tools\DataProcess\src\data_io\tdms_reader_time.py", line 155, in process_tdms_file
    json.dump(metadata, f, indent=2, ensure_ascii=False)
NameError: name 'json' is not defined

2025-10-17 10:36:55-ERROR-[tdms_reader_time.py:161]-处理文件 20250620205544.253550.tdms 时出错: name 'json' is not defined
2025-10-17 10:36:55-INFO-[tdms_reader_time.py:79]-使用实际采样间隔: 5e-06 秒
2025-10-17 10:36:55-INFO-[tdms_reader_time.py:71]-处理文件: 20250620204023.874951.tdms, 数据长度: 200000, 通道数: 16
2025-10-17 10:36:55-INFO-[tdms_reader_time.py:44]-开始处理文件: D:/Lab/raw/2025.6.20\50hz\20250620204029.679945.tdms
2025-10-17 10:36:55-INFO-[tdms_reader_time.py:92]-使用通道起始时间: 2025-06-20 12:40:25.409663
2025-10-17 10:36:55-INFO-[tdms_reader_time.py:44]-开始处理文件: D:/Lab/raw/2025.6.20\50hz\20250620204032.660249.tdms
2025-10-17 10:36:55-INFO-[tdms_reader_time.py:136]-  已写入 200000/200000 行数据
2025-10-17 10:36:55-INFO-[tdms_reader_time.py:79]-使用实际采样间隔: 5e-06 秒
2025-10-17 10:36:55-INFO-[tdms_reader_time.py:136]-  已写入 200000/200000 行数据
2025-10-17 10:36:55-ERROR-[tdms_reader_time.py:163]-Traceback (most recent call last):
  File "C:\Users\17584\Documents\ALearning\Project\tools\DataProcess\src\data_io\tdms_reader_time.py", line 155, in process_tdms_file
    json.dump(metadata, f, indent=2, ensure_ascii=False)
NameError: name 'json' is not defined

2025-10-17 10:36:55-INFO-[tdms_reader_time.py:92]-使用通道起始时间: 2025-06-20 12:40:22.523580
2025-10-17 10:36:55-ERROR-[tdms_reader_time.py:161]-处理文件 20250620205529.836771.tdms 时出错: name 'json' is not defined
2025-10-17 10:36:55-INFO-[tdms_reader_time.py:71]-处理文件: 20250620204032.660249.tdms, 数据长度: 200000, 通道数: 16
2025-10-17 10:36:55-ERROR-[tdms_reader_time.py:161]-处理文件 20250620205518.349068.tdms 时出错: name 'json' is not defined
2025-10-17 10:36:55-ERROR-[tdms_reader_time.py:163]-Traceback (most recent call last):
  File "C:\Users\17584\Documents\ALearning\Project\tools\DataProcess\src\data_io\tdms_reader_time.py", line 155, in process_tdms_file
    json.dump(metadata, f, indent=2, ensure_ascii=False)
NameError: name 'json' is not defined

2025-10-17 10:36:55-INFO-[tdms_reader_time.py:79]-使用实际采样间隔: 5e-06 秒
2025-10-17 10:36:55-INFO-[tdms_reader_time.py:92]-使用通道起始时间: 2025-06-20 12:40:31.269728
2025-10-17 10:36:55-ERROR-[tdms_reader_time.py:163]-Traceback (most recent call last):
  File "C:\Users\17584\Documents\ALearning\Project\tools\DataProcess\src\data_io\tdms_reader_time.py", line 155, in process_tdms_file
    json.dump(metadata, f, indent=2, ensure_ascii=False)
NameError: name 'json' is not defined

2025-10-17 10:36:55-INFO-[tdms_reader_time.py:71]-处理文件: 20250620204029.679945.tdms, 数据长度: 200000, 通道数: 16
2025-10-17 10:36:55-INFO-[tdms_reader_time.py:44]-开始处理文件: D:/Lab/raw/2025.6.20\50hz\20250620204035.578939.tdms
2025-10-17 10:36:55-INFO-[tdms_reader_time.py:79]-使用实际采样间隔: 5e-06 秒
2025-10-17 10:36:55-INFO-[tdms_reader_time.py:92]-使用通道起始时间: 2025-06-20 12:40:28.287687
2025-10-17 10:36:55-INFO-[tdms_reader_time.py:44]-开始处理文件: D:/Lab/raw/2025.6.20\50hz\20250620204038.547364.tdms
2025-10-17 10:36:55-INFO-[tdms_reader_time.py:136]-  已写入 200000/200000 行数据
2025-10-17 10:36:55-INFO-[tdms_reader_time.py:44]-开始处理文件: D:/Lab/raw/2025.6.20\50hz\20250620204041.503131.tdms
2025-10-17 10:36:55-INFO-[tdms_reader_time.py:136]-  已写入 200000/200000 行数据
2025-10-17 10:36:55-ERROR-[tdms_reader_time.py:161]-处理文件 20250620205541.382788.tdms 时出错: name 'json' is not defined
2025-10-17 10:36:55-ERROR-[tdms_reader_time.py:161]-处理文件 20250620205547.172719.tdms 时出错: name 'json' is not defined
2025-10-17 10:36:55-INFO-[tdms_reader_time.py:71]-处理文件: 20250620204035.578939.tdms, 数据长度: 200000, 通道数: 16
g\Project\tools\DataProcess\src\data_io\tdms_reader_time.py", line 155, in process_tdms_file
    json.dump(metadata, f, indent=2, ensure_ascii=False)
NameError: name 'json' is not defined

2025-10-17 10:36:55-INFO-[tdms_reader_time.py:79]-使用实际采样间隔: 5e-06 秒
2025-10-17 10:36:55-INFO-[tdms_reader_time.py:92]-使用通道起始时间: 2025-06-20 12:40:34.212728
2025-10-17 10:36:55-INFO-[tdms_reader_time.py:136]-  已写入 200000/200000 行数据
2025-10-17 10:36:55-ERROR-[tdms_reader_time.py:163]-Traceback (most recent call last):
  File "C:\Users\17584\Documents\ALearning\Project\tools\DataProcess\src\data_io\tdms_reader_time.py", line 155, in process_tdms_file
    json.dump(metadata, f, indent=2, ensure_ascii=False)
NameError: name 'json' is not defined

2025-10-17 10:36:55-ERROR-[tdms_reader_time.py:161]-处理文件 20250620205558.740427.tdms 时出错: name 'json' is not defined
2025-10-17 10:36:55-ERROR-[tdms_reader_time.py:163]-Traceback (most recent call last):
  File "C:\Users\17584\Documents\ALearning\Project\tools\DataProcess\src\data_io\tdms_reader_time.py", line 155, in process_tdms_file
    json.dump(metadata, f, indent=2, ensure_ascii=False)
NameError: name 'json' is not defined

2025-10-17 10:36:55-INFO-[tdms_reader_time.py:71]-处理文件: 20250620204038.547364.tdms, 数据长度: 200000, 通道数: 16
2025-10-17 10:36:55-INFO-[tdms_reader_time.py:79]-使用实际采样间隔: 5e-06 秒
2025-10-17 10:36:55-INFO-[tdms_reader_time.py:92]-使用通道起始时间: 2025-06-20 12:40:37.143602
2025-10-17 10:36:55-INFO-[tdms_reader_time.py:44]-开始处理文件: D:/Lab/raw/2025.6.20\50hz\20250620204047.316458.tdms
2025-10-17 10:36:55-INFO-[tdms_reader_time.py:44]-开始处理文件: D:/Lab/raw/2025.6.20\50hz\20250620204044.399715.tdms
2025-10-17 10:36:55-INFO-[tdms_reader_time.py:44]-开始处理文件: D:/Lab/raw/2025.6.20\back\20250620194612.368512.tdms
2025-10-17 10:36:55-INFO-[tdms_reader_time.py:71]-处理文件: 20250620204041.503131.tdms, 数据长度: 200000, 通道数: 16
2025-10-17 10:36:55-INFO-[tdms_reader_time.py:79]-使用实际采样间隔: 5e-06 秒
2025-10-17 10:36:55-INFO-[tdms_reader_time.py:92]-使用通道起始时间: 2025-06-20 12:40:40.125991
2025-10-17 10:36:55-INFO-[tdms_reader_time.py:71]-处理文件: 20250620204047.316458.tdms, 数据长度: 200000, 通道数: 16
2025-10-17 10:36:55-INFO-[tdms_reader_time.py:79]-使用实际采样间隔: 5e-06 秒
2025-10-17 10:36:55-INFO-[tdms_reader_time.py:71]-处理文件: 20250620204044.399715.tdms, 数据长度: 200000, 通道数: 16
2025-10-17 10:36:55-INFO-[tdms_reader_time.py:92]-使用通道起始时间: 2025-06-20 12:40:45.960360
2025-10-17 10:36:55-INFO-[tdms_reader_time.py:79]-使用实际采样间隔: 5e-06 秒
2025-10-17 10:36:55-INFO-[tdms_reader_time.py:71]-处理文件: 20250620194612.368512.tdms, 数据长度: 200000, 通道数: 16
2025-10-17 10:36:55-INFO-[tdms_reader_time.py:79]-使用实际采样间隔: 5e-06 秒
2025-10-17 10:36:55-INFO-[tdms_reader_time.py:92]-使用通道起始时间: 2025-06-20 12:40:43.032670
2025-10-17 10:36:55-INFO-[tdms_reader_time.py:92]-使用通道起始时间: 2025-06-20 11:46:11.001639
2025-10-17 10:36:55-INFO-[tdms_reader_time.py:136]-  已写入 200000/200000 行数据
2025-10-17 10:36:55-ERROR-[tdms_reader_time.py:161]-处理文件 20250620205601.429140.tdms 时出错: name 'json' is not defined
2025-10-17 10:36:55-ERROR-[tdms_reader_time.py:163]-Traceback (most recent call last):
  File "C:\Users\17584\Documents\ALearning\Project\tools\DataProcess\src\data_io\tdms_reader_time.py", line 155, in process_tdms_file
    json.dump(metadata, f, indent=2, ensure_ascii=False)
NameError: name 'json' is not defined

2025-10-17 10:36:55-INFO-[tdms_reader_time.py:136]-  已写入 200000/200000 行数据
2025-10-17 10:36:55-INFO-[tdms_reader_time.py:44]-开始处理文件: D:/Lab/raw/2025.6.20\back\20250620194615.280443.tdms
2025-10-17 10:36:55-ERROR-[tdms_reader_time.py:161]-处理文件 20250620205550.074166.tdms 时出错: name 'json' is not defined
2025-10-17 10:36:55-INFO-[tdms_reader_time.py:136]-  已写入 200000/200000 行数据
2025-10-17 10:36:55-ERROR-[tdms_reader_time.py:161]-处理文件 20250620205555.848733.tdms 时出错: name 'json' is not defined
2025-10-17 10:36:55-ERROR-[tdms_reader_time.py:163]-Traceback (most recent call last):
  File "C:\Users\17584\Documents\ALearning\Project\tools\DataProcess\src\data_io\tdms_reader_time.py", line 155, in process_tdms_file
    json.dump(metadata, f, indent=2, ensure_ascii=False)
NameError: name 'json' is not defined

2025-10-17 10:36:55-ERROR-[tdms_reader_time.py:163]-Traceback (most recent call last):
  File "C:\Users\17584\Documents\ALearning\Project\tools\DataProcess\src\data_io\tdms_reader_time.py", line 155, in process_tdms_file
    json.dump(metadata, f, indent=2, ensure_ascii=False)
NameError: name 'json' is not defined

2025-10-17 10:36:55-INFO-[tdms_reader_time.py:71]-处理文件: 20250620194615.280443.tdms, 数据长度: 200000, 通道数: 16
2025-10-17 10:36:55-INFO-[tdms_reader_time.py:136]-  已写入 200000/200000 行数据
2025-10-17 10:36:55-INFO-[tdms_reader_time.py:79]-使用实际采样间隔: 5e-06 秒
2025-10-17 10:36:55-ERROR-[tdms_reader_time.py:161]-处理文件 20250620205552.959105.tdms 时出错: name 'json' is not defined
2025-10-17 10:36:55-INFO-[tdms_reader_time.py:92]-使用通道起始时间: 2025-06-20 11:46:13.891491
2025-10-17 10:36:55-INFO-[tdms_reader_time.py:44]-开始处理文件: D:/Lab/raw/2025.6.20\back\20250620194618.181950.tdms
2025-10-17 10:36:55-ERROR-[tdms_reader_time.py:163]-Traceback (most recent call last):
  File "C:\Users\17584\Documents\ALearning\Project\tools\DataProcess\src\data_io\tdms_reader_time.py", line 155, in process_tdms_file
    json.dump(metadata, f, indent=2, ensure_ascii=False)
NameError: name 'json' is not defined

2025-10-17 10:36:55-INFO-[tdms_reader_time.py:136]-  已写入 200000/200000 行数据
2025-10-17 10:36:55-INFO-[tdms_reader_time.py:44]-开始处理文件: D:/Lab/raw/2025.6.20\back\20250620194621.140929.tdms
2025-10-17 10:36:55-ERROR-[tdms_reader_time.py:161]-处理文件 20250620203951.928351.tdms 时出错: name 'json' is not defined
2025-10-17 10:36:55-ERROR-[tdms_reader_time.py:163]-Traceback (most recent call last):
  File "C:\Users\17584\Documents\ALearning\Project\tools\DataProcess\src\data_io\tdms_reader_time.py", line 155, in process_tdms_file
    json.dump(metadata, f, indent=2, ensure_ascii=False)
NameError: name 'json' is not defined

2025-10-17 10:36:55-INFO-[tdms_reader_time.py:44]-开始处理文件: D:/Lab/raw/2025.6.20\back\20250620194626.920608.tdms
2025-10-17 10:36:55-INFO-[tdms_reader_time.py:71]-处理文件: 20250620194618.181950.tdms, 数据长度: 200000, 通道数: 16
2025-10-17 10:36:55-INFO-[tdms_reader_time.py:136]-  已写入 200000/200000 行数据
2025-10-17 10:36:55-INFO-[tdms_reader_time.py:79]-使用实际采样间隔: 5e-06 秒
2025-10-17 10:36:55-INFO-[tdms_reader_time.py:71]-处理文件: 20250620194621.140929.tdms, 数据长度: 200000, 通道数: 16
2025-10-17 10:36:55-ERROR-[tdms_reader_time.py:161]-处理文件 20250620203946.014336.tdms 时出错: name 'json' is not defined
2025-10-17 10:36:55-INFO-[tdms_reader_time.py:79]-使用实际采样间隔: 5e-06 秒
2025-10-17 10:36:55-INFO-[tdms_reader_time.py:92]-使用通道起始时间: 2025-06-20 11:46:19.766456
2025-10-17 10:36:55-ERROR-[tdms_reader_time.py:163]-Traceback (most recent call last):
  File "C:\Users\17584\Documents\ALearning\Project\tools\DataProcess\src\data_io\tdms_reader_time.py", line 155, in process_tdms_file
    json.dump(metadata, f, indent=2, ensure_ascii=False)
NameError: name 'json' is not defined

2025-10-17 10:36:55-INFO-[tdms_reader_time.py:92]-使用通道起始时间: 2025-06-20 11:46:16.814146
2025-10-17 10:36:55-INFO-[tdms_reader_time.py:71]-处理文件: 20250620194624.055741.tdms, 数据长度: 200000, 通道数: 16
2025-10-17 10:36:55-INFO-[tdms_reader_time.py:71]-处理文件: 20250620194626.920608.tdms, 数据长度: 200000, 通道数: 16
2025-10-17 10:36:55-INFO-[tdms_reader_time.py:79]-使用实际采样间隔: 5e-06 秒
2025-10-17 10:36:55-INFO-[tdms_reader_time.py:44]-开始处理文件: D:/Lab/raw/2025.6.20\back\20250620194629.813220.tdms
2025-10-17 10:36:55-INFO-[tdms_reader_time.py:79]-使用实际采样间隔: 5e-06 秒
2025-10-17 10:36:55-INFO-[tdms_reader_time.py:92]-使用通道起始时间: 2025-06-20 11:46:25.564345
2025-10-17 10:36:55-INFO-[tdms_reader_time.py:92]-使用通道起始时间: 2025-06-20 11:46:22.697196
2025-10-17 10:36:55-INFO-[tdms_reader_time.py:136]-  已写入 200000/200000 行数据
2025-10-17 10:36:55-ERROR-[tdms_reader_time.py:161]-处理文件 20250620203943.117518.tdms 时出错: name 'json' is not defined
2025-10-17 10:36:55-ERROR-[tdms_reader_time.py:163]-Traceback (most recent call last):
  File "C:\Users\17584\Documents\ALearning\Project\tools\DataProcess\src\data_io\tdms_reader_time.py", line 155, in process_tdms_file
    json.dump(metadata, f, indent=2, ensure_ascii=False)
NameError: name 'json' is not defined

2025-10-17 10:36:55-INFO-[tdms_reader_time.py:71]-处理文件: 20250620194629.813220.tdms, 数据长度: 200000, 通道数: 16
2025-10-17 10:36:55-INFO-[tdms_reader_time.py:44]-开始处理文件: D:/Lab/raw/2025.6.20\back\20250620194632.691684.tdms
2025-10-17 10:36:55-INFO-[tdms_reader_time.py:92]-使用通道起始时间: 2025-06-20 11:46:28.459063
2025-10-17 10:36:55-INFO-[tdms_reader_time.py:71]-处理文件: 20250620194632.691684.tdms, 数据长度: 200000, 通道数: 16
2025-10-17 10:36:55-INFO-[tdms_reader_time.py:79]-使用实际采样间隔: 5e-06 秒
2025-10-17 10:36:55-INFO-[tdms_reader_time.py:92]-使用通道起始时间: 2025-06-20 11:46:31.329261
2025-10-17 10:36:55-INFO-[tdms_reader_time.py:136]-  已写入 200000/200000 行数据
2025-10-17 10:36:55-ERROR-[tdms_reader_time.py:161]-处理文件 20250620203948.997384.tdms 时出错: name 'json' is not defined
2025-10-17 10:36:55-ERROR-[tdms_reader_time.py:163]-Traceback (most recent call last):
  File "C:\Users\17584\Documents\ALearning\Project\tools\DataProcess\src\data_io\tdms_reader_time.py", line 155, in process_tdms_file
    json.dump(metadata, f, indent=2, ensure_ascii=False)
NameError: name 'json' is not defined

2025-10-17 10:36:55-INFO-[tdms_reader_time.py:44]-开始处理文件: D:/Lab/raw/2025.6.20\back\20250620194635.587857.tdms
2025-10-17 10:36:55-INFO-[tdms_reader_time.py:71]-处理文件: 20250620194635.587857.tdms, 数据长度: 200000, 通道数: 16
2025-10-17 10:36:55-INFO-[tdms_reader_time.py:79]-使用实际采样间隔: 5e-06 秒
2025-10-17 10:36:55-INFO-[tdms_reader_time.py:92]-使用通道起始时间: 2025-06-20 11:46:34.234615
2025-10-17 10:36:58-INFO-[tdms_reader_time.py:136]-  已写入 100000/200000 行数据
2025-10-17 10:36:58-INFO-[tdms_reader_time.py:136]-  已写入 100000/200000 行数据
2025-10-17 10:36:58-INFO-[tdms_reader_time.py:136]-  已写入 100000/200000 行数据
2025-10-17 10:36:58-INFO-[tdms_reader_time.py:136]-  已写入 100000/200000 行数据
2025-10-17 10:36:58-INFO-[tdms_reader_time.py:136]-  已写入 100000/200000 行数据
2025-10-17 10:36:58-INFO-[tdms_reader_time.py:136]-  已写入 100000/200000 行数据
2025-10-17 10:36:58-INFO-[tdms_reader_time.py:136]-  已写入 100000/200000 行数据
2025-10-17 10:36:58-INFO-[tdms_reader_time.py:136]-  已写入 100000/200000 行数据
2025-10-17 10:36:58-INFO-[tdms_reader_time.py:136]-  已写入 100000/200000 行数据
2025-10-17 10:36:58-INFO-[tdms_reader_time.py:136]-  已写入 100000/200000 行数据
2025-10-17 10:36:58-INFO-[tdms_reader_time.py:136]-  已写入 100000/200000 行数据
2025-10-17 10:36:58-INFO-[tdms_reader_time.py:136]-  已写入 100000/200000 行数据
2025-10-17 10:36:58-INFO-[tdms_reader_time.py:136]-  已写入 100000/200000 行数据
2025-10-17 10:36:59-INFO-[tdms_reader_time.py:136]-  已写入 100000/200000 行数据
2025-10-17 10:36:59-INFO-[tdms_reader_time.py:136]-  已写入 100000/200000 行数据
2025-10-17 10:36:59-INFO-[tdms_reader_time.py:136]-  已写入 100000/200000 行数据
2025-10-17 10:36:59-INFO-[tdms_reader_time.py:136]-  已写入 100000/200000 行数据
2025-10-17 10:36:59-INFO-[tdms_reader_time.py:136]-  已写入 100000/200000 行数据
2025-10-17 10:36:59-INFO-[tdms_reader_time.py:136]-  已写入 100000/200000 行数据
2025-10-17 10:36:59-INFO-[tdms_reader_time.py:136]-  已写入 100000/200000 行数据
2025-10-17 10:36:59-INFO-[tdms_reader_time.py:136]-  已写入 100000/200000 行数据
2025-10-17 10:36:59-INFO-[tdms_reader_time.py:136]-  已写入 100000/200000 行数据
2025-10-17 10:36:59-INFO-[tdms_reader_time.py:136]-  已写入 100000/200000 行数据
2025-10-17 10:36:59-INFO-[tdms_reader_time.py:136]-  已写入 100000/200000 行数据
2025-10-17 10:36:59-INFO-[tdms_reader_time.py:136]-  已写入 100000/200000 行数据
2025-10-17 10:36:59-INFO-[tdms_reader_time.py:136]-  已写入 100000/200000 行数据
2025-10-17 10:36:59-INFO-[tdms_reader_time.py:136]-  已写入 100000/200000 行数据
2025-10-17 10:36:59-INFO-[tdms_reader_time.py:136]-  已写入 100000/200000 行数据
2025-10-17 10:37:01-INFO-[tdms_reader_time.py:136]-  已写入 200000/200000 行数据
2025-10-17 10:37:01-ERROR-[tdms_reader_time.py:161]-处理文件 20250620203954.838344.tdms 时出错: name 'json' is not defined
2025-10-17 10:37:01-ERROR-[tdms_reader_time.py:163]-Traceback (most recent call last):
  File "C:\Users\17584\Documents\ALearning\Project\tools\DataProcess\src\data_io\tdms_reader_time.py", line 155, in process_tdms_file
    json.dump(metadata, f, indent=2, ensure_ascii=False)
NameError: name 'json' is not defined

2025-10-17 10:37:01-INFO-[tdms_reader_time.py:44]-开始处理文件: D:/Lab/raw/2025.6.20\back\20250620194638.548843.tdms
2025-10-17 10:37:01-INFO-[tdms_reader_time.py:71]-处理文件: 20250620194638.548843.tdms, 数据长度: 200000, 通道数: 16
2025-10-17 10:37:01-INFO-[tdms_reader_time.py:79]-使用实际采样间隔: 5e-06 秒
2025-10-17 10:37:01-INFO-[tdms_reader_time.py:136]-  已写入 200000/200000 行数据
2025-10-17 10:37:01-INFO-[tdms_reader_time.py:92]-使用通道起始时间: 2025-06-20 11:46:37.105886
2025-10-17 10:37:01-ERROR-[tdms_reader_time.py:161]-处理文件 20250620203957.759340.tdms 时出错: name 'json' is not defined
2025-10-17 10:37:01-INFO-[tdms_reader_time.py:136]-  已写入 200000/200000 行数据
2025-10-17 10:37:01-ERROR-[tdms_reader_time.py:163]-Traceback (most recent call last):
  File "C:\Users\17584\Documents\ALearning\Project\tools\DataProcess\src\data_io\tdms_reader_time.py", line 155, in process_tdms_file
    json.dump(metadata, f, indent=2, ensure_ascii=False)
NameError: name 'json' is not defined

2025-10-17 10:37:01-ERROR-[tdms_reader_time.py:161]-处理文件 20250620204000.623816.tdms 时出错: name 'json' is not defined
2025-10-17 10:37:01-INFO-[tdms_reader_time.py:44]-开始处理文件: D:/Lab/raw/2025.6.20\back\20250620194641.451865.tdms
2025-10-17 10:37:01-ERROR-[tdms_reader_time.py:163]-Traceback (most recent call last):
  File "C:\Users\17584\Documents\ALearning\Project\tools\DataProcess\src\data_io\tdms_reader_time.py", line 155, in process_tdms_file
    json.dump(metadata, f, indent=2, ensure_ascii=False)
NameError: name 'json' is not defined

2025-10-17 10:37:02-INFO-[tdms_reader_time.py:44]-开始处理文件: D:/Lab/raw/2025.6.20\back\20250620194644.379134.tdms
2025-10-17 10:37:02-INFO-[tdms_reader_time.py:71]-处理文件: 20250620194641.451865.tdms, 数据长度: 200000, 通道数: 16
2025-10-17 10:37:02-INFO-[tdms_reader_time.py:79]-使用实际采样间隔: 5e-06 秒
2025-10-17 10:37:02-INFO-[tdms_reader_time.py:71]-处理文件: 20250620194644.379134.tdms, 数据长度: 200000, 通道数: 16
2025-10-17 10:37:02-INFO-[tdms_reader_time.py:92]-使用通道起始时间: 2025-06-20 11:46:40.090155
2025-10-17 10:37:02-INFO-[tdms_reader_time.py:79]-使用实际采样间隔: 5e-06 秒
2025-10-17 10:37:02-INFO-[tdms_reader_time.py:92]-使用通道起始时间: 2025-06-20 11:46:43.008657
2025-10-17 10:37:02-INFO-[tdms_reader_time.py:136]-  已写入 200000/200000 行数据
2025-10-17 10:37:02-ERROR-[tdms_reader_time.py:161]-处理文件 20250620204006.502835.tdms 时出错: name 'json' is not defined
2025-10-17 10:37:02-ERROR-[tdms_reader_time.py:163]-Traceback (most recent call last):
  File "C:\Users\17584\Documents\ALearning\Project\tools\DataProcess\src\data_io\tdms_reader_time.py", line 155, in process_tdms_file
    json.dump(metadata, f, indent=2, ensure_ascii=False)
NameError: name 'json' is not defined

2025-10-17 10:37:02-INFO-[tdms_reader_time.py:136]-  已写入 200000/200000 行数据
2025-10-17 10:37:02-ERROR-[tdms_reader_time.py:161]-处理文件 20250620204009.381570.tdms 时出错: name 'json' is not defined
2025-10-17 10:37:02-ERROR-[tdms_reader_time.py:163]-Traceback (most recent call last):
  File "C:\Users\17584\Documents\ALearning\Project\tools\DataProcess\src\data_io\tdms_reader_time.py", line 155, in process_tdms_file
    json.dump(metadata, f, indent=2, ensure_ascii=False)
NameError: name 'json' is not defined

2025-10-17 10:37:02-INFO-[tdms_reader_time.py:44]-开始处理文件: D:/Lab/raw/2025.6.20\back\20250620194647.302328.tdms
2025-10-17 10:37:02-INFO-[tdms_reader_time.py:44]-开始处理文件: D:/Lab/raw/2025.6.20\back\20250620194650.211108.tdms
2025-10-17 10:37:02-INFO-[tdms_reader_time.py:136]-  已写入 200000/200000 行数据
2025-10-17 10:37:02-ERROR-[tdms_reader_time.py:161]-处理文件 20250620204026.769314.tdms 时出错: name 'json' is not defined
2025-10-17 10:37:02-ERROR-[tdms_reader_time.py:163]-Traceback (most recent call last):
  File "C:\Users\17584\Documents\ALearning\Project\tools\DataProcess\src\data_io\tdms_reader_time.py", line 155, in process_tdms_file
    json.dump(metadata, f, indent=2, ensure_ascii=False)
NameError: name 'json' is not defined

2025-10-17 10:37:02-INFO-[tdms_reader_time.py:71]-处理文件: 20250620194647.302328.tdms, 数据长度: 200000, 通道数: 16
2025-10-17 10:37:02-INFO-[tdms_reader_time.py:136]-  已写入 200000/200000 行数据
2025-10-17 10:37:02-INFO-[tdms_reader_time.py:44]-开始处理文件: D:/Lab/raw/2025.6.20\back\20250620194653.136268.tdms
2025-10-17 10:37:02-INFO-[tdms_reader_time.py:79]-使用实际采样间隔: 5e-06 秒
2025-10-17 10:37:02-ERROR-[tdms_reader_time.py:161]-处理文件 20250620204012.290275.tdms 时出错: name 'json' is not defined
2025-10-17 10:37:02-INFO-[tdms_reader_time.py:71]-处理文件: 20250620194650.211108.tdms, 数据长度: 200000, 通道数: 16
2025-10-17 10:37:02-INFO-[tdms_reader_time.py:79]-使用实际采样间隔: 5e-06 秒
2025-10-17 10:37:02-INFO-[tdms_reader_time.py:92]-使用通道起始时间: 2025-06-20 11:46:48.832746
2025-10-17 10:37:02-INFO-[tdms_reader_time.py:92]-使用通道起始时间: 2025-06-20 11:46:45.938580
2025-10-17 10:37:02-INFO-[tdms_reader_time.py:136]-  已写入 200000/200000 行数据
2025-10-17 10:37:02-ERROR-[tdms_reader_time.py:161]-处理文件 20250620204003.597035.tdms 时出错: name 'json' is not defined
2025-10-17 10:37:02-ERROR-[tdms_reader_time.py:163]-Traceback (most recent call last):
  File "C:\Users\17584\Documents\ALearning\Project\tools\DataProcess\src\data_io\tdms_reader_time.py", line 155, in process_tdms_file
    json.dump(metadata, f, indent=2, ensure_ascii=False)
NameError: name 'json' is not defined

2025-10-17 10:37:02-INFO-[tdms_reader_time.py:44]-开始处理文件: D:/Lab/raw/2025.6.20\back\20250620194656.041305.tdms
2025-10-17 10:37:02-ERROR-[tdms_reader_time.py:163]-Traceback (most recent call last):
  File "C:\Users\17584\Documents\ALearning\Project\tools\DataProcess\src\data_io\tdms_reader_time.py", line 155, in process_tdms_file
    json.dump(metadata, f, indent=2, ensure_ascii=False)
NameError: name 'json' is not defined

2025-10-17 10:37:02-INFO-[tdms_reader_time.py:71]-处理文件: 20250620194653.136268.tdms, 数据长度: 200000, 通道数: 16
2025-10-17 10:37:02-INFO-[tdms_reader_time.py:79]-使用实际采样间隔: 5e-06 秒
2025-10-17 10:37:02-INFO-[tdms_reader_time.py:92]-使用通道起始时间: 2025-06-20 11:46:51.773563
2025-10-17 10:37:02-INFO-[tdms_reader_time.py:44]-开始处理文件: D:/Lab/raw/2025.6.20\back\20250620194659.052610.tdms
2025-10-17 10:37:02-INFO-[tdms_reader_time.py:136]-  已写入 200000/200000 行数据
2025-10-17 10:37:02-INFO-[tdms_reader_time.py:71]-处理文件: 20250620194656.041305.tdms, 数据长度: 200000, 通道数: 16
2025-10-17 10:37:02-INFO-[tdms_reader_time.py:79]-使用实际采样间隔: 5e-06 秒
2025-10-17 10:37:02-ERROR-[tdms_reader_time.py:161]-处理文件 20250620204018.073789.tdms 时出错: name 'json' is not defined
2025-10-17 10:37:02-ERROR-[tdms_reader_time.py:163]-Traceback (most recent call last):
  File "C:\Users\17584\Documents\ALearning\Project\tools\DataProcess\src\data_io\tdms_reader_time.py", line 155, in process_tdms_file
    json.dump(metadata, f, indent=2, ensure_ascii=False)
NameError: name 'json' is not defined

2025-10-17 10:37:02-INFO-[tdms_reader_time.py:92]-使用通道起始时间: 2025-06-20 11:46:54.678582
2025-10-17 10:37:02-INFO-[tdms_reader_time.py:44]-开始处理文件: D:/Lab/raw/2025.6.20\back\20250620194702.006214.tdms
2025-10-17 10:37:02-INFO-[tdms_reader_time.py:71]-处理文件: 20250620194659.052610.tdms, 数据长度: 200000, 通道数: 16
2025-10-17 10:37:02-INFO-[tdms_reader_time.py:79]-使用实际采样间隔: 5e-06 秒
2025-10-17 10:37:02-INFO-[tdms_reader_time.py:92]-使用通道起始时间: 2025-06-20 11:46:57.675268
2025-10-17 10:37:02-INFO-[tdms_reader_time.py:71]-处理文件: 20250620194702.006214.tdms, 数据长度: 200000, 通道数: 16
2025-10-17 10:37:02-INFO-[tdms_reader_time.py:79]-使用实际采样间隔: 5e-06 秒
2025-10-17 10:37:02-INFO-[tdms_reader_time.py:92]-使用通道起始时间: 2025-06-20 11:47:00.643072
2025-10-17 10:37:02-INFO-[tdms_reader_time.py:136]-  已写入 200000/200000 行数据
2025-10-17 10:37:02-ERROR-[tdms_reader_time.py:161]-处理文件 20250620204015.172895.tdms 时出错: name 'json' is not defined
2025-10-17 10:37:02-ERROR-[tdms_reader_time.py:163]-Traceback (most recent call last):
  File "C:\Users\17584\Documents\ALearning\Project\tools\DataProcess\src\data_io\tdms_reader_time.py", line 155, in process_tdms_file
    json.dump(metadata, f, indent=2, ensure_ascii=False)
NameError: name 'json' is not defined

2025-10-17 10:37:02-INFO-[tdms_reader_time.py:44]-开始处理文件: D:/Lab/raw/2025.6.20\back\20250620194704.911499.tdms
2025-10-17 10:37:02-INFO-[tdms_reader_time.py:136]-  已写入 200000/200000 行数据
2025-10-17 10:37:02-ERROR-[tdms_reader_time.py:161]-处理文件 20250620204032.660249.tdms 时出错: name 'json' is not defined
2025-10-17 10:37:02-ERROR-[tdms_reader_time.py:163]-Traceback (most recent call last):
  File "C:\Users\17584\Documents\ALearning\Project\tools\DataProcess\src\data_io\tdms_reader_time.py", line 155, in process_tdms_file
    json.dump(metadata, f, indent=2, ensure_ascii=False)
NameError: name 'json' is not defined

2025-10-17 10:37:02-INFO-[tdms_reader_time.py:71]-处理文件: 20250620194704.911499.tdms, 数据长度: 200000, 通道数: 16
2025-10-17 10:37:02-INFO-[tdms_reader_time.py:79]-使用实际采样间隔: 5e-06 秒
2025-10-17 10:37:02-INFO-[tdms_reader_time.py:92]-使用通道起始时间: 2025-06-20 11:47:03.537446
2025-10-17 10:37:02-INFO-[tdms_reader_time.py:44]-开始处理文件: D:/Lab/raw/2025.6.20\back\20250620194707.790523.tdms
2025-10-17 10:37:02-INFO-[tdms_reader_time.py:71]-处理文件: 20250620194707.790523.tdms, 数据长度: 200000, 通道数: 16
2025-10-17 10:37:02-INFO-[tdms_reader_time.py:79]-使用实际采样间隔: 5e-06 秒
2025-10-17 10:37:02-INFO-[tdms_reader_time.py:92]-使用通道起始时间: 2025-06-20 11:47:06.423161
2025-10-17 10:37:02-INFO-[tdms_reader_time.py:136]-  已写入 200000/200000 行数据
2025-10-17 10:37:02-ERROR-[tdms_reader_time.py:161]-处理文件 20250620204044.399715.tdms 时出错: name 'json' is not defined
2025-10-17 10:37:02-ERROR-[tdms_reader_time.py:163]-Traceback (most recent call last):
  File "C:\Users\17584\Documents\ALearning\Project\tools\DataProcess\src\data_io\tdms_reader_time.py", line 155, in process_tdms_file
    json.dump(metadata, f, indent=2, ensure_ascii=False)
NameError: name 'json' is not defined

2025-10-17 10:37:02-INFO-[tdms_reader_time.py:44]-开始处理文件: D:/Lab/raw/2025.6.20\back\20250620194710.704633.tdms
2025-10-17 10:37:02-INFO-[tdms_reader_time.py:71]-处理文件: 20250620194710.704633.tdms, 数据长度: 200000, 通道数: 16
2025-10-17 10:37:02-INFO-[tdms_reader_time.py:136]-  已写入 200000/200000 行数据
2025-10-17 10:37:02-INFO-[tdms_reader_time.py:79]-使用实际采样间隔: 5e-06 秒
2025-10-17 10:37:02-ERROR-[tdms_reader_time.py:161]-处理文件 20250620204038.547364.tdms 时出错: name 'json' is not defined
2025-10-17 10:37:02-INFO-[tdms_reader_time.py:92]-使用通道起始时间: 2025-06-20 11:47:09.329059
2025-10-17 10:37:02-ERROR-[tdms_reader_time.py:163]-Traceback (most recent call last):
  File "C:\Users\17584\Documents\ALearning\Project\tools\DataProcess\src\data_io\tdms_reader_time.py", line 155, in process_tdms_file
    json.dump(metadata, f, indent=2, ensure_ascii=False)
NameError: name 'json' is not defined

2025-10-17 10:37:02-INFO-[tdms_reader_time.py:136]-  已写入 200000/200000 行数据
2025-10-17 10:37:02-ERROR-[tdms_reader_time.py:161]-处理文件 20250620204023.874951.tdms 时出错: name 'json' is not defined
2025-10-17 10:37:02-ERROR-[tdms_reader_time.py:163]-Traceback (most recent call last):
  File "C:\Users\17584\Documents\ALearning\Project\tools\DataProcess\src\data_io\tdms_reader_time.py", line 155, in process_tdms_file
    json.dump(metadata, f, indent=2, ensure_ascii=False)
NameError: name 'json' is not defined

2025-10-17 10:37:02-INFO-[tdms_reader_time.py:136]-  已写入 200000/200000 行数据
2025-10-17 10:37:02-INFO-[tdms_reader_time.py:44]-开始处理文件: D:/Lab/raw/2025.6.20\back\20250620194713.610034.tdms
2025-10-17 10:37:02-ERROR-[tdms_reader_time.py:161]-处理文件 20250620204020.965725.tdms 时出错: name 'json' is not defined
2025-10-17 10:37:02-ERROR-[tdms_reader_time.py:163]-Traceback (most recent call last):
  File "C:\Users\17584\Documents\ALearning\Project\tools\DataProcess\src\data_io\tdms_reader_time.py", line 155, in process_tdms_file
    json.dump(metadata, f, indent=2, ensure_ascii=False)
NameError: name 'json' is not defined

2025-10-17 10:37:02-INFO-[tdms_reader_time.py:44]-开始处理文件: D:/Lab/raw/2025.6.20\back\20250620194716.530521.tdms
2025-10-17 10:37:02-INFO-[tdms_reader_time.py:136]-  已写入 200000/200000 行数据
2025-10-17 10:37:02-INFO-[tdms_reader_time.py:44]-开始处理文件: D:/Lab/raw/2025.6.20\back\20250620194719.443004.tdms
2025-10-17 10:37:02-ERROR-[tdms_reader_time.py:161]-处理文件 20250620204047.316458.tdms 时出错: name 'json' is not defined
2025-10-17 10:37:02-ERROR-[tdms_reader_time.py:163]-Traceback (most recent call last):
  File "C:\Users\17584\Documents\ALearning\Project\tools\DataProcess\src\data_io\tdms_reader_time.py", line 155, in process_tdms_file
    json.dump(metadata, f, indent=2, ensure_ascii=False)
NameError: name 'json' is not defined

2025-10-17 10:37:02-INFO-[tdms_reader_time.py:71]-处理文件: 20250620194713.610034.tdms, 数据长度: 200000, 通道数: 16
2025-10-17 10:37:02-INFO-[tdms_reader_time.py:136]-  已写入 200000/200000 行数据
2025-10-17 10:37:02-ERROR-[tdms_reader_time.py:161]-处理文件 20250620204041.503131.tdms 时出错: name 'json' is not defined
2025-10-17 10:37:02-ERROR-[tdms_reader_time.py:163]-Traceback (most recent call last):
  File "C:\Users\17584\Documents\ALearning\Project\tools\DataProcess\src\data_io\tdms_reader_time.py", line 155, in process_tdms_file
    json.dump(metadata, f, indent=2, ensure_ascii=False)
NameError: name 'json' is not defined

2025-10-17 10:37:02-INFO-[tdms_reader_time.py:79]-使用实际采样间隔: 5e-06 秒
2025-10-17 10:37:02-INFO-[tdms_reader_time.py:92]-使用通道起始时间: 2025-06-20 11:47:12.251513
2025-10-17 10:37:02-INFO-[tdms_reader_time.py:44]-开始处理文件: D:/Lab/raw/2025.6.20\back\20250620194722.345550.tdms
2025-10-17 10:37:02-INFO-[tdms_reader_time.py:136]-  已写入 200000/200000 行数据
2025-10-17 10:37:02-INFO-[tdms_reader_time.py:136]-  已写入 200000/200000 行数据
2025-10-17 10:37:02-ERROR-[tdms_reader_time.py:161]-处理文件 20250620204029.679945.tdms 时出错: name 'json' is not defined
2025-10-17 10:37:02-INFO-[tdms_reader_time.py:71]-处理文件: 20250620194719.443004.tdms, 数据长度: 200000, 通道数: 16
2025-10-17 10:37:02-ERROR-[tdms_reader_time.py:163]-Traceback (most recent call last):
  File "C:\Users\17584\Documents\ALearning\Project\tools\DataProcess\src\data_io\tdms_reader_time.py", line 155, in process_tdms_file
    json.dump(metadata, f, indent=2, ensure_ascii=False)
NameError: name 'json' is not defined

2025-10-17 10:37:02-INFO-[tdms_reader_time.py:79]-使用实际采样间隔: 5e-06 秒
2025-10-17 10:37:02-INFO-[tdms_reader_time.py:71]-处理文件: 20250620194716.530521.tdms, 数据长度: 200000, 通道数: 16
2025-10-17 10:37:02-ERROR-[tdms_reader_time.py:161]-处理文件 20250620194612.368512.tdms 时出错: name 'json' is not defined
2025-10-17 10:37:02-INFO-[tdms_reader_time.py:92]-使用通道起始时间: 2025-06-20 11:47:18.076321
2025-10-17 10:37:02-INFO-[tdms_reader_time.py:79]-使用实际采样间隔: 5e-06 秒
2025-10-17 10:37:02-ERROR-[tdms_reader_time.py:163]-Traceback (most recent call last):
  File "C:\Users\17584\Documents\ALearning\Project\tools\DataProcess\src\data_io\tdms_reader_time.py", line 155, in process_tdms_file
    json.dump(metadata, f, indent=2, ensure_ascii=False)
NameError: name 'json' is not defined

2025-10-17 10:37:02-INFO-[tdms_reader_time.py:92]-使用通道起始时间: 2025-06-20 11:47:15.174118
2025-10-17 10:37:02-INFO-[tdms_reader_time.py:44]-开始处理文件: D:/Lab/raw/2025.6.20\back\20250620194725.240403.tdms
2025-10-17 10:37:02-INFO-[tdms_reader_time.py:44]-开始处理文件: D:/Lab/raw/2025.6.20\back\20250620194728.134972.tdms
2025-10-17 10:37:02-INFO-[tdms_reader_time.py:44]-开始处理文件: D:/Lab/raw/2025.6.20\back\20250620194731.069696.tdms
2025-10-17 10:37:02-INFO-[tdms_reader_time.py:71]-处理文件: 20250620194722.345550.tdms, 数据长度: 200000, 通道数: 16
2025-10-17 10:37:02-INFO-[tdms_reader_time.py:79]-使用实际采样间隔: 5e-06 秒
2025-10-17 10:37:02-INFO-[tdms_reader_time.py:71]-处理文件: 20250620194725.240403.tdms, 数据长度: 200000, 通道数: 16
2025-10-17 10:37:02-INFO-[tdms_reader_time.py:92]-使用通道起始时间: 2025-06-20 11:47:20.977076
2025-10-17 10:37:02-INFO-[tdms_reader_time.py:71]-处理文件: 20250620194728.134972.tdms, 数据长度: 200000, 通道数: 16
2025-10-17 10:37:02-INFO-[tdms_reader_time.py:71]-处理文件: 20250620194731.069696.tdms, 数据长度: 200000, 通道数: 16
2025-10-17 10:37:02-INFO-[tdms_reader_time.py:79]-使用实际采样间隔: 5e-06 秒
2025-10-17 10:37:02-INFO-[tdms_reader_time.py:136]-  已写入 200000/200000 行数据
2025-10-17 10:37:02-INFO-[tdms_reader_time.py:79]-使用实际采样间隔: 5e-06 秒
2025-10-17 10:37:02-INFO-[tdms_reader_time.py:79]-使用实际采样间隔: 5e-06 秒
2025-10-17 10:37:02-INFO-[tdms_reader_time.py:92]-使用通道起始时间: 2025-06-20 11:47:23.874696
2025-10-17 10:37:02-INFO-[tdms_reader_time.py:92]-使用通道起始时间: 2025-06-20 11:47:29.688513
2025-10-17 10:37:02-INFO-[tdms_reader_time.py:92]-使用通道起始时间: 2025-06-20 11:47:26.764507
2025-10-17 10:37:02-ERROR-[tdms_reader_time.py:161]-处理文件 20250620194624.055741.tdms 时出错: name 'json' is not defined
2025-10-17 10:37:02-ERROR-[tdms_reader_time.py:163]-Traceback (most recent call last):
  File "C:\Users\17584\Documents\ALearning\Project\tools\DataProcess\src\data_io\tdms_reader_time.py", line 155, in process_tdms_file
    json.dump(metadata, f, indent=2, ensure_ascii=False)
NameError: name 'json' is not defined

2025-10-17 10:37:02-INFO-[tdms_reader_time.py:136]-  已写入 200000/200000 行数据
2025-10-17 10:37:02-INFO-[tdms_reader_time.py:44]-开始处理文件: D:/Lab/raw/2025.6.20\back\20250620194734.001919.tdms
2025-10-17 10:37:02-ERROR-[tdms_reader_time.py:161]-处理文件 20250620194626.920608.tdms 时出错: name 'json' is not defined
2025-10-17 10:37:02-ERROR-[tdms_reader_time.py:163]-Traceback (most recent call last):
  File "C:\Users\17584\Documents\ALearning\Project\tools\DataProcess\src\data_io\tdms_reader_time.py", line 155, in process_tdms_file
    json.dump(metadata, f, indent=2, ensure_ascii=False)
NameError: name 'json' is not defined

2025-10-17 10:37:02-INFO-[tdms_reader_time.py:136]-  已写入 200000/200000 行数据
2025-10-17 10:37:02-ERROR-[tdms_reader_time.py:161]-处理文件 20250620194615.280443.tdms 时出错: name 'json' is not defined
2025-10-17 10:37:02-INFO-[tdms_reader_time.py:136]-  已写入 200000/200000 行数据
2025-10-17 10:37:02-ERROR-[tdms_reader_time.py:163]-Traceback (most recent call last):
  File "C:\Users\17584\Documents\ALearning\Project\tools\DataProcess\src\data_io\tdms_reader_time.py", line 155, in process_tdms_file
    json.dump(metadata, f, indent=2, ensure_ascii=False)
NameError: name 'json' is not defined

2025-10-17 10:37:02-ERROR-[tdms_reader_time.py:161]-处理文件 20250620204035.578939.tdms 时出错: name 'json' is not defined
2025-10-17 10:37:02-INFO-[tdms_reader_time.py:71]-处理文件: 20250620194734.001919.tdms, 数据长度: 200000, 通道数: 16
2025-10-17 10:37:02-INFO-[tdms_reader_time.py:44]-开始处理文件: D:/Lab/raw/2025.6.20\backwatering\20250620193734.678390.tdms
2025-10-17 10:37:02-INFO-[tdms_reader_time.py:79]-使用实际采样间隔: 5e-06 秒
2025-10-17 10:37:02-ERROR-[tdms_reader_time.py:163]-Traceback (most recent call last):
  File "C:\Users\17584\Documents\ALearning\Project\tools\DataProcess\src\data_io\tdms_reader_time.py", line 155, in process_tdms_file
    json.dump(metadata, f, indent=2, ensure_ascii=False)
NameError: name 'json' is not defined

2025-10-17 10:37:02-INFO-[tdms_reader_time.py:92]-使用通道起始时间: 2025-06-20 11:47:32.615933
2025-10-17 10:37:02-INFO-[tdms_reader_time.py:44]-开始处理文件: D:/Lab/raw/2025.6.20\backwatering\20250620193737.643558.tdms
2025-10-17 10:37:02-INFO-[tdms_reader_time.py:44]-开始处理文件: D:/Lab/raw/2025.6.20\backwatering\20250620193740.545447.tdms
2025-10-17 10:37:02-INFO-[tdms_reader_time.py:71]-处理文件: 20250620193734.678390.tdms, 数据长度: 200000, 通道数: 16
2025-10-17 10:37:02-INFO-[tdms_reader_time.py:79]-使用实际采样间隔: 5e-06 秒
2025-10-17 10:37:02-INFO-[tdms_reader_time.py:92]-使用通道起始时间: 2025-06-20 11:37:33.310871
2025-10-17 10:37:02-INFO-[tdms_reader_time.py:136]-  已写入 200000/200000 行数据
2025-10-17 10:37:02-ERROR-[tdms_reader_time.py:161]-处理文件 20250620194632.691684.tdms 时出错: name 'json' is not defined
2025-10-17 10:37:02-INFO-[tdms_reader_time.py:79]-使用实际采样间隔: 5e-06 秒
2025-10-17 10:37:02-INFO-[tdms_reader_time.py:71]-处理文件: 20250620193740.545447.tdms, 数据长度: 200000, 通道数: 16
2025-10-17 10:37:02-ERROR-[tdms_reader_time.py:163]-Traceback (most recent call last):
  File "C:\Users\17584\Documents\ALearning\Project\tools\DataProcess\src\data_io\tdms_reader_time.py", line 155, in process_tdms_file
    json.dump(metadata, f, indent=2, ensure_ascii=False)
NameError: name 'json' is not defined

2025-10-17 10:37:02-INFO-[tdms_reader_time.py:79]-使用实际采样间隔: 5e-06 秒
2025-10-17 10:37:02-INFO-[tdms_reader_time.py:92]-使用通道起始时间: 2025-06-20 11:37:39.197313
2025-10-17 10:37:02-INFO-[tdms_reader_time.py:92]-使用通道起始时间: 2025-06-20 11:37:36.282100
2025-10-17 10:37:02-INFO-[tdms_reader_time.py:44]-开始处理文件: D:/Lab/raw/2025.6.20\backwatering\20250620193743.417335.tdms
2025-10-17 10:37:02-INFO-[tdms_reader_time.py:136]-  已写入 200000/200000 行数据
2025-10-17 10:37:02-ERROR-[tdms_reader_time.py:161]-处理文件 20250620194618.181950.tdms 时出错: name 'json' is not defined
2025-10-17 10:37:02-ERROR-[tdms_reader_time.py:163]-Traceback (most recent call last):
  File "C:\Users\17584\Documents\ALearning\Project\tools\DataProcess\src\data_io\tdms_reader_time.py", line 155, in process_tdms_file
    json.dump(metadata, f, indent=2, ensure_ascii=False)
NameError: name 'json' is not defined

2025-10-17 10:37:02-INFO-[tdms_reader_time.py:44]-开始处理文件: D:/Lab/raw/2025.6.20\backwatering\20250620193746.344677.tdms
2025-10-17 10:37:02-INFO-[tdms_reader_time.py:71]-处理文件: 20250620193743.417335.tdms, 数据长度: 200000, 通道数: 16
2025-10-17 10:37:02-INFO-[tdms_reader_time.py:79]-使用实际采样间隔: 5e-06 秒
2025-10-17 10:37:02-INFO-[tdms_reader_time.py:92]-使用通道起始时间: 2025-06-20 11:37:42.073734
2025-10-17 10:37:02-INFO-[tdms_reader_time.py:71]-处理文件: 20250620193746.344677.tdms, 数据长度: 200000, 通道数: 16
2025-10-17 10:37:02-INFO-[tdms_reader_time.py:79]-使用实际采样间隔: 5e-06 秒
2025-10-17 10:37:03-INFO-[tdms_reader_time.py:92]-使用通道起始时间: 2025-06-20 11:37:45.000532
2025-10-17 10:37:03-INFO-[tdms_reader_time.py:136]-  已写入 200000/200000 行数据
2025-10-17 10:37:03-ERROR-[tdms_reader_time.py:161]-处理文件 20250620194621.140929.tdms 时出错: name 'json' is not defined
2025-10-17 10:37:03-ERROR-[tdms_reader_time.py:163]-Traceback (most recent call last):
  File "C:\Users\17584\Documents\ALearning\Project\tools\DataProcess\src\data_io\tdms_reader_time.py", line 155, in process_tdms_file
    json.dump(metadata, f, indent=2, ensure_ascii=False)
NameError: name 'json' is not defined

2025-10-17 10:37:03-INFO-[tdms_reader_time.py:136]-  已写入 200000/200000 行数据
2025-10-17 10:37:03-ERROR-[tdms_reader_time.py:161]-处理文件 20250620194635.587857.tdms 时出错: name 'json' is not defined
2025-10-17 10:37:03-ERROR-[tdms_reader_time.py:163]-Traceback (most recent call last):
  File "C:\Users\17584\Documents\ALearning\Project\tools\DataProcess\src\data_io\tdms_reader_time.py", line 155, in process_tdms_file
    json.dump(metadata, f, indent=2, ensure_ascii=False)
NameError: name 'json' is not defined

2025-10-17 10:37:03-INFO-[tdms_reader_time.py:44]-开始处理文件: D:/Lab/raw/2025.6.20\backwatering\20250620193749.270337.tdms
2025-10-17 10:37:03-INFO-[tdms_reader_time.py:44]-开始处理文件: D:/Lab/raw/2025.6.20\backwatering\20250620193752.182714.tdms
2025-10-17 10:37:03-INFO-[tdms_reader_time.py:71]-处理文件: 20250620193749.270337.tdms, 数据长度: 200000, 通道数: 16
2025-10-17 10:37:03-INFO-[tdms_reader_time.py:79]-使用实际采样间隔: 5e-06 秒
2025-10-17 10:37:03-INFO-[tdms_reader_time.py:71]-处理文件: 20250620193752.182714.tdms, 数据长度: 200000, 通道数: 16
2025-10-17 10:37:03-INFO-[tdms_reader_time.py:92]-使用通道起始时间: 2025-06-20 11:37:47.911100
2025-10-17 10:37:03-INFO-[tdms_reader_time.py:79]-使用实际采样间隔: 5e-06 秒
2025-10-17 10:37:03-INFO-[tdms_reader_time.py:136]-  已写入 200000/200000 行数据
2025-10-17 10:37:03-INFO-[tdms_reader_time.py:92]-使用通道起始时间: 2025-06-20 11:37:50.841629
2025-10-17 10:37:03-ERROR-[tdms_reader_time.py:161]-处理文件 20250620194629.813220.tdms 时出错: name 'json' is not defined
2025-10-17 10:37:03-ERROR-[tdms_reader_time.py:163]-Traceback (most recent call last):
  File "C:\Users\17584\Documents\ALearning\Project\tools\DataProcess\src\data_io\tdms_reader_time.py", line 155, in process_tdms_file
    json.dump(metadata, f, indent=2, ensure_ascii=False)
NameError: name 'json' is not defined

2025-10-17 10:37:03-INFO-[tdms_reader_time.py:44]-开始处理文件: D:/Lab/raw/2025.6.20\backwatering\20250620193755.071010.tdms
2025-10-17 10:37:03-INFO-[tdms_reader_time.py:71]-处理文件: 20250620193755.071010.tdms, 数据长度: 200000, 通道数: 16
2025-10-17 10:37:03-INFO-[tdms_reader_time.py:79]-使用实际采样间隔: 5e-06 秒
2025-10-17 10:37:03-INFO-[tdms_reader_time.py:92]-使用通道起始时间: 2025-06-20 11:37:53.721585
2025-10-17 10:37:05-INFO-[tdms_reader_time.py:136]-  已写入 100000/200000 行数据
2025-10-17 10:37:05-INFO-[tdms_reader_time.py:136]-  已写入 100000/200000 行数据
2025-10-17 10:37:05-INFO-[tdms_reader_time.py:136]-  已写入 100000/200000 行数据
2025-10-17 10:37:05-INFO-[tdms_reader_time.py:136]-  已写入 100000/200000 行数据
2025-10-17 10:37:05-INFO-[tdms_reader_time.py:136]-  已写入 100000/200000 行数据
2025-10-17 10:37:05-INFO-[tdms_reader_time.py:136]-  已写入 100000/200000 行数据
2025-10-17 10:37:06-INFO-[tdms_reader_time.py:136]-  已写入 100000/200000 行数据
2025-10-17 10:37:06-INFO-[tdms_reader_time.py:136]-  已写入 100000/200000 行数据
2025-10-17 10:37:06-INFO-[tdms_reader_time.py:136]-  已写入 100000/200000 行数据
2025-10-17 10:37:06-INFO-[tdms_reader_time.py:136]-  已写入 100000/200000 行数据
2025-10-17 10:37:06-INFO-[tdms_reader_time.py:136]-  已写入 100000/200000 行数据
2025-10-17 10:37:06-INFO-[tdms_reader_time.py:136]-  已写入 100000/200000 行数据
2025-10-17 10:37:06-INFO-[tdms_reader_time.py:136]-  已写入 100000/200000 行数据
2025-10-17 10:37:06-INFO-[tdms_reader_time.py:136]-  已写入 100000/200000 行数据
2025-10-17 10:37:06-INFO-[tdms_reader_time.py:136]-  已写入 100000/200000 行数据
2025-10-17 10:37:06-INFO-[tdms_reader_time.py:136]-  已写入 100000/200000 行数据
2025-10-17 10:37:06-INFO-[tdms_reader_time.py:136]-  已写入 100000/200000 行数据
2025-10-17 10:37:06-INFO-[tdms_reader_time.py:136]-  已写入 100000/200000 行数据
2025-10-17 10:37:06-INFO-[tdms_reader_time.py:136]-  已写入 100000/200000 行数据
2025-10-17 10:37:06-INFO-[tdms_reader_time.py:136]-  已写入 100000/200000 行数据
2025-10-17 10:37:06-INFO-[tdms_reader_time.py:136]-  已写入 100000/200000 行数据
2025-10-17 10:37:06-INFO-[tdms_reader_time.py:136]-  已写入 100000/200000 行数据
2025-10-17 10:37:06-INFO-[tdms_reader_time.py:136]-  已写入 100000/200000 行数据
2025-10-17 10:37:06-INFO-[tdms_reader_time.py:136]-  已写入 100000/200000 行数据
2025-10-17 10:37:06-INFO-[tdms_reader_time.py:136]-  已写入 100000/200000 行数据
2025-10-17 10:37:06-INFO-[tdms_reader_time.py:136]-  已写入 100000/200000 行数据
2025-10-17 10:37:06-INFO-[tdms_reader_time.py:136]-  已写入 100000/200000 行数据
2025-10-17 10:37:07-INFO-[tdms_reader_time.py:136]-  已写入 100000/200000 行数据
2025-10-17 10:37:09-INFO-[tdms_reader_time.py:136]-  已写入 200000/200000 行数据
2025-10-17 10:37:09-ERROR-[tdms_reader_time.py:161]-处理文件 20250620194638.548843.tdms 时出错: name 'json' is not defined
2025-10-17 10:37:09-ERROR-[tdms_reader_time.py:163]-Traceback (most recent call last):
  File "C:\Users\17584\Documents\ALearning\Project\tools\DataProcess\src\data_io\tdms_reader_time.py", line 155, in process_tdms_file
    json.dump(metadata, f, indent=2, ensure_ascii=False)
NameError: name 'json' is not defined

2025-10-17 10:37:09-INFO-[tdms_reader_time.py:44]-开始处理文件: D:/Lab/raw/2025.6.20\backwatering\20250620193757.946475.tdms
2025-10-17 10:37:09-INFO-[tdms_reader_time.py:71]-处理文件: 20250620193757.946475.tdms, 数据长度: 200000, 通道数: 16
2025-10-17 10:37:09-INFO-[tdms_reader_time.py:79]-使用实际采样间隔: 5e-06 秒
2025-10-17 10:37:09-INFO-[tdms_reader_time.py:92]-使用通道起始时间: 2025-06-20 11:37:56.606508
2025-10-17 10:37:09-INFO-[tdms_reader_time.py:136]-  已写入 200000/200000 行数据
2025-10-17 10:37:09-ERROR-[tdms_reader_time.py:161]-处理文件 20250620194644.379134.tdms 时出错: name 'json' is not defined
2025-10-17 10:37:09-ERROR-[tdms_reader_time.py:163]-Traceback (most recent call last):
  File "C:\Users\17584\Documents\ALearning\Project\tools\DataProcess\src\data_io\tdms_reader_time.py", line 155, in process_tdms_file
    json.dump(metadata, f, indent=2, ensure_ascii=False)
NameError: name 'json' is not defined

2025-10-17 10:37:09-INFO-[tdms_reader_time.py:44]-开始处理文件: D:/Lab/raw/2025.6.20\backwatering\20250620193800.664447.tdms
2025-10-17 10:37:09-INFO-[tdms_reader_time.py:71]-处理文件: 20250620193800.664447.tdms, 数据长度: 200000, 通道数: 16
2025-10-17 10:37:09-INFO-[tdms_reader_time.py:136]-  已写入 200000/200000 行数据
2025-10-17 10:37:09-INFO-[tdms_reader_time.py:79]-使用实际采样间隔: 5e-06 秒
2025-10-17 10:37:09-INFO-[tdms_reader_time.py:92]-使用通道起始时间: 2025-06-20 11:37:59.511104
2025-10-17 10:37:09-INFO-[tdms_reader_time.py:136]-  已写入 200000/200000 行数据
2025-10-17 10:37:09-ERROR-[tdms_reader_time.py:161]-处理文件 20250620194641.451865.tdms 时出错: name 'json' is not defined
2025-10-17 10:37:09-ERROR-[tdms_reader_time.py:161]-处理文件 20250620194647.302328.tdms 时出错: name 'json' is not defined
2025-10-17 10:37:09-ERROR-[tdms_reader_time.py:163]-Traceback (most recent call last):
  File "C:\Users\17584\Documents\ALearning\Project\tools\DataProcess\src\data_io\tdms_reader_time.py", line 155, in process_tdms_file
    json.dump(metadata, f, indent=2, ensure_ascii=False)
NameError: name 'json' is not defined

2025-10-17 10:37:09-ERROR-[tdms_reader_time.py:163]-Traceback (most recent call last):
  File "C:\Users\17584\Documents\ALearning\Project\tools\DataProcess\src\data_io\tdms_reader_time.py", line 155, in process_tdms_file
    json.dump(metadata, f, indent=2, ensure_ascii=False)
NameError: name 'json' is not defined

2025-10-17 10:37:09-INFO-[tdms_reader_time.py:44]-开始处理文件: D:/Lab/raw/2025.6.20\backwatering\20250620193803.575523.tdms
2025-10-17 10:37:09-INFO-[tdms_reader_time.py:44]-开始处理文件: D:/Lab/raw/2025.6.20\backwatering\20250620193806.499762.tdms
2025-10-17 10:37:09-INFO-[tdms_reader_time.py:71]-处理文件: 20250620193803.575523.tdms, 数据长度: 200000, 通道数: 16
2025-10-17 10:37:09-INFO-[tdms_reader_time.py:79]-使用实际采样间隔: 5e-06 秒
2025-10-17 10:37:09-INFO-[tdms_reader_time.py:92]-使用通道起始时间: 2025-06-20 11:38:02.230885
2025-10-17 10:37:09-INFO-[tdms_reader_time.py:71]-处理文件: 20250620193806.499762.tdms, 数据长度: 200000, 通道数: 16
2025-10-17 10:37:09-INFO-[tdms_reader_time.py:79]-使用实际采样间隔: 5e-06 秒
2025-10-17 10:37:09-INFO-[tdms_reader_time.py:92]-使用通道起始时间: 2025-06-20 11:38:05.144131
2025-10-17 10:37:09-INFO-[tdms_reader_time.py:136]-  已写入 200000/200000 行数据
2025-10-17 10:37:09-ERROR-[tdms_reader_time.py:161]-处理文件 20250620194650.211108.tdms 时出错: name 'json' is not defined
2025-10-17 10:37:09-ERROR-[tdms_reader_time.py:163]-Traceback (most recent call last):
  File "C:\Users\17584\Documents\ALearning\Project\tools\DataProcess\src\data_io\tdms_reader_time.py", line 155, in process_tdms_file
    json.dump(metadata, f, indent=2, ensure_ascii=False)
NameError: name 'json' is not defined

2025-10-17 10:37:09-INFO-[tdms_reader_time.py:44]-开始处理文件: D:/Lab/raw/2025.6.20\backwatering\20250620193809.385131.tdms
2025-10-17 10:37:09-INFO-[tdms_reader_time.py:71]-处理文件: 20250620193809.385131.tdms, 数据长度: 200000, 通道数: 16
2025-10-17 10:37:09-INFO-[tdms_reader_time.py:79]-使用实际采样间隔: 5e-06 秒
2025-10-17 10:37:09-INFO-[tdms_reader_time.py:92]-使用通道起始时间: 2025-06-20 11:38:08.041198
2025-10-17 10:37:09-INFO-[tdms_reader_time.py:136]-  已写入 200000/200000 行数据
2025-10-17 10:37:09-ERROR-[tdms_reader_time.py:161]-处理文件 20250620194656.041305.tdms 时出错: name 'json' is not defined
2025-10-17 10:37:09-ERROR-[tdms_reader_time.py:163]-Traceback (most recent call last):
  File "C:\Users\17584\Documents\ALearning\Project\tools\DataProcess\src\data_io\tdms_reader_time.py", line 155, in process_tdms_file
    json.dump(metadata, f, indent=2, ensure_ascii=False)
NameError: name 'json' is not defined

2025-10-17 10:37:09-INFO-[tdms_reader_time.py:44]-开始处理文件: D:/Lab/raw/2025.6.20\backwatering\20250620193812.362895.tdms
2025-10-17 10:37:09-INFO-[tdms_reader_time.py:71]-处理文件: 20250620193812.362895.tdms, 数据长度: 200000, 通道数: 16
2025-10-17 10:37:09-INFO-[tdms_reader_time.py:79]-使用实际采样间隔: 5e-06 秒
2025-10-17 10:37:09-INFO-[tdms_reader_time.py:92]-使用通道起始时间: 2025-06-20 11:38:10.988239
2025-10-17 10:37:09-INFO-[tdms_reader_time.py:136]-  已写入 200000/200000 行数据
2025-10-17 10:37:09-ERROR-[tdms_reader_time.py:161]-处理文件 20250620194707.790523.tdms 时出错: name 'json' is not defined
2025-10-17 10:37:09-INFO-[tdms_reader_time.py:136]-  已写入 200000/200000 行数据
2025-10-17 10:37:09-ERROR-[tdms_reader_time.py:163]-Traceback (most recent call last):
  File "C:\Users\17584\Documents\ALearning\Project\tools\DataProcess\src\data_io\tdms_reader_time.py", line 155, in process_tdms_file
    json.dump(metadata, f, indent=2, ensure_ascii=False)
NameError: name 'json' is not defined

2025-10-17 10:37:09-ERROR-[tdms_reader_time.py:161]-处理文件 20250620194704.911499.tdms 时出错: name 'json' is not defined
2025-10-17 10:37:09-ERROR-[tdms_reader_time.py:163]-Traceback (most recent call last):
  File "C:\Users\17584\Documents\ALearning\Project\tools\DataProcess\src\data_io\tdms_reader_time.py", line 155, in process_tdms_file
    json.dump(metadata, f, indent=2, ensure_ascii=False)
NameError: name 'json' is not defined

2025-10-17 10:37:09-INFO-[tdms_reader_time.py:44]-开始处理文件: D:/Lab/raw/2025.6.20\backwatering\20250620193815.303531.tdms
2025-10-17 10:37:09-INFO-[tdms_reader_time.py:44]-开始处理文件: D:/Lab/raw/2025.6.20\backwatering\20250620193818.229423.tdms
2025-10-17 10:37:09-INFO-[tdms_reader_time.py:136]-  已写入 200000/200000 行数据
2025-10-17 10:37:09-INFO-[tdms_reader_time.py:71]-处理文件: 20250620193815.303531.tdms, 数据长度: 200000, 通道数: 16
2025-10-17 10:37:09-ERROR-[tdms_reader_time.py:161]-处理文件 20250620194702.006214.tdms 时出错: name 'json' is not defined
2025-10-17 10:37:09-INFO-[tdms_reader_time.py:79]-使用实际采样间隔: 5e-06 秒
2025-10-17 10:37:09-INFO-[tdms_reader_time.py:92]-使用通道起始时间: 2025-06-20 11:38:13.957041
2025-10-17 10:37:09-ERROR-[tdms_reader_time.py:163]-Traceback (most recent call last):
  File "C:\Users\17584\Documents\ALearning\Project\tools\DataProcess\src\data_io\tdms_reader_time.py", line 155, in process_tdms_file
    json.dump(metadata, f, indent=2, ensure_ascii=False)
NameError: name 'json' is not defined

2025-10-17 10:37:09-INFO-[tdms_reader_time.py:71]-处理文件: 20250620193818.229423.tdms, 数据长度: 200000, 通道数: 16
2025-10-17 10:37:09-INFO-[tdms_reader_time.py:79]-使用实际采样间隔: 5e-06 秒
2025-10-17 10:37:09-INFO-[tdms_reader_time.py:92]-使用通道起始时间: 2025-06-20 11:38:16.880841
2025-10-17 10:37:09-INFO-[tdms_reader_time.py:44]-开始处理文件: D:/Lab/raw/2025.6.20\backwatering\20250620193821.140393.tdms
2025-10-17 10:37:09-INFO-[tdms_reader_time.py:136]-  已写入 200000/200000 行数据
2025-10-17 10:37:09-ERROR-[tdms_reader_time.py:161]-处理文件 20250620194659.052610.tdms 时出错: name 'json' is not defined
2025-10-17 10:37:09-ERROR-[tdms_reader_time.py:163]-Traceback (most recent call last):
  File "C:\Users\17584\Documents\ALearning\Project\tools\DataProcess\src\data_io\tdms_reader_time.py", line 155, in process_tdms_file
    json.dump(metadata, f, indent=2, ensure_ascii=False)
NameError: name 'json' is not defined

2025-10-17 10:37:09-INFO-[tdms_reader_time.py:71]-处理文件: 20250620193821.140393.tdms, 数据长度: 200000, 通道数: 16
2025-10-17 10:37:09-INFO-[tdms_reader_time.py:79]-使用实际采样间隔: 5e-06 秒
2025-10-17 10:37:09-INFO-[tdms_reader_time.py:92]-使用通道起始时间: 2025-06-20 11:38:19.785103
2025-10-17 10:37:09-INFO-[tdms_reader_time.py:44]-开始处理文件: D:/Lab/raw/2025.6.20\backwatering\20250620193824.039435.tdms
2025-10-17 10:37:09-INFO-[tdms_reader_time.py:71]-处理文件: 20250620193824.039435.tdms, 数据长度: 200000, 通道数: 16
2025-10-17 10:37:09-INFO-[tdms_reader_time.py:79]-使用实际采样间隔: 5e-06 秒
2025-10-17 10:37:09-INFO-[tdms_reader_time.py:92]-使用通道起始时间: 2025-06-20 11:38:22.699460
2025-10-17 10:37:09-INFO-[tdms_reader_time.py:136]-  已写入 200000/200000 行数据
2025-10-17 10:37:09-ERROR-[tdms_reader_time.py:161]-处理文件 20250620194713.610034.tdms 时出错: name 'json' is not defined
2025-10-17 10:37:09-ERROR-[tdms_reader_time.py:163]-Traceback (most recent call last):
  File "C:\Users\17584\Documents\ALearning\Project\tools\DataProcess\src\data_io\tdms_reader_time.py", line 155, in process_tdms_file
    json.dump(metadata, f, indent=2, ensure_ascii=False)
NameError: name 'json' is not defined

2025-10-17 10:37:09-INFO-[tdms_reader_time.py:136]-  已写入 200000/200000 行数据
2025-10-17 10:37:09-INFO-[tdms_reader_time.py:44]-开始处理文件: D:/Lab/raw/2025.6.20\backwatering\20250620193827.003131.tdms
2025-10-17 10:37:09-ERROR-[tdms_reader_time.py:161]-处理文件 20250620194653.136268.tdms 时出错: name 'json' is not defined
2025-10-17 10:37:09-INFO-[tdms_reader_time.py:136]-  已写入 200000/200000 行数据
2025-10-17 10:37:09-ERROR-[tdms_reader_time.py:163]-Traceback (most recent call last):
  File "C:\Users\17584\Documents\ALearning\Project\tools\DataProcess\src\data_io\tdms_reader_time.py", line 155, in process_tdms_file
    json.dump(metadata, f, indent=2, ensure_ascii=False)
NameError: name 'json' is not defined

2025-10-17 10:37:09-INFO-[tdms_reader_time.py:71]-处理文件: 20250620193827.003131.tdms, 数据长度: 200000, 通道数: 16
2025-10-17 10:37:09-INFO-[tdms_reader_time.py:44]-开始处理文件: D:/Lab/raw/2025.6.20\backwatering\20250620193829.938352.tdms
2025-10-17 10:37:09-ERROR-[tdms_reader_time.py:161]-处理文件 20250620194719.443004.tdms 时出错: name 'json' is not defined
2025-10-17 10:37:09-INFO-[tdms_reader_time.py:79]-使用实际采样间隔: 5e-06 秒
2025-10-17 10:37:09-ERROR-[tdms_reader_time.py:163]-Traceback (most recent call last):
  File "C:\Users\17584\Documents\ALearning\Project\tools\DataProcess\src\data_io\tdms_reader_time.py", line 155, in process_tdms_file
    json.dump(metadata, f, indent=2, ensure_ascii=False)
NameError: name 'json' is not defined

2025-10-17 10:37:09-INFO-[tdms_reader_time.py:44]-开始处理文件: D:/Lab/raw/2025.6.20\backwatering\20250620193832.870292.tdms
2025-10-17 10:37:09-INFO-[tdms_reader_time.py:92]-使用通道起始时间: 2025-06-20 11:38:25.634736
2025-10-17 10:37:09-INFO-[tdms_reader_time.py:71]-处理文件: 20250620193829.938352.tdms, 数据长度: 200000, 通道数: 16
2025-10-17 10:37:09-INFO-[tdms_reader_time.py:79]-使用实际采样间隔: 5e-06 秒
2025-10-17 10:37:09-INFO-[tdms_reader_time.py:92]-使用通道起始时间: 2025-06-20 11:38:28.593468
2025-10-17 10:37:09-INFO-[tdms_reader_time.py:71]-处理文件: 20250620193832.870292.tdms, 数据长度: 200000, 通道数: 16
2025-10-17 10:37:09-INFO-[tdms_reader_time.py:136]-  已写入 200000/200000 行数据
2025-10-17 10:37:09-INFO-[tdms_reader_time.py:136]-  已写入 200000/200000 行数据
2025-10-17 10:37:09-INFO-[tdms_reader_time.py:79]-使用实际采样间隔: 5e-06 秒
2025-10-17 10:37:09-ERROR-[tdms_reader_time.py:161]-处理文件 20250620194710.704633.tdms 时出错: name 'json' is not defined
2025-10-17 10:37:09-INFO-[tdms_reader_time.py:92]-使用通道起始时间: 2025-06-20 11:38:31.515718
2025-10-17 10:37:09-ERROR-[tdms_reader_time.py:161]-处理文件 20250620194725.240403.tdms 时出错: name 'json' is not defined
2025-10-17 10:37:09-ERROR-[tdms_reader_time.py:163]-Traceback (most recent call last):
  File "C:\Users\17584\Documents\ALearning\Project\tools\DataProcess\src\data_io\tdms_reader_time.py", line 155, in process_tdms_file
    json.dump(metadata, f, indent=2, ensure_ascii=False)
NameError: name 'json' is not defined

2025-10-17 10:37:09-ERROR-[tdms_reader_time.py:163]-Traceback (most recent call last):
  File "C:\Users\17584\Documents\ALearning\Project\tools\DataProcess\src\data_io\tdms_reader_time.py", line 155, in process_tdms_file
    json.dump(metadata, f, indent=2, ensure_ascii=False)
NameError: name 'json' is not defined

2025-10-17 10:37:09-INFO-[tdms_reader_time.py:44]-开始处理文件: D:/Lab/raw/2025.6.20\backwatering\20250620193835.769193.tdms
2025-10-17 10:37:09-INFO-[tdms_reader_time.py:44]-开始处理文件: D:/Lab/raw/2025.6.20\backwatering\20250620193838.664452.tdms
2025-10-17 10:37:09-INFO-[tdms_reader_time.py:136]-  已写入 200000/200000 行数据
2025-10-17 10:37:09-INFO-[tdms_reader_time.py:136]-  已写入 200000/200000 行数据
2025-10-17 10:37:09-ERROR-[tdms_reader_time.py:161]-处理文件 20250620194722.345550.tdms 时出错: name 'json' is not defined
2025-10-17 10:37:09-ERROR-[tdms_reader_time.py:163]-Traceback (most recent call last):
  File "C:\Users\17584\Documents\ALearning\Project\tools\DataProcess\src\data_io\tdms_reader_time.py", line 155, in process_tdms_file
    json.dump(metadata, f, indent=2, ensure_ascii=False)
NameError: name 'json' is not defined

2025-10-17 10:37:09-ERROR-[tdms_reader_time.py:161]-处理文件 20250620194728.134972.tdms 时出错: name 'json' is not defined
2025-10-17 10:37:09-ERROR-[tdms_reader_time.py:163]-Traceback (most recent call last):
  File "C:\Users\17584\Documents\ALearning\Project\tools\DataProcess\src\data_io\tdms_reader_time.py", line 155, in process_tdms_file
    json.dump(metadata, f, indent=2, ensure_ascii=False)
NameError: name 'json' is not defined

2025-10-17 10:37:09-INFO-[tdms_reader_time.py:44]-开始处理文件: D:/Lab/raw/2025.6.20\backwatering\20250620193841.584246.tdms
2025-10-17 10:37:09-INFO-[tdms_reader_time.py:44]-开始处理文件: D:/Lab/raw/2025.6.20\backwatering\20250620193844.533171.tdms
2025-10-17 10:37:09-INFO-[tdms_reader_time.py:71]-处理文件: 20250620193835.769193.tdms, 数据长度: 200000, 通道数: 16
2025-10-17 10:37:09-INFO-[tdms_reader_time.py:79]-使用实际采样间隔: 5e-06 秒
2025-10-17 10:37:09-INFO-[tdms_reader_time.py:71]-处理文件: 20250620193838.664452.tdms, 数据长度: 200000, 通道数: 16
2025-10-17 10:37:09-INFO-[tdms_reader_time.py:92]-使用通道起始时间: 2025-06-20 11:38:34.425046
2025-10-17 10:37:10-INFO-[tdms_reader_time.py:71]-处理文件: 20250620193841.584246.tdms, 数据长度: 200000, 通道数: 16
2025-10-17 10:37:10-INFO-[tdms_reader_time.py:79]-使用实际采样间隔: 5e-06 秒
2025-10-17 10:37:10-INFO-[tdms_reader_time.py:79]-使用实际采样间隔: 5e-06 秒
2025-10-17 10:37:10-INFO-[tdms_reader_time.py:92]-使用通道起始时间: 2025-06-20 11:38:37.321938
2025-10-17 10:37:10-INFO-[tdms_reader_time.py:92]-使用通道起始时间: 2025-06-20 11:38:40.241678
2025-10-17 10:37:10-INFO-[tdms_reader_time.py:136]-  已写入 200000/200000 行数据
2025-10-17 10:37:10-ERROR-[tdms_reader_time.py:161]-处理文件 20250620194716.530521.tdms 时出错: name 'json' is not defined
2025-10-17 10:37:10-INFO-[tdms_reader_time.py:71]-处理文件: 20250620193844.533171.tdms, 数据长度: 200000, 通道数: 16
2025-10-17 10:37:10-ERROR-[tdms_reader_time.py:163]-Traceback (most recent call last):
  File "C:\Users\17584\Documents\ALearning\Project\tools\DataProcess\src\data_io\tdms_reader_time.py", line 155, in process_tdms_file
    json.dump(metadata, f, indent=2, ensure_ascii=False)
NameError: name 'json' is not defined

2025-10-17 10:37:10-INFO-[tdms_reader_time.py:79]-使用实际采样间隔: 5e-06 秒
2025-10-17 10:37:10-INFO-[tdms_reader_time.py:92]-使用通道起始时间: 2025-06-20 11:38:43.186289
2025-10-17 10:37:10-INFO-[tdms_reader_time.py:136]-  已写入 200000/200000 行数据
2025-10-17 10:37:10-ERROR-[tdms_reader_time.py:161]-处理文件 20250620194731.069696.tdms 时出错: name 'json' is not defined
2025-10-17 10:37:10-ERROR-[tdms_reader_time.py:163]-Traceback (most recent call last):
  File "C:\Users\17584\Documents\ALearning\Project\tools\DataProcess\src\data_io\tdms_reader_time.py", line 155, in process_tdms_file
    json.dump(metadata, f, indent=2, ensure_ascii=False)
NameError: name 'json' is not defined

2025-10-17 10:37:10-INFO-[tdms_reader_time.py:44]-开始处理文件: D:/Lab/raw/2025.6.20\backwatering\20250620193847.466852.tdms
2025-10-17 10:37:10-INFO-[tdms_reader_time.py:44]-开始处理文件: D:/Lab/raw/2025.6.20\backwatering\20250620193850.400394.tdms
2025-10-17 10:37:10-INFO-[tdms_reader_time.py:71]-处理文件: 20250620193850.400394.tdms, 数据长度: 200000, 通道数: 16
2025-10-17 10:37:10-INFO-[tdms_reader_time.py:79]-使用实际采样间隔: 5e-06 秒
2025-10-17 10:37:10-INFO-[tdms_reader_time.py:71]-处理文件: 20250620193847.466852.tdms, 数据长度: 200000, 通道数: 16
2025-10-17 10:37:10-INFO-[tdms_reader_time.py:92]-使用通道起始时间: 2025-06-20 11:38:49.058031
2025-10-17 10:37:10-INFO-[tdms_reader_time.py:79]-使用实际采样间隔: 5e-06 秒
2025-10-17 10:37:10-INFO-[tdms_reader_time.py:92]-使用通道起始时间: 2025-06-20 11:38:46.122953
2025-10-17 10:37:10-INFO-[tdms_reader_time.py:136]-  已写入 200000/200000 行数据
2025-10-17 10:37:10-ERROR-[tdms_reader_time.py:161]-处理文件 20250620194734.001919.tdms 时出错: name 'json' is not defined
2025-10-17 10:37:10-ERROR-[tdms_reader_time.py:163]-Traceback (most recent call last):
  File "C:\Users\17584\Documents\ALearning\Project\tools\DataProcess\src\data_io\tdms_reader_time.py", line 155, in process_tdms_file
    json.dump(metadata, f, indent=2, ensure_ascii=False)
NameError: name 'json' is not defined

2025-10-17 10:37:10-INFO-[tdms_reader_time.py:44]-开始处理文件: D:/Lab/raw/2025.6.20\backwatering\20250620193853.345024.tdms
2025-10-17 10:37:10-INFO-[tdms_reader_time.py:71]-处理文件: 20250620193853.345024.tdms, 数据长度: 200000, 通道数: 16
2025-10-17 10:37:10-INFO-[tdms_reader_time.py:79]-使用实际采样间隔: 5e-06 秒
2025-10-17 10:37:10-INFO-[tdms_reader_time.py:92]-使用通道起始时间: 2025-06-20 11:38:51.982937
2025-10-17 10:37:10-INFO-[tdms_reader_time.py:136]-  已写入 200000/200000 行数据
2025-10-17 10:37:10-ERROR-[tdms_reader_time.py:161]-处理文件 20250620193746.344677.tdms 时出错: name 'json' is not defined
2025-10-17 10:37:10-ERROR-[tdms_reader_time.py:163]-Traceback (most recent call last):
  File "C:\Users\17584\Documents\ALearning\Project\tools\DataProcess\src\data_io\tdms_reader_time.py", line 155, in process_tdms_file
    json.dump(metadata, f, indent=2, ensure_ascii=False)
NameError: name 'json' is not defined

2025-10-17 10:37:10-INFO-[tdms_reader_time.py:44]-开始处理文件: D:/Lab/raw/2025.6.20\backwatering\20250620193856.225711.tdms
2025-10-17 10:37:10-INFO-[tdms_reader_time.py:136]-  已写入 200000/200000 行数据
2025-10-17 10:37:10-ERROR-[tdms_reader_time.py:161]-处理文件 20250620193737.643558.tdms 时出错: name 'json' is not defined
2025-10-17 10:37:10-INFO-[tdms_reader_time.py:71]-处理文件: 20250620193856.225711.tdms, 数据长度: 200000, 通道数: 16
2025-10-17 10:37:10-ERROR-[tdms_reader_time.py:163]-Traceback (most recent call last):
  File "C:\Users\17584\Documents\ALearning\Project\tools\DataProcess\src\data_io\tdms_reader_time.py", line 155, in process_tdms_file
    json.dump(metadata, f, indent=2, ensure_ascii=False)
NameError: name 'json' is not defined

2025-10-17 10:37:10-INFO-[tdms_reader_time.py:79]-使用实际采样间隔: 5e-06 秒
2025-10-17 10:37:10-INFO-[tdms_reader_time.py:92]-使用通道起始时间: 2025-06-20 11:38:54.882304
2025-10-17 10:37:10-INFO-[tdms_reader_time.py:136]-  已写入 200000/200000 行数据
2025-10-17 10:37:10-INFO-[tdms_reader_time.py:44]-开始处理文件: D:/Lab/raw/2025.6.20\backwatering\20250620193859.168055.tdms
2025-10-17 10:37:10-ERROR-[tdms_reader_time.py:161]-处理文件 20250620193734.678390.tdms 时出错: name 'json' is not defined
2025-10-17 10:37:10-ERROR-[tdms_reader_time.py:163]-Traceback (most recent call last):
  File "C:\Users\17584\Documents\ALearning\Project\tools\DataProcess\src\data_io\tdms_reader_time.py", line 155, in process_tdms_file
    json.dump(metadata, f, indent=2, ensure_ascii=False)
NameError: name 'json' is not defined

2025-10-17 10:37:10-INFO-[tdms_reader_time.py:71]-处理文件: 20250620193859.168055.tdms, 数据长度: 200000, 通道数: 16
2025-10-17 10:37:10-INFO-[tdms_reader_time.py:44]-开始处理文件: D:/Lab/raw/2025.6.20\backwatering\20250620193902.126579.tdms
2025-10-17 10:37:10-INFO-[tdms_reader_time.py:79]-使用实际采样间隔: 5e-06 秒
2025-10-17 10:37:10-INFO-[tdms_reader_time.py:136]-  已写入 200000/200000 行数据
2025-10-17 10:37:10-INFO-[tdms_reader_time.py:92]-使用通道起始时间: 2025-06-20 11:38:57.805856
2025-10-17 10:37:10-ERROR-[tdms_reader_time.py:161]-处理文件 20250620193743.417335.tdms 时出错: name 'json' is not defined
2025-10-17 10:37:10-ERROR-[tdms_reader_time.py:163]-Traceback (most recent call last):
  File "C:\Users\17584\Documents\ALearning\Project\tools\DataProcess\src\data_io\tdms_reader_time.py", line 155, in process_tdms_file
    json.dump(metadata, f, indent=2, ensure_ascii=False)
NameError: name 'json' is not defined

2025-10-17 10:37:10-INFO-[tdms_reader_time.py:71]-处理文件: 20250620193902.126579.tdms, 数据长度: 200000, 通道数: 16
2025-10-17 10:37:10-INFO-[tdms_reader_time.py:44]-开始处理文件: D:/Lab/raw/2025.6.20\backwatering\20250620193905.056522.tdms
2025-10-17 10:37:10-INFO-[tdms_reader_time.py:79]-使用实际采样间隔: 5e-06 秒
2025-10-17 10:37:10-INFO-[tdms_reader_time.py:92]-使用通道起始时间: 2025-06-20 11:39:00.778122
2025-10-17 10:37:10-INFO-[tdms_reader_time.py:71]-处理文件: 20250620193905.056522.tdms, 数据长度: 200000, 通道数: 16
2025-10-17 10:37:10-INFO-[tdms_reader_time.py:79]-使用实际采样间隔: 5e-06 秒
2025-10-17 10:37:10-INFO-[tdms_reader_time.py:92]-使用通道起始时间: 2025-06-20 11:39:03.707632
2025-10-17 10:37:10-INFO-[tdms_reader_time.py:136]-  已写入 200000/200000 行数据
2025-10-17 10:37:10-ERROR-[tdms_reader_time.py:161]-处理文件 20250620193740.545447.tdms 时出错: name 'json' is not defined
2025-10-17 10:37:10-ERROR-[tdms_reader_time.py:163]-Traceback (most recent call last):
  File "C:\Users\17584\Documents\ALearning\Project\tools\DataProcess\src\data_io\tdms_reader_time.py", line 155, in process_tdms_file
    json.dump(metadata, f, indent=2, ensure_ascii=False)
NameError: name 'json' is not defined

2025-10-17 10:37:10-INFO-[tdms_reader_time.py:44]-开始处理文件: D:/Lab/raw/2025.6.20\backwatering\20250620193907.982947.tdms
2025-10-17 10:37:10-INFO-[tdms_reader_time.py:136]-  已写入 200000/200000 行数据
2025-10-17 10:37:10-ERROR-[tdms_reader_time.py:161]-处理文件 20250620193752.182714.tdms 时出错: name 'json' is not defined
2025-10-17 10:37:10-ERROR-[tdms_reader_time.py:163]-Traceback (most recent call last):
  File "C:\Users\17584\Documents\ALearning\Project\tools\DataProcess\src\data_io\tdms_reader_time.py", line 155, in process_tdms_file
    json.dump(metadata, f, indent=2, ensure_ascii=False)
NameError: name 'json' is not defined

2025-10-17 10:37:10-INFO-[tdms_reader_time.py:44]-开始处理文件: D:/Lab/raw/2025.6.20\backwatering\20250620193910.873333.tdms
2025-10-17 10:37:10-INFO-[tdms_reader_time.py:71]-处理文件: 20250620193907.982947.tdms, 数据长度: 200000, 通道数: 16
2025-10-17 10:37:10-INFO-[tdms_reader_time.py:79]-使用实际采样间隔: 5e-06 秒
2025-10-17 10:37:10-INFO-[tdms_reader_time.py:71]-处理文件: 20250620193910.873333.tdms, 数据长度: 200000, 通道数: 16
2025-10-17 10:37:10-INFO-[tdms_reader_time.py:92]-使用通道起始时间: 2025-06-20 11:39:06.638081
2025-10-17 10:37:10-INFO-[tdms_reader_time.py:79]-使用实际采样间隔: 5e-06 秒
2025-10-17 10:37:10-INFO-[tdms_reader_time.py:92]-使用通道起始时间: 2025-06-20 11:39:09.526312
2025-10-17 10:37:10-INFO-[tdms_reader_time.py:136]-  已写入 200000/200000 行数据
2025-10-17 10:37:10-ERROR-[tdms_reader_time.py:161]-处理文件 20250620193755.071010.tdms 时出错: name 'json' is not defined
2025-10-17 10:37:10-ERROR-[tdms_reader_time.py:163]-Traceback (most recent call last):
  File "C:\Users\17584\Documents\ALearning\Project\tools\DataProcess\src\data_io\tdms_reader_time.py", line 155, in process_tdms_file
    json.dump(metadata, f, indent=2, ensure_ascii=False)
NameError: name 'json' is not defined

2025-10-17 10:37:10-INFO-[tdms_reader_time.py:44]-开始处理文件: D:/Lab/raw/2025.6.20\backwatering\20250620193913.800929.tdms
2025-10-17 10:37:10-INFO-[tdms_reader_time.py:136]-  已写入 200000/200000 行数据
2025-10-17 10:37:10-ERROR-[tdms_reader_time.py:161]-处理文件 20250620193749.270337.tdms 时出错: name 'json' is not defined
2025-10-17 10:37:10-ERROR-[tdms_reader_time.py:163]-Traceback (most recent call last):
  File "C:\Users\17584\Documents\ALearning\Project\tools\DataProcess\src\data_io\tdms_reader_time.py", line 155, in process_tdms_file
    json.dump(metadata, f, indent=2, ensure_ascii=False)
NameError: name 'json' is not defined

2025-10-17 10:37:10-INFO-[tdms_reader_time.py:71]-处理文件: 20250620193913.800929.tdms, 数据长度: 200000, 通道数: 16
2025-10-17 10:37:10-INFO-[tdms_reader_time.py:79]-使用实际采样间隔: 5e-06 秒
2025-10-17 10:37:10-INFO-[tdms_reader_time.py:44]-开始处理文件: D:/Lab/raw/2025.6.20\backwatering\20250620193916.714522.tdms
2025-10-17 10:37:10-INFO-[tdms_reader_time.py:92]-使用通道起始时间: 2025-06-20 11:39:12.448147
2025-10-17 10:37:10-INFO-[tdms_reader_time.py:71]-处理文件: 20250620193916.714522.tdms, 数据长度: 200000, 通道数: 16
2025-10-17 10:37:10-INFO-[tdms_reader_time.py:79]-使用实际采样间隔: 5e-06 秒
2025-10-17 10:37:10-INFO-[tdms_reader_time.py:92]-使用通道起始时间: 2025-06-20 11:39:15.372626
2025-10-17 10:37:13-INFO-[tdms_reader_time.py:136]-  已写入 100000/200000 行数据
2025-10-17 10:37:14-INFO-[tdms_reader_time.py:136]-  已写入 100000/200000 行数据
2025-10-17 10:37:14-INFO-[tdms_reader_time.py:136]-  已写入 100000/200000 行数据
2025-10-17 10:37:14-INFO-[tdms_reader_time.py:136]-  已写入 100000/200000 行数据
2025-10-17 10:37:14-INFO-[tdms_reader_time.py:136]-  已写入 100000/200000 行数据
2025-10-17 10:37:14-INFO-[tdms_reader_time.py:136]-  已写入 100000/200000 行数据
2025-10-17 10:37:15-INFO-[tdms_reader_time.py:136]-  已写入 100000/200000 行数据
2025-10-17 10:37:15-INFO-[tdms_reader_time.py:136]-  已写入 100000/200000 行数据
2025-10-17 10:37:15-INFO-[tdms_reader_time.py:136]-  已写入 100000/200000 行数据
2025-10-17 10:37:15-INFO-[tdms_reader_time.py:136]-  已写入 100000/200000 行数据
2025-10-17 10:37:15-INFO-[tdms_reader_time.py:136]-  已写入 100000/200000 行数据
2025-10-17 10:37:15-INFO-[tdms_reader_time.py:136]-  已写入 100000/200000 行数据
2025-10-17 10:37:15-INFO-[tdms_reader_time.py:136]-  已写入 100000/200000 行数据
2025-10-17 10:37:16-INFO-[tdms_reader_time.py:136]-  已写入 100000/200000 行数据
2025-10-17 10:37:16-INFO-[tdms_reader_time.py:136]-  已写入 100000/200000 行数据
2025-10-17 10:37:16-INFO-[tdms_reader_time.py:136]-  已写入 100000/200000 行数据
2025-10-17 10:37:16-INFO-[tdms_reader_time.py:136]-  已写入 100000/200000 行数据
2025-10-17 10:37:16-INFO-[tdms_reader_time.py:136]-  已写入 100000/200000 行数据
2025-10-17 10:37:16-INFO-[tdms_reader_time.py:136]-  已写入 100000/200000 行数据
2025-10-17 10:37:16-INFO-[tdms_reader_time.py:136]-  已写入 100000/200000 行数据
2025-10-17 10:37:16-INFO-[tdms_reader_time.py:136]-  已写入 100000/200000 行数据
2025-10-17 10:37:17-INFO-[tdms_reader_time.py:136]-  已写入 100000/200000 行数据
2025-10-17 10:37:17-INFO-[tdms_reader_time.py:136]-  已写入 100000/200000 行数据
2025-10-17 10:37:17-INFO-[tdms_reader_time.py:136]-  已写入 100000/200000 行数据
2025-10-17 10:37:17-INFO-[tdms_reader_time.py:136]-  已写入 100000/200000 行数据
2025-10-17 10:37:17-INFO-[tdms_reader_time.py:136]-  已写入 100000/200000 行数据
2025-10-17 10:37:18-INFO-[tdms_reader_time.py:136]-  已写入 100000/200000 行数据
2025-10-17 10:37:19-INFO-[tdms_reader_time.py:136]-  已写入 100000/200000 行数据
2025-10-17 10:37:20-INFO-[tdms_reader_time.py:136]-  已写入 200000/200000 行数据
2025-10-17 10:37:20-ERROR-[tdms_reader_time.py:161]-处理文件 20250620193815.303531.tdms 时出错: name 'json' is not defined
2025-10-17 10:37:20-ERROR-[tdms_reader_time.py:163]-Traceback (most recent call last):
  File "C:\Users\17584\Documents\ALearning\Project\tools\DataProcess\src\data_io\tdms_reader_time.py", line 155, in process_tdms_file
    json.dump(metadata, f, indent=2, ensure_ascii=False)
NameError: name 'json' is not defined

2025-10-17 10:37:21-INFO-[tdms_reader_time.py:136]-  已写入 200000/200000 行数据
2025-10-17 10:37:21-ERROR-[tdms_reader_time.py:161]-处理文件 20250620193812.362895.tdms 时出错: name 'json' is not defined
2025-10-17 10:37:21-ERROR-[tdms_reader_time.py:163]-Traceback (most recent call last):
  File "C:\Users\17584\Documents\ALearning\Project\tools\DataProcess\src\data_io\tdms_reader_time.py", line 155, in process_tdms_file
    json.dump(metadata, f, indent=2, ensure_ascii=False)
NameError: name 'json' is not defined

2025-10-17 10:37:21-INFO-[tdms_reader_time.py:44]-开始处理文件: D:/Lab/raw/2025.6.20\backwatering\20250620193922.601949.tdms
2025-10-17 10:37:21-INFO-[tdms_reader_time.py:136]-  已写入 200000/200000 行数据
2025-10-17 10:37:21-INFO-[tdms_reader_time.py:44]-开始处理文件: D:/Lab/raw/2025.6.20\backwatering\20250620193919.648442.tdms
2025-10-17 10:37:21-INFO-[tdms_reader_time.py:71]-处理文件: 20250620193922.601949.tdms, 数据长度: 200000, 通道数: 16
2025-10-17 10:37:21-ERROR-[tdms_reader_time.py:161]-处理文件 20250620193806.499762.tdms 时出错: name 'json' is not defined
2025-10-17 10:37:21-INFO-[tdms_reader_time.py:136]-  已写入 200000/200000 行数据
2025-10-17 10:37:21-INFO-[tdms_reader_time.py:79]-使用实际采样间隔: 5e-06 秒
2025-10-17 10:37:21-INFO-[tdms_reader_time.py:71]-处理文件: 20250620193919.648442.tdms, 数据长度: 200000, 通道数: 16
2025-10-17 10:37:21-INFO-[tdms_reader_time.py:136]-  已写入 200000/200000 行数据
2025-10-17 10:37:21-ERROR-[tdms_reader_time.py:161]-处理文件 20250620193809.385131.tdms 时出错: name 'json' is not defined
2025-10-17 10:37:21-ERROR-[tdms_reader_time.py:163]-Traceback (most recent call last):
  File "C:\Users\17584\Documents\ALearning\Project\tools\DataProcess\src\data_io\tdms_reader_time.py", line 155, in process_tdms_file
    json.dump(metadata, f, indent=2, ensure_ascii=False)
NameError: name 'json' is not defined

2025-10-17 10:37:21-ERROR-[tdms_reader_time.py:163]-Traceback (most recent call last):
  File "C:\Users\17584\Documents\ALearning\Project\tools\DataProcess\src\data_io\tdms_reader_time.py", line 155, in process_tdms_file
    json.dump(metadata, f, indent=2, ensure_ascii=False)
NameError: name 'json' is not defined

2025-10-17 10:37:21-INFO-[tdms_reader_time.py:136]-  已写入 200000/200000 行数据
2025-10-17 10:37:21-ERROR-[tdms_reader_time.py:161]-处理文件 20250620193803.575523.tdms 时出错: name 'json' is not defined
2025-10-17 10:37:21-INFO-[tdms_reader_time.py:79]-使用实际采样间隔: 5e-06 秒
2025-10-17 10:37:21-ERROR-[tdms_reader_time.py:163]-Traceback (most recent call last):
  File "C:\Users\17584\Documents\ALearning\Project\tools\DataProcess\src\data_io\tdms_reader_time.py", line 155, in process_tdms_file
    json.dump(metadata, f, indent=2, ensure_ascii=False)
NameError: name 'json' is not defined

2025-10-17 10:37:21-INFO-[tdms_reader_time.py:44]-开始处理文件: D:/Lab/raw/2025.6.20\backwatering\20250620193925.583770.tdms
2025-10-17 10:37:21-INFO-[tdms_reader_time.py:44]-开始处理文件: D:/Lab/raw/2025.6.20\backwatering\20250620193928.513572.tdms
2025-10-17 10:37:21-INFO-[tdms_reader_time.py:44]-开始处理文件: D:/Lab/raw/2025.6.20\backwatering\20250620193931.418785.tdms
2025-10-17 10:37:21-INFO-[tdms_reader_time.py:92]-使用通道起始时间: 2025-06-20 11:39:18.292242
2025-10-17 10:37:21-INFO-[tdms_reader_time.py:92]-使用通道起始时间: 2025-06-20 11:39:21.237055
2025-10-17 10:37:21-INFO-[tdms_reader_time.py:71]-处理文件: 20250620193931.418785.tdms, 数据长度: 200000, 通道数: 16
2025-10-17 10:37:21-INFO-[tdms_reader_time.py:71]-处理文件: 20250620193925.583770.tdms, 数据长度: 200000, 通道数: 16
2025-10-17 10:37:21-INFO-[tdms_reader_time.py:79]-使用实际采样间隔: 5e-06 秒
2025-10-17 10:37:21-INFO-[tdms_reader_time.py:136]-  已写入 200000/200000 行数据
2025-10-17 10:37:21-INFO-[tdms_reader_time.py:92]-使用通道起始时间: 2025-06-20 11:39:30.065486
2025-10-17 10:37:21-INFO-[tdms_reader_time.py:79]-使用实际采样间隔: 5e-06 秒
2025-10-17 10:37:21-ERROR-[tdms_reader_time.py:161]-处理文件 20250620193757.946475.tdms 时出错: name 'json' is not defined
2025-10-17 10:37:22-INFO-[tdms_reader_time.py:71]-处理文件: 20250620193928.513572.tdms, 数据长度: 200000, 通道数: 16
2025-10-17 10:37:22-INFO-[tdms_reader_time.py:136]-  已写入 200000/200000 行数据
2025-10-17 10:37:22-ERROR-[tdms_reader_time.py:163]-Traceback (most recent call last):
  File "C:\Users\17584\Documents\ALearning\Project\tools\DataProcess\src\data_io\tdms_reader_time.py", line 155, in process_tdms_file
    json.dump(metadata, f, indent=2, ensure_ascii=False)
NameError: name 'json' is not defined

2025-10-17 10:37:22-INFO-[tdms_reader_time.py:92]-使用通道起始时间: 2025-06-20 11:39:24.196544
2025-10-17 10:37:22-INFO-[tdms_reader_time.py:79]-使用实际采样间隔: 5e-06 秒
2025-10-17 10:37:22-ERROR-[tdms_reader_time.py:161]-处理文件 20250620193838.664452.tdms 时出错: name 'json' is not defined
2025-10-17 10:37:22-INFO-[tdms_reader_time.py:136]-  已写入 200000/200000 行数据
2025-10-17 10:37:22-ERROR-[tdms_reader_time.py:163]-Traceback (most recent call last):
  File "C:\Users\17584\Documents\ALearning\Project\tools\DataProcess\src\data_io\tdms_reader_time.py", line 155, in process_tdms_file
    json.dump(metadata, f, indent=2, ensure_ascii=False)
NameError: name 'json' is not defined

2025-10-17 10:37:22-ERROR-[tdms_reader_time.py:161]-处理文件 20250620193829.938352.tdms 时出错: name 'json' is not defined
2025-10-17 10:37:22-INFO-[tdms_reader_time.py:92]-使用通道起始时间: 2025-06-20 11:39:27.159255
2025-10-17 10:37:22-INFO-[tdms_reader_time.py:136]-  已写入 200000/200000 行数据
2025-10-17 10:37:22-INFO-[tdms_reader_time.py:136]-  已写入 200000/200000 行数据
2025-10-17 10:37:22-ERROR-[tdms_reader_time.py:161]-处理文件 20250620193824.039435.tdms 时出错: name 'json' is not defined
2025-10-17 10:37:22-INFO-[tdms_reader_time.py:44]-开始处理文件: D:/Lab/raw/2025.6.20\backwatering\20250620194609.324848.tdms
2025-10-17 10:37:22-ERROR-[tdms_reader_time.py:163]-Traceback (most recent call last):
  File "C:\Users\17584\Documents\ALearning\Project\tools\DataProcess\src\data_io\tdms_reader_time.py", line 155, in process_tdms_file
    json.dump(metadata, f, indent=2, ensure_ascii=False)
NameError: name 'json' is not defined

2025-10-17 10:37:22-ERROR-[tdms_reader_time.py:161]-处理文件 20250620193905.056522.tdms 时出错: name 'json' is not defined
2025-10-17 10:37:22-ERROR-[tdms_reader_time.py:161]-处理文件 20250620193821.140393.tdms 时出错: name 'json' is not defined
2025-10-17 10:37:22-INFO-[tdms_reader_time.py:44]-开始处理文件: D:/Lab/raw/2025.6.20\stopdirtyback\20250620203652.803200.tdms
2025-10-17 10:37:22-INFO-[tdms_reader_time.py:71]-处理文件: 20250620203652.803200.tdms, 数据长度: 200000, 通道数: 16
2025-10-17 10:37:22-INFO-[tdms_reader_time.py:79]-使用实际采样间隔: 5e-06 秒
2025-10-17 10:37:22-INFO-[tdms_reader_time.py:136]-  已写入 200000/200000 行数据
2025-10-17 10:37:22-INFO-[tdms_reader_time.py:92]-使用通道起始时间: 2025-06-20 12:36:51.441368
2025-10-17 10:37:22-ERROR-[tdms_reader_time.py:163]-Traceback (most recent call last):
  File "C:\Users\17584\Documents\ALearning\Project\tools\DataProcess\src\data_io\tdms_reader_time.py", line 155, in process_tdms_file
    json.dump(metadata, f, indent=2, ensure_ascii=False)
NameError: name 'json' is not defined

2025-10-17 10:37:22-ERROR-[tdms_reader_time.py:163]-Traceback (most recent call last):
  File "C:\Users\17584\Documents\ALearning\Project\tools\DataProcess\src\data_io\tdms_reader_time.py", line 155, in process_tdms_file
    json.dump(metadata, f, indent=2, ensure_ascii=False)
NameError: name 'json' is not defined

2025-10-17 10:37:22-ERROR-[tdms_reader_time.py:163]-Traceback (most recent call last):
  File "C:\Users\17584\Documents\ALearning\Project\tools\DataProcess\src\data_io\tdms_reader_time.py", line 155, in process_tdms_file
    json.dump(metadata, f, indent=2, ensure_ascii=False)
NameError: name 'json' is not defined

2025-10-17 10:37:22-INFO-[tdms_reader_time.py:71]-处理文件: 20250620194609.324848.tdms, 数据长度: 200000, 通道数: 16
2025-10-17 10:37:22-INFO-[tdms_reader_time.py:136]-  已写入 200000/200000 行数据
2025-10-17 10:37:22-INFO-[tdms_reader_time.py:44]-开始处理文件: D:/Lab/raw/2025.6.20\stopdirtyback\20250620203658.518572.tdms
2025-10-17 10:37:22-ERROR-[tdms_reader_time.py:161]-处理文件 20250620193847.466852.tdms 时出错: name 'json' is not defined
2025-10-17 10:37:22-INFO-[tdms_reader_time.py:44]-开始处理文件: D:/Lab/raw/2025.6.20\stopdirtyback\20250620203655.750625.tdms
2025-10-17 10:37:22-INFO-[tdms_reader_time.py:44]-开始处理文件: D:/Lab/raw/2025.6.20\stopdirtyback\20250620203701.532839.tdms
2025-10-17 10:37:22-ERROR-[tdms_reader_time.py:163]-Traceback (most recent call last):
  File "C:\Users\17584\Documents\ALearning\Project\tools\DataProcess\src\data_io\tdms_reader_time.py", line 155, in process_tdms_file
    json.dump(metadata, f, indent=2, ensure_ascii=False)
NameError: name 'json' is not defined

2025-10-17 10:37:22-INFO-[tdms_reader_time.py:79]-使用实际采样间隔: 5e-06 秒
2025-10-17 10:37:22-INFO-[tdms_reader_time.py:71]-处理文件: 20250620203704.513334.tdms, 数据长度: 200000, 通道数: 16
2025-10-17 10:37:22-INFO-[tdms_reader_time.py:71]-处理文件: 20250620203701.532839.tdms, 数据长度: 200000, 通道数: 16
2025-10-17 10:37:22-INFO-[tdms_reader_time.py:92]-使用通道起始时间: 2025-06-20 11:46:07.950564
2025-10-17 10:37:22-INFO-[tdms_reader_time.py:79]-使用实际采样间隔: 5e-06 秒
2025-10-17 10:37:22-INFO-[tdms_reader_time.py:71]-处理文件: 20250620203655.750625.tdms, 数据长度: 200000, 通道数: 16
2025-10-17 10:37:22-INFO-[tdms_reader_time.py:136]-  已写入 200000/200000 行数据
2025-10-17 10:37:22-ERROR-[tdms_reader_time.py:161]-处理文件 20250620193853.345024.tdms 时出错: name 'json' is not defined
2025-10-17 10:37:22-INFO-[tdms_reader_time.py:79]-使用实际采样间隔: 5e-06 秒
2025-10-17 10:37:22-ERROR-[tdms_reader_time.py:163]-Traceback (most recent call last):
  File "C:\Users\17584\Documents\ALearning\Project\tools\DataProcess\src\data_io\tdms_reader_time.py", line 155, in process_tdms_file
    json.dump(metadata, f, indent=2, ensure_ascii=False)
NameError: name 'json' is not defined

2025-10-17 10:37:22-INFO-[tdms_reader_time.py:92]-使用通道起始时间: 2025-06-20 12:37:00.139156
2025-10-17 10:37:22-INFO-[tdms_reader_time.py:44]-开始处理文件: D:/Lab/raw/2025.6.20\stopdirtyback\20250620203707.478189.tdms
2025-10-17 10:37:22-INFO-[tdms_reader_time.py:44]-开始处理文件: D:/Lab/raw/2025.6.20\stopdirtyback\20250620203710.409991.tdms
2025-10-17 10:37:22-INFO-[tdms_reader_time.py:92]-使用通道起始时间: 2025-06-20 12:37:03.129691
2025-10-17 10:37:22-INFO-[tdms_reader_time.py:79]-使用实际采样间隔: 5e-06 秒
2025-10-17 10:37:22-ERROR-[tdms_reader_time.py:161]-处理文件 20250620193800.664447.tdms 时出错: name 'json' is not defined
2025-10-17 10:37:22-INFO-[tdms_reader_time.py:71]-处理文件: 20250620203658.518572.tdms, 数据长度: 200000, 通道数: 16
2025-10-17 10:37:22-INFO-[tdms_reader_time.py:71]-处理文件: 20250620203710.409991.tdms, 数据长度: 200000, 通道数: 16
2025-10-17 10:37:22-INFO-[tdms_reader_time.py:71]-处理文件: 20250620203707.478189.tdms, 数据长度: 200000, 通道数: 16
2025-10-17 10:37:22-INFO-[tdms_reader_time.py:136]-  已写入 200000/200000 行数据
2025-10-17 10:37:22-INFO-[tdms_reader_time.py:79]-使用实际采样间隔: 5e-06 秒
2025-10-17 10:37:22-INFO-[tdms_reader_time.py:92]-使用通道起始时间: 2025-06-20 12:36:57.111971
2025-10-17 10:37:22-ERROR-[tdms_reader_time.py:163]-Traceback (most recent call last):
  File "C:\Users\17584\Documents\ALearning\Project\tools\DataProcess\src\data_io\tdms_reader_time.py", line 155, in process_tdms_file
    json.dump(metadata, f, indent=2, ensure_ascii=False)
NameError: name 'json' is not defined

2025-10-17 10:37:22-INFO-[tdms_reader_time.py:79]-使用实际采样间隔: 5e-06 秒
2025-10-17 10:37:22-INFO-[tdms_reader_time.py:79]-使用实际采样间隔: 5e-06 秒
2025-10-17 10:37:22-INFO-[tdms_reader_time.py:92]-使用通道起始时间: 2025-06-20 12:36:54.353779
2025-10-17 10:37:22-ERROR-[tdms_reader_time.py:161]-处理文件 20250620193850.400394.tdms 时出错: name 'json' is not defined
2025-10-17 10:37:22-INFO-[tdms_reader_time.py:92]-使用通道起始时间: 2025-06-20 12:37:09.059997
2025-10-17 10:37:22-ERROR-[tdms_reader_time.py:163]-Traceback (most recent call last):
  File "C:\Users\17584\Documents\ALearning\Project\tools\DataProcess\src\data_io\tdms_reader_time.py", line 155, in process_tdms_file
    json.dump(metadata, f, indent=2, ensure_ascii=False)
NameError: name 'json' is not defined

2025-10-17 10:37:22-INFO-[tdms_reader_time.py:44]-开始处理文件: D:/Lab/raw/2025.6.20\stopdirtyback\20250620203713.390256.tdms
2025-10-17 10:37:22-INFO-[tdms_reader_time.py:44]-开始处理文件: D:/Lab/raw/2025.6.20\stopdirtyback\20250620203716.299159.tdms
2025-10-17 10:37:22-INFO-[tdms_reader_time.py:136]-  已写入 200000/200000 行数据
2025-10-17 10:37:22-ERROR-[tdms_reader_time.py:161]-处理文件 20250620193841.584246.tdms 时出错: name 'json' is not defined
2025-10-17 10:37:22-ERROR-[tdms_reader_time.py:163]-Traceback (most recent call last):
  File "C:\Users\17584\Documents\ALearning\Project\tools\DataProcess\src\data_io\tdms_reader_time.py", line 155, in process_tdms_file
    json.dump(metadata, f, indent=2, ensure_ascii=False)
NameError: name 'json' is not defined

2025-10-17 10:37:22-INFO-[tdms_reader_time.py:71]-处理文件: 20250620203716.299159.tdms, 数据长度: 200000, 通道数: 16
2025-10-17 10:37:22-INFO-[tdms_reader_time.py:79]-使用实际采样间隔: 5e-06 秒
2025-10-17 10:37:22-INFO-[tdms_reader_time.py:92]-使用通道起始时间: 2025-06-20 12:37:14.949285
2025-10-17 10:37:22-INFO-[tdms_reader_time.py:71]-处理文件: 20250620203713.390256.tdms, 数据长度: 200000, 通道数: 16
2025-10-17 10:37:22-INFO-[tdms_reader_time.py:79]-使用实际采样间隔: 5e-06 秒
2025-10-17 10:37:22-INFO-[tdms_reader_time.py:92]-使用通道起始时间: 2025-06-20 12:37:12.010212
2025-10-17 10:37:22-INFO-[tdms_reader_time.py:44]-开始处理文件: D:/Lab/raw/2025.6.20\stopdirtyback\20250620203719.208527.tdms
2025-10-17 10:37:22-INFO-[tdms_reader_time.py:136]-  已写入 200000/200000 行数据
2025-10-17 10:37:23-ERROR-[tdms_reader_time.py:161]-处理文件 20250620193844.533171.tdms 时出错: name 'json' is not defined
2025-10-17 10:37:23-ERROR-[tdms_reader_time.py:163]-Traceback (most recent call last):
  File "C:\Users\17584\Documents\ALearning\Project\tools\DataProcess\src\data_io\tdms_reader_time.py", line 155, in process_tdms_file
    json.dump(metadata, f, indent=2, ensure_ascii=False)
NameError: name 'json' is not defined

2025-10-17 10:37:23-INFO-[tdms_reader_time.py:71]-处理文件: 20250620203719.208527.tdms, 数据长度: 200000, 通道数: 16
2025-10-17 10:37:23-INFO-[tdms_reader_time.py:79]-使用实际采样间隔: 5e-06 秒
2025-10-17 10:37:23-INFO-[tdms_reader_time.py:92]-使用通道起始时间: 2025-06-20 12:37:17.849428
2025-10-17 10:37:23-INFO-[tdms_reader_time.py:44]-开始处理文件: D:/Lab/raw/2025.6.20\stopdirtyback\20250620203722.132566.tdms
2025-10-17 10:37:23-INFO-[tdms_reader_time.py:136]-  已写入 200000/200000 行数据
2025-10-17 10:37:23-ERROR-[tdms_reader_time.py:161]-处理文件 20250620193827.003131.tdms 时出错: name 'json' is not defined
2025-10-17 10:37:23-ERROR-[tdms_reader_time.py:163]-Traceback (most recent call last):
  File "C:\Users\17584\Documents\ALearning\Project\tools\DataProcess\src\data_io\tdms_reader_time.py", line 155, in process_tdms_file
    json.dump(metadata, f, indent=2, ensure_ascii=False)
NameError: name 'json' is not defined

2025-10-17 10:37:23-INFO-[tdms_reader_time.py:44]-开始处理文件: D:/Lab/raw/2025.6.20\stopdirtyback\20250620203725.055667.tdms
2025-10-17 10:37:23-INFO-[tdms_reader_time.py:71]-处理文件: 20250620203722.132566.tdms, 数据长度: 200000, 通道数: 16
2025-10-17 10:37:23-INFO-[tdms_reader_time.py:79]-使用实际采样间隔: 5e-06 秒
2025-10-17 10:37:23-INFO-[tdms_reader_time.py:92]-使用通道起始时间: 2025-06-20 12:37:20.755309
2025-10-17 10:37:23-INFO-[tdms_reader_time.py:71]-处理文件: 20250620203725.055667.tdms, 数据长度: 200000, 通道数: 16
2025-10-17 10:37:23-INFO-[tdms_reader_time.py:79]-使用实际采样间隔: 5e-06 秒
2025-10-17 10:37:23-INFO-[tdms_reader_time.py:92]-使用通道起始时间: 2025-06-20 12:37:23.688227
2025-10-17 10:37:23-INFO-[tdms_reader_time.py:136]-  已写入 200000/200000 行数据
2025-10-17 10:37:23-ERROR-[tdms_reader_time.py:161]-处理文件 20250620193832.870292.tdms 时出错: name 'json' is not defined
2025-10-17 10:37:23-ERROR-[tdms_reader_time.py:163]-Traceback (most recent call last):
  File "C:\Users\17584\Documents\ALearning\Project\tools\DataProcess\src\data_io\tdms_reader_time.py", line 155, in process_tdms_file
    json.dump(metadata, f, indent=2, ensure_ascii=False)
NameError: name 'json' is not defined

2025-10-17 10:37:23-INFO-[tdms_reader_time.py:44]-开始处理文件: D:/Lab/raw/2025.6.20\stopdirtyback\20250620203727.976887.tdms
2025-10-17 10:37:23-INFO-[tdms_reader_time.py:136]-  已写入 200000/200000 行数据
2025-10-17 10:37:23-INFO-[tdms_reader_time.py:71]-处理文件: 20250620203727.976887.tdms, 数据长度: 200000, 通道数: 16
2025-10-17 10:37:23-ERROR-[tdms_reader_time.py:161]-处理文件 20250620193835.769193.tdms 时出错: name 'json' is not defined
2025-10-17 10:37:23-ERROR-[tdms_reader_time.py:163]-Traceback (most recent call last):
  File "C:\Users\17584\Documents\ALearning\Project\tools\DataProcess\src\data_io\tdms_reader_time.py", line 155, in process_tdms_file
    json.dump(metadata, f, indent=2, ensure_ascii=False)
NameError: name 'json' is not defined

2025-10-17 10:37:23-INFO-[tdms_reader_time.py:79]-使用实际采样间隔: 5e-06 秒
2025-10-17 10:37:23-INFO-[tdms_reader_time.py:92]-使用通道起始时间: 2025-06-20 12:37:26.598158
2025-10-17 10:37:23-INFO-[tdms_reader_time.py:44]-开始处理文件: D:/Lab/raw/2025.6.20\stopdirtyback\20250620203730.949081.tdms
2025-10-17 10:37:23-INFO-[tdms_reader_time.py:71]-处理文件: 20250620203730.949081.tdms, 数据长度: 200000, 通道数: 16
2025-10-17 10:37:23-INFO-[tdms_reader_time.py:79]-使用实际采样间隔: 5e-06 秒
2025-10-17 10:37:23-INFO-[tdms_reader_time.py:92]-使用通道起始时间: 2025-06-20 12:37:29.584377
2025-10-17 10:37:23-INFO-[tdms_reader_time.py:136]-  已写入 200000/200000 行数据
2025-10-17 10:37:23-ERROR-[tdms_reader_time.py:161]-处理文件 20250620193907.982947.tdms 时出错: name 'json' is not defined
2025-10-17 10:37:23-ERROR-[tdms_reader_time.py:163]-Traceback (most recent call last):
  File "C:\Users\17584\Documents\ALearning\Project\tools\DataProcess\src\data_io\tdms_reader_time.py", line 155, in process_tdms_file
    json.dump(metadata, f, indent=2, ensure_ascii=False)
NameError: name 'json' is not defined

2025-10-17 10:37:23-INFO-[tdms_reader_time.py:44]-开始处理文件: D:/Lab/raw/2025.6.20\stopdirtyback\20250620203733.850068.tdms
2025-10-17 10:37:23-INFO-[tdms_reader_time.py:71]-处理文件: 20250620203733.850068.tdms, 数据长度: 200000, 通道数: 16
2025-10-17 10:37:23-INFO-[tdms_reader_time.py:79]-使用实际采样间隔: 5e-06 秒
2025-10-17 10:37:23-INFO-[tdms_reader_time.py:92]-使用通道起始时间: 2025-06-20 12:37:32.497173
2025-10-17 10:37:23-INFO-[tdms_reader_time.py:136]-  已写入 200000/200000 行数据
2025-10-17 10:37:23-ERROR-[tdms_reader_time.py:161]-处理文件 20250620193902.126579.tdms 时出错: name 'json' is not defined
2025-10-17 10:37:23-ERROR-[tdms_reader_time.py:163]-Traceback (most recent call last):
  File "C:\Users\17584\Documents\ALearning\Project\tools\DataProcess\src\data_io\tdms_reader_time.py", line 155, in process_tdms_file
    json.dump(metadata, f, indent=2, ensure_ascii=False)
NameError: name 'json' is not defined

2025-10-17 10:37:23-INFO-[tdms_reader_time.py:136]-  已写入 200000/200000 行数据
2025-10-17 10:37:23-INFO-[tdms_reader_time.py:44]-开始处理文件: D:/Lab/raw/2025.6.20\stopdirtyback\20250620203736.809154.tdms
2025-10-17 10:37:23-INFO-[tdms_reader_time.py:136]-  已写入 200000/200000 行数据
2025-10-17 10:37:23-ERROR-[tdms_reader_time.py:161]-处理文件 20250620193913.800929.tdms 时出错: name 'json' is not defined
2025-10-17 10:37:23-ERROR-[tdms_reader_time.py:161]-处理文件 20250620193910.873333.tdms 时出错: name 'json' is not defined
2025-10-17 10:37:23-ERROR-[tdms_reader_time.py:163]-Traceback (most recent call last):
  File "C:\Users\17584\Documents\ALearning\Project\tools\DataProcess\src\data_io\tdms_reader_time.py", line 155, in process_tdms_file
    json.dump(metadata, f, indent=2, ensure_ascii=False)
NameError: name 'json' is not defined

2025-10-17 10:37:23-ERROR-[tdms_reader_time.py:163]-Traceback (most recent call last):
  File "C:\Users\17584\Documents\ALearning\Project\tools\DataProcess\src\data_io\tdms_reader_time.py", line 155, in process_tdms_file
    json.dump(metadata, f, indent=2, ensure_ascii=False)
NameError: name 'json' is not defined

2025-10-17 10:37:23-INFO-[tdms_reader_time.py:44]-开始处理文件: D:/Lab/raw/2025.6.20\stopdirtyback\20250620203739.731672.tdms
2025-10-17 10:37:23-INFO-[tdms_reader_time.py:44]-开始处理文件: D:/Lab/raw/2025.6.20\stopdirtyback\20250620203742.636087.tdms
2025-10-17 10:37:23-INFO-[tdms_reader_time.py:71]-处理文件: 20250620203736.809154.tdms, 数据长度: 200000, 通道数: 16
2025-10-17 10:37:23-INFO-[tdms_reader_time.py:71]-处理文件: 20250620203739.731672.tdms, 数据长度: 200000, 通道数: 16
2025-10-17 10:37:23-INFO-[tdms_reader_time.py:79]-使用实际采样间隔: 5e-06 秒
2025-10-17 10:37:23-INFO-[tdms_reader_time.py:71]-处理文件: 20250620203742.636087.tdms, 数据长度: 200000, 通道数: 16
2025-10-17 10:37:23-INFO-[tdms_reader_time.py:79]-使用实际采样间隔: 5e-06 秒
2025-10-17 10:37:23-INFO-[tdms_reader_time.py:92]-使用通道起始时间: 2025-06-20 12:37:35.442828
2025-10-17 10:37:23-INFO-[tdms_reader_time.py:92]-使用通道起始时间: 2025-06-20 12:37:38.369721
2025-10-17 10:37:23-INFO-[tdms_reader_time.py:79]-使用实际采样间隔: 5e-06 秒
2025-10-17 10:37:23-INFO-[tdms_reader_time.py:92]-使用通道起始时间: 2025-06-20 12:37:41.284860
2025-10-17 10:37:23-INFO-[tdms_reader_time.py:136]-  已写入 200000/200000 行数据
2025-10-17 10:37:23-ERROR-[tdms_reader_time.py:161]-处理文件 20250620193856.225711.tdms 时出错: name 'json' is not defined
2025-10-17 10:37:23-ERROR-[tdms_reader_time.py:163]-Traceback (most recent call last):
  File "C:\Users\17584\Documents\ALearning\Project\tools\DataProcess\src\data_io\tdms_reader_time.py", line 155, in process_tdms_file
    json.dump(metadata, f, indent=2, ensure_ascii=False)
NameError: name 'json' is not defined

2025-10-17 10:37:23-INFO-[tdms_reader_time.py:44]-开始处理文件: D:/Lab/raw/2025.6.20\stopdirtyback\20250620203745.567957.tdms
2025-10-17 10:37:23-INFO-[tdms_reader_time.py:136]-  已写入 200000/200000 行数据
2025-10-17 10:37:23-INFO-[tdms_reader_time.py:71]-处理文件: 20250620203745.567957.tdms, 数据长度: 200000, 通道数: 16
2025-10-17 10:37:23-ERROR-[tdms_reader_time.py:161]-处理文件 20250620193859.168055.tdms 时出错: name 'json' is not defined
2025-10-17 10:37:23-ERROR-[tdms_reader_time.py:163]-Traceback (most recent call last):
  File "C:\Users\17584\Documents\ALearning\Project\tools\DataProcess\src\data_io\tdms_reader_time.py", line 155, in process_tdms_file
    json.dump(metadata, f, indent=2, ensure_ascii=False)
NameError: name 'json' is not defined

2025-10-17 10:37:23-INFO-[tdms_reader_time.py:44]-开始处理文件: D:/Lab/raw/2025.6.20\stopdirtyback\20250620203748.493319.tdms
2025-10-17 10:37:23-INFO-[tdms_reader_time.py:79]-使用实际采样间隔: 5e-06 秒
2025-10-17 10:37:23-INFO-[tdms_reader_time.py:92]-使用通道起始时间: 2025-06-20 12:37:44.207525
2025-10-17 10:37:23-INFO-[tdms_reader_time.py:71]-处理文件: 20250620203748.493319.tdms, 数据长度: 200000, 通道数: 16
2025-10-17 10:37:23-INFO-[tdms_reader_time.py:79]-使用实际采样间隔: 5e-06 秒
2025-10-17 10:37:23-INFO-[tdms_reader_time.py:92]-使用通道起始时间: 2025-06-20 12:37:47.133766
2025-10-17 10:37:24-INFO-[tdms_reader_time.py:136]-  已写入 200000/200000 行数据
2025-10-17 10:37:24-ERROR-[tdms_reader_time.py:161]-处理文件 20250620193818.229423.tdms 时出错: name 'json' is not defined
2025-10-17 10:37:24-ERROR-[tdms_reader_time.py:163]-Traceback (most recent call last):
  File "C:\Users\17584\Documents\ALearning\Project\tools\DataProcess\src\data_io\tdms_reader_time.py", line 155, in process_tdms_file
    json.dump(metadata, f, indent=2, ensure_ascii=False)
NameError: name 'json' is not defined

2025-10-17 10:37:24-INFO-[tdms_reader_time.py:44]-开始处理文件: D:/Lab/raw/2025.6.20\stopdirtyback\20250620203751.394046.tdms
2025-10-17 10:37:24-INFO-[tdms_reader_time.py:71]-处理文件: 20250620203751.394046.tdms, 数据长度: 200000, 通道数: 16
2025-10-17 10:37:24-INFO-[tdms_reader_time.py:79]-使用实际采样间隔: 5e-06 秒
2025-10-17 10:37:24-INFO-[tdms_reader_time.py:92]-使用通道起始时间: 2025-06-20 12:37:50.044528
2025-10-17 10:37:24-INFO-[tdms_reader_time.py:136]-  已写入 200000/200000 行数据
2025-10-17 10:37:24-ERROR-[tdms_reader_time.py:161]-处理文件 20250620193916.714522.tdms 时出错: name 'json' is not defined
2025-10-17 10:37:24-ERROR-[tdms_reader_time.py:163]-Traceback (most recent call last):
  File "C:\Users\17584\Documents\ALearning\Project\tools\DataProcess\src\data_io\tdms_reader_time.py", line 155, in process_tdms_file
    json.dump(metadata, f, indent=2, ensure_ascii=False)
NameError: name 'json' is not defined

2025-10-17 10:37:24-INFO-[tdms_reader_time.py:44]-开始处理文件: D:/Lab/raw/2025.6.20\stopdirtyback\20250620203754.381011.tdms
2025-10-17 10:37:24-INFO-[tdms_reader_time.py:71]-处理文件: 20250620203754.381011.tdms, 数据长度: 200000, 通道数: 16
2025-10-17 10:37:24-INFO-[tdms_reader_time.py:79]-使用实际采样间隔: 5e-06 秒
2025-10-17 10:37:24-INFO-[tdms_reader_time.py:92]-使用通道起始时间: 2025-06-20 12:37:52.968803
2025-10-17 10:37:25-INFO-[tdms_reader_time.py:136]-  已写入 100000/200000 行数据
2025-10-17 10:37:26-INFO-[tdms_reader_time.py:136]-  已写入 100000/200000 行数据
2025-10-17 10:37:26-INFO-[tdms_reader_time.py:136]-  已写入 100000/200000 行数据
2025-10-17 10:37:26-INFO-[tdms_reader_time.py:136]-  已写入 100000/200000 行数据
2025-10-17 10:37:26-INFO-[tdms_reader_time.py:136]-  已写入 100000/200000 行数据
2025-10-17 10:37:26-INFO-[tdms_reader_time.py:136]-  已写入 100000/200000 行数据
2025-10-17 10:37:26-INFO-[tdms_reader_time.py:136]-  已写入 100000/200000 行数据
2025-10-17 10:37:26-INFO-[tdms_reader_time.py:136]-  已写入 100000/200000 行数据
2025-10-17 10:37:26-INFO-[tdms_reader_time.py:136]-  已写入 100000/200000 行数据
2025-10-17 10:37:26-INFO-[tdms_reader_time.py:136]-  已写入 100000/200000 行数据
2025-10-17 10:37:26-INFO-[tdms_reader_time.py:136]-  已写入 100000/200000 行数据
2025-10-17 10:37:26-INFO-[tdms_reader_time.py:136]-  已写入 100000/200000 行数据
2025-10-17 10:37:26-INFO-[tdms_reader_time.py:136]-  已写入 100000/200000 行数据
2025-10-17 10:37:26-INFO-[tdms_reader_time.py:44]-开始处理文件: D:/Lab/raw/2025.6.20\stopdirtyback\20250620203757.355624.tdms
2025-10-17 10:37:26-INFO-[tdms_reader_time.py:44]-开始处理文件: D:/Lab/raw/2025.6.20\test\20250620193226.144821.tdms
2025-10-17 10:37:26-INFO-[tdms_reader_time.py:44]-开始处理文件: D:/Lab/raw/2025.6.20\test\20250620193223.119184.tdms
2025-10-17 10:37:26-INFO-[tdms_reader_time.py:44]-开始处理文件: D:/Lab/raw/2025.6.20\test\20250620193232.047310.tdms
2025-10-17 10:37:26-INFO-[tdms_reader_time.py:44]-开始处理文件: D:/Lab/raw/2025.6.20\stopdirtyback\20250620203800.231357.tdms
2025-10-17 10:37:26-INFO-[tdms_reader_time.py:44]-开始处理文件: D:/Lab/raw/2025.6.20\test\20250620193234.988384.tdms
2025-10-17 10:37:26-INFO-[tdms_reader_time.py:44]-开始处理文件: D:/Lab/raw/2025.6.20\test\20250620193237.935547.tdms
2025-10-17 10:37:26-INFO-[tdms_reader_time.py:44]-开始处理文件: D:/Lab/raw/2025.6.20\test\20250620193240.864516.tdms
2025-10-17 10:37:26-INFO-[tdms_reader_time.py:44]-开始处理文件: D:/Lab/raw/2025.6.20\test\20250620193229.092219.tdms
2025-10-17 10:37:26-INFO-[tdms_reader_time.py:44]-开始处理文件: D:/Lab/raw/2025.6.20\test\20250620193243.809867.tdms
2025-10-17 10:37:26-INFO-[tdms_reader_time.py:44]-开始处理文件: D:/Lab/raw/2025.6.20\test\20250620193246.763908.tdms
2025-10-17 10:37:26-INFO-[tdms_reader_time.py:44]-开始处理文件: D:/Lab/raw/2025.6.20\test\20250620193255.616210.tdms
2025-10-17 10:37:26-INFO-[tdms_reader_time.py:44]-开始处理文件: D:/Lab/raw/2025.6.20\test\20250620193249.732466.tdms
2025-10-17 10:37:26-INFO-[tdms_reader_time.py:44]-开始处理文件: D:/Lab/raw/2025.6.20\test\20250620193304.484258.tdms
2025-10-17 10:37:26-INFO-[tdms_reader_time.py:44]-开始处理文件: D:/Lab/raw/2025.6.20\test\20250620193307.430461.tdms
2025-10-17 10:37:26-INFO-[tdms_reader_time.py:44]-开始处理文件: D:/Lab/raw/2025.6.20\test\20250620193301.508846.tdms
2025-10-17 10:37:26-INFO-[tdms_reader_time.py:44]-开始处理文件: D:/Lab/raw/2025.6.20\test\20250620193310.390563.tdms
2025-10-17 10:37:26-INFO-[tdms_reader_time.py:44]-开始处理文件: D:/Lab/raw/2025.6.20\test\20250620193258.574172.tdms
2025-10-17 10:37:26-INFO-[tdms_reader_time.py:44]-开始处理文件: D:/Lab/raw/2025.6.20\test\20250620193252.662583.tdms
2025-10-17 10:37:26-INFO-[tdms_reader_time.py:44]-开始处理文件: D:/Lab/raw/2025.6.20\test\20250620193322.349448.tdms
2025-10-17 10:37:26-INFO-[tdms_reader_time.py:44]-开始处理文件: D:/Lab/raw/2025.6.20\test\20250620193319.359090.tdms
2025-10-17 10:37:26-INFO-[tdms_reader_time.py:44]-开始处理文件: D:/Lab/raw/2025.6.20\test\20250620193316.385404.tdms
2025-10-17 10:37:26-INFO-[tdms_reader_time.py:44]-开始处理文件: D:/Lab/raw/2025.6.20\test\20250620193313.360571.tdms
2025-10-17 10:37:26-INFO-[tdms_reader_time.py:44]-开始处理文件: D:/Lab/raw/2025.6.20\test\20250620193325.269995.tdms
2025-10-17 10:37:26-INFO-[tdms_reader_time.py:71]-处理文件: 20250620203757.355624.tdms, 数据长度: 200000, 通道数: 16
2025-10-17 10:37:26-INFO-[tdms_reader_time.py:71]-处理文件: 20250620193226.144821.tdms, 数据长度: 200000, 通道数: 16
2025-10-17 10:37:26-INFO-[tdms_reader_time.py:79]-使用实际采样间隔: 5e-06 秒
2025-10-17 10:37:26-INFO-[tdms_reader_time.py:92]-使用通道起始时间: 2025-06-20 12:37:55.995265
2025-10-17 10:37:26-INFO-[tdms_reader_time.py:92]-使用通道起始时间: 2025-06-20 11:32:24.762460
2025-10-17 10:37:26-INFO-[tdms_reader_time.py:71]-处理文件: 20250620193232.047310.tdms, 数据长度: 200000, 通道数: 16
2025-10-17 10:37:26-INFO-[tdms_reader_time.py:71]-处理文件: 20250620203800.231357.tdms, 数据长度: 200000, 通道数: 16
2025-10-17 10:37:26-INFO-[tdms_reader_time.py:79]-使用实际采样间隔: 5e-06 秒
2025-10-17 10:37:26-INFO-[tdms_reader_time.py:71]-处理文件: 20250620193223.119184.tdms, 数据长度: 200000, 通道数: 16
2025-10-17 10:37:26-INFO-[tdms_reader_time.py:92]-使用通道起始时间: 2025-06-20 11:32:30.693078
2025-10-17 10:37:26-INFO-[tdms_reader_time.py:79]-使用实际采样间隔: 5e-06 秒
2025-10-17 10:37:26-INFO-[tdms_reader_time.py:79]-使用实际采样间隔: 5e-06 秒
2025-10-17 10:37:26-INFO-[tdms_reader_time.py:92]-使用通道起始时间: 2025-06-20 11:32:21.761863
2025-10-17 10:37:26-INFO-[tdms_reader_time.py:71]-处理文件: 20250620193229.092219.tdms, 数据长度: 200000, 通道数: 16
2025-10-17 10:37:26-INFO-[tdms_reader_time.py:92]-使用通道起始时间: 2025-06-20 12:37:58.871695
2025-10-17 10:37:26-INFO-[tdms_reader_time.py:71]-处理文件: 20250620193234.988384.tdms, 数据长度: 200000, 通道数: 16
2025-10-17 10:37:26-INFO-[tdms_reader_time.py:71]-处理文件: 20250620193237.935547.tdms, 数据长度: 200000, 通道数: 16
2025-10-17 10:37:26-INFO-[tdms_reader_time.py:79]-使用实际采样间隔: 5e-06 秒
2025-10-17 10:37:26-INFO-[tdms_reader_time.py:79]-使用实际采样间隔: 5e-06 秒
2025-10-17 10:37:26-INFO-[tdms_reader_time.py:79]-使用实际采样间隔: 5e-06 秒
2025-10-17 10:37:26-INFO-[tdms_reader_time.py:92]-使用通道起始时间: 2025-06-20 11:32:27.735315
2025-10-17 10:37:26-INFO-[tdms_reader_time.py:92]-使用通道起始时间: 2025-06-20 11:32:33.632545
2025-10-17 10:37:26-INFO-[tdms_reader_time.py:71]-处理文件: 20250620193240.864516.tdms, 数据长度: 200000, 通道数: 16
2025-10-17 10:37:26-INFO-[tdms_reader_time.py:92]-使用通道起始时间: 2025-06-20 11:32:36.574364
2025-10-17 10:37:26-INFO-[tdms_reader_time.py:71]-处理文件: 20250620193304.484258.tdms, 数据长度: 200000, 通道数: 16
2025-10-17 10:37:26-INFO-[tdms_reader_time.py:79]-使用实际采样间隔: 5e-06 秒
2025-10-17 10:37:26-INFO-[tdms_reader_time.py:71]-处理文件: 20250620193246.763908.tdms, 数据长度: 200000, 通道数: 16
2025-10-17 10:37:26-INFO-[tdms_reader_time.py:71]-处理文件: 20250620193255.616210.tdms, 数据长度: 200000, 通道数: 16
2025-10-17 10:37:26-INFO-[tdms_reader_time.py:71]-处理文件: 20250620193243.809867.tdms, 数据长度: 200000, 通道数: 16
2025-10-17 10:37:26-INFO-[tdms_reader_time.py:79]-使用实际采样间隔: 5e-06 秒
2025-10-17 10:37:26-INFO-[tdms_reader_time.py:79]-使用实际采样间隔: 5e-06 秒
2025-10-17 10:37:26-INFO-[tdms_reader_time.py:92]-使用通道起始时间: 2025-06-20 11:32:42.450828
2025-10-17 10:37:26-INFO-[tdms_reader_time.py:92]-使用通道起始时间: 2025-06-20 11:33:03.099288
2025-10-17 10:37:26-INFO-[tdms_reader_time.py:92]-使用通道起始时间: 2025-06-20 11:32:39.515396
2025-10-17 10:37:26-INFO-[tdms_reader_time.py:79]-使用实际采样间隔: 5e-06 秒
2025-10-17 10:37:26-INFO-[tdms_reader_time.py:79]-使用实际采样间隔: 5e-06 秒
2025-10-17 10:37:26-INFO-[tdms_reader_time.py:71]-处理文件: 20250620193249.732466.tdms, 数据长度: 200000, 通道数: 16
2025-10-17 10:37:26-INFO-[tdms_reader_time.py:71]-处理文件: 20250620193307.430461.tdms, 数据长度: 200000, 通道数: 16
2025-10-17 10:37:26-INFO-[tdms_reader_time.py:92]-使用通道起始时间: 2025-06-20 11:32:45.403797
2025-10-17 10:37:26-INFO-[tdms_reader_time.py:79]-使用实际采样间隔: 5e-06 秒
2025-10-17 10:37:26-INFO-[tdms_reader_time.py:79]-使用实际采样间隔: 5e-06 秒
2025-10-17 10:37:26-INFO-[tdms_reader_time.py:92]-使用通道起始时间: 2025-06-20 11:32:48.382559
2025-10-17 10:37:26-INFO-[tdms_reader_time.py:92]-使用通道起始时间: 2025-06-20 11:32:54.252443
2025-10-17 10:37:26-INFO-[tdms_reader_time.py:71]-处理文件: 20250620193258.574172.tdms, 数据长度: 200000, 通道数: 16
2025-10-17 10:37:26-INFO-[tdms_reader_time.py:92]-使用通道起始时间: 2025-06-20 11:33:06.060083
2025-10-17 10:37:26-INFO-[tdms_reader_time.py:71]-处理文件: 20250620193252.662583.tdms, 数据长度: 200000, 通道数: 16
2025-10-17 10:37:26-INFO-[tdms_reader_time.py:79]-使用实际采样间隔: 5e-06 秒
2025-10-17 10:37:26-INFO-[tdms_reader_time.py:79]-使用实际采样间隔: 5e-06 秒
2025-10-17 10:37:26-INFO-[tdms_reader_time.py:92]-使用通道起始时间: 2025-06-20 11:32:57.203055
2025-10-17 10:37:26-INFO-[tdms_reader_time.py:71]-处理文件: 20250620193322.349448.tdms, 数据长度: 200000, 通道数: 16
2025-10-17 10:37:26-INFO-[tdms_reader_time.py:92]-使用通道起始时间: 2025-06-20 11:32:51.300321
2025-10-17 10:37:26-INFO-[tdms_reader_time.py:79]-使用实际采样间隔: 5e-06 秒
2025-10-17 10:37:26-INFO-[tdms_reader_time.py:71]-处理文件: 20250620193301.508846.tdms, 数据长度: 200000, 通道数: 16
2025-10-17 10:37:26-INFO-[tdms_reader_time.py:71]-处理文件: 20250620193310.390563.tdms, 数据长度: 200000, 通道数: 16
2025-10-17 10:37:26-INFO-[tdms_reader_time.py:92]-使用通道起始时间: 2025-06-20 11:33:20.991885
2025-10-17 10:37:26-INFO-[tdms_reader_time.py:79]-使用实际采样间隔: 5e-06 秒
2025-10-17 10:37:26-INFO-[tdms_reader_time.py:71]-处理文件: 20250620193325.269995.tdms, 数据长度: 200000, 通道数: 16
2025-10-17 10:37:26-INFO-[tdms_reader_time.py:79]-使用实际采样间隔: 5e-06 秒
2025-10-17 10:37:26-INFO-[tdms_reader_time.py:71]-处理文件: 20250620193319.359090.tdms, 数据长度: 200000, 通道数: 16
2025-10-17 10:37:26-INFO-[tdms_reader_time.py:92]-使用通道起始时间: 2025-06-20 11:33:00.141653
2025-10-17 10:37:26-INFO-[tdms_reader_time.py:71]-处理文件: 20250620193316.385404.tdms, 数据长度: 200000, 通道数: 16
2025-10-17 10:37:26-INFO-[tdms_reader_time.py:92]-使用通道起始时间: 2025-06-20 11:33:09.026716
2025-10-17 10:37:26-INFO-[tdms_reader_time.py:79]-使用实际采样间隔: 5e-06 秒
2025-10-17 10:37:26-INFO-[tdms_reader_time.py:79]-使用实际采样间隔: 5e-06 秒
2025-10-17 10:37:26-INFO-[tdms_reader_time.py:92]-使用通道起始时间: 2025-06-20 11:33:23.909294
2025-10-17 10:37:26-INFO-[tdms_reader_time.py:92]-使用通道起始时间: 2025-06-20 11:33:15.016763
2025-10-17 10:37:26-INFO-[tdms_reader_time.py:92]-使用通道起始时间: 2025-06-20 11:33:18.006834
2025-10-17 10:37:26-INFO-[tdms_reader_time.py:71]-处理文件: 20250620193313.360571.tdms, 数据长度: 200000, 通道数: 16
2025-10-17 10:37:26-INFO-[tdms_reader_time.py:79]-使用实际采样间隔: 5e-06 秒
2025-10-17 10:37:26-INFO-[tdms_reader_time.py:92]-使用通道起始时间: 2025-06-20 11:33:11.997665
2025-10-17 10:37:29-INFO-[tdms_reader_time.py:136]-  已写入 100000/200000 行数据
2025-10-17 10:37:29-INFO-[tdms_reader_time.py:136]-  已写入 100000/200000 行数据
2025-10-17 10:37:29-INFO-[tdms_reader_time.py:136]-  已写入 100000/200000 行数据
2025-10-17 10:37:29-INFO-[tdms_reader_time.py:136]-  已写入 100000/200000 行数据
2025-10-17 10:37:29-INFO-[tdms_reader_time.py:136]-  已写入 100000/200000 行数据
2025-10-17 10:37:29-INFO-[tdms_reader_time.py:136]-  已写入 100000/200000 行数据
2025-10-17 10:37:29-INFO-[tdms_reader_time.py:136]-  已写入 100000/200000 行数据
2025-10-17 10:37:30-INFO-[tdms_reader_time.py:136]-  已写入 100000/200000 行数据
2025-10-17 10:37:30-INFO-[tdms_reader_time.py:136]-  已写入 100000/200000 行数据
2025-10-17 10:37:30-INFO-[tdms_reader_time.py:136]-  已写入 100000/200000 行数据
2025-10-17 10:37:30-INFO-[tdms_reader_time.py:136]-  已写入 100000/200000 行数据
2025-10-17 10:37:30-INFO-[tdms_reader_time.py:136]-  已写入 100000/200000 行数据
2025-10-17 10:37:30-INFO-[tdms_reader_time.py:136]-  已写入 100000/200000 行数据
2025-10-17 10:37:33-INFO-[main.py:27]--------------------------启动数据分析系统-------------------------
2025-10-17 10:37:33-INFO-[file_utils.py:39]-paths.yaml 生成成功: C:\Users\17584\Documents\ALearning\Project\tools\DataProcess\config\paths.yaml
2025-10-17 10:37:33-INFO-[tdms_reader_time.py:38]-配置文件加载成功: C:\Users\17584\Documents\ALearning\Project\tools\DataProcess\config\paths.yaml
2025-10-17 10:37:33-INFO-[tdms_reader_time.py:191]-原始数据目录: D:/Lab/raw/2025.6.20
2025-10-17 10:37:33-INFO-[tdms_reader_time.py:192]-输出目录: D:/Lab/process/2025.6.20/time
2025-10-17 10:37:33-INFO-[tdms_reader_time.py:204]-找到 164 个TDMS文件
2025-10-17 10:37:35-INFO-[tdms_reader_time.py:44]-开始处理文件: D:/Lab/raw/2025.6.20\30hz\20250620205455.361056.tdms
2025-10-17 10:37:35-INFO-[tdms_reader_time.py:44]-开始处理文件: D:/Lab/raw/2025.6.20\30hz\20250620205458.257609.tdms
2025-10-17 10:37:35-INFO-[tdms_reader_time.py:44]-开始处理文件: D:/Lab/raw/2025.6.20\30hz\20250620205501.157457.tdms
2025-10-17 10:37:35-INFO-[tdms_reader_time.py:71]-处理文件: 20250620205455.361056.tdms, 数据长度: 200000, 通道数: 16
2025-10-17 10:37:35-INFO-[tdms_reader_time.py:79]-使用实际采样间隔: 5e-06 秒
2025-10-17 10:37:35-INFO-[tdms_reader_time.py:92]-使用通道起始时间: 2025-06-20 12:54:54.002876
2025-10-17 10:37:35-INFO-[tdms_reader_time.py:44]-开始处理文件: D:/Lab/raw/2025.6.20\30hz\20250620205504.026487.tdms
2025-10-17 10:37:36-INFO-[tdms_reader_time.py:44]-开始处理文件: D:/Lab/raw/2025.6.20\30hz\20250620205506.866113.tdms
2025-10-17 10:37:36-INFO-[tdms_reader_time.py:71]-处理文件: 20250620205458.257609.tdms, 数据长度: 200000, 通道数: 16
2025-10-17 10:37:36-INFO-[tdms_reader_time.py:79]-使用实际采样间隔: 5e-06 秒
2025-10-17 10:37:36-INFO-[tdms_reader_time.py:92]-使用通道起始时间: 2025-06-20 12:54:56.888926
2025-10-17 10:37:36-INFO-[tdms_reader_time.py:71]-处理文件: 20250620205501.157457.tdms, 数据长度: 200000, 通道数: 16
2025-10-17 10:37:36-INFO-[tdms_reader_time.py:79]-使用实际采样间隔: 5e-06 秒
2025-10-17 10:37:36-INFO-[tdms_reader_time.py:92]-使用通道起始时间: 2025-06-20 12:54:59.792038
2025-10-17 10:37:36-INFO-[tdms_reader_time.py:71]-处理文件: 20250620205504.026487.tdms, 数据长度: 200000, 通道数: 16
2025-10-17 10:37:36-INFO-[tdms_reader_time.py:79]-使用实际采样间隔: 5e-06 秒
2025-10-17 10:37:36-INFO-[tdms_reader_time.py:92]-使用通道起始时间: 2025-06-20 12:55:02.668804
2025-10-17 10:37:36-INFO-[tdms_reader_time.py:71]-处理文件: 20250620205506.866113.tdms, 数据长度: 200000, 通道数: 16
2025-10-17 10:37:36-INFO-[tdms_reader_time.py:79]-使用实际采样间隔: 5e-06 秒
2025-10-17 10:37:36-INFO-[tdms_reader_time.py:92]-使用通道起始时间: 2025-06-20 12:55:05.516600
2025-10-17 10:37:36-INFO-[tdms_reader_time.py:44]-开始处理文件: D:/Lab/raw/2025.6.20\30hz\20250620205509.740417.tdms
2025-10-17 10:37:36-INFO-[tdms_reader_time.py:71]-处理文件: 20250620205509.740417.tdms, 数据长度: 200000, 通道数: 16
2025-10-17 10:37:36-INFO-[tdms_reader_time.py:79]-使用实际采样间隔: 5e-06 秒
2025-10-17 10:37:36-INFO-[tdms_reader_time.py:92]-使用通道起始时间: 2025-06-20 12:55:08.394506
2025-10-17 10:37:36-INFO-[tdms_reader_time.py:44]-开始处理文件: D:/Lab/raw/2025.6.20\30hz\20250620205512.593425.tdms
2025-10-17 10:37:36-INFO-[tdms_reader_time.py:44]-开始处理文件: D:/Lab/raw/2025.6.20\30hz\20250620205515.474232.tdms
2025-10-17 10:37:36-INFO-[tdms_reader_time.py:71]-处理文件: 20250620205512.593425.tdms, 数据长度: 200000, 通道数: 16
2025-10-17 10:37:36-INFO-[tdms_reader_time.py:79]-使用实际采样间隔: 5e-06 秒
2025-10-17 10:37:36-INFO-[tdms_reader_time.py:92]-使用通道起始时间: 2025-06-20 12:55:11.244407
2025-10-17 10:37:36-INFO-[tdms_reader_time.py:71]-处理文件: 20250620205515.474232.tdms, 数据长度: 200000, 通道数: 16
2025-10-17 10:37:36-INFO-[tdms_reader_time.py:79]-使用实际采样间隔: 5e-06 秒
2025-10-17 10:37:36-INFO-[tdms_reader_time.py:92]-使用通道起始时间: 2025-06-20 12:55:14.109502
2025-10-17 10:37:36-INFO-[tdms_reader_time.py:44]-开始处理文件: D:/Lab/raw/2025.6.20\30hz\20250620205518.349068.tdms
2025-10-17 10:37:36-INFO-[tdms_reader_time.py:71]-处理文件: 20250620205518.349068.tdms, 数据长度: 200000, 通道数: 16
2025-10-17 10:37:36-INFO-[tdms_reader_time.py:79]-使用实际采样间隔: 5e-06 秒
2025-10-17 10:37:36-INFO-[tdms_reader_time.py:92]-使用通道起始时间: 2025-06-20 12:55:16.984420
2025-10-17 10:37:36-INFO-[tdms_reader_time.py:44]-开始处理文件: D:/Lab/raw/2025.6.20\30hz\20250620205521.206456.tdms
2025-10-17 10:37:36-INFO-[tdms_reader_time.py:71]-处理文件: 20250620205521.206456.tdms, 数据长度: 200000, 通道数: 16
2025-10-17 10:37:36-INFO-[tdms_reader_time.py:79]-使用实际采样间隔: 5e-06 秒
2025-10-17 10:37:36-INFO-[tdms_reader_time.py:92]-使用通道起始时间: 2025-06-20 12:55:19.862059
2025-10-17 10:37:36-INFO-[tdms_reader_time.py:44]-开始处理文件: D:/Lab/raw/2025.6.20\30hz\20250620205524.067070.tdms
2025-10-17 10:37:36-INFO-[tdms_reader_time.py:44]-开始处理文件: D:/Lab/raw/2025.6.20\30hz\20250620205526.960472.tdms
2025-10-17 10:37:36-INFO-[tdms_reader_time.py:44]-开始处理文件: D:/Lab/raw/2025.6.20\30hz\20250620205529.836771.tdms
2025-10-17 10:37:36-INFO-[tdms_reader_time.py:71]-处理文件: 20250620205524.067070.tdms, 数据长度: 200000, 通道数: 16
2025-10-17 10:37:36-INFO-[tdms_reader_time.py:79]-使用实际采样间隔: 5e-06 秒
2025-10-17 10:37:36-INFO-[tdms_reader_time.py:92]-使用通道起始时间: 2025-06-20 12:55:22.723268
2025-10-17 10:37:36-INFO-[tdms_reader_time.py:71]-处理文件: 20250620205529.836771.tdms, 数据长度: 200000, 通道数: 16
2025-10-17 10:37:36-INFO-[tdms_reader_time.py:44]-开始处理文件: D:/Lab/raw/2025.6.20\30hz\20250620205532.720182.tdms
2025-10-17 10:37:36-INFO-[tdms_reader_time.py:71]-处理文件: 20250620205526.960472.tdms, 数据长度: 200000, 通道数: 16
2025-10-17 10:37:36-INFO-[tdms_reader_time.py:79]-使用实际采样间隔: 5e-06 秒
2025-10-17 10:37:36-INFO-[tdms_reader_time.py:79]-使用实际采样间隔: 5e-06 秒
2025-10-17 10:37:36-INFO-[tdms_reader_time.py:92]-使用通道起始时间: 2025-06-20 12:55:25.583001
2025-10-17 10:37:36-INFO-[tdms_reader_time.py:92]-使用通道起始时间: 2025-06-20 12:55:28.477993
2025-10-17 10:37:36-INFO-[tdms_reader_time.py:71]-处理文件: 20250620205532.720182.tdms, 数据长度: 200000, 通道数: 16
2025-10-17 10:37:36-INFO-[tdms_reader_time.py:79]-使用实际采样间隔: 5e-06 秒
2025-10-17 10:37:36-INFO-[tdms_reader_time.py:92]-使用通道起始时间: 2025-06-20 12:55:31.365863
2025-10-17 10:37:36-INFO-[tdms_reader_time.py:44]-开始处理文件: D:/Lab/raw/2025.6.20\30hz\20250620205535.616021.tdms
2025-10-17 10:37:36-INFO-[tdms_reader_time.py:44]-开始处理文件: D:/Lab/raw/2025.6.20\30hz\20250620205538.511375.tdms
2025-10-17 10:37:36-INFO-[tdms_reader_time.py:44]-开始处理文件: D:/Lab/raw/2025.6.20\30hz\20250620205541.382788.tdms
2025-10-17 10:37:36-INFO-[tdms_reader_time.py:44]-开始处理文件: D:/Lab/raw/2025.6.20\30hz\20250620205544.253550.tdms
2025-10-17 10:37:36-INFO-[tdms_reader_time.py:44]-开始处理文件: D:/Lab/raw/2025.6.20\30hz\20250620205547.172719.tdms
2025-10-17 10:37:36-INFO-[tdms_reader_time.py:71]-处理文件: 20250620205535.616021.tdms, 数据长度: 200000, 通道数: 16
2025-10-17 10:37:36-INFO-[tdms_reader_time.py:79]-使用实际采样间隔: 5e-06 秒
2025-10-17 10:37:36-INFO-[tdms_reader_time.py:71]-处理文件: 20250620205538.511375.tdms, 数据长度: 200000, 通道数: 16
2025-10-17 10:37:36-INFO-[tdms_reader_time.py:71]-处理文件: 20250620205541.382788.tdms, 数据长度: 200000, 通道数: 16
2025-10-17 10:37:36-INFO-[tdms_reader_time.py:92]-使用通道起始时间: 2025-06-20 12:55:34.254333
2025-10-17 10:37:36-INFO-[tdms_reader_time.py:79]-使用实际采样间隔: 5e-06 秒
2025-10-17 10:37:36-INFO-[tdms_reader_time.py:92]-使用通道起始时间: 2025-06-20 12:55:37.135151
2025-10-17 10:37:36-INFO-[tdms_reader_time.py:79]-使用实际采样间隔: 5e-06 秒
2025-10-17 10:37:36-INFO-[tdms_reader_time.py:71]-处理文件: 20250620205547.172719.tdms, 数据长度: 200000, 通道数: 16
2025-10-17 10:37:36-INFO-[tdms_reader_time.py:92]-使用通道起始时间: 2025-06-20 12:55:40.032800
2025-10-17 10:37:36-INFO-[tdms_reader_time.py:44]-开始处理文件: D:/Lab/raw/2025.6.20\30hz\20250620205550.074166.tdms
2025-10-17 10:37:36-INFO-[tdms_reader_time.py:71]-处理文件: 20250620205544.253550.tdms, 数据长度: 200000, 通道数: 16
2025-10-17 10:37:36-INFO-[tdms_reader_time.py:79]-使用实际采样间隔: 5e-06 秒
2025-10-17 10:37:36-INFO-[tdms_reader_time.py:79]-使用实际采样间隔: 5e-06 秒
2025-10-17 10:37:36-INFO-[tdms_reader_time.py:92]-使用通道起始时间: 2025-06-20 12:55:42.892190
2025-10-17 10:37:36-INFO-[tdms_reader_time.py:92]-使用通道起始时间: 2025-06-20 12:55:45.777568
2025-10-17 10:37:36-INFO-[tdms_reader_time.py:44]-开始处理文件: D:/Lab/raw/2025.6.20\30hz\20250620205552.959105.tdms
2025-10-17 10:37:36-INFO-[tdms_reader_time.py:44]-开始处理文件: D:/Lab/raw/2025.6.20\30hz\20250620205555.848733.tdms
2025-10-17 10:37:36-INFO-[tdms_reader_time.py:71]-处理文件: 20250620205550.074166.tdms, 数据长度: 200000, 通道数: 16
2025-10-17 10:37:36-INFO-[tdms_reader_time.py:79]-使用实际采样间隔: 5e-06 秒
2025-10-17 10:37:36-INFO-[tdms_reader_time.py:92]-使用通道起始时间: 2025-06-20 12:55:48.686811
2025-10-17 10:37:36-INFO-[tdms_reader_time.py:71]-处理文件: 20250620205552.959105.tdms, 数据长度: 200000, 通道数: 16
2025-10-17 10:37:36-INFO-[tdms_reader_time.py:79]-使用实际采样间隔: 5e-06 秒
2025-10-17 10:37:36-INFO-[tdms_reader_time.py:92]-使用通道起始时间: 2025-06-20 12:55:51.596321
2025-10-17 10:37:36-INFO-[tdms_reader_time.py:44]-开始处理文件: D:/Lab/raw/2025.6.20\30hz\20250620205558.740427.tdms
2025-10-17 10:37:36-INFO-[tdms_reader_time.py:44]-开始处理文件: D:/Lab/raw/2025.6.20\30hz\20250620205601.429140.tdms
2025-10-17 10:37:36-INFO-[tdms_reader_time.py:71]-处理文件: 20250620205555.848733.tdms, 数据长度: 200000, 通道数: 16
2025-10-17 10:37:36-INFO-[tdms_reader_time.py:79]-使用实际采样间隔: 5e-06 秒
2025-10-17 10:37:36-INFO-[tdms_reader_time.py:92]-使用通道起始时间: 2025-06-20 12:55:54.467490
2025-10-17 10:37:36-INFO-[tdms_reader_time.py:71]-处理文件: 20250620205558.740427.tdms, 数据长度: 200000, 通道数: 16
2025-10-17 10:37:36-INFO-[tdms_reader_time.py:79]-使用实际采样间隔: 5e-06 秒
2025-10-17 10:37:36-INFO-[tdms_reader_time.py:92]-使用通道起始时间: 2025-06-20 12:55:57.364361
2025-10-17 10:37:36-INFO-[tdms_reader_time.py:44]-开始处理文件: D:/Lab/raw/2025.6.20\50hz\20250620203943.117518.tdms
2025-10-17 10:37:37-INFO-[tdms_reader_time.py:71]-处理文件: 20250620205601.429140.tdms, 数据长度: 200000, 通道数: 16
2025-10-17 10:37:37-INFO-[tdms_reader_time.py:79]-使用实际采样间隔: 5e-06 秒
2025-10-17 10:37:37-INFO-[tdms_reader_time.py:44]-开始处理文件: D:/Lab/raw/2025.6.20\50hz\20250620203946.014336.tdms
2025-10-17 10:37:37-INFO-[tdms_reader_time.py:92]-使用通道起始时间: 2025-06-20 12:56:00.046237
2025-10-17 10:37:37-INFO-[tdms_reader_time.py:71]-处理文件: 20250620203943.117518.tdms, 数据长度: 200000, 通道数: 16
2025-10-17 10:37:37-INFO-[tdms_reader_time.py:79]-使用实际采样间隔: 5e-06 秒
2025-10-17 10:37:37-INFO-[tdms_reader_time.py:92]-使用通道起始时间: 2025-06-20 12:39:41.742630
2025-10-17 10:37:37-INFO-[tdms_reader_time.py:44]-开始处理文件: D:/Lab/raw/2025.6.20\50hz\20250620203948.997384.tdms
2025-10-17 10:37:37-INFO-[tdms_reader_time.py:44]-开始处理文件: D:/Lab/raw/2025.6.20\50hz\20250620203951.928351.tdms
2025-10-17 10:37:37-INFO-[tdms_reader_time.py:71]-处理文件: 20250620203946.014336.tdms, 数据长度: 200000, 通道数: 16
2025-10-17 10:37:37-INFO-[tdms_reader_time.py:79]-使用实际采样间隔: 5e-06 秒
2025-10-17 10:37:37-INFO-[tdms_reader_time.py:92]-使用通道起始时间: 2025-06-20 12:39:44.662246
2025-10-17 10:37:37-INFO-[tdms_reader_time.py:71]-处理文件: 20250620203948.997384.tdms, 数据长度: 200000, 通道数: 16
2025-10-17 10:37:37-INFO-[tdms_reader_time.py:71]-处理文件: 20250620203951.928351.tdms, 数据长度: 200000, 通道数: 16
2025-10-17 10:37:37-INFO-[tdms_reader_time.py:79]-使用实际采样间隔: 5e-06 秒
2025-10-17 10:37:37-INFO-[tdms_reader_time.py:92]-使用通道起始时间: 2025-06-20 12:39:47.604040
2025-10-17 10:37:37-INFO-[tdms_reader_time.py:79]-使用实际采样间隔: 5e-06 秒
2025-10-17 10:37:37-INFO-[tdms_reader_time.py:92]-使用通道起始时间: 2025-06-20 12:39:50.560411
2025-10-17 10:37:39-INFO-[tdms_reader_time.py:136]-  已写入 100000/200000 行数据
2025-10-17 10:37:39-INFO-[tdms_reader_time.py:136]-  已写入 100000/200000 行数据
2025-10-17 10:37:39-INFO-[tdms_reader_time.py:136]-  已写入 100000/200000 行数据
2025-10-17 10:37:39-INFO-[tdms_reader_time.py:136]-  已写入 100000/200000 行数据
2025-10-17 10:37:39-INFO-[tdms_reader_time.py:136]-  已写入 100000/200000 行数据
2025-10-17 10:37:40-INFO-[tdms_reader_time.py:136]-  已写入 100000/200000 行数据
2025-10-17 10:37:40-INFO-[tdms_reader_time.py:136]-  已写入 100000/200000 行数据
2025-10-17 10:37:40-INFO-[tdms_reader_time.py:136]-  已写入 100000/200000 行数据
2025-10-17 10:37:40-INFO-[tdms_reader_time.py:136]-  已写入 100000/200000 行数据
2025-10-17 10:37:40-INFO-[tdms_reader_time.py:136]-  已写入 100000/200000 行数据
2025-10-17 10:37:40-INFO-[tdms_reader_time.py:136]-  已写入 100000/200000 行数据
2025-10-17 10:37:40-INFO-[tdms_reader_time.py:136]-  已写入 100000/200000 行数据
2025-10-17 10:37:40-INFO-[tdms_reader_time.py:136]-  已写入 100000/200000 行数据
2025-10-17 10:37:40-INFO-[tdms_reader_time.py:136]-  已写入 100000/200000 行数据
2025-10-17 10:37:40-INFO-[tdms_reader_time.py:136]-  已写入 100000/200000 行数据
2025-10-17 10:37:40-INFO-[tdms_reader_time.py:136]-  已写入 100000/200000 行数据
2025-10-17 10:37:40-INFO-[tdms_reader_time.py:136]-  已写入 100000/200000 行数据
2025-10-17 10:37:40-INFO-[tdms_reader_time.py:136]-  已写入 100000/200000 行数据
2025-10-17 10:37:40-INFO-[tdms_reader_time.py:136]-  已写入 100000/200000 行数据
2025-10-17 10:37:40-INFO-[tdms_reader_time.py:136]-  已写入 100000/200000 行数据
2025-10-17 10:37:40-INFO-[tdms_reader_time.py:136]-  已写入 100000/200000 行数据
2025-10-17 10:37:40-INFO-[tdms_reader_time.py:136]-  已写入 100000/200000 行数据
2025-10-17 10:37:40-INFO-[tdms_reader_time.py:136]-  已写入 100000/200000 行数据
2025-10-17 10:37:40-INFO-[tdms_reader_time.py:136]-  已写入 100000/200000 行数据
2025-10-17 10:37:40-INFO-[tdms_reader_time.py:136]-  已写入 100000/200000 行数据
2025-10-17 10:37:40-INFO-[tdms_reader_time.py:136]-  已写入 100000/200000 行数据
2025-10-17 10:37:40-INFO-[tdms_reader_time.py:136]-  已写入 100000/200000 行数据
2025-10-17 10:37:40-INFO-[tdms_reader_time.py:136]-  已写入 100000/200000 行数据
2025-10-17 10:37:42-INFO-[tdms_reader_time.py:136]-  已写入 200000/200000 行数据
2025-10-17 10:37:42-INFO-[tdms_reader_time.py:157]-已转换: 20250620205455.361056.tdms -> D:/Lab/process/2025.6.20/time\30hz\20250620205455.361056.csv
2025-10-17 10:37:42-INFO-[tdms_reader_time.py:158]-元数据保存: D:/Lab/process/2025.6.20/time\30hz\20250620205455.361056_metadata.json
2025-10-17 10:37:42-INFO-[tdms_reader_time.py:136]-  已写入 200000/200000 行数据
2025-10-17 10:37:42-INFO-[tdms_reader_time.py:157]-已转换: 20250620205501.157457.tdms -> D:/Lab/process/2025.6.20/time\30hz\20250620205501.157457.csv
2025-10-17 10:37:42-INFO-[tdms_reader_time.py:158]-元数据保存: D:/Lab/process/2025.6.20/time\30hz\20250620205501.157457_metadata.json
2025-10-17 10:37:42-INFO-[tdms_reader_time.py:44]-开始处理文件: D:/Lab/raw/2025.6.20\50hz\20250620203954.838344.tdms
2025-10-17 10:37:42-INFO-[tdms_reader_time.py:44]-开始处理文件: D:/Lab/raw/2025.6.20\50hz\20250620203957.759340.tdms
2025-10-17 10:37:42-INFO-[tdms_reader_time.py:71]-处理文件: 20250620203954.838344.tdms, 数据长度: 200000, 通道数: 16
2025-10-17 10:37:42-INFO-[tdms_reader_time.py:79]-使用实际采样间隔: 5e-06 秒
2025-10-17 10:37:42-INFO-[tdms_reader_time.py:92]-使用通道起始时间: 2025-06-20 12:39:53.483955
2025-10-17 10:37:42-INFO-[tdms_reader_time.py:71]-处理文件: 20250620203957.759340.tdms, 数据长度: 200000, 通道数: 16
2025-10-17 10:37:42-INFO-[tdms_reader_time.py:79]-使用实际采样间隔: 5e-06 秒
2025-10-17 10:37:42-INFO-[tdms_reader_time.py:92]-使用通道起始时间: 2025-06-20 12:39:56.408238
2025-10-17 10:37:42-INFO-[tdms_reader_time.py:136]-  已写入 200000/200000 行数据
2025-10-17 10:37:42-INFO-[tdms_reader_time.py:157]-已转换: 20250620205506.866113.tdms -> D:/Lab/process/2025.6.20/time\30hz\20250620205506.866113.csv
2025-10-17 10:37:42-INFO-[tdms_reader_time.py:158]-元数据保存: D:/Lab/process/2025.6.20/time\30hz\20250620205506.866113_metadata.json
2025-10-17 10:37:42-INFO-[tdms_reader_time.py:44]-开始处理文件: D:/Lab/raw/2025.6.20\50hz\20250620204000.623816.tdms
2025-10-17 10:37:43-INFO-[tdms_reader_time.py:136]-  已写入 200000/200000 行数据
2025-10-17 10:37:43-INFO-[tdms_reader_time.py:157]-已转换: 20250620205458.257609.tdms -> D:/Lab/process/2025.6.20/time\30hz\20250620205458.257609.csv
2025-10-17 10:37:43-INFO-[tdms_reader_time.py:158]-元数据保存: D:/Lab/process/2025.6.20/time\30hz\20250620205458.257609_metadata.json
2025-10-17 10:37:43-INFO-[tdms_reader_time.py:44]-开始处理文件: D:/Lab/raw/2025.6.20\50hz\20250620204003.597035.tdms
2025-10-17 10:37:43-INFO-[tdms_reader_time.py:71]-处理文件: 20250620204000.623816.tdms, 数据长度: 200000, 通道数: 16
2025-10-17 10:37:43-INFO-[tdms_reader_time.py:79]-使用实际采样间隔: 5e-06 秒
2025-10-17 10:37:43-INFO-[tdms_reader_time.py:92]-使用通道起始时间: 2025-06-20 12:39:59.267487
2025-10-17 10:37:43-INFO-[tdms_reader_time.py:71]-处理文件: 20250620204003.597035.tdms, 数据长度: 200000, 通道数: 16
2025-10-17 10:37:43-INFO-[tdms_reader_time.py:79]-使用实际采样间隔: 5e-06 秒
2025-10-17 10:37:43-INFO-[tdms_reader_time.py:92]-使用通道起始时间: 2025-06-20 12:40:02.213574
2025-10-17 10:37:43-INFO-[tdms_reader_time.py:136]-  已写入 200000/200000 行数据
2025-10-17 10:37:43-INFO-[tdms_reader_time.py:157]-已转换: 20250620205504.026487.tdms -> D:/Lab/process/2025.6.20/time\30hz\20250620205504.026487.csv
2025-10-17 10:37:43-INFO-[tdms_reader_time.py:158]-元数据保存: D:/Lab/process/2025.6.20/time\30hz\20250620205504.026487_metadata.json
2025-10-17 10:37:43-INFO-[tdms_reader_time.py:44]-开始处理文件: D:/Lab/raw/2025.6.20\50hz\20250620204006.502835.tdms
2025-10-17 10:37:43-INFO-[tdms_reader_time.py:71]-处理文件: 20250620204006.502835.tdms, 数据长度: 200000, 通道数: 16
2025-10-17 10:37:43-INFO-[tdms_reader_time.py:79]-使用实际采样间隔: 5e-06 秒
2025-10-17 10:37:43-INFO-[tdms_reader_time.py:92]-使用通道起始时间: 2025-06-20 12:40:05.143713
2025-10-17 10:37:43-INFO-[tdms_reader_time.py:136]-  已写入 200000/200000 行数据
2025-10-17 10:37:43-INFO-[tdms_reader_time.py:157]-已转换: 20250620205515.474232.tdms -> D:/Lab/process/2025.6.20/time\30hz\20250620205515.474232.csv
2025-10-17 10:37:43-INFO-[tdms_reader_time.py:158]-元数据保存: D:/Lab/process/2025.6.20/time\30hz\20250620205515.474232_metadata.json
2025-10-17 10:37:43-INFO-[tdms_reader_time.py:136]-  已写入 200000/200000 行数据
2025-10-17 10:37:43-INFO-[tdms_reader_time.py:44]-开始处理文件: D:/Lab/raw/2025.6.20\50hz\20250620204009.381570.tdms
2025-10-17 10:37:43-INFO-[tdms_reader_time.py:157]-已转换: 20250620205512.593425.tdms -> D:/Lab/process/2025.6.20/time\30hz\20250620205512.593425.csv
2025-10-17 10:37:43-INFO-[tdms_reader_time.py:158]-元数据保存: D:/Lab/process/2025.6.20/time\30hz\20250620205512.593425_metadata.json
2025-10-17 10:37:43-INFO-[tdms_reader_time.py:71]-处理文件: 20250620204009.381570.tdms, 数据长度: 200000, 通道数: 16
2025-10-17 10:37:43-INFO-[tdms_reader_time.py:136]-  已写入 200000/200000 行数据
2025-10-17 10:37:43-INFO-[tdms_reader_time.py:79]-使用实际采样间隔: 5e-06 秒
2025-10-17 10:37:43-INFO-[tdms_reader_time.py:157]-已转换: 20250620205547.172719.tdms -> D:/Lab/process/2025.6.20/time\30hz\20250620205547.172719.csv
2025-10-17 10:37:43-INFO-[tdms_reader_time.py:92]-使用通道起始时间: 2025-06-20 12:40:08.028342
2025-10-17 10:37:43-INFO-[tdms_reader_time.py:44]-开始处理文件: D:/Lab/raw/2025.6.20\50hz\20250620204012.290275.tdms
2025-10-17 10:37:43-INFO-[tdms_reader_time.py:136]-  已写入 200000/200000 行数据
2025-10-17 10:37:43-INFO-[tdms_reader_time.py:136]-  已写入 200000/200000 行数据
2025-10-17 10:37:43-INFO-[tdms_reader_time.py:158]-元数据保存: D:/Lab/process/2025.6.20/time\30hz\20250620205547.172719_metadata.json
2025-10-17 10:37:43-INFO-[tdms_reader_time.py:157]-已转换: 20250620205518.349068.tdms -> D:/Lab/process/2025.6.20/time\30hz\20250620205518.349068.csv
2025-10-17 10:37:43-INFO-[tdms_reader_time.py:158]-元数据保存: D:/Lab/process/2025.6.20/time\30hz\20250620205518.349068_metadata.json
2025-10-17 10:37:43-INFO-[tdms_reader_time.py:157]-已转换: 20250620205509.740417.tdms -> D:/Lab/process/2025.6.20/time\30hz\20250620205509.740417.csv
2025-10-17 10:37:43-INFO-[tdms_reader_time.py:44]-开始处理文件: D:/Lab/raw/2025.6.20\50hz\20250620204015.172895.tdms
2025-10-17 10:37:43-INFO-[tdms_reader_time.py:44]-开始处理文件: D:/Lab/raw/2025.6.20\50hz\20250620204018.073789.tdms
2025-10-17 10:37:43-INFO-[tdms_reader_time.py:158]-元数据保存: D:/Lab/process/2025.6.20/time\30hz\20250620205509.740417_metadata.json
2025-10-17 10:37:43-INFO-[tdms_reader_time.py:71]-处理文件: 20250620204012.290275.tdms, 数据长度: 200000, 通道数: 16
2025-10-17 10:37:43-INFO-[tdms_reader_time.py:44]-开始处理文件: D:/Lab/raw/2025.6.20\50hz\20250620204020.965725.tdms
2025-10-17 10:37:43-INFO-[tdms_reader_time.py:79]-使用实际采样间隔: 5e-06 秒
2025-10-17 10:37:43-INFO-[tdms_reader_time.py:71]-处理文件: 20250620204015.172895.tdms, 数据长度: 200000, 通道数: 16
2025-10-17 10:37:43-INFO-[tdms_reader_time.py:71]-处理文件: 20250620204018.073789.tdms, 数据长度: 200000, 通道数: 16
2025-10-17 10:37:43-INFO-[tdms_reader_time.py:79]-使用实际采样间隔: 5e-06 秒
2025-10-17 10:37:43-INFO-[tdms_reader_time.py:92]-使用通道起始时间: 2025-06-20 12:40:16.711235
2025-10-17 10:37:43-INFO-[tdms_reader_time.py:71]-处理文件: 20250620204020.965725.tdms, 数据长度: 200000, 通道数: 16
2025-10-17 10:37:43-INFO-[tdms_reader_time.py:79]-使用实际采样间隔: 5e-06 秒
2025-10-17 10:37:43-INFO-[tdms_reader_time.py:92]-使用通道起始时间: 2025-06-20 12:40:10.923739
2025-10-17 10:37:43-INFO-[tdms_reader_time.py:92]-使用通道起始时间: 2025-06-20 12:40:13.811309
2025-10-17 10:37:43-INFO-[tdms_reader_time.py:79]-使用实际采样间隔: 5e-06 秒
2025-10-17 10:37:43-INFO-[tdms_reader_time.py:136]-  已写入 200000/200000 行数据
2025-10-17 10:37:43-INFO-[tdms_reader_time.py:92]-使用通道起始时间: 2025-06-20 12:40:19.611645
2025-10-17 10:37:43-INFO-[tdms_reader_time.py:157]-已转换: 20250620205521.206456.tdms -> D:/Lab/process/2025.6.20/time\30hz\20250620205521.206456.csv
2025-10-17 10:37:43-INFO-[tdms_reader_time.py:158]-元数据保存: D:/Lab/process/2025.6.20/time\30hz\20250620205521.206456_metadata.json
2025-10-17 10:37:43-INFO-[tdms_reader_time.py:44]-开始处理文件: D:/Lab/raw/2025.6.20\50hz\20250620204023.874951.tdms
2025-10-17 10:37:43-INFO-[tdms_reader_time.py:136]-  已写入 200000/200000 行数据
2025-10-17 10:37:43-INFO-[tdms_reader_time.py:157]-已转换: 20250620205524.067070.tdms -> D:/Lab/process/2025.6.20/time\30hz\20250620205524.067070.csv
2025-10-17 10:37:43-INFO-[tdms_reader_time.py:158]-元数据保存: D:/Lab/process/2025.6.20/time\30hz\20250620205524.067070_metadata.json
2025-10-17 10:37:43-INFO-[tdms_reader_time.py:71]-处理文件: 20250620204023.874951.tdms, 数据长度: 200000, 通道数: 16
2025-10-17 10:37:43-INFO-[tdms_reader_time.py:79]-使用实际采样间隔: 5e-06 秒
2025-10-17 10:37:43-INFO-[tdms_reader_time.py:44]-开始处理文件: D:/Lab/raw/2025.6.20\50hz\20250620204026.769314.tdms
2025-10-17 10:37:43-INFO-[tdms_reader_time.py:92]-使用通道起始时间: 2025-06-20 12:40:22.523580
2025-10-17 10:37:43-INFO-[tdms_reader_time.py:136]-  已写入 200000/200000 行数据
2025-10-17 10:37:43-INFO-[tdms_reader_time.py:71]-处理文件: 20250620204026.769314.tdms, 数据长度: 200000, 通道数: 16
2025-10-17 10:37:43-INFO-[tdms_reader_time.py:79]-使用实际采样间隔: 5e-06 秒
2025-10-17 10:37:43-INFO-[tdms_reader_time.py:92]-使用通道起始时间: 2025-06-20 12:40:25.409663
2025-10-17 10:37:43-INFO-[tdms_reader_time.py:136]-  已写入 200000/200000 行数据
2025-10-17 10:37:43-INFO-[tdms_reader_time.py:136]-  已写入 200000/200000 行数据
2025-10-17 10:37:43-INFO-[tdms_reader_time.py:157]-已转换: 20250620205532.720182.tdms -> D:/Lab/process/2025.6.20/time\30hz\20250620205532.720182.csv
2025-10-17 10:37:43-INFO-[tdms_reader_time.py:157]-已转换: 20250620205550.074166.tdms -> D:/Lab/process/2025.6.20/time\30hz\20250620205550.074166.csv
2025-10-17 10:37:43-INFO-[tdms_reader_time.py:158]-元数据保存: D:/Lab/process/2025.6.20/time\30hz\20250620205532.720182_metadata.json
2025-10-17 10:37:43-INFO-[tdms_reader_time.py:158]-元数据保存: D:/Lab/process/2025.6.20/time\30hz\20250620205550.074166_metadata.json
2025-10-17 10:37:43-INFO-[tdms_reader_time.py:157]-已转换: 20250620205526.960472.tdms -> D:/Lab/process/2025.6.20/time\30hz\20250620205526.960472.csv
2025-10-17 10:37:43-INFO-[tdms_reader_time.py:158]-元数据保存: D:/Lab/process/2025.6.20/time\30hz\20250620205526.960472_metadata.json
2025-10-17 10:37:43-INFO-[tdms_reader_time.py:136]-  已写入 200000/200000 行数据
2025-10-17 10:37:43-INFO-[tdms_reader_time.py:157]-已转换: 20250620205555.848733.tdms -> D:/Lab/process/2025.6.20/time\30hz\20250620205555.848733.csv
2025-10-17 10:37:43-INFO-[tdms_reader_time.py:44]-开始处理文件: D:/Lab/raw/2025.6.20\50hz\20250620204029.679945.tdms
2025-10-17 10:37:43-INFO-[tdms_reader_time.py:158]-元数据保存: D:/Lab/process/2025.6.20/time\30hz\20250620205555.848733_metadata.json
2025-10-17 10:37:43-INFO-[tdms_reader_time.py:44]-开始处理文件: D:/Lab/raw/2025.6.20\50hz\20250620204032.660249.tdms
2025-10-17 10:37:43-INFO-[tdms_reader_time.py:44]-开始处理文件: D:/Lab/raw/2025.6.20\50hz\20250620204035.578939.tdms
2025-10-17 10:37:43-INFO-[tdms_reader_time.py:136]-  已写入 200000/200000 行数据
2025-10-17 10:37:43-INFO-[tdms_reader_time.py:44]-开始处理文件: D:/Lab/raw/2025.6.20\50hz\20250620204038.547364.tdms
2025-10-17 10:37:43-INFO-[tdms_reader_time.py:157]-已转换: 20250620205601.429140.tdms -> D:/Lab/process/2025.6.20/time\30hz\20250620205601.429140.csv
2025-10-17 10:37:43-INFO-[tdms_reader_time.py:136]-  已写入 200000/200000 行数据
2025-10-17 10:37:43-INFO-[tdms_reader_time.py:158]-元数据保存: D:/Lab/process/2025.6.20/time\30hz\20250620205601.429140_metadata.json
2025-10-17 10:37:43-INFO-[tdms_reader_time.py:136]-  已写入 200000/200000 行数据
2025-10-17 10:37:43-INFO-[tdms_reader_time.py:157]-已转换: 20250620205538.511375.tdms -> D:/Lab/process/2025.6.20/time\30hz\20250620205538.511375.csv
2025-10-17 10:37:43-INFO-[tdms_reader_time.py:71]-处理文件: 20250620204035.578939.tdms, 数据长度: 200000, 通道数: 16
2025-10-17 10:37:43-INFO-[tdms_reader_time.py:71]-处理文件: 20250620204032.660249.tdms, 数据长度: 200000, 通道数: 16
2025-10-17 10:37:43-INFO-[tdms_reader_time.py:157]-已转换: 20250620205529.836771.tdms -> D:/Lab/process/2025.6.20/time\30hz\20250620205529.836771.csv
2025-10-17 10:37:43-INFO-[tdms_reader_time.py:79]-使用实际采样间隔: 5e-06 秒
2025-10-17 10:37:43-INFO-[tdms_reader_time.py:92]-使用通道起始时间: 2025-06-20 12:40:31.269728
2025-10-17 10:37:43-INFO-[tdms_reader_time.py:71]-处理文件: 20250620204029.679945.tdms, 数据长度: 200000, 通道数: 16
2025-10-17 10:37:43-INFO-[tdms_reader_time.py:158]-元数据保存: D:/Lab/process/2025.6.20/time\30hz\20250620205538.511375_metadata.json
2025-10-17 10:37:43-INFO-[tdms_reader_time.py:79]-使用实际采样间隔: 5e-06 秒
2025-10-17 10:37:43-INFO-[tdms_reader_time.py:71]-处理文件: 20250620204038.547364.tdms, 数据长度: 200000, 通道数: 16
2025-10-17 10:37:43-INFO-[tdms_reader_time.py:92]-使用通道起始时间: 2025-06-20 12:40:34.212728
2025-10-17 10:37:43-INFO-[tdms_reader_time.py:79]-使用实际采样间隔: 5e-06 秒
2025-10-17 10:37:43-INFO-[tdms_reader_time.py:158]-元数据保存: D:/Lab/process/2025.6.20/time\30hz\20250620205529.836771_metadata.json
2025-10-17 10:37:43-INFO-[tdms_reader_time.py:79]-使用实际采样间隔: 5e-06 秒
2025-10-17 10:37:43-INFO-[tdms_reader_time.py:92]-使用通道起始时间: 2025-06-20 12:40:37.143602
2025-10-17 10:37:43-INFO-[tdms_reader_time.py:92]-使用通道起始时间: 2025-06-20 12:40:28.287687
2025-10-17 10:37:43-INFO-[tdms_reader_time.py:44]-开始处理文件: D:/Lab/raw/2025.6.20\50hz\20250620204041.503131.tdms
2025-10-17 10:37:43-INFO-[tdms_reader_time.py:136]-  已写入 200000/200000 行数据
2025-10-17 10:37:43-INFO-[tdms_reader_time.py:157]-已转换: 20250620205552.959105.tdms -> D:/Lab/process/2025.6.20/time\30hz\20250620205552.959105.csv
2025-10-17 10:37:43-INFO-[tdms_reader_time.py:136]-  已写入 200000/200000 行数据
2025-10-17 10:37:43-INFO-[tdms_reader_time.py:158]-元数据保存: D:/Lab/process/2025.6.20/time\30hz\20250620205552.959105_metadata.json
2025-10-17 10:37:43-INFO-[tdms_reader_time.py:44]-开始处理文件: D:/Lab/raw/2025.6.20\50hz\20250620204044.399715.tdms
2025-10-17 10:37:43-INFO-[tdms_reader_time.py:157]-已转换: 20250620203946.014336.tdms -> D:/Lab/process/2025.6.20/time\50hz\20250620203946.014336.csv
2025-10-17 10:37:43-INFO-[tdms_reader_time.py:44]-开始处理文件: D:/Lab/raw/2025.6.20\50hz\20250620204047.316458.tdms
2025-10-17 10:37:43-INFO-[tdms_reader_time.py:158]-元数据保存: D:/Lab/process/2025.6.20/time\50hz\20250620203946.014336_metadata.json
2025-10-17 10:37:43-INFO-[tdms_reader_time.py:136]-  已写入 200000/200000 行数据
2025-10-17 10:37:43-INFO-[tdms_reader_time.py:44]-开始处理文件: D:/Lab/raw/2025.6.20\back\20250620194612.368512.tdms
2025-10-17 10:37:43-INFO-[tdms_reader_time.py:71]-处理文件: 20250620204041.503131.tdms, 数据长度: 200000, 通道数: 16
2025-10-17 10:37:43-INFO-[tdms_reader_time.py:157]-已转换: 20250620203943.117518.tdms -> D:/Lab/process/2025.6.20/time\50hz\20250620203943.117518.csv
2025-10-17 10:37:43-INFO-[tdms_reader_time.py:44]-开始处理文件: D:/Lab/raw/2025.6.20\back\20250620194615.280443.tdms
2025-10-17 10:37:43-INFO-[tdms_reader_time.py:158]-元数据保存: D:/Lab/process/2025.6.20/time\50hz\20250620203943.117518_metadata.json
2025-10-17 10:37:43-INFO-[tdms_reader_time.py:79]-使用实际采样间隔: 5e-06 秒
2025-10-17 10:37:43-INFO-[tdms_reader_time.py:71]-处理文件: 20250620204047.316458.tdms, 数据长度: 200000, 通道数: 16
2025-10-17 10:37:43-INFO-[tdms_reader_time.py:92]-使用通道起始时间: 2025-06-20 12:40:40.125991
2025-10-17 10:37:43-INFO-[tdms_reader_time.py:79]-使用实际采样间隔: 5e-06 秒
2025-10-17 10:37:43-INFO-[tdms_reader_time.py:92]-使用通道起始时间: 2025-06-20 12:40:45.960360
2025-10-17 10:37:43-INFO-[tdms_reader_time.py:71]-处理文件: 20250620204044.399715.tdms, 数据长度: 200000, 通道数: 16
2025-10-17 10:37:43-INFO-[tdms_reader_time.py:79]-使用实际采样间隔: 5e-06 秒
2025-10-17 10:37:43-INFO-[tdms_reader_time.py:92]-使用通道起始时间: 2025-06-20 12:40:43.032670
2025-10-17 10:37:43-INFO-[tdms_reader_time.py:136]-  已写入 200000/200000 行数据
2025-10-17 10:37:43-INFO-[tdms_reader_time.py:157]-已转换: 20250620205558.740427.tdms -> D:/Lab/process/2025.6.20/time\30hz\20250620205558.740427.csv
2025-10-17 10:37:43-INFO-[tdms_reader_time.py:136]-  已写入 200000/200000 行数据
2025-10-17 10:37:43-INFO-[tdms_reader_time.py:71]-处理文件: 20250620194612.368512.tdms, 数据长度: 200000, 通道数: 16
2025-10-17 10:37:43-INFO-[tdms_reader_time.py:158]-元数据保存: D:/Lab/process/2025.6.20/time\30hz\20250620205558.740427_metadata.json
2025-10-17 10:37:43-INFO-[tdms_reader_time.py:79]-使用实际采样间隔: 5e-06 秒
2025-10-17 10:37:43-INFO-[tdms_reader_time.py:92]-使用通道起始时间: 2025-06-20 11:46:11.001639
2025-10-17 10:37:43-INFO-[tdms_reader_time.py:157]-已转换: 20250620205541.382788.tdms -> D:/Lab/process/2025.6.20/time\30hz\20250620205541.382788.csv
2025-10-17 10:37:43-INFO-[tdms_reader_time.py:158]-元数据保存: D:/Lab/process/2025.6.20/time\30hz\20250620205541.382788_metadata.json
2025-10-17 10:37:43-INFO-[tdms_reader_time.py:44]-开始处理文件: D:/Lab/raw/2025.6.20\back\20250620194618.181950.tdms
2025-10-17 10:37:43-INFO-[tdms_reader_time.py:71]-处理文件: 20250620194615.280443.tdms, 数据长度: 200000, 通道数: 16
2025-10-17 10:37:44-INFO-[tdms_reader_time.py:44]-开始处理文件: D:/Lab/raw/2025.6.20\back\20250620194621.140929.tdms
2025-10-17 10:37:44-INFO-[tdms_reader_time.py:79]-使用实际采样间隔: 5e-06 秒
2025-10-17 10:37:44-INFO-[tdms_reader_time.py:136]-  已写入 200000/200000 行数据
2025-10-17 10:37:44-INFO-[tdms_reader_time.py:44]-开始处理文件: D:/Lab/raw/2025.6.20\back\20250620194624.055741.tdms
2025-10-17 10:37:44-INFO-[tdms_reader_time.py:136]-  已写入 200000/200000 行数据
2025-10-17 10:37:44-INFO-[tdms_reader_time.py:157]-已转换: 20250620203948.997384.tdms -> D:/Lab/process/2025.6.20/time\50hz\20250620203948.997384.csv
2025-10-17 10:37:44-INFO-[tdms_reader_time.py:157]-已转换: 20250620205544.253550.tdms -> D:/Lab/process/2025.6.20/time\30hz\20250620205544.253550.csv
2025-10-17 10:37:44-INFO-[tdms_reader_time.py:158]-元数据保存: D:/Lab/process/2025.6.20/time\30hz\20250620205544.253550_metadata.json
2025-10-17 10:37:44-INFO-[tdms_reader_time.py:92]-使用通道起始时间: 2025-06-20 11:46:13.891491
2025-10-17 10:37:44-INFO-[tdms_reader_time.py:158]-元数据保存: D:/Lab/process/2025.6.20/time\50hz\20250620203948.997384_metadata.json
2025-10-17 10:37:44-INFO-[tdms_reader_time.py:136]-  已写入 200000/200000 行数据
2025-10-17 10:37:44-INFO-[tdms_reader_time.py:71]-处理文件: 20250620194618.181950.tdms, 数据长度: 200000, 通道数: 16
2025-10-17 10:37:44-INFO-[tdms_reader_time.py:157]-已转换: 20250620205535.616021.tdms -> D:/Lab/process/2025.6.20/time\30hz\20250620205535.616021.csv
2025-10-17 10:37:44-INFO-[tdms_reader_time.py:44]-开始处理文件: D:/Lab/raw/2025.6.20\back\20250620194626.920608.tdms
2025-10-17 10:37:44-INFO-[tdms_reader_time.py:92]-使用通道起始时间: 2025-06-20 11:46:16.814146
2025-10-17 10:37:44-INFO-[tdms_reader_time.py:158]-元数据保存: D:/Lab/process/2025.6.20/time\30hz\20250620205535.616021_metadata.json
2025-10-17 10:37:44-INFO-[tdms_reader_time.py:71]-处理文件: 20250620194621.140929.tdms, 数据长度: 200000, 通道数: 16
2025-10-17 10:37:44-INFO-[tdms_reader_time.py:71]-处理文件: 20250620194624.055741.tdms, 数据长度: 200000, 通道数: 16
2025-10-17 10:37:44-INFO-[tdms_reader_time.py:44]-开始处理文件: D:/Lab/raw/2025.6.20\back\20250620194629.813220.tdms
2025-10-17 10:37:44-INFO-[tdms_reader_time.py:79]-使用实际采样间隔: 5e-06 秒
2025-10-17 10:37:44-INFO-[tdms_reader_time.py:79]-使用实际采样间隔: 5e-06 秒
2025-10-17 10:37:44-INFO-[tdms_reader_time.py:44]-开始处理文件: D:/Lab/raw/2025.6.20\back\20250620194632.691684.tdms
2025-10-17 10:37:44-INFO-[tdms_reader_time.py:92]-使用通道起始时间: 2025-06-20 11:46:19.766456
2025-10-17 10:37:44-INFO-[tdms_reader_time.py:92]-使用通道起始时间: 2025-06-20 11:46:22.697196
2025-10-17 10:37:44-INFO-[tdms_reader_time.py:71]-处理文件: 20250620194626.920608.tdms, 数据长度: 200000, 通道数: 16
2025-10-17 10:37:44-INFO-[tdms_reader_time.py:136]-  已写入 200000/200000 行数据
2025-10-17 10:37:44-INFO-[tdms_reader_time.py:157]-已转换: 20250620203951.928351.tdms -> D:/Lab/process/2025.6.20/time\50hz\20250620203951.928351.csv
2025-10-17 10:37:44-INFO-[tdms_reader_time.py:158]-元数据保存: D:/Lab/process/2025.6.20/time\50hz\20250620203951.928351_metadata.json
2025-10-17 10:37:44-INFO-[tdms_reader_time.py:79]-使用实际采样间隔: 5e-06 秒
2025-10-17 10:37:44-INFO-[tdms_reader_time.py:92]-使用通道起始时间: 2025-06-20 11:46:25.564345
2025-10-17 10:37:44-INFO-[tdms_reader_time.py:71]-处理文件: 20250620194629.813220.tdms, 数据长度: 200000, 通道数: 16
2025-10-17 10:37:44-INFO-[tdms_reader_time.py:79]-使用实际采样间隔: 5e-06 秒
2025-10-17 10:37:44-INFO-[tdms_reader_time.py:44]-开始处理文件: D:/Lab/raw/2025.6.20\back\20250620194635.587857.tdms
2025-10-17 10:37:44-INFO-[tdms_reader_time.py:92]-使用通道起始时间: 2025-06-20 11:46:28.459063
2025-10-17 10:37:44-INFO-[tdms_reader_time.py:71]-处理文件: 20250620194632.691684.tdms, 数据长度: 200000, 通道数: 16
2025-10-17 10:37:44-INFO-[tdms_reader_time.py:79]-使用实际采样间隔: 5e-06 秒
2025-10-17 10:37:44-INFO-[tdms_reader_time.py:92]-使用通道起始时间: 2025-06-20 11:46:31.329261
2025-10-17 10:37:44-INFO-[tdms_reader_time.py:71]-处理文件: 20250620194635.587857.tdms, 数据长度: 200000, 通道数: 16
2025-10-17 10:37:44-INFO-[tdms_reader_time.py:79]-使用实际采样间隔: 5e-06 秒
2025-10-17 10:37:44-INFO-[tdms_reader_time.py:92]-使用通道起始时间: 2025-06-20 11:46:34.234615
2025-10-17 10:37:46-INFO-[tdms_reader_time.py:136]-  已写入 100000/200000 行数据
2025-10-17 10:37:46-INFO-[tdms_reader_time.py:136]-  已写入 100000/200000 行数据
2025-10-17 10:37:46-INFO-[tdms_reader_time.py:136]-  已写入 100000/200000 行数据
2025-10-17 10:37:46-INFO-[tdms_reader_time.py:136]-  已写入 100000/200000 行数据
2025-10-17 10:37:46-INFO-[tdms_reader_time.py:136]-  已写入 100000/200000 行数据
2025-10-17 10:37:46-INFO-[tdms_reader_time.py:136]-  已写入 100000/200000 行数据
2025-10-17 10:37:47-INFO-[tdms_reader_time.py:136]-  已写入 100000/200000 行数据
2025-10-17 10:37:47-INFO-[tdms_reader_time.py:136]-  已写入 100000/200000 行数据
2025-10-17 10:37:47-INFO-[tdms_reader_time.py:136]-  已写入 100000/200000 行数据
2025-10-17 10:37:47-INFO-[tdms_reader_time.py:136]-  已写入 100000/200000 行数据
2025-10-17 10:37:47-INFO-[tdms_reader_time.py:136]-  已写入 100000/200000 行数据
2025-10-17 10:37:47-INFO-[tdms_reader_time.py:136]-  已写入 100000/200000 行数据
2025-10-17 10:37:47-INFO-[tdms_reader_time.py:136]-  已写入 100000/200000 行数据
2025-10-17 10:37:47-INFO-[tdms_reader_time.py:136]-  已写入 100000/200000 行数据
2025-10-17 10:37:47-INFO-[tdms_reader_time.py:136]-  已写入 100000/200000 行数据
2025-10-17 10:37:47-INFO-[tdms_reader_time.py:136]-  已写入 100000/200000 行数据
2025-10-17 10:37:47-INFO-[tdms_reader_time.py:136]-  已写入 100000/200000 行数据
2025-10-17 10:37:47-INFO-[tdms_reader_time.py:136]-  已写入 100000/200000 行数据
2025-10-17 10:37:47-INFO-[tdms_reader_time.py:136]-  已写入 100000/200000 行数据
2025-10-17 10:37:47-INFO-[tdms_reader_time.py:136]-  已写入 100000/200000 行数据
2025-10-17 10:37:47-INFO-[tdms_reader_time.py:136]-  已写入 100000/200000 行数据
2025-10-17 10:37:47-INFO-[tdms_reader_time.py:136]-  已写入 100000/200000 行数据
2025-10-17 10:37:47-INFO-[tdms_reader_time.py:136]-  已写入 100000/200000 行数据
2025-10-17 10:37:47-INFO-[tdms_reader_time.py:136]-  已写入 100000/200000 行数据
2025-10-17 10:37:47-INFO-[tdms_reader_time.py:136]-  已写入 100000/200000 行数据
2025-10-17 10:37:47-INFO-[tdms_reader_time.py:136]-  已写入 100000/200000 行数据
2025-10-17 10:37:47-INFO-[tdms_reader_time.py:136]-  已写入 100000/200000 行数据
2025-10-17 10:37:47-INFO-[tdms_reader_time.py:136]-  已写入 100000/200000 行数据
2025-10-17 10:37:49-INFO-[tdms_reader_time.py:136]-  已写入 200000/200000 行数据
2025-10-17 10:37:49-INFO-[tdms_reader_time.py:157]-已转换: 20250620203954.838344.tdms -> D:/Lab/process/2025.6.20/time\50hz\20250620203954.838344.csv
2025-10-17 10:37:49-INFO-[tdms_reader_time.py:158]-元数据保存: D:/Lab/process/2025.6.20/time\50hz\20250620203954.838344_metadata.json
2025-10-17 10:37:49-INFO-[tdms_reader_time.py:44]-开始处理文件: D:/Lab/raw/2025.6.20\back\20250620194638.548843.tdms
2025-10-17 10:37:49-INFO-[tdms_reader_time.py:136]-  已写入 200000/200000 行数据
2025-10-17 10:37:49-INFO-[tdms_reader_time.py:157]-已转换: 20250620203957.759340.tdms -> D:/Lab/process/2025.6.20/time\50hz\20250620203957.759340.csv
2025-10-17 10:37:49-INFO-[tdms_reader_time.py:158]-元数据保存: D:/Lab/process/2025.6.20/time\50hz\20250620203957.759340_metadata.json
2025-10-17 10:37:49-INFO-[tdms_reader_time.py:71]-处理文件: 20250620194638.548843.tdms, 数据长度: 200000, 通道数: 16
2025-10-17 10:37:49-INFO-[tdms_reader_time.py:79]-使用实际采样间隔: 5e-06 秒
2025-10-17 10:37:49-INFO-[tdms_reader_time.py:92]-使用通道起始时间: 2025-06-20 11:46:37.105886
2025-10-17 10:37:49-INFO-[tdms_reader_time.py:44]-开始处理文件: D:/Lab/raw/2025.6.20\back\20250620194641.451865.tdms
2025-10-17 10:37:49-INFO-[tdms_reader_time.py:71]-处理文件: 20250620194641.451865.tdms, 数据长度: 200000, 通道数: 16
2025-10-17 10:37:49-INFO-[tdms_reader_time.py:79]-使用实际采样间隔: 5e-06 秒
2025-10-17 10:37:50-INFO-[tdms_reader_time.py:92]-使用通道起始时间: 2025-06-20 11:46:40.090155
2025-10-17 10:37:50-INFO-[tdms_reader_time.py:136]-  已写入 200000/200000 行数据
2025-10-17 10:37:50-INFO-[tdms_reader_time.py:157]-已转换: 20250620204000.623816.tdms -> D:/Lab/process/2025.6.20/time\50hz\20250620204000.623816.csv
2025-10-17 10:37:50-INFO-[tdms_reader_time.py:158]-元数据保存: D:/Lab/process/2025.6.20/time\50hz\20250620204000.623816_metadata.json
2025-10-17 10:37:50-INFO-[tdms_reader_time.py:44]-开始处理文件: D:/Lab/raw/2025.6.20\back\20250620194644.379134.tdms
2025-10-17 10:37:50-INFO-[tdms_reader_time.py:71]-处理文件: 20250620194644.379134.tdms, 数据长度: 200000, 通道数: 16
2025-10-17 10:37:50-INFO-[tdms_reader_time.py:79]-使用实际采样间隔: 5e-06 秒
2025-10-17 10:37:50-INFO-[tdms_reader_time.py:92]-使用通道起始时间: 2025-06-20 11:46:43.008657
2025-10-17 10:37:50-INFO-[tdms_reader_time.py:136]-  已写入 200000/200000 行数据
2025-10-17 10:37:50-INFO-[tdms_reader_time.py:157]-已转换: 20250620204003.597035.tdms -> D:/Lab/process/2025.6.20/time\50hz\20250620204003.597035.csv
2025-10-17 10:37:50-INFO-[tdms_reader_time.py:158]-元数据保存: D:/Lab/process/2025.6.20/time\50hz\20250620204003.597035_metadata.json
2025-10-17 10:37:50-INFO-[tdms_reader_time.py:44]-开始处理文件: D:/Lab/raw/2025.6.20\back\20250620194647.302328.tdms
2025-10-17 10:37:50-INFO-[tdms_reader_time.py:136]-  已写入 200000/200000 行数据
2025-10-17 10:37:50-INFO-[tdms_reader_time.py:136]-  已写入 200000/200000 行数据
2025-10-17 10:37:50-INFO-[tdms_reader_time.py:157]-已转换: 20250620204009.381570.tdms -> D:/Lab/process/2025.6.20/time\50hz\20250620204009.381570.csv
2025-10-17 10:37:50-INFO-[tdms_reader_time.py:157]-已转换: 20250620204006.502835.tdms -> D:/Lab/process/2025.6.20/time\50hz\20250620204006.502835.csv
2025-10-17 10:37:50-INFO-[tdms_reader_time.py:158]-元数据保存: D:/Lab/process/2025.6.20/time\50hz\20250620204009.381570_metadata.json
2025-10-17 10:37:50-INFO-[tdms_reader_time.py:158]-元数据保存: D:/Lab/process/2025.6.20/time\50hz\20250620204006.502835_metadata.json
2025-10-17 10:37:50-INFO-[tdms_reader_time.py:44]-开始处理文件: D:/Lab/raw/2025.6.20\back\20250620194650.211108.tdms
2025-10-17 10:37:50-INFO-[tdms_reader_time.py:44]-开始处理文件: D:/Lab/raw/2025.6.20\back\20250620194653.136268.tdms
2025-10-17 10:37:50-INFO-[tdms_reader_time.py:71]-处理文件: 20250620194647.302328.tdms, 数据长度: 200000, 通道数: 16
2025-10-17 10:37:50-INFO-[tdms_reader_time.py:79]-使用实际采样间隔: 5e-06 秒
2025-10-17 10:37:50-INFO-[tdms_reader_time.py:92]-使用通道起始时间: 2025-06-20 11:46:45.938580
2025-10-17 10:37:50-INFO-[tdms_reader_time.py:71]-处理文件: 20250620194653.136268.tdms, 数据长度: 200000, 通道数: 16
2025-10-17 10:37:50-INFO-[tdms_reader_time.py:79]-使用实际采样间隔: 5e-06 秒
2025-10-17 10:37:50-INFO-[tdms_reader_time.py:92]-使用通道起始时间: 2025-06-20 11:46:51.773563
2025-10-17 10:37:50-INFO-[tdms_reader_time.py:71]-处理文件: 20250620194650.211108.tdms, 数据长度: 200000, 通道数: 16
2025-10-17 10:37:50-INFO-[tdms_reader_time.py:79]-使用实际采样间隔: 5e-06 秒
2025-10-17 10:37:50-INFO-[tdms_reader_time.py:92]-使用通道起始时间: 2025-06-20 11:46:48.832746
2025-10-17 10:37:50-INFO-[tdms_reader_time.py:136]-  已写入 200000/200000 行数据
2025-10-17 10:37:50-INFO-[tdms_reader_time.py:157]-已转换: 20250620204012.290275.tdms -> D:/Lab/process/2025.6.20/time\50hz\20250620204012.290275.csv
2025-10-17 10:37:50-INFO-[tdms_reader_time.py:158]-元数据保存: D:/Lab/process/2025.6.20/time\50hz\20250620204012.290275_metadata.json
2025-10-17 10:37:50-INFO-[tdms_reader_time.py:44]-开始处理文件: D:/Lab/raw/2025.6.20\back\20250620194656.041305.tdms
2025-10-17 10:37:50-INFO-[tdms_reader_time.py:71]-处理文件: 20250620194656.041305.tdms, 数据长度: 200000, 通道数: 16
2025-10-17 10:37:50-INFO-[tdms_reader_time.py:79]-使用实际采样间隔: 5e-06 秒
2025-10-17 10:37:50-INFO-[tdms_reader_time.py:92]-使用通道起始时间: 2025-06-20 11:46:54.678582
2025-10-17 10:37:50-INFO-[tdms_reader_time.py:136]-  已写入 200000/200000 行数据
2025-10-17 10:37:50-INFO-[tdms_reader_time.py:157]-已转换: 20250620204018.073789.tdms -> D:/Lab/process/2025.6.20/time\50hz\20250620204018.073789.csv
2025-10-17 10:37:50-INFO-[tdms_reader_time.py:158]-元数据保存: D:/Lab/process/2025.6.20/time\50hz\20250620204018.073789_metadata.json
2025-10-17 10:37:50-INFO-[tdms_reader_time.py:44]-开始处理文件: D:/Lab/raw/2025.6.20\back\20250620194659.052610.tdms
2025-10-17 10:37:50-INFO-[tdms_reader_time.py:136]-  已写入 200000/200000 行数据
2025-10-17 10:37:50-INFO-[tdms_reader_time.py:71]-处理文件: 20250620194659.052610.tdms, 数据长度: 200000, 通道数: 16
2025-10-17 10:37:50-INFO-[tdms_reader_time.py:157]-已转换: 20250620204015.172895.tdms -> D:/Lab/process/2025.6.20/time\50hz\20250620204015.172895.csv
2025-10-17 10:37:50-INFO-[tdms_reader_time.py:79]-使用实际采样间隔: 5e-06 秒
2025-10-17 10:37:50-INFO-[tdms_reader_time.py:92]-使用通道起始时间: 2025-06-20 11:46:57.675268
2025-10-17 10:37:50-INFO-[tdms_reader_time.py:158]-元数据保存: D:/Lab/process/2025.6.20/time\50hz\20250620204015.172895_metadata.json
2025-10-17 10:37:50-INFO-[tdms_reader_time.py:44]-开始处理文件: D:/Lab/raw/2025.6.20\back\20250620194702.006214.tdms
2025-10-17 10:37:50-INFO-[tdms_reader_time.py:71]-处理文件: 20250620194702.006214.tdms, 数据长度: 200000, 通道数: 16
2025-10-17 10:37:50-INFO-[tdms_reader_time.py:79]-使用实际采样间隔: 5e-06 秒
2025-10-17 10:37:50-INFO-[tdms_reader_time.py:92]-使用通道起始时间: 2025-06-20 11:47:00.643072
2025-10-17 10:37:50-INFO-[tdms_reader_time.py:136]-  已写入 200000/200000 行数据
2025-10-17 10:37:50-INFO-[tdms_reader_time.py:157]-已转换: 20250620204029.679945.tdms -> D:/Lab/process/2025.6.20/time\50hz\20250620204029.679945.csv
2025-10-17 10:37:50-INFO-[tdms_reader_time.py:158]-元数据保存: D:/Lab/process/2025.6.20/time\50hz\20250620204029.679945_metadata.json
2025-10-17 10:37:50-INFO-[tdms_reader_time.py:44]-开始处理文件: D:/Lab/raw/2025.6.20\back\20250620194704.911499.tdms
2025-10-17 10:37:50-INFO-[tdms_reader_time.py:136]-  已写入 200000/200000 行数据
2025-10-17 10:37:50-INFO-[tdms_reader_time.py:157]-已转换: 20250620204032.660249.tdms -> D:/Lab/process/2025.6.20/time\50hz\20250620204032.660249.csv
2025-10-17 10:37:50-INFO-[tdms_reader_time.py:136]-  已写入 200000/200000 行数据
2025-10-17 10:37:50-INFO-[tdms_reader_time.py:158]-元数据保存: D:/Lab/process/2025.6.20/time\50hz\20250620204032.660249_metadata.json
2025-10-17 10:37:50-INFO-[tdms_reader_time.py:157]-已转换: 20250620204026.769314.tdms -> D:/Lab/process/2025.6.20/time\50hz\20250620204026.769314.csv
2025-10-17 10:37:50-INFO-[tdms_reader_time.py:158]-元数据保存: D:/Lab/process/2025.6.20/time\50hz\20250620204026.769314_metadata.json
2025-10-17 10:37:50-INFO-[tdms_reader_time.py:71]-处理文件: 20250620194704.911499.tdms, 数据长度: 200000, 通道数: 16
2025-10-17 10:37:50-INFO-[tdms_reader_time.py:44]-开始处理文件: D:/Lab/raw/2025.6.20\back\20250620194707.790523.tdms
2025-10-17 10:37:50-INFO-[tdms_reader_time.py:44]-开始处理文件: D:/Lab/raw/2025.6.20\back\20250620194710.704633.tdms
2025-10-17 10:37:50-INFO-[tdms_reader_time.py:79]-使用实际采样间隔: 5e-06 秒
2025-10-17 10:37:50-INFO-[tdms_reader_time.py:136]-  已写入 200000/200000 行数据
2025-10-17 10:37:50-INFO-[tdms_reader_time.py:92]-使用通道起始时间: 2025-06-20 11:47:03.537446
2025-10-17 10:37:50-INFO-[tdms_reader_time.py:136]-  已写入 200000/200000 行数据
2025-10-17 10:37:50-INFO-[tdms_reader_time.py:157]-已转换: 20250620204023.874951.tdms -> D:/Lab/process/2025.6.20/time\50hz\20250620204023.874951.csv
2025-10-17 10:37:50-INFO-[tdms_reader_time.py:71]-处理文件: 20250620194707.790523.tdms, 数据长度: 200000, 通道数: 16
2025-10-17 10:37:50-INFO-[tdms_reader_time.py:157]-已转换: 20250620204020.965725.tdms -> D:/Lab/process/2025.6.20/time\50hz\20250620204020.965725.csv
2025-10-17 10:37:50-INFO-[tdms_reader_time.py:158]-元数据保存: D:/Lab/process/2025.6.20/time\50hz\20250620204020.965725_metadata.json
2025-10-17 10:37:50-INFO-[tdms_reader_time.py:71]-处理文件: 20250620194710.704633.tdms, 数据长度: 200000, 通道数: 16
2025-10-17 10:37:50-INFO-[tdms_reader_time.py:158]-元数据保存: D:/Lab/process/2025.6.20/time\50hz\20250620204023.874951_metadata.json
2025-10-17 10:37:50-INFO-[tdms_reader_time.py:79]-使用实际采样间隔: 5e-06 秒
2025-10-17 10:37:50-INFO-[tdms_reader_time.py:79]-使用实际采样间隔: 5e-06 秒
2025-10-17 10:37:50-INFO-[tdms_reader_time.py:92]-使用通道起始时间: 2025-06-20 11:47:09.329059
2025-10-17 10:37:50-INFO-[tdms_reader_time.py:92]-使用通道起始时间: 2025-06-20 11:47:06.423161
2025-10-17 10:37:50-INFO-[tdms_reader_time.py:136]-  已写入 200000/200000 行数据
2025-10-17 10:37:50-INFO-[tdms_reader_time.py:44]-开始处理文件: D:/Lab/raw/2025.6.20\back\20250620194713.610034.tdms
2025-10-17 10:37:50-INFO-[tdms_reader_time.py:44]-开始处理文件: D:/Lab/raw/2025.6.20\back\20250620194716.530521.tdms
2025-10-17 10:37:50-INFO-[tdms_reader_time.py:157]-已转换: 20250620204044.399715.tdms -> D:/Lab/process/2025.6.20/time\50hz\20250620204044.399715.csv
2025-10-17 10:37:50-INFO-[tdms_reader_time.py:136]-  已写入 200000/200000 行数据
2025-10-17 10:37:50-INFO-[tdms_reader_time.py:158]-元数据保存: D:/Lab/process/2025.6.20/time\50hz\20250620204044.399715_metadata.json
2025-10-17 10:37:50-INFO-[tdms_reader_time.py:157]-已转换: 20250620194615.280443.tdms -> D:/Lab/process/2025.6.20/time\back\20250620194615.280443.csv
2025-10-17 10:37:50-INFO-[tdms_reader_time.py:71]-处理文件: 20250620194713.610034.tdms, 数据长度: 200000, 通道数: 16
2025-10-17 10:37:50-INFO-[tdms_reader_time.py:136]-  已写入 200000/200000 行数据
2025-10-17 10:37:50-INFO-[tdms_reader_time.py:79]-使用实际采样间隔: 5e-06 秒
2025-10-17 10:37:50-INFO-[tdms_reader_time.py:92]-使用通道起始时间: 2025-06-20 11:47:12.251513
2025-10-17 10:37:50-INFO-[tdms_reader_time.py:157]-已转换: 20250620194629.813220.tdms -> D:/Lab/process/2025.6.20/time\back\20250620194629.813220.csv
2025-10-17 10:37:50-INFO-[tdms_reader_time.py:158]-元数据保存: D:/Lab/process/2025.6.20/time\back\20250620194615.280443_metadata.json
2025-10-17 10:37:50-INFO-[tdms_reader_time.py:158]-元数据保存: D:/Lab/process/2025.6.20/time\back\20250620194629.813220_metadata.json
2025-10-17 10:37:50-INFO-[tdms_reader_time.py:44]-开始处理文件: D:/Lab/raw/2025.6.20\back\20250620194719.443004.tdms
2025-10-17 10:37:50-INFO-[tdms_reader_time.py:71]-处理文件: 20250620194716.530521.tdms, 数据长度: 200000, 通道数: 16
2025-10-17 10:37:50-INFO-[tdms_reader_time.py:79]-使用实际采样间隔: 5e-06 秒
2025-10-17 10:37:50-INFO-[tdms_reader_time.py:92]-使用通道起始时间: 2025-06-20 11:47:15.174118
2025-10-17 10:37:50-INFO-[tdms_reader_time.py:44]-开始处理文件: D:/Lab/raw/2025.6.20\back\20250620194722.345550.tdms
2025-10-17 10:37:50-INFO-[tdms_reader_time.py:44]-开始处理文件: D:/Lab/raw/2025.6.20\back\20250620194725.240403.tdms
2025-10-17 10:37:50-INFO-[tdms_reader_time.py:71]-处理文件: 20250620194719.443004.tdms, 数据长度: 200000, 通道数: 16
2025-10-17 10:37:50-INFO-[tdms_reader_time.py:79]-使用实际采样间隔: 5e-06 秒
2025-10-17 10:37:50-INFO-[tdms_reader_time.py:92]-使用通道起始时间: 2025-06-20 11:47:18.076321
2025-10-17 10:37:50-INFO-[tdms_reader_time.py:71]-处理文件: 20250620194722.345550.tdms, 数据长度: 200000, 通道数: 16
2025-10-17 10:37:50-INFO-[tdms_reader_time.py:79]-使用实际采样间隔: 5e-06 秒
2025-10-17 10:37:50-INFO-[tdms_reader_time.py:92]-使用通道起始时间: 2025-06-20 11:47:20.977076
2025-10-17 10:37:50-INFO-[tdms_reader_time.py:136]-  已写入 200000/200000 行数据
2025-10-17 10:37:50-INFO-[tdms_reader_time.py:71]-处理文件: 20250620194725.240403.tdms, 数据长度: 200000, 通道数: 16
2025-10-17 10:37:50-INFO-[tdms_reader_time.py:136]-  已写入 200000/200000 行数据
2025-10-17 10:37:50-INFO-[tdms_reader_time.py:79]-使用实际采样间隔: 5e-06 秒
2025-10-17 10:37:50-INFO-[tdms_reader_time.py:92]-使用通道起始时间: 2025-06-20 11:47:23.874696
2025-10-17 10:37:50-INFO-[tdms_reader_time.py:157]-已转换: 20250620194632.691684.tdms -> D:/Lab/process/2025.6.20/time\back\20250620194632.691684.csv
2025-10-17 10:37:50-INFO-[tdms_reader_time.py:158]-元数据保存: D:/Lab/process/2025.6.20/time\back\20250620194632.691684_metadata.json
2025-10-17 10:37:50-INFO-[tdms_reader_time.py:157]-已转换: 20250620204035.578939.tdms -> D:/Lab/process/2025.6.20/time\50hz\20250620204035.578939.csv
2025-10-17 10:37:50-INFO-[tdms_reader_time.py:158]-元数据保存: D:/Lab/process/2025.6.20/time\50hz\20250620204035.578939_metadata.json
2025-10-17 10:37:50-INFO-[tdms_reader_time.py:136]-  已写入 200000/200000 行数据
2025-10-17 10:37:50-INFO-[tdms_reader_time.py:136]-  已写入 200000/200000 行数据
2025-10-17 10:37:50-INFO-[tdms_reader_time.py:157]-已转换: 20250620194612.368512.tdms -> D:/Lab/process/2025.6.20/time\back\20250620194612.368512.csv
2025-10-17 10:37:50-INFO-[tdms_reader_time.py:157]-已转换: 20250620204047.316458.tdms -> D:/Lab/process/2025.6.20/time\50hz\20250620204047.316458.csv
2025-10-17 10:37:50-INFO-[tdms_reader_time.py:158]-元数据保存: D:/Lab/process/2025.6.20/time\back\20250620194612.368512_metadata.json
2025-10-17 10:37:50-INFO-[tdms_reader_time.py:158]-元数据保存: D:/Lab/process/2025.6.20/time\50hz\20250620204047.316458_metadata.json
2025-10-17 10:37:51-INFO-[tdms_reader_time.py:44]-开始处理文件: D:/Lab/raw/2025.6.20\back\20250620194731.069696.tdms
2025-10-17 10:37:51-INFO-[tdms_reader_time.py:44]-开始处理文件: D:/Lab/raw/2025.6.20\back\20250620194728.134972.tdms
2025-10-17 10:37:51-INFO-[tdms_reader_time.py:44]-开始处理文件: D:/Lab/raw/2025.6.20\back\20250620194734.001919.tdms
2025-10-17 10:37:51-INFO-[tdms_reader_time.py:44]-开始处理文件: D:/Lab/raw/2025.6.20\backwatering\20250620193734.678390.tdms
2025-10-17 10:37:51-INFO-[tdms_reader_time.py:136]-  已写入 200000/200000 行数据
2025-10-17 10:37:51-INFO-[tdms_reader_time.py:157]-已转换: 20250620204041.503131.tdms -> D:/Lab/process/2025.6.20/time\50hz\20250620204041.503131.csv
2025-10-17 10:37:51-INFO-[tdms_reader_time.py:71]-处理文件: 20250620194728.134972.tdms, 数据长度: 200000, 通道数: 16
2025-10-17 10:37:51-INFO-[tdms_reader_time.py:71]-处理文件: 20250620194734.001919.tdms, 数据长度: 200000, 通道数: 16
2025-10-17 10:37:51-INFO-[tdms_reader_time.py:158]-元数据保存: D:/Lab/process/2025.6.20/time\50hz\20250620204041.503131_metadata.json
2025-10-17 10:37:51-INFO-[tdms_reader_time.py:136]-  已写入 200000/200000 行数据
2025-10-17 10:37:51-INFO-[tdms_reader_time.py:79]-使用实际采样间隔: 5e-06 秒
2025-10-17 10:37:51-INFO-[tdms_reader_time.py:79]-使用实际采样间隔: 5e-06 秒
2025-10-17 10:37:51-INFO-[tdms_reader_time.py:92]-使用通道起始时间: 2025-06-20 11:47:26.764507
2025-10-17 10:37:51-INFO-[tdms_reader_time.py:92]-使用通道起始时间: 2025-06-20 11:47:32.615933
2025-10-17 10:37:51-INFO-[tdms_reader_time.py:157]-已转换: 20250620194618.181950.tdms -> D:/Lab/process/2025.6.20/time\back\20250620194618.181950.csv
2025-10-17 10:37:51-INFO-[tdms_reader_time.py:158]-元数据保存: D:/Lab/process/2025.6.20/time\back\20250620194618.181950_metadata.json
2025-10-17 10:37:51-INFO-[tdms_reader_time.py:71]-处理文件: 20250620194731.069696.tdms, 数据长度: 200000, 通道数: 16
2025-10-17 10:37:51-INFO-[tdms_reader_time.py:71]-处理文件: 20250620193734.678390.tdms, 数据长度: 200000, 通道数: 16
2025-10-17 10:37:51-INFO-[tdms_reader_time.py:79]-使用实际采样间隔: 5e-06 秒
2025-10-17 10:37:51-INFO-[tdms_reader_time.py:79]-使用实际采样间隔: 5e-06 秒
2025-10-17 10:37:51-INFO-[tdms_reader_time.py:92]-使用通道起始时间: 2025-06-20 11:37:33.310871
2025-10-17 10:37:51-INFO-[tdms_reader_time.py:92]-使用通道起始时间: 2025-06-20 11:47:29.688513
2025-10-17 10:37:51-INFO-[tdms_reader_time.py:44]-开始处理文件: D:/Lab/raw/2025.6.20\backwatering\20250620193737.643558.tdms
2025-10-17 10:37:51-INFO-[tdms_reader_time.py:44]-开始处理文件: D:/Lab/raw/2025.6.20\backwatering\20250620193740.545447.tdms
2025-10-17 10:37:51-INFO-[tdms_reader_time.py:136]-  已写入 200000/200000 行数据
2025-10-17 10:37:51-INFO-[tdms_reader_time.py:157]-已转换: 20250620204038.547364.tdms -> D:/Lab/process/2025.6.20/time\50hz\20250620204038.547364.csv
2025-10-17 10:37:51-INFO-[tdms_reader_time.py:158]-元数据保存: D:/Lab/process/2025.6.20/time\50hz\20250620204038.547364_metadata.json
2025-10-17 10:37:51-INFO-[tdms_reader_time.py:71]-处理文件: 20250620193737.643558.tdms, 数据长度: 200000, 通道数: 16
2025-10-17 10:37:51-INFO-[tdms_reader_time.py:79]-使用实际采样间隔: 5e-06 秒
2025-10-17 10:37:51-INFO-[tdms_reader_time.py:71]-处理文件: 20250620193740.545447.tdms, 数据长度: 200000, 通道数: 16
2025-10-17 10:37:51-INFO-[tdms_reader_time.py:92]-使用通道起始时间: 2025-06-20 11:37:36.282100
2025-10-17 10:37:51-INFO-[tdms_reader_time.py:44]-开始处理文件: D:/Lab/raw/2025.6.20\backwatering\20250620193743.417335.tdms
2025-10-17 10:37:51-INFO-[tdms_reader_time.py:79]-使用实际采样间隔: 5e-06 秒
2025-10-17 10:37:51-INFO-[tdms_reader_time.py:136]-  已写入 200000/200000 行数据
2025-10-17 10:37:51-INFO-[tdms_reader_time.py:92]-使用通道起始时间: 2025-06-20 11:37:39.197313
2025-10-17 10:37:51-INFO-[tdms_reader_time.py:157]-已转换: 20250620194635.587857.tdms -> D:/Lab/process/2025.6.20/time\back\20250620194635.587857.csv
2025-10-17 10:37:51-INFO-[tdms_reader_time.py:158]-元数据保存: D:/Lab/process/2025.6.20/time\back\20250620194635.587857_metadata.json
2025-10-17 10:37:51-INFO-[tdms_reader_time.py:71]-处理文件: 20250620193743.417335.tdms, 数据长度: 200000, 通道数: 16
2025-10-17 10:37:51-INFO-[tdms_reader_time.py:79]-使用实际采样间隔: 5e-06 秒
2025-10-17 10:37:51-INFO-[tdms_reader_time.py:92]-使用通道起始时间: 2025-06-20 11:37:42.073734
2025-10-17 10:37:51-INFO-[tdms_reader_time.py:44]-开始处理文件: D:/Lab/raw/2025.6.20\backwatering\20250620193746.344677.tdms
2025-10-17 10:37:51-INFO-[tdms_reader_time.py:71]-处理文件: 20250620193746.344677.tdms, 数据长度: 200000, 通道数: 16
2025-10-17 10:37:51-INFO-[tdms_reader_time.py:79]-使用实际采样间隔: 5e-06 秒
2025-10-17 10:37:51-INFO-[tdms_reader_time.py:92]-使用通道起始时间: 2025-06-20 11:37:45.000532
2025-10-17 10:37:51-INFO-[tdms_reader_time.py:136]-  已写入 200000/200000 行数据
2025-10-17 10:37:51-INFO-[tdms_reader_time.py:157]-已转换: 20250620194621.140929.tdms -> D:/Lab/process/2025.6.20/time\back\20250620194621.140929.csv
2025-10-17 10:37:51-INFO-[tdms_reader_time.py:158]-元数据保存: D:/Lab/process/2025.6.20/time\back\20250620194621.140929_metadata.json
2025-10-17 10:37:51-INFO-[tdms_reader_time.py:44]-开始处理文件: D:/Lab/raw/2025.6.20\backwatering\20250620193749.270337.tdms
2025-10-17 10:37:51-INFO-[tdms_reader_time.py:136]-  已写入 200000/200000 行数据
2025-10-17 10:37:51-INFO-[tdms_reader_time.py:157]-已转换: 20250620194624.055741.tdms -> D:/Lab/process/2025.6.20/time\back\20250620194624.055741.csv
2025-10-17 10:37:51-INFO-[tdms_reader_time.py:158]-元数据保存: D:/Lab/process/2025.6.20/time\back\20250620194624.055741_metadata.json
2025-10-17 10:37:51-INFO-[tdms_reader_time.py:136]-  已写入 200000/200000 行数据
2025-10-17 10:37:51-INFO-[tdms_reader_time.py:44]-开始处理文件: D:/Lab/raw/2025.6.20\backwatering\20250620193752.182714.tdms
2025-10-17 10:37:51-INFO-[tdms_reader_time.py:157]-已转换: 20250620194626.920608.tdms -> D:/Lab/process/2025.6.20/time\back\20250620194626.920608.csv
2025-10-17 10:37:51-INFO-[tdms_reader_time.py:158]-元数据保存: D:/Lab/process/2025.6.20/time\back\20250620194626.920608_metadata.json
2025-10-17 10:37:51-INFO-[tdms_reader_time.py:71]-处理文件: 20250620193749.270337.tdms, 数据长度: 200000, 通道数: 16
2025-10-17 10:37:51-INFO-[tdms_reader_time.py:79]-使用实际采样间隔: 5e-06 秒
2025-10-17 10:37:51-INFO-[tdms_reader_time.py:92]-使用通道起始时间: 2025-06-20 11:37:47.911100
2025-10-17 10:37:51-INFO-[tdms_reader_time.py:44]-开始处理文件: D:/Lab/raw/2025.6.20\backwatering\20250620193755.071010.tdms
2025-10-17 10:37:51-INFO-[tdms_reader_time.py:71]-处理文件: 20250620193752.182714.tdms, 数据长度: 200000, 通道数: 16
2025-10-17 10:37:51-INFO-[tdms_reader_time.py:79]-使用实际采样间隔: 5e-06 秒
2025-10-17 10:37:51-INFO-[tdms_reader_time.py:92]-使用通道起始时间: 2025-06-20 11:37:50.841629
2025-10-17 10:37:51-INFO-[tdms_reader_time.py:71]-处理文件: 20250620193755.071010.tdms, 数据长度: 200000, 通道数: 16
2025-10-17 10:37:51-INFO-[tdms_reader_time.py:79]-使用实际采样间隔: 5e-06 秒
2025-10-17 10:37:51-INFO-[tdms_reader_time.py:92]-使用通道起始时间: 2025-06-20 11:37:53.721585
2025-10-17 10:37:53-INFO-[tdms_reader_time.py:136]-  已写入 100000/200000 行数据
2025-10-17 10:37:53-INFO-[tdms_reader_time.py:136]-  已写入 100000/200000 行数据
2025-10-17 10:37:53-INFO-[tdms_reader_time.py:136]-  已写入 100000/200000 行数据
2025-10-17 10:37:54-INFO-[tdms_reader_time.py:136]-  已写入 100000/200000 行数据
2025-10-17 10:37:54-INFO-[tdms_reader_time.py:136]-  已写入 100000/200000 行数据
2025-10-17 10:37:54-INFO-[tdms_reader_time.py:136]-  已写入 100000/200000 行数据
2025-10-17 10:37:54-INFO-[tdms_reader_time.py:136]-  已写入 100000/200000 行数据
2025-10-17 10:37:54-INFO-[tdms_reader_time.py:136]-  已写入 100000/200000 行数据
2025-10-17 10:37:54-INFO-[tdms_reader_time.py:136]-  已写入 100000/200000 行数据
2025-10-17 10:37:54-INFO-[tdms_reader_time.py:136]-  已写入 100000/200000 行数据
2025-10-17 10:37:54-INFO-[tdms_reader_time.py:136]-  已写入 100000/200000 行数据
2025-10-17 10:37:54-INFO-[tdms_reader_time.py:136]-  已写入 100000/200000 行数据
2025-10-17 10:37:54-INFO-[tdms_reader_time.py:136]-  已写入 100000/200000 行数据
2025-10-17 10:37:54-INFO-[tdms_reader_time.py:136]-  已写入 100000/200000 行数据
2025-10-17 10:37:54-INFO-[tdms_reader_time.py:136]-  已写入 100000/200000 行数据
2025-10-17 10:37:54-INFO-[tdms_reader_time.py:136]-  已写入 100000/200000 行数据
2025-10-17 10:37:54-INFO-[tdms_reader_time.py:136]-  已写入 100000/200000 行数据
2025-10-17 10:37:54-INFO-[tdms_reader_time.py:136]-  已写入 100000/200000 行数据
2025-10-17 10:37:54-INFO-[tdms_reader_time.py:136]-  已写入 100000/200000 行数据
2025-10-17 10:37:54-INFO-[tdms_reader_time.py:136]-  已写入 100000/200000 行数据
2025-10-17 10:37:54-INFO-[tdms_reader_time.py:136]-  已写入 100000/200000 行数据
2025-10-17 10:37:54-INFO-[tdms_reader_time.py:136]-  已写入 100000/200000 行数据
2025-10-17 10:37:54-INFO-[tdms_reader_time.py:136]-  已写入 100000/200000 行数据
2025-10-17 10:37:54-INFO-[tdms_reader_time.py:136]-  已写入 100000/200000 行数据
2025-10-17 10:37:54-INFO-[tdms_reader_time.py:136]-  已写入 100000/200000 行数据
2025-10-17 10:37:54-INFO-[tdms_reader_time.py:136]-  已写入 100000/200000 行数据
2025-10-17 10:37:55-INFO-[tdms_reader_time.py:136]-  已写入 100000/200000 行数据
2025-10-17 10:37:55-INFO-[tdms_reader_time.py:136]-  已写入 100000/200000 行数据
2025-10-17 10:37:57-INFO-[tdms_reader_time.py:136]-  已写入 200000/200000 行数据
2025-10-17 10:37:57-INFO-[tdms_reader_time.py:157]-已转换: 20250620194641.451865.tdms -> D:/Lab/process/2025.6.20/time\back\20250620194641.451865.csv
2025-10-17 10:37:57-INFO-[tdms_reader_time.py:158]-元数据保存: D:/Lab/process/2025.6.20/time\back\20250620194641.451865_metadata.json
2025-10-17 10:37:57-INFO-[tdms_reader_time.py:136]-  已写入 200000/200000 行数据
2025-10-17 10:37:57-INFO-[tdms_reader_time.py:157]-已转换: 20250620194638.548843.tdms -> D:/Lab/process/2025.6.20/time\back\20250620194638.548843.csv
2025-10-17 10:37:57-INFO-[tdms_reader_time.py:158]-元数据保存: D:/Lab/process/2025.6.20/time\back\20250620194638.548843_metadata.json
2025-10-17 10:37:57-INFO-[tdms_reader_time.py:44]-开始处理文件: D:/Lab/raw/2025.6.20\backwatering\20250620193757.946475.tdms
2025-10-17 10:37:57-INFO-[tdms_reader_time.py:44]-开始处理文件: D:/Lab/raw/2025.6.20\backwatering\20250620193800.664447.tdms
2025-10-17 10:37:57-INFO-[tdms_reader_time.py:71]-处理文件: 20250620193757.946475.tdms, 数据长度: 200000, 通道数: 16
2025-10-17 10:37:57-INFO-[tdms_reader_time.py:79]-使用实际采样间隔: 5e-06 秒
2025-10-17 10:37:57-INFO-[tdms_reader_time.py:92]-使用通道起始时间: 2025-06-20 11:37:56.606508
2025-10-17 10:37:57-INFO-[tdms_reader_time.py:71]-处理文件: 20250620193800.664447.tdms, 数据长度: 200000, 通道数: 16
2025-10-17 10:37:57-INFO-[tdms_reader_time.py:79]-使用实际采样间隔: 5e-06 秒
2025-10-17 10:37:57-INFO-[tdms_reader_time.py:92]-使用通道起始时间: 2025-06-20 11:37:59.511104
2025-10-17 10:37:57-INFO-[tdms_reader_time.py:136]-  已写入 200000/200000 行数据
2025-10-17 10:37:57-INFO-[tdms_reader_time.py:157]-已转换: 20250620194644.379134.tdms -> D:/Lab/process/2025.6.20/time\back\20250620194644.379134.csv
2025-10-17 10:37:57-INFO-[tdms_reader_time.py:158]-元数据保存: D:/Lab/process/2025.6.20/time\back\20250620194644.379134_metadata.json
2025-10-17 10:37:57-INFO-[tdms_reader_time.py:44]-开始处理文件: D:/Lab/raw/2025.6.20\backwatering\20250620193803.575523.tdms
2025-10-17 10:37:57-INFO-[tdms_reader_time.py:71]-处理文件: 20250620193803.575523.tdms, 数据长度: 200000, 通道数: 16
2025-10-17 10:37:57-INFO-[tdms_reader_time.py:79]-使用实际采样间隔: 5e-06 秒
2025-10-17 10:37:57-INFO-[tdms_reader_time.py:92]-使用通道起始时间: 2025-06-20 11:38:02.230885
2025-10-17 10:37:57-INFO-[tdms_reader_time.py:136]-  已写入 200000/200000 行数据
2025-10-17 10:37:57-INFO-[tdms_reader_time.py:157]-已转换: 20250620194656.041305.tdms -> D:/Lab/process/2025.6.20/time\back\20250620194656.041305.csv
2025-10-17 10:37:57-INFO-[tdms_reader_time.py:158]-元数据保存: D:/Lab/process/2025.6.20/time\back\20250620194656.041305_metadata.json
2025-10-17 10:37:57-INFO-[tdms_reader_time.py:136]-  已写入 200000/200000 行数据
2025-10-17 10:37:57-INFO-[tdms_reader_time.py:44]-开始处理文件: D:/Lab/raw/2025.6.20\backwatering\20250620193806.499762.tdms
2025-10-17 10:37:57-INFO-[tdms_reader_time.py:157]-已转换: 20250620194653.136268.tdms -> D:/Lab/process/2025.6.20/time\back\20250620194653.136268.csv
2025-10-17 10:37:57-INFO-[tdms_reader_time.py:136]-  已写入 200000/200000 行数据
2025-10-17 10:37:57-INFO-[tdms_reader_time.py:158]-元数据保存: D:/Lab/process/2025.6.20/time\back\20250620194653.136268_metadata.json
2025-10-17 10:37:57-INFO-[tdms_reader_time.py:44]-开始处理文件: D:/Lab/raw/2025.6.20\backwatering\20250620193809.385131.tdms
2025-10-17 10:37:57-INFO-[tdms_reader_time.py:157]-已转换: 20250620194659.052610.tdms -> D:/Lab/process/2025.6.20/time\back\20250620194659.052610.csv
2025-10-17 10:37:57-INFO-[tdms_reader_time.py:71]-处理文件: 20250620193806.499762.tdms, 数据长度: 200000, 通道数: 16
2025-10-17 10:37:57-INFO-[tdms_reader_time.py:158]-元数据保存: D:/Lab/process/2025.6.20/time\back\20250620194659.052610_metadata.json
2025-10-17 10:37:57-INFO-[tdms_reader_time.py:79]-使用实际采样间隔: 5e-06 秒
2025-10-17 10:37:57-INFO-[tdms_reader_time.py:92]-使用通道起始时间: 2025-06-20 11:38:05.144131
2025-10-17 10:37:57-INFO-[tdms_reader_time.py:136]-  已写入 200000/200000 行数据
2025-10-17 10:37:57-INFO-[tdms_reader_time.py:71]-处理文件: 20250620193809.385131.tdms, 数据长度: 200000, 通道数: 16
2025-10-17 10:37:57-INFO-[tdms_reader_time.py:44]-开始处理文件: D:/Lab/raw/2025.6.20\backwatering\20250620193812.362895.tdms
2025-10-17 10:37:57-INFO-[tdms_reader_time.py:157]-已转换: 20250620194650.211108.tdms -> D:/Lab/process/2025.6.20/time\back\20250620194650.211108.csv
2025-10-17 10:37:57-INFO-[tdms_reader_time.py:79]-使用实际采样间隔: 5e-06 秒
2025-10-17 10:37:57-INFO-[tdms_reader_time.py:158]-元数据保存: D:/Lab/process/2025.6.20/time\back\20250620194650.211108_metadata.json
2025-10-17 10:37:57-INFO-[tdms_reader_time.py:92]-使用通道起始时间: 2025-06-20 11:38:08.041198
2025-10-17 10:37:57-INFO-[tdms_reader_time.py:44]-开始处理文件: D:/Lab/raw/2025.6.20\backwatering\20250620193815.303531.tdms
2025-10-17 10:37:57-INFO-[tdms_reader_time.py:136]-  已写入 200000/200000 行数据
2025-10-17 10:37:57-INFO-[tdms_reader_time.py:71]-处理文件: 20250620193812.362895.tdms, 数据长度: 200000, 通道数: 16
2025-10-17 10:37:57-INFO-[tdms_reader_time.py:79]-使用实际采样间隔: 5e-06 秒
2025-10-17 10:37:57-INFO-[tdms_reader_time.py:157]-已转换: 20250620194647.302328.tdms -> D:/Lab/process/2025.6.20/time\back\20250620194647.302328.csv
2025-10-17 10:37:57-INFO-[tdms_reader_time.py:92]-使用通道起始时间: 2025-06-20 11:38:10.988239
2025-10-17 10:37:57-INFO-[tdms_reader_time.py:158]-元数据保存: D:/Lab/process/2025.6.20/time\back\20250620194647.302328_metadata.json
2025-10-17 10:37:57-INFO-[tdms_reader_time.py:71]-处理文件: 20250620193815.303531.tdms, 数据长度: 200000, 通道数: 16
2025-10-17 10:37:57-INFO-[tdms_reader_time.py:79]-使用实际采样间隔: 5e-06 秒
2025-10-17 10:37:57-INFO-[tdms_reader_time.py:44]-开始处理文件: D:/Lab/raw/2025.6.20\backwatering\20250620193818.229423.tdms
2025-10-17 10:37:57-INFO-[tdms_reader_time.py:92]-使用通道起始时间: 2025-06-20 11:38:13.957041
2025-10-17 10:37:57-INFO-[tdms_reader_time.py:71]-处理文件: 20250620193818.229423.tdms, 数据长度: 200000, 通道数: 16
2025-10-17 10:37:57-INFO-[tdms_reader_time.py:79]-使用实际采样间隔: 5e-06 秒
2025-10-17 10:37:57-INFO-[tdms_reader_time.py:92]-使用通道起始时间: 2025-06-20 11:38:16.880841
2025-10-17 10:37:57-INFO-[tdms_reader_time.py:136]-  已写入 200000/200000 行数据
2025-10-17 10:37:57-INFO-[tdms_reader_time.py:157]-已转换: 20250620194702.006214.tdms -> D:/Lab/process/2025.6.20/time\back\20250620194702.006214.csv
2025-10-17 10:37:57-INFO-[tdms_reader_time.py:158]-元数据保存: D:/Lab/process/2025.6.20/time\back\20250620194702.006214_metadata.json
2025-10-17 10:37:57-INFO-[tdms_reader_time.py:44]-开始处理文件: D:/Lab/raw/2025.6.20\backwatering\20250620193821.140393.tdms
2025-10-17 10:37:57-INFO-[tdms_reader_time.py:71]-处理文件: 20250620193821.140393.tdms, 数据长度: 200000, 通道数: 16
2025-10-17 10:37:57-INFO-[tdms_reader_time.py:79]-使用实际采样间隔: 5e-06 秒
2025-10-17 10:37:57-INFO-[tdms_reader_time.py:92]-使用通道起始时间: 2025-06-20 11:38:19.785103
2025-10-17 10:37:57-INFO-[tdms_reader_time.py:136]-  已写入 200000/200000 行数据
2025-10-17 10:37:57-INFO-[tdms_reader_time.py:157]-已转换: 20250620194725.240403.tdms -> D:/Lab/process/2025.6.20/time\back\20250620194725.240403.csv
2025-10-17 10:37:57-INFO-[tdms_reader_time.py:158]-元数据保存: D:/Lab/process/2025.6.20/time\back\20250620194725.240403_metadata.json
2025-10-17 10:37:57-INFO-[tdms_reader_time.py:136]-  已写入 200000/200000 行数据
2025-10-17 10:37:57-INFO-[tdms_reader_time.py:157]-已转换: 20250620194713.610034.tdms -> D:/Lab/process/2025.6.20/time\back\20250620194713.610034.csv
2025-10-17 10:37:57-INFO-[tdms_reader_time.py:158]-元数据保存: D:/Lab/process/2025.6.20/time\back\20250620194713.610034_metadata.json
2025-10-17 10:37:58-INFO-[tdms_reader_time.py:44]-开始处理文件: D:/Lab/raw/2025.6.20\backwatering\20250620193824.039435.tdms
2025-10-17 10:37:58-INFO-[tdms_reader_time.py:44]-开始处理文件: D:/Lab/raw/2025.6.20\backwatering\20250620193827.003131.tdms
2025-10-17 10:37:58-INFO-[tdms_reader_time.py:71]-处理文件: 20250620193824.039435.tdms, 数据长度: 200000, 通道数: 16
2025-10-17 10:37:58-INFO-[tdms_reader_time.py:71]-处理文件: 20250620193827.003131.tdms, 数据长度: 200000, 通道数: 16
2025-10-17 10:37:58-INFO-[tdms_reader_time.py:79]-使用实际采样间隔: 5e-06 秒
2025-10-17 10:37:58-INFO-[tdms_reader_time.py:79]-使用实际采样间隔: 5e-06 秒
2025-10-17 10:37:58-INFO-[tdms_reader_time.py:92]-使用通道起始时间: 2025-06-20 11:38:22.699460
2025-10-17 10:37:58-INFO-[tdms_reader_time.py:92]-使用通道起始时间: 2025-06-20 11:38:25.634736
2025-10-17 10:37:58-INFO-[tdms_reader_time.py:136]-  已写入 200000/200000 行数据
2025-10-17 10:37:58-INFO-[tdms_reader_time.py:157]-已转换: 20250620194707.790523.tdms -> D:/Lab/process/2025.6.20/time\back\20250620194707.790523.csv
2025-10-17 10:37:58-INFO-[tdms_reader_time.py:136]-  已写入 200000/200000 行数据
2025-10-17 10:37:58-INFO-[tdms_reader_time.py:158]-元数据保存: D:/Lab/process/2025.6.20/time\back\20250620194707.790523_metadata.json
2025-10-17 10:37:58-INFO-[tdms_reader_time.py:157]-已转换: 20250620194704.911499.tdms -> D:/Lab/process/2025.6.20/time\back\20250620194704.911499.csv
2025-10-17 10:37:58-INFO-[tdms_reader_time.py:158]-元数据保存: D:/Lab/process/2025.6.20/time\back\20250620194704.911499_metadata.json
2025-10-17 10:37:58-INFO-[tdms_reader_time.py:44]-开始处理文件: D:/Lab/raw/2025.6.20\backwatering\20250620193829.938352.tdms
2025-10-17 10:37:58-INFO-[tdms_reader_time.py:136]-  已写入 200000/200000 行数据
2025-10-17 10:37:58-INFO-[tdms_reader_time.py:157]-已转换: 20250620194722.345550.tdms -> D:/Lab/process/2025.6.20/time\back\20250620194722.345550.csv
2025-10-17 10:37:58-INFO-[tdms_reader_time.py:158]-元数据保存: D:/Lab/process/2025.6.20/time\back\20250620194722.345550_metadata.json
2025-10-17 10:37:58-INFO-[tdms_reader_time.py:44]-开始处理文件: D:/Lab/raw/2025.6.20\backwatering\20250620193832.870292.tdms
2025-10-17 10:37:58-INFO-[tdms_reader_time.py:44]-开始处理文件: D:/Lab/raw/2025.6.20\backwatering\20250620193835.769193.tdms
2025-10-17 10:37:58-INFO-[tdms_reader_time.py:136]-  已写入 200000/200000 行数据
2025-10-17 10:37:58-INFO-[tdms_reader_time.py:157]-已转换: 20250620193740.545447.tdms -> D:/Lab/process/2025.6.20/time\backwatering\20250620193740.545447.csv
2025-10-17 10:37:58-INFO-[tdms_reader_time.py:136]-  已写入 200000/200000 行数据
2025-10-17 10:37:58-INFO-[tdms_reader_time.py:158]-元数据保存: D:/Lab/process/2025.6.20/time\backwatering\20250620193740.545447_metadata.json
2025-10-17 10:37:58-INFO-[tdms_reader_time.py:136]-  已写入 200000/200000 行数据
2025-10-17 10:37:58-INFO-[tdms_reader_time.py:157]-已转换: 20250620194710.704633.tdms -> D:/Lab/process/2025.6.20/time\back\20250620194710.704633.csv
2025-10-17 10:37:58-INFO-[tdms_reader_time.py:158]-元数据保存: D:/Lab/process/2025.6.20/time\back\20250620194710.704633_metadata.json
2025-10-17 10:37:58-INFO-[tdms_reader_time.py:157]-已转换: 20250620194719.443004.tdms -> D:/Lab/process/2025.6.20/time\back\20250620194719.443004.csv
2025-10-17 10:37:58-INFO-[tdms_reader_time.py:158]-元数据保存: D:/Lab/process/2025.6.20/time\back\20250620194719.443004_metadata.json
2025-10-17 10:37:58-INFO-[tdms_reader_time.py:71]-处理文件: 20250620193829.938352.tdms, 数据长度: 200000, 通道数: 16
2025-10-17 10:37:58-INFO-[tdms_reader_time.py:79]-使用实际采样间隔: 5e-06 秒
2025-10-17 10:37:58-INFO-[tdms_reader_time.py:92]-使用通道起始时间: 2025-06-20 11:38:28.593468
2025-10-17 10:37:58-INFO-[tdms_reader_time.py:136]-  已写入 200000/200000 行数据
2025-10-17 10:37:58-INFO-[tdms_reader_time.py:71]-处理文件: 20250620193832.870292.tdms, 数据长度: 200000, 通道数: 16
2025-10-17 10:37:58-INFO-[tdms_reader_time.py:44]-开始处理文件: D:/Lab/raw/2025.6.20\backwatering\20250620193838.664452.tdms
2025-10-17 10:37:58-INFO-[tdms_reader_time.py:79]-使用实际采样间隔: 5e-06 秒
2025-10-17 10:37:58-INFO-[tdms_reader_time.py:157]-已转换: 20250620194716.530521.tdms -> D:/Lab/process/2025.6.20/time\back\20250620194716.530521.csv
2025-10-17 10:37:58-INFO-[tdms_reader_time.py:92]-使用通道起始时间: 2025-06-20 11:38:31.515718
2025-10-17 10:37:58-INFO-[tdms_reader_time.py:44]-开始处理文件: D:/Lab/raw/2025.6.20\backwatering\20250620193841.584246.tdms
2025-10-17 10:37:58-INFO-[tdms_reader_time.py:44]-开始处理文件: D:/Lab/raw/2025.6.20\backwatering\20250620193844.533171.tdms
2025-10-17 10:37:58-INFO-[tdms_reader_time.py:158]-元数据保存: D:/Lab/process/2025.6.20/time\back\20250620194716.530521_metadata.json
2025-10-17 10:37:58-INFO-[tdms_reader_time.py:44]-开始处理文件: D:/Lab/raw/2025.6.20\backwatering\20250620193847.466852.tdms
2025-10-17 10:37:58-INFO-[tdms_reader_time.py:71]-处理文件: 20250620193835.769193.tdms, 数据长度: 200000, 通道数: 16
2025-10-17 10:37:58-INFO-[tdms_reader_time.py:79]-使用实际采样间隔: 5e-06 秒
2025-10-17 10:37:58-INFO-[tdms_reader_time.py:71]-处理文件: 20250620193838.664452.tdms, 数据长度: 200000, 通道数: 16
2025-10-17 10:37:58-INFO-[tdms_reader_time.py:71]-处理文件: 20250620193841.584246.tdms, 数据长度: 200000, 通道数: 16
2025-10-17 10:37:58-INFO-[tdms_reader_time.py:92]-使用通道起始时间: 2025-06-20 11:38:34.425046
2025-10-17 10:37:58-INFO-[tdms_reader_time.py:79]-使用实际采样间隔: 5e-06 秒
2025-10-17 10:37:58-INFO-[tdms_reader_time.py:79]-使用实际采样间隔: 5e-06 秒
2025-10-17 10:37:58-INFO-[tdms_reader_time.py:71]-处理文件: 20250620193844.533171.tdms, 数据长度: 200000, 通道数: 16
2025-10-17 10:37:58-INFO-[tdms_reader_time.py:92]-使用通道起始时间: 2025-06-20 11:38:40.241678
2025-10-17 10:37:58-INFO-[tdms_reader_time.py:79]-使用实际采样间隔: 5e-06 秒
2025-10-17 10:37:58-INFO-[tdms_reader_time.py:92]-使用通道起始时间: 2025-06-20 11:38:43.186289
2025-10-17 10:37:58-INFO-[tdms_reader_time.py:92]-使用通道起始时间: 2025-06-20 11:38:37.321938
2025-10-17 10:37:58-INFO-[tdms_reader_time.py:71]-处理文件: 20250620193847.466852.tdms, 数据长度: 200000, 通道数: 16
2025-10-17 10:37:58-INFO-[tdms_reader_time.py:136]-  已写入 200000/200000 行数据
2025-10-17 10:37:58-INFO-[tdms_reader_time.py:79]-使用实际采样间隔: 5e-06 秒
2025-10-17 10:37:58-INFO-[tdms_reader_time.py:92]-使用通道起始时间: 2025-06-20 11:38:46.122953
2025-10-17 10:37:58-INFO-[tdms_reader_time.py:157]-已转换: 20250620193734.678390.tdms -> D:/Lab/process/2025.6.20/time\backwatering\20250620193734.678390.csv
2025-10-17 10:37:58-INFO-[tdms_reader_time.py:158]-元数据保存: D:/Lab/process/2025.6.20/time\backwatering\20250620193734.678390_metadata.json
2025-10-17 10:37:58-INFO-[tdms_reader_time.py:136]-  已写入 200000/200000 行数据
2025-10-17 10:37:58-INFO-[tdms_reader_time.py:44]-开始处理文件: D:/Lab/raw/2025.6.20\backwatering\20250620193850.400394.tdms
2025-10-17 10:37:58-INFO-[tdms_reader_time.py:157]-已转换: 20250620194734.001919.tdms -> D:/Lab/process/2025.6.20/time\back\20250620194734.001919.csv
2025-10-17 10:37:58-INFO-[tdms_reader_time.py:136]-  已写入 200000/200000 行数据
2025-10-17 10:37:58-INFO-[tdms_reader_time.py:158]-元数据保存: D:/Lab/process/2025.6.20/time\back\20250620194734.001919_metadata.json
2025-10-17 10:37:58-INFO-[tdms_reader_time.py:157]-已转换: 20250620194728.134972.tdms -> D:/Lab/process/2025.6.20/time\back\20250620194728.134972.csv
2025-10-17 10:37:58-INFO-[tdms_reader_time.py:158]-元数据保存: D:/Lab/process/2025.6.20/time\back\20250620194728.134972_metadata.json
2025-10-17 10:37:58-INFO-[tdms_reader_time.py:44]-开始处理文件: D:/Lab/raw/2025.6.20\backwatering\20250620193853.345024.tdms
2025-10-17 10:37:58-INFO-[tdms_reader_time.py:71]-处理文件: 20250620193850.400394.tdms, 数据长度: 200000, 通道数: 16
2025-10-17 10:37:58-INFO-[tdms_reader_time.py:44]-开始处理文件: D:/Lab/raw/2025.6.20\backwatering\20250620193856.225711.tdms
2025-10-17 10:37:58-INFO-[tdms_reader_time.py:79]-使用实际采样间隔: 5e-06 秒
2025-10-17 10:37:58-INFO-[tdms_reader_time.py:92]-使用通道起始时间: 2025-06-20 11:38:49.058031
2025-10-17 10:37:58-INFO-[tdms_reader_time.py:71]-处理文件: 20250620193853.345024.tdms, 数据长度: 200000, 通道数: 16
2025-10-17 10:37:58-INFO-[tdms_reader_time.py:79]-使用实际采样间隔: 5e-06 秒
2025-10-17 10:37:58-INFO-[tdms_reader_time.py:92]-使用通道起始时间: 2025-06-20 11:38:51.982937
2025-10-17 10:37:58-INFO-[tdms_reader_time.py:71]-处理文件: 20250620193856.225711.tdms, 数据长度: 200000, 通道数: 16
2025-10-17 10:37:58-INFO-[tdms_reader_time.py:136]-  已写入 200000/200000 行数据
2025-10-17 10:37:58-INFO-[tdms_reader_time.py:79]-使用实际采样间隔: 5e-06 秒
2025-10-17 10:37:58-INFO-[tdms_reader_time.py:92]-使用通道起始时间: 2025-06-20 11:38:54.882304
2025-10-17 10:37:58-INFO-[tdms_reader_time.py:157]-已转换: 20250620193746.344677.tdms -> D:/Lab/process/2025.6.20/time\backwatering\20250620193746.344677.csv
2025-10-17 10:37:58-INFO-[tdms_reader_time.py:158]-元数据保存: D:/Lab/process/2025.6.20/time\backwatering\20250620193746.344677_metadata.json
2025-10-17 10:37:58-INFO-[tdms_reader_time.py:44]-开始处理文件: D:/Lab/raw/2025.6.20\backwatering\20250620193859.168055.tdms
2025-10-17 10:37:58-INFO-[tdms_reader_time.py:71]-处理文件: 20250620193859.168055.tdms, 数据长度: 200000, 通道数: 16
2025-10-17 10:37:58-INFO-[tdms_reader_time.py:79]-使用实际采样间隔: 5e-06 秒
2025-10-17 10:37:58-INFO-[tdms_reader_time.py:92]-使用通道起始时间: 2025-06-20 11:38:57.805856
2025-10-17 10:37:58-INFO-[tdms_reader_time.py:136]-  已写入 200000/200000 行数据
2025-10-17 10:37:58-INFO-[tdms_reader_time.py:157]-已转换: 20250620193752.182714.tdms -> D:/Lab/process/2025.6.20/time\backwatering\20250620193752.182714.csv
2025-10-17 10:37:58-INFO-[tdms_reader_time.py:158]-元数据保存: D:/Lab/process/2025.6.20/time\backwatering\20250620193752.182714_metadata.json
2025-10-17 10:37:58-INFO-[tdms_reader_time.py:44]-开始处理文件: D:/Lab/raw/2025.6.20\backwatering\20250620193902.126579.tdms
2025-10-17 10:37:58-INFO-[tdms_reader_time.py:71]-处理文件: 20250620193902.126579.tdms, 数据长度: 200000, 通道数: 16
2025-10-17 10:37:58-INFO-[tdms_reader_time.py:79]-使用实际采样间隔: 5e-06 秒
2025-10-17 10:37:58-INFO-[tdms_reader_time.py:92]-使用通道起始时间: 2025-06-20 11:39:00.778122
2025-10-17 10:37:58-INFO-[tdms_reader_time.py:136]-  已写入 200000/200000 行数据
2025-10-17 10:37:58-INFO-[tdms_reader_time.py:136]-  已写入 200000/200000 行数据
2025-10-17 10:37:58-INFO-[tdms_reader_time.py:157]-已转换: 20250620193743.417335.tdms -> D:/Lab/process/2025.6.20/time\backwatering\20250620193743.417335.csv
2025-10-17 10:37:58-INFO-[tdms_reader_time.py:157]-已转换: 20250620194731.069696.tdms -> D:/Lab/process/2025.6.20/time\back\20250620194731.069696.csv
2025-10-17 10:37:58-INFO-[tdms_reader_time.py:158]-元数据保存: D:/Lab/process/2025.6.20/time\backwatering\20250620193743.417335_metadata.json
2025-10-17 10:37:58-INFO-[tdms_reader_time.py:158]-元数据保存: D:/Lab/process/2025.6.20/time\back\20250620194731.069696_metadata.json
2025-10-17 10:37:58-INFO-[tdms_reader_time.py:136]-  已写入 200000/200000 行数据
2025-10-17 10:37:58-INFO-[tdms_reader_time.py:44]-开始处理文件: D:/Lab/raw/2025.6.20\backwatering\20250620193905.056522.tdms
2025-10-17 10:37:58-INFO-[tdms_reader_time.py:157]-已转换: 20250620193737.643558.tdms -> D:/Lab/process/2025.6.20/time\backwatering\20250620193737.643558.csv
2025-10-17 10:37:58-INFO-[tdms_reader_time.py:44]-开始处理文件: D:/Lab/raw/2025.6.20\backwatering\20250620193907.982947.tdms
2025-10-17 10:37:58-INFO-[tdms_reader_time.py:158]-元数据保存: D:/Lab/process/2025.6.20/time\backwatering\20250620193737.643558_metadata.json
2025-10-17 10:37:58-INFO-[tdms_reader_time.py:44]-开始处理文件: D:/Lab/raw/2025.6.20\backwatering\20250620193910.873333.tdms
2025-10-17 10:37:58-INFO-[tdms_reader_time.py:71]-处理文件: 20250620193905.056522.tdms, 数据长度: 200000, 通道数: 16
2025-10-17 10:37:58-INFO-[tdms_reader_time.py:71]-处理文件: 20250620193907.982947.tdms, 数据长度: 200000, 通道数: 16
2025-10-17 10:37:58-INFO-[tdms_reader_time.py:79]-使用实际采样间隔: 5e-06 秒
2025-10-17 10:37:58-INFO-[tdms_reader_time.py:79]-使用实际采样间隔: 5e-06 秒
2025-10-17 10:37:58-INFO-[tdms_reader_time.py:92]-使用通道起始时间: 2025-06-20 11:39:03.707632
2025-10-17 10:37:58-INFO-[tdms_reader_time.py:92]-使用通道起始时间: 2025-06-20 11:39:06.638081
2025-10-17 10:37:58-INFO-[tdms_reader_time.py:71]-处理文件: 20250620193910.873333.tdms, 数据长度: 200000, 通道数: 16
2025-10-17 10:37:58-INFO-[tdms_reader_time.py:79]-使用实际采样间隔: 5e-06 秒
2025-10-17 10:37:58-INFO-[tdms_reader_time.py:92]-使用通道起始时间: 2025-06-20 11:39:09.526312
2025-10-17 10:37:58-INFO-[tdms_reader_time.py:136]-  已写入 200000/200000 行数据
2025-10-17 10:37:58-INFO-[tdms_reader_time.py:157]-已转换: 20250620193755.071010.tdms -> D:/Lab/process/2025.6.20/time\backwatering\20250620193755.071010.csv
2025-10-17 10:37:58-INFO-[tdms_reader_time.py:158]-元数据保存: D:/Lab/process/2025.6.20/time\backwatering\20250620193755.071010_metadata.json
2025-10-17 10:37:58-INFO-[tdms_reader_time.py:136]-  已写入 200000/200000 行数据
2025-10-17 10:37:58-INFO-[tdms_reader_time.py:44]-开始处理文件: D:/Lab/raw/2025.6.20\backwatering\20250620193913.800929.tdms
2025-10-17 10:37:58-INFO-[tdms_reader_time.py:157]-已转换: 20250620193749.270337.tdms -> D:/Lab/process/2025.6.20/time\backwatering\20250620193749.270337.csv
2025-10-17 10:37:58-INFO-[tdms_reader_time.py:158]-元数据保存: D:/Lab/process/2025.6.20/time\backwatering\20250620193749.270337_metadata.json
2025-10-17 10:37:58-INFO-[tdms_reader_time.py:44]-开始处理文件: D:/Lab/raw/2025.6.20\backwatering\20250620193916.714522.tdms
2025-10-17 10:37:58-INFO-[tdms_reader_time.py:71]-处理文件: 20250620193913.800929.tdms, 数据长度: 200000, 通道数: 16
2025-10-17 10:37:58-INFO-[tdms_reader_time.py:79]-使用实际采样间隔: 5e-06 秒
2025-10-17 10:37:58-INFO-[tdms_reader_time.py:92]-使用通道起始时间: 2025-06-20 11:39:12.448147
2025-10-17 10:37:58-INFO-[tdms_reader_time.py:71]-处理文件: 20250620193916.714522.tdms, 数据长度: 200000, 通道数: 16
2025-10-17 10:37:58-INFO-[tdms_reader_time.py:79]-使用实际采样间隔: 5e-06 秒
2025-10-17 10:37:58-INFO-[tdms_reader_time.py:92]-使用通道起始时间: 2025-06-20 11:39:15.372626
2025-10-17 10:38:00-INFO-[tdms_reader_time.py:136]-  已写入 100000/200000 行数据
2025-10-17 10:38:00-INFO-[tdms_reader_time.py:136]-  已写入 100000/200000 行数据
2025-10-17 10:38:00-INFO-[tdms_reader_time.py:136]-  已写入 100000/200000 行数据
2025-10-17 10:38:01-INFO-[tdms_reader_time.py:136]-  已写入 100000/200000 行数据
2025-10-17 10:38:01-INFO-[tdms_reader_time.py:136]-  已写入 100000/200000 行数据
2025-10-17 10:38:01-INFO-[tdms_reader_time.py:136]-  已写入 100000/200000 行数据
2025-10-17 10:38:01-INFO-[tdms_reader_time.py:136]-  已写入 100000/200000 行数据
2025-10-17 10:38:01-INFO-[tdms_reader_time.py:136]-  已写入 100000/200000 行数据
2025-10-17 10:38:01-INFO-[tdms_reader_time.py:136]-  已写入 100000/200000 行数据
2025-10-17 10:38:01-INFO-[tdms_reader_time.py:136]-  已写入 100000/200000 行数据
2025-10-17 10:38:01-INFO-[tdms_reader_time.py:136]-  已写入 100000/200000 行数据
2025-10-17 10:38:01-INFO-[tdms_reader_time.py:136]-  已写入 100000/200000 行数据
2025-10-17 10:38:01-INFO-[tdms_reader_time.py:136]-  已写入 100000/200000 行数据
2025-10-17 10:38:01-INFO-[tdms_reader_time.py:136]-  已写入 100000/200000 行数据
2025-10-17 10:38:01-INFO-[tdms_reader_time.py:136]-  已写入 100000/200000 行数据
2025-10-17 10:38:01-INFO-[tdms_reader_time.py:136]-  已写入 100000/200000 行数据
2025-10-17 10:38:01-INFO-[tdms_reader_time.py:136]-  已写入 100000/200000 行数据
2025-10-17 10:38:01-INFO-[tdms_reader_time.py:136]-  已写入 100000/200000 行数据
2025-10-17 10:38:01-INFO-[tdms_reader_time.py:136]-  已写入 100000/200000 行数据
2025-10-17 10:38:01-INFO-[tdms_reader_time.py:136]-  已写入 100000/200000 行数据
2025-10-17 10:38:02-INFO-[tdms_reader_time.py:136]-  已写入 100000/200000 行数据
2025-10-17 10:38:02-INFO-[tdms_reader_time.py:136]-  已写入 100000/200000 行数据
2025-10-17 10:38:02-INFO-[tdms_reader_time.py:136]-  已写入 100000/200000 行数据
2025-10-17 10:38:02-INFO-[tdms_reader_time.py:136]-  已写入 100000/200000 行数据
2025-10-17 10:38:02-INFO-[tdms_reader_time.py:136]-  已写入 100000/200000 行数据
2025-10-17 10:38:02-INFO-[tdms_reader_time.py:136]-  已写入 100000/200000 行数据
2025-10-17 10:38:02-INFO-[tdms_reader_time.py:136]-  已写入 100000/200000 行数据
2025-10-17 10:38:02-INFO-[tdms_reader_time.py:136]-  已写入 100000/200000 行数据
2025-10-17 10:38:04-INFO-[tdms_reader_time.py:136]-  已写入 200000/200000 行数据
2025-10-17 10:38:04-INFO-[tdms_reader_time.py:157]-已转换: 20250620193757.946475.tdms -> D:/Lab/process/2025.6.20/time\backwatering\20250620193757.946475.csv
2025-10-17 10:38:04-INFO-[tdms_reader_time.py:158]-元数据保存: D:/Lab/process/2025.6.20/time\backwatering\20250620193757.946475_metadata.json
2025-10-17 10:38:04-INFO-[tdms_reader_time.py:44]-开始处理文件: D:/Lab/raw/2025.6.20\backwatering\20250620193919.648442.tdms
2025-10-17 10:38:04-INFO-[tdms_reader_time.py:71]-处理文件: 20250620193919.648442.tdms, 数据长度: 200000, 通道数: 16
2025-10-17 10:38:04-INFO-[tdms_reader_time.py:79]-使用实际采样间隔: 5e-06 秒
2025-10-17 10:38:04-INFO-[tdms_reader_time.py:92]-使用通道起始时间: 2025-06-20 11:39:18.292242
2025-10-17 10:38:04-INFO-[tdms_reader_time.py:136]-  已写入 200000/200000 行数据
2025-10-17 10:38:04-INFO-[tdms_reader_time.py:157]-已转换: 20250620193800.664447.tdms -> D:/Lab/process/2025.6.20/time\backwatering\20250620193800.664447.csv
2025-10-17 10:38:04-INFO-[tdms_reader_time.py:158]-元数据保存: D:/Lab/process/2025.6.20/time\backwatering\20250620193800.664447_metadata.json
2025-10-17 10:38:04-INFO-[tdms_reader_time.py:44]-开始处理文件: D:/Lab/raw/2025.6.20\backwatering\20250620193922.601949.tdms
2025-10-17 10:38:04-INFO-[tdms_reader_time.py:71]-处理文件: 20250620193922.601949.tdms, 数据长度: 200000, 通道数: 16
2025-10-17 10:38:04-INFO-[tdms_reader_time.py:79]-使用实际采样间隔: 5e-06 秒
2025-10-17 10:38:04-INFO-[tdms_reader_time.py:92]-使用通道起始时间: 2025-06-20 11:39:21.237055
2025-10-17 10:38:04-INFO-[tdms_reader_time.py:136]-  已写入 200000/200000 行数据
2025-10-17 10:38:04-INFO-[tdms_reader_time.py:157]-已转换: 20250620193803.575523.tdms -> D:/Lab/process/2025.6.20/time\backwatering\20250620193803.575523.csv
2025-10-17 10:38:04-INFO-[tdms_reader_time.py:158]-元数据保存: D:/Lab/process/2025.6.20/time\backwatering\20250620193803.575523_metadata.json
2025-10-17 10:38:04-INFO-[tdms_reader_time.py:44]-开始处理文件: D:/Lab/raw/2025.6.20\backwatering\20250620193925.583770.tdms
2025-10-17 10:38:04-INFO-[tdms_reader_time.py:71]-处理文件: 20250620193925.583770.tdms, 数据长度: 200000, 通道数: 16
2025-10-17 10:38:04-INFO-[tdms_reader_time.py:79]-使用实际采样间隔: 5e-06 秒
2025-10-17 10:38:04-INFO-[tdms_reader_time.py:92]-使用通道起始时间: 2025-06-20 11:39:24.196544
2025-10-17 10:38:04-INFO-[tdms_reader_time.py:136]-  已写入 200000/200000 行数据
2025-10-17 10:38:04-INFO-[tdms_reader_time.py:157]-已转换: 20250620193806.499762.tdms -> D:/Lab/process/2025.6.20/time\backwatering\20250620193806.499762.csv
2025-10-17 10:38:04-INFO-[tdms_reader_time.py:158]-元数据保存: D:/Lab/process/2025.6.20/time\backwatering\20250620193806.499762_metadata.json
2025-10-17 10:38:04-INFO-[tdms_reader_time.py:44]-开始处理文件: D:/Lab/raw/2025.6.20\backwatering\20250620193928.513572.tdms
2025-10-17 10:38:04-INFO-[tdms_reader_time.py:71]-处理文件: 20250620193928.513572.tdms, 数据长度: 200000, 通道数: 16
2025-10-17 10:38:04-INFO-[tdms_reader_time.py:79]-使用实际采样间隔: 5e-06 秒
2025-10-17 10:38:04-INFO-[tdms_reader_time.py:92]-使用通道起始时间: 2025-06-20 11:39:27.159255
2025-10-17 10:38:04-INFO-[tdms_reader_time.py:136]-  已写入 200000/200000 行数据
2025-10-17 10:38:04-INFO-[tdms_reader_time.py:157]-已转换: 20250620193812.362895.tdms -> D:/Lab/process/2025.6.20/time\backwatering\20250620193812.362895.csv
2025-10-17 10:38:04-INFO-[tdms_reader_time.py:158]-元数据保存: D:/Lab/process/2025.6.20/time\backwatering\20250620193812.362895_metadata.json
2025-10-17 10:38:04-INFO-[tdms_reader_time.py:44]-开始处理文件: D:/Lab/raw/2025.6.20\backwatering\20250620193931.418785.tdms
2025-10-17 10:38:04-INFO-[tdms_reader_time.py:136]-  已写入 200000/200000 行数据
2025-10-17 10:38:04-INFO-[tdms_reader_time.py:157]-已转换: 20250620193809.385131.tdms -> D:/Lab/process/2025.6.20/time\backwatering\20250620193809.385131.csv
2025-10-17 10:38:04-INFO-[tdms_reader_time.py:158]-元数据保存: D:/Lab/process/2025.6.20/time\backwatering\20250620193809.385131_metadata.json
2025-10-17 10:38:04-INFO-[tdms_reader_time.py:71]-处理文件: 20250620193931.418785.tdms, 数据长度: 200000, 通道数: 16
2025-10-17 10:38:04-INFO-[tdms_reader_time.py:79]-使用实际采样间隔: 5e-06 秒
2025-10-17 10:38:04-INFO-[tdms_reader_time.py:136]-  已写入 200000/200000 行数据
2025-10-17 10:38:04-INFO-[tdms_reader_time.py:44]-开始处理文件: D:/Lab/raw/2025.6.20\backwatering\20250620194609.324848.tdms
2025-10-17 10:38:04-INFO-[tdms_reader_time.py:92]-使用通道起始时间: 2025-06-20 11:39:30.065486
2025-10-17 10:38:04-INFO-[tdms_reader_time.py:157]-已转换: 20250620193818.229423.tdms -> D:/Lab/process/2025.6.20/time\backwatering\20250620193818.229423.csv
2025-10-17 10:38:04-INFO-[tdms_reader_time.py:158]-元数据保存: D:/Lab/process/2025.6.20/time\backwatering\20250620193818.229423_metadata.json
2025-10-17 10:38:04-INFO-[tdms_reader_time.py:136]-  已写入 200000/200000 行数据
2025-10-17 10:38:04-INFO-[tdms_reader_time.py:44]-开始处理文件: D:/Lab/raw/2025.6.20\stopdirtyback\20250620203652.803200.tdms
2025-10-17 10:38:04-INFO-[tdms_reader_time.py:157]-已转换: 20250620193815.303531.tdms -> D:/Lab/process/2025.6.20/time\backwatering\20250620193815.303531.csv
2025-10-17 10:38:04-INFO-[tdms_reader_time.py:158]-元数据保存: D:/Lab/process/2025.6.20/time\backwatering\20250620193815.303531_metadata.json
2025-10-17 10:38:05-INFO-[tdms_reader_time.py:71]-处理文件: 20250620194609.324848.tdms, 数据长度: 200000, 通道数: 16
2025-10-17 10:38:05-INFO-[tdms_reader_time.py:79]-使用实际采样间隔: 5e-06 秒
2025-10-17 10:38:05-INFO-[tdms_reader_time.py:92]-使用通道起始时间: 2025-06-20 11:46:07.950564
2025-10-17 10:38:05-INFO-[tdms_reader_time.py:44]-开始处理文件: D:/Lab/raw/2025.6.20\stopdirtyback\20250620203655.750625.tdms
2025-10-17 10:38:05-INFO-[tdms_reader_time.py:71]-处理文件: 20250620203652.803200.tdms, 数据长度: 200000, 通道数: 16
2025-10-17 10:38:05-INFO-[tdms_reader_time.py:79]-使用实际采样间隔: 5e-06 秒
2025-10-17 10:38:05-INFO-[tdms_reader_time.py:92]-使用通道起始时间: 2025-06-20 12:36:51.441368
2025-10-17 10:38:05-INFO-[tdms_reader_time.py:71]-处理文件: 20250620203655.750625.tdms, 数据长度: 200000, 通道数: 16
2025-10-17 10:38:05-INFO-[tdms_reader_time.py:79]-使用实际采样间隔: 5e-06 秒
2025-10-17 10:38:05-INFO-[tdms_reader_time.py:92]-使用通道起始时间: 2025-06-20 12:36:54.353779
2025-10-17 10:38:05-INFO-[tdms_reader_time.py:136]-  已写入 200000/200000 行数据
2025-10-17 10:38:05-INFO-[tdms_reader_time.py:157]-已转换: 20250620193824.039435.tdms -> D:/Lab/process/2025.6.20/time\backwatering\20250620193824.039435.csv
2025-10-17 10:38:05-INFO-[tdms_reader_time.py:158]-元数据保存: D:/Lab/process/2025.6.20/time\backwatering\20250620193824.039435_metadata.json
2025-10-17 10:38:05-INFO-[tdms_reader_time.py:44]-开始处理文件: D:/Lab/raw/2025.6.20\stopdirtyback\20250620203658.518572.tdms
2025-10-17 10:38:05-INFO-[tdms_reader_time.py:136]-  已写入 200000/200000 行数据
2025-10-17 10:38:05-INFO-[tdms_reader_time.py:157]-已转换: 20250620193835.769193.tdms -> D:/Lab/process/2025.6.20/time\backwatering\20250620193835.769193.csv
2025-10-17 10:38:05-INFO-[tdms_reader_time.py:158]-元数据保存: D:/Lab/process/2025.6.20/time\backwatering\20250620193835.769193_metadata.json
2025-10-17 10:38:05-INFO-[tdms_reader_time.py:136]-  已写入 200000/200000 行数据
2025-10-17 10:38:05-INFO-[tdms_reader_time.py:157]-已转换: 20250620193829.938352.tdms -> D:/Lab/process/2025.6.20/time\backwatering\20250620193829.938352.csv
2025-10-17 10:38:05-INFO-[tdms_reader_time.py:158]-元数据保存: D:/Lab/process/2025.6.20/time\backwatering\20250620193829.938352_metadata.json
2025-10-17 10:38:05-INFO-[tdms_reader_time.py:71]-处理文件: 20250620203658.518572.tdms, 数据长度: 200000, 通道数: 16
2025-10-17 10:38:05-INFO-[tdms_reader_time.py:79]-使用实际采样间隔: 5e-06 秒
2025-10-17 10:38:05-INFO-[tdms_reader_time.py:92]-使用通道起始时间: 2025-06-20 12:36:57.111971
2025-10-17 10:38:05-INFO-[tdms_reader_time.py:44]-开始处理文件: D:/Lab/raw/2025.6.20\stopdirtyback\20250620203701.532839.tdms
2025-10-17 10:38:05-INFO-[tdms_reader_time.py:44]-开始处理文件: D:/Lab/raw/2025.6.20\stopdirtyback\20250620203704.513334.tdms
2025-10-17 10:38:05-INFO-[tdms_reader_time.py:71]-处理文件: 20250620203701.532839.tdms, 数据长度: 200000, 通道数: 16
2025-10-17 10:38:05-INFO-[tdms_reader_time.py:71]-处理文件: 20250620203704.513334.tdms, 数据长度: 200000, 通道数: 16
2025-10-17 10:38:05-INFO-[tdms_reader_time.py:136]-  已写入 200000/200000 行数据
2025-10-17 10:38:05-INFO-[tdms_reader_time.py:79]-使用实际采样间隔: 5e-06 秒
2025-10-17 10:38:05-INFO-[tdms_reader_time.py:92]-使用通道起始时间: 2025-06-20 12:37:00.139156
2025-10-17 10:38:05-INFO-[tdms_reader_time.py:79]-使用实际采样间隔: 5e-06 秒
2025-10-17 10:38:05-INFO-[tdms_reader_time.py:136]-  已写入 200000/200000 行数据
2025-10-17 10:38:05-INFO-[tdms_reader_time.py:92]-使用通道起始时间: 2025-06-20 12:37:03.129691
2025-10-17 10:38:05-INFO-[tdms_reader_time.py:136]-  已写入 200000/200000 行数据
2025-10-17 10:38:05-INFO-[tdms_reader_time.py:157]-已转换: 20250620193827.003131.tdms -> D:/Lab/process/2025.6.20/time\backwatering\20250620193827.003131.csv
2025-10-17 10:38:05-INFO-[tdms_reader_time.py:157]-已转换: 20250620193850.400394.tdms -> D:/Lab/process/2025.6.20/time\backwatering\20250620193850.400394.csv
2025-10-17 10:38:05-INFO-[tdms_reader_time.py:157]-已转换: 20250620193847.466852.tdms -> D:/Lab/process/2025.6.20/time\backwatering\20250620193847.466852.csv
2025-10-17 10:38:05-INFO-[tdms_reader_time.py:158]-元数据保存: D:/Lab/process/2025.6.20/time\backwatering\20250620193827.003131_metadata.json
2025-10-17 10:38:05-INFO-[tdms_reader_time.py:158]-元数据保存: D:/Lab/process/2025.6.20/time\backwatering\20250620193850.400394_metadata.json
2025-10-17 10:38:05-INFO-[tdms_reader_time.py:136]-  已写入 200000/200000 行数据
2025-10-17 10:38:05-INFO-[tdms_reader_time.py:136]-  已写入 200000/200000 行数据
2025-10-17 10:38:05-INFO-[tdms_reader_time.py:158]-元数据保存: D:/Lab/process/2025.6.20/time\backwatering\20250620193847.466852_metadata.json
2025-10-17 10:38:05-INFO-[tdms_reader_time.py:157]-已转换: 20250620193844.533171.tdms -> D:/Lab/process/2025.6.20/time\backwatering\20250620193844.533171.csv
2025-10-17 10:38:05-INFO-[tdms_reader_time.py:44]-开始处理文件: D:/Lab/raw/2025.6.20\stopdirtyback\20250620203707.478189.tdms
2025-10-17 10:38:05-INFO-[tdms_reader_time.py:158]-元数据保存: D:/Lab/process/2025.6.20/time\backwatering\20250620193844.533171_metadata.json
2025-10-17 10:38:05-INFO-[tdms_reader_time.py:157]-已转换: 20250620193821.140393.tdms -> D:/Lab/process/2025.6.20/time\backwatering\20250620193821.140393.csv
2025-10-17 10:38:05-INFO-[tdms_reader_time.py:44]-开始处理文件: D:/Lab/raw/2025.6.20\stopdirtyback\20250620203710.409991.tdms
2025-10-17 10:38:05-INFO-[tdms_reader_time.py:158]-元数据保存: D:/Lab/process/2025.6.20/time\backwatering\20250620193821.140393_metadata.json
2025-10-17 10:38:05-INFO-[tdms_reader_time.py:44]-开始处理文件: D:/Lab/raw/2025.6.20\stopdirtyback\20250620203713.390256.tdms
2025-10-17 10:38:05-INFO-[tdms_reader_time.py:136]-  已写入 200000/200000 行数据
2025-10-17 10:38:05-INFO-[tdms_reader_time.py:136]-  已写入 200000/200000 行数据
2025-10-17 10:38:05-INFO-[tdms_reader_time.py:157]-已转换: 20250620193841.584246.tdms -> D:/Lab/process/2025.6.20/time\backwatering\20250620193841.584246.csv
2025-10-17 10:38:05-INFO-[tdms_reader_time.py:157]-已转换: 20250620193859.168055.tdms -> D:/Lab/process/2025.6.20/time\backwatering\20250620193859.168055.csv
2025-10-17 10:38:05-INFO-[tdms_reader_time.py:158]-元数据保存: D:/Lab/process/2025.6.20/time\backwatering\20250620193841.584246_metadata.json
2025-10-17 10:38:05-INFO-[tdms_reader_time.py:158]-元数据保存: D:/Lab/process/2025.6.20/time\backwatering\20250620193859.168055_metadata.json
2025-10-17 10:38:05-INFO-[tdms_reader_time.py:44]-开始处理文件: D:/Lab/raw/2025.6.20\stopdirtyback\20250620203716.299159.tdms
2025-10-17 10:38:05-INFO-[tdms_reader_time.py:44]-开始处理文件: D:/Lab/raw/2025.6.20\stopdirtyback\20250620203719.208527.tdms
2025-10-17 10:38:05-INFO-[tdms_reader_time.py:71]-处理文件: 20250620203710.409991.tdms, 数据长度: 200000, 通道数: 16
2025-10-17 10:38:05-INFO-[tdms_reader_time.py:44]-开始处理文件: D:/Lab/raw/2025.6.20\stopdirtyback\20250620203722.132566.tdms
2025-10-17 10:38:05-INFO-[tdms_reader_time.py:79]-使用实际采样间隔: 5e-06 秒
2025-10-17 10:38:05-INFO-[tdms_reader_time.py:71]-处理文件: 20250620203707.478189.tdms, 数据长度: 200000, 通道数: 16
2025-10-17 10:38:05-INFO-[tdms_reader_time.py:44]-开始处理文件: D:/Lab/raw/2025.6.20\stopdirtyback\20250620203725.055667.tdms
2025-10-17 10:38:05-INFO-[tdms_reader_time.py:92]-使用通道起始时间: 2025-06-20 12:37:09.059997
2025-10-17 10:38:05-INFO-[tdms_reader_time.py:79]-使用实际采样间隔: 5e-06 秒
2025-10-17 10:38:05-INFO-[tdms_reader_time.py:136]-  已写入 200000/200000 行数据
2025-10-17 10:38:05-INFO-[tdms_reader_time.py:71]-处理文件: 20250620203713.390256.tdms, 数据长度: 200000, 通道数: 16
2025-10-17 10:38:05-INFO-[tdms_reader_time.py:157]-已转换: 20250620193856.225711.tdms -> D:/Lab/process/2025.6.20/time\backwatering\20250620193856.225711.csv
2025-10-17 10:38:05-INFO-[tdms_reader_time.py:92]-使用通道起始时间: 2025-06-20 12:37:06.112899
2025-10-17 10:38:05-INFO-[tdms_reader_time.py:71]-处理文件: 20250620203716.299159.tdms, 数据长度: 200000, 通道数: 16
2025-10-17 10:38:05-INFO-[tdms_reader_time.py:158]-元数据保存: D:/Lab/process/2025.6.20/time\backwatering\20250620193856.225711_metadata.json
2025-10-17 10:38:05-INFO-[tdms_reader_time.py:79]-使用实际采样间隔: 5e-06 秒
2025-10-17 10:38:05-INFO-[tdms_reader_time.py:79]-使用实际采样间隔: 5e-06 秒
2025-10-17 10:38:05-INFO-[tdms_reader_time.py:136]-  已写入 200000/200000 行数据
2025-10-17 10:38:05-INFO-[tdms_reader_time.py:71]-处理文件: 20250620203719.208527.tdms, 数据长度: 200000, 通道数: 16
2025-10-17 10:38:05-INFO-[tdms_reader_time.py:92]-使用通道起始时间: 2025-06-20 12:37:12.010212
2025-10-17 10:38:05-INFO-[tdms_reader_time.py:71]-处理文件: 20250620203722.132566.tdms, 数据长度: 200000, 通道数: 16
2025-10-17 10:38:05-INFO-[tdms_reader_time.py:79]-使用实际采样间隔: 5e-06 秒
2025-10-17 10:38:05-INFO-[tdms_reader_time.py:79]-使用实际采样间隔: 5e-06 秒
2025-10-17 10:38:05-INFO-[tdms_reader_time.py:92]-使用通道起始时间: 2025-06-20 12:37:20.755309
2025-10-17 10:38:05-INFO-[tdms_reader_time.py:71]-处理文件: 20250620203725.055667.tdms, 数据长度: 200000, 通道数: 16
2025-10-17 10:38:05-INFO-[tdms_reader_time.py:92]-使用通道起始时间: 2025-06-20 12:37:17.849428
2025-10-17 10:38:05-INFO-[tdms_reader_time.py:44]-开始处理文件: D:/Lab/raw/2025.6.20\stopdirtyback\20250620203727.976887.tdms
2025-10-17 10:38:05-INFO-[tdms_reader_time.py:92]-使用通道起始时间: 2025-06-20 12:37:14.949285
2025-10-17 10:38:05-INFO-[tdms_reader_time.py:157]-已转换: 20250620193838.664452.tdms -> D:/Lab/process/2025.6.20/time\backwatering\20250620193838.664452.csv
2025-10-17 10:38:05-INFO-[tdms_reader_time.py:79]-使用实际采样间隔: 5e-06 秒
2025-10-17 10:38:05-INFO-[tdms_reader_time.py:158]-元数据保存: D:/Lab/process/2025.6.20/time\backwatering\20250620193838.664452_metadata.json
2025-10-17 10:38:05-INFO-[tdms_reader_time.py:92]-使用通道起始时间: 2025-06-20 12:37:23.688227
2025-10-17 10:38:05-INFO-[tdms_reader_time.py:44]-开始处理文件: D:/Lab/raw/2025.6.20\stopdirtyback\20250620203730.949081.tdms
2025-10-17 10:38:05-INFO-[tdms_reader_time.py:136]-  已写入 200000/200000 行数据
2025-10-17 10:38:05-INFO-[tdms_reader_time.py:157]-已转换: 20250620193832.870292.tdms -> D:/Lab/process/2025.6.20/time\backwatering\20250620193832.870292.csv
2025-10-17 10:38:05-INFO-[tdms_reader_time.py:158]-元数据保存: D:/Lab/process/2025.6.20/time\backwatering\20250620193832.870292_metadata.json
2025-10-17 10:38:05-INFO-[tdms_reader_time.py:71]-处理文件: 20250620203727.976887.tdms, 数据长度: 200000, 通道数: 16
2025-10-17 10:38:05-INFO-[tdms_reader_time.py:79]-使用实际采样间隔: 5e-06 秒
2025-10-17 10:38:05-INFO-[tdms_reader_time.py:92]-使用通道起始时间: 2025-06-20 12:37:26.598158
2025-10-17 10:38:05-INFO-[tdms_reader_time.py:71]-处理文件: 20250620203730.949081.tdms, 数据长度: 200000, 通道数: 16
2025-10-17 10:38:05-INFO-[tdms_reader_time.py:79]-使用实际采样间隔: 5e-06 秒
2025-10-17 10:38:05-INFO-[tdms_reader_time.py:92]-使用通道起始时间: 2025-06-20 12:37:29.584377
2025-10-17 10:38:05-INFO-[tdms_reader_time.py:44]-开始处理文件: D:/Lab/raw/2025.6.20\stopdirtyback\20250620203733.850068.tdms
2025-10-17 10:38:05-INFO-[tdms_reader_time.py:136]-  已写入 200000/200000 行数据
2025-10-17 10:38:05-INFO-[tdms_reader_time.py:157]-已转换: 20250620193853.345024.tdms -> D:/Lab/process/2025.6.20/time\backwatering\20250620193853.345024.csv
2025-10-17 10:38:05-INFO-[tdms_reader_time.py:158]-元数据保存: D:/Lab/process/2025.6.20/time\backwatering\20250620193853.345024_metadata.json
2025-10-17 10:38:05-INFO-[tdms_reader_time.py:44]-开始处理文件: D:/Lab/raw/2025.6.20\stopdirtyback\20250620203736.809154.tdms
2025-10-17 10:38:05-INFO-[tdms_reader_time.py:71]-处理文件: 20250620203733.850068.tdms, 数据长度: 200000, 通道数: 16
2025-10-17 10:38:05-INFO-[tdms_reader_time.py:79]-使用实际采样间隔: 5e-06 秒
2025-10-17 10:38:05-INFO-[tdms_reader_time.py:92]-使用通道起始时间: 2025-06-20 12:37:32.497173
2025-10-17 10:38:05-INFO-[tdms_reader_time.py:136]-  已写入 200000/200000 行数据
2025-10-17 10:38:05-INFO-[tdms_reader_time.py:157]-已转换: 20250620193902.126579.tdms -> D:/Lab/process/2025.6.20/time\backwatering\20250620193902.126579.csv
2025-10-17 10:38:05-INFO-[tdms_reader_time.py:158]-元数据保存: D:/Lab/process/2025.6.20/time\backwatering\20250620193902.126579_metadata.json
2025-10-17 10:38:05-INFO-[tdms_reader_time.py:71]-处理文件: 20250620203736.809154.tdms, 数据长度: 200000, 通道数: 16
2025-10-17 10:38:05-INFO-[tdms_reader_time.py:136]-  已写入 200000/200000 行数据
2025-10-17 10:38:05-INFO-[tdms_reader_time.py:79]-使用实际采样间隔: 5e-06 秒
2025-10-17 10:38:05-INFO-[tdms_reader_time.py:92]-使用通道起始时间: 2025-06-20 12:37:35.442828
2025-10-17 10:38:05-INFO-[tdms_reader_time.py:157]-已转换: 20250620193907.982947.tdms -> D:/Lab/process/2025.6.20/time\backwatering\20250620193907.982947.csv
2025-10-17 10:38:05-INFO-[tdms_reader_time.py:158]-元数据保存: D:/Lab/process/2025.6.20/time\backwatering\20250620193907.982947_metadata.json
2025-10-17 10:38:05-INFO-[tdms_reader_time.py:44]-开始处理文件: D:/Lab/raw/2025.6.20\stopdirtyback\20250620203739.731672.tdms
2025-10-17 10:38:05-INFO-[tdms_reader_time.py:44]-开始处理文件: D:/Lab/raw/2025.6.20\stopdirtyback\20250620203742.636087.tdms
2025-10-17 10:38:05-INFO-[tdms_reader_time.py:71]-处理文件: 20250620203739.731672.tdms, 数据长度: 200000, 通道数: 16
2025-10-17 10:38:05-INFO-[tdms_reader_time.py:71]-处理文件: 20250620203742.636087.tdms, 数据长度: 200000, 通道数: 16
2025-10-17 10:38:05-INFO-[tdms_reader_time.py:79]-使用实际采样间隔: 5e-06 秒
2025-10-17 10:38:05-INFO-[tdms_reader_time.py:92]-使用通道起始时间: 2025-06-20 12:37:38.369721
2025-10-17 10:38:05-INFO-[tdms_reader_time.py:79]-使用实际采样间隔: 5e-06 秒
2025-10-17 10:38:05-INFO-[tdms_reader_time.py:92]-使用通道起始时间: 2025-06-20 12:37:41.284860
2025-10-17 10:38:05-INFO-[tdms_reader_time.py:136]-  已写入 200000/200000 行数据
2025-10-17 10:38:05-INFO-[tdms_reader_time.py:157]-已转换: 20250620193910.873333.tdms -> D:/Lab/process/2025.6.20/time\backwatering\20250620193910.873333.csv
2025-10-17 10:38:05-INFO-[tdms_reader_time.py:158]-元数据保存: D:/Lab/process/2025.6.20/time\backwatering\20250620193910.873333_metadata.json
2025-10-17 10:38:05-INFO-[tdms_reader_time.py:44]-开始处理文件: D:/Lab/raw/2025.6.20\stopdirtyback\20250620203745.567957.tdms
2025-10-17 10:38:05-INFO-[tdms_reader_time.py:71]-处理文件: 20250620203745.567957.tdms, 数据长度: 200000, 通道数: 16
2025-10-17 10:38:05-INFO-[tdms_reader_time.py:79]-使用实际采样间隔: 5e-06 秒
2025-10-17 10:38:05-INFO-[tdms_reader_time.py:92]-使用通道起始时间: 2025-06-20 12:37:44.207525
2025-10-17 10:38:05-INFO-[tdms_reader_time.py:136]-  已写入 200000/200000 行数据
2025-10-17 10:38:05-INFO-[tdms_reader_time.py:157]-已转换: 20250620193905.056522.tdms -> D:/Lab/process/2025.6.20/time\backwatering\20250620193905.056522.csv
2025-10-17 10:38:05-INFO-[tdms_reader_time.py:158]-元数据保存: D:/Lab/process/2025.6.20/time\backwatering\20250620193905.056522_metadata.json
2025-10-17 10:38:05-INFO-[tdms_reader_time.py:44]-开始处理文件: D:/Lab/raw/2025.6.20\stopdirtyback\20250620203748.493319.tdms
2025-10-17 10:38:05-INFO-[tdms_reader_time.py:136]-  已写入 200000/200000 行数据
2025-10-17 10:38:05-INFO-[tdms_reader_time.py:157]-已转换: 20250620193916.714522.tdms -> D:/Lab/process/2025.6.20/time\backwatering\20250620193916.714522.csv
2025-10-17 10:38:05-INFO-[tdms_reader_time.py:158]-元数据保存: D:/Lab/process/2025.6.20/time\backwatering\20250620193916.714522_metadata.json
2025-10-17 10:38:05-INFO-[tdms_reader_time.py:71]-处理文件: 20250620203748.493319.tdms, 数据长度: 200000, 通道数: 16
2025-10-17 10:38:05-INFO-[tdms_reader_time.py:79]-使用实际采样间隔: 5e-06 秒
2025-10-17 10:38:05-INFO-[tdms_reader_time.py:92]-使用通道起始时间: 2025-06-20 12:37:47.133766
2025-10-17 10:38:05-INFO-[tdms_reader_time.py:44]-开始处理文件: D:/Lab/raw/2025.6.20\stopdirtyback\20250620203751.394046.tdms
2025-10-17 10:38:05-INFO-[tdms_reader_time.py:136]-  已写入 200000/200000 行数据
2025-10-17 10:38:05-INFO-[tdms_reader_time.py:157]-已转换: 20250620193913.800929.tdms -> D:/Lab/process/2025.6.20/time\backwatering\20250620193913.800929.csv
2025-10-17 10:38:05-INFO-[tdms_reader_time.py:71]-处理文件: 20250620203751.394046.tdms, 数据长度: 200000, 通道数: 16
2025-10-17 10:38:05-INFO-[tdms_reader_time.py:158]-元数据保存: D:/Lab/process/2025.6.20/time\backwatering\20250620193913.800929_metadata.json
2025-10-17 10:38:05-INFO-[tdms_reader_time.py:79]-使用实际采样间隔: 5e-06 秒
2025-10-17 10:38:05-INFO-[tdms_reader_time.py:92]-使用通道起始时间: 2025-06-20 12:37:50.044528
2025-10-17 10:38:05-INFO-[tdms_reader_time.py:44]-开始处理文件: D:/Lab/raw/2025.6.20\stopdirtyback\20250620203754.381011.tdms
2025-10-17 10:38:05-INFO-[tdms_reader_time.py:71]-处理文件: 20250620203754.381011.tdms, 数据长度: 200000, 通道数: 16
2025-10-17 10:38:05-INFO-[tdms_reader_time.py:79]-使用实际采样间隔: 5e-06 秒
2025-10-17 10:38:05-INFO-[tdms_reader_time.py:92]-使用通道起始时间: 2025-06-20 12:37:52.968803
2025-10-17 10:38:07-INFO-[tdms_reader_time.py:136]-  已写入 100000/200000 行数据
2025-10-17 10:38:07-INFO-[tdms_reader_time.py:136]-  已写入 100000/200000 行数据
2025-10-17 10:38:08-INFO-[tdms_reader_time.py:136]-  已写入 100000/200000 行数据
2025-10-17 10:38:08-INFO-[tdms_reader_time.py:136]-  已写入 100000/200000 行数据
2025-10-17 10:38:08-INFO-[tdms_reader_time.py:136]-  已写入 100000/200000 行数据
2025-10-17 10:38:08-INFO-[tdms_reader_time.py:136]-  已写入 100000/200000 行数据
2025-10-17 10:38:08-INFO-[tdms_reader_time.py:136]-  已写入 100000/200000 行数据
2025-10-17 10:38:08-INFO-[tdms_reader_time.py:136]-  已写入 100000/200000 行数据
2025-10-17 10:38:08-INFO-[tdms_reader_time.py:136]-  已写入 100000/200000 行数据
2025-10-17 10:38:08-INFO-[tdms_reader_time.py:136]-  已写入 100000/200000 行数据
2025-10-17 10:38:08-INFO-[tdms_reader_time.py:136]-  已写入 100000/200000 行数据
2025-10-17 10:38:09-INFO-[tdms_reader_time.py:136]-  已写入 100000/200000 行数据
2025-10-17 10:38:09-INFO-[tdms_reader_time.py:136]-  已写入 100000/200000 行数据
2025-10-17 10:38:09-INFO-[tdms_reader_time.py:136]-  已写入 100000/200000 行数据
2025-10-17 10:38:09-INFO-[tdms_reader_time.py:136]-  已写入 100000/200000 行数据
2025-10-17 10:38:09-INFO-[tdms_reader_time.py:136]-  已写入 100000/200000 行数据
2025-10-17 10:38:09-INFO-[tdms_reader_time.py:136]-  已写入 100000/200000 行数据
2025-10-17 10:38:09-INFO-[tdms_reader_time.py:136]-  已写入 100000/200000 行数据
2025-10-17 10:38:09-INFO-[tdms_reader_time.py:136]-  已写入 100000/200000 行数据
2025-10-17 10:38:09-INFO-[tdms_reader_time.py:136]-  已写入 100000/200000 行数据
2025-10-17 10:38:09-INFO-[tdms_reader_time.py:136]-  已写入 100000/200000 行数据
2025-10-17 10:38:09-INFO-[tdms_reader_time.py:136]-  已写入 100000/200000 行数据
2025-10-17 10:38:09-INFO-[tdms_reader_time.py:136]-  已写入 100000/200000 行数据
2025-10-17 10:38:09-INFO-[tdms_reader_time.py:136]-  已写入 100000/200000 行数据
2025-10-17 10:38:09-INFO-[tdms_reader_time.py:136]-  已写入 100000/200000 行数据
2025-10-17 10:38:09-INFO-[tdms_reader_time.py:136]-  已写入 100000/200000 行数据
2025-10-17 10:38:09-INFO-[tdms_reader_time.py:136]-  已写入 100000/200000 行数据
2025-10-17 10:38:09-INFO-[tdms_reader_time.py:136]-  已写入 100000/200000 行数据
2025-10-17 10:38:11-INFO-[tdms_reader_time.py:136]-  已写入 200000/200000 行数据
2025-10-17 10:38:11-INFO-[tdms_reader_time.py:157]-已转换: 20250620193919.648442.tdms -> D:/Lab/process/2025.6.20/time\backwatering\20250620193919.648442.csv
2025-10-17 10:38:11-INFO-[tdms_reader_time.py:158]-元数据保存: D:/Lab/process/2025.6.20/time\backwatering\20250620193919.648442_metadata.json
2025-10-17 10:38:11-INFO-[tdms_reader_time.py:44]-开始处理文件: D:/Lab/raw/2025.6.20\stopdirtyback\20250620203757.355624.tdms
2025-10-17 10:38:11-INFO-[tdms_reader_time.py:71]-处理文件: 20250620203757.355624.tdms, 数据长度: 200000, 通道数: 16
2025-10-17 10:38:11-INFO-[tdms_reader_time.py:79]-使用实际采样间隔: 5e-06 秒
2025-10-17 10:38:11-INFO-[tdms_reader_time.py:92]-使用通道起始时间: 2025-06-20 12:37:55.995265
2025-10-17 10:38:11-INFO-[tdms_reader_time.py:136]-  已写入 200000/200000 行数据
2025-10-17 10:38:11-INFO-[tdms_reader_time.py:157]-已转换: 20250620193922.601949.tdms -> D:/Lab/process/2025.6.20/time\backwatering\20250620193922.601949.csv
2025-10-17 10:38:11-INFO-[tdms_reader_time.py:158]-元数据保存: D:/Lab/process/2025.6.20/time\backwatering\20250620193922.601949_metadata.json
2025-10-17 10:38:11-INFO-[tdms_reader_time.py:44]-开始处理文件: D:/Lab/raw/2025.6.20\stopdirtyback\20250620203800.231357.tdms
2025-10-17 10:38:11-INFO-[tdms_reader_time.py:71]-处理文件: 20250620203800.231357.tdms, 数据长度: 200000, 通道数: 16
2025-10-17 10:38:11-INFO-[tdms_reader_time.py:79]-使用实际采样间隔: 5e-06 秒
2025-10-17 10:38:11-INFO-[tdms_reader_time.py:92]-使用通道起始时间: 2025-06-20 12:37:58.871695
2025-10-17 10:38:11-INFO-[tdms_reader_time.py:136]-  已写入 200000/200000 行数据
2025-10-17 10:38:11-INFO-[tdms_reader_time.py:157]-已转换: 20250620193925.583770.tdms -> D:/Lab/process/2025.6.20/time\backwatering\20250620193925.583770.csv
2025-10-17 10:38:11-INFO-[tdms_reader_time.py:158]-元数据保存: D:/Lab/process/2025.6.20/time\backwatering\20250620193925.583770_metadata.json
2025-10-17 10:38:11-INFO-[tdms_reader_time.py:44]-开始处理文件: D:/Lab/raw/2025.6.20\test\20250620193223.119184.tdms
2025-10-17 10:38:11-INFO-[tdms_reader_time.py:136]-  已写入 200000/200000 行数据
2025-10-17 10:38:11-INFO-[tdms_reader_time.py:157]-已转换: 20250620193928.513572.tdms -> D:/Lab/process/2025.6.20/time\backwatering\20250620193928.513572.csv
2025-10-17 10:38:11-INFO-[tdms_reader_time.py:158]-元数据保存: D:/Lab/process/2025.6.20/time\backwatering\20250620193928.513572_metadata.json
2025-10-17 10:38:11-INFO-[tdms_reader_time.py:71]-处理文件: 20250620193223.119184.tdms, 数据长度: 200000, 通道数: 16
2025-10-17 10:38:11-INFO-[tdms_reader_time.py:79]-使用实际采样间隔: 5e-06 秒
2025-10-17 10:38:11-INFO-[tdms_reader_time.py:92]-使用通道起始时间: 2025-06-20 11:32:21.761863
2025-10-17 10:38:11-INFO-[tdms_reader_time.py:44]-开始处理文件: D:/Lab/raw/2025.6.20\test\20250620193226.144821.tdms
2025-10-17 10:38:11-INFO-[tdms_reader_time.py:71]-处理文件: 20250620193226.144821.tdms, 数据长度: 200000, 通道数: 16
2025-10-17 10:38:11-INFO-[tdms_reader_time.py:79]-使用实际采样间隔: 5e-06 秒
2025-10-17 10:38:11-INFO-[tdms_reader_time.py:92]-使用通道起始时间: 2025-06-20 11:32:24.762460
2025-10-17 10:38:11-INFO-[tdms_reader_time.py:136]-  已写入 200000/200000 行数据
2025-10-17 10:38:11-INFO-[tdms_reader_time.py:157]-已转换: 20250620203655.750625.tdms -> D:/Lab/process/2025.6.20/time\stopdirtyback\20250620203655.750625.csv
2025-10-17 10:38:11-INFO-[tdms_reader_time.py:158]-元数据保存: D:/Lab/process/2025.6.20/time\stopdirtyback\20250620203655.750625_metadata.json
2025-10-17 10:38:11-INFO-[tdms_reader_time.py:44]-开始处理文件: D:/Lab/raw/2025.6.20\test\20250620193229.092219.tdms
2025-10-17 10:38:11-INFO-[tdms_reader_time.py:71]-处理文件: 20250620193229.092219.tdms, 数据长度: 200000, 通道数: 16
2025-10-17 10:38:11-INFO-[tdms_reader_time.py:136]-  已写入 200000/200000 行数据
2025-10-17 10:38:11-INFO-[tdms_reader_time.py:79]-使用实际采样间隔: 5e-06 秒
2025-10-17 10:38:11-INFO-[tdms_reader_time.py:157]-已转换: 20250620194609.324848.tdms -> D:/Lab/process/2025.6.20/time\backwatering\20250620194609.324848.csv
2025-10-17 10:38:11-INFO-[tdms_reader_time.py:92]-使用通道起始时间: 2025-06-20 11:32:27.735315
2025-10-17 10:38:11-INFO-[tdms_reader_time.py:158]-元数据保存: D:/Lab/process/2025.6.20/time\backwatering\20250620194609.324848_metadata.json
2025-10-17 10:38:11-INFO-[tdms_reader_time.py:44]-开始处理文件: D:/Lab/raw/2025.6.20\test\20250620193232.047310.tdms
2025-10-17 10:38:11-INFO-[tdms_reader_time.py:136]-  已写入 200000/200000 行数据
2025-10-17 10:38:11-INFO-[tdms_reader_time.py:157]-已转换: 20250620203652.803200.tdms -> D:/Lab/process/2025.6.20/time\stopdirtyback\20250620203652.803200.csv
2025-10-17 10:38:11-INFO-[tdms_reader_time.py:71]-处理文件: 20250620193232.047310.tdms, 数据长度: 200000, 通道数: 16
2025-10-17 10:38:11-INFO-[tdms_reader_time.py:158]-元数据保存: D:/Lab/process/2025.6.20/time\stopdirtyback\20250620203652.803200_metadata.json
2025-10-17 10:38:11-INFO-[tdms_reader_time.py:79]-使用实际采样间隔: 5e-06 秒
2025-10-17 10:38:11-INFO-[tdms_reader_time.py:92]-使用通道起始时间: 2025-06-20 11:32:30.693078
2025-10-17 10:38:11-INFO-[tdms_reader_time.py:44]-开始处理文件: D:/Lab/raw/2025.6.20\test\20250620193234.988384.tdms
2025-10-17 10:38:12-INFO-[tdms_reader_time.py:71]-处理文件: 20250620193234.988384.tdms, 数据长度: 200000, 通道数: 16
2025-10-17 10:38:12-INFO-[tdms_reader_time.py:79]-使用实际采样间隔: 5e-06 秒
2025-10-17 10:38:12-INFO-[tdms_reader_time.py:92]-使用通道起始时间: 2025-06-20 11:32:33.632545
2025-10-17 10:38:12-INFO-[tdms_reader_time.py:136]-  已写入 200000/200000 行数据
2025-10-17 10:38:12-INFO-[tdms_reader_time.py:157]-已转换: 20250620193931.418785.tdms -> D:/Lab/process/2025.6.20/time\backwatering\20250620193931.418785.csv
2025-10-17 10:38:12-INFO-[tdms_reader_time.py:158]-元数据保存: D:/Lab/process/2025.6.20/time\backwatering\20250620193931.418785_metadata.json
2025-10-17 10:38:12-INFO-[tdms_reader_time.py:44]-开始处理文件: D:/Lab/raw/2025.6.20\test\20250620193237.935547.tdms
2025-10-17 10:38:12-INFO-[tdms_reader_time.py:71]-处理文件: 20250620193237.935547.tdms, 数据长度: 200000, 通道数: 16
2025-10-17 10:38:12-INFO-[tdms_reader_time.py:79]-使用实际采样间隔: 5e-06 秒
2025-10-17 10:38:12-INFO-[tdms_reader_time.py:92]-使用通道起始时间: 2025-06-20 11:32:36.574364
2025-10-17 10:38:12-INFO-[tdms_reader_time.py:136]-  已写入 200000/200000 行数据
2025-10-17 10:38:12-INFO-[tdms_reader_time.py:136]-  已写入 200000/200000 行数据
2025-10-17 10:38:12-INFO-[tdms_reader_time.py:157]-已转换: 20250620203727.976887.tdms -> D:/Lab/process/2025.6.20/time\stopdirtyback\20250620203727.976887.csv
2025-10-17 10:38:12-INFO-[tdms_reader_time.py:158]-元数据保存: D:/Lab/process/2025.6.20/time\stopdirtyback\20250620203727.976887_metadata.json
2025-10-17 10:38:12-INFO-[tdms_reader_time.py:157]-已转换: 20250620203707.478189.tdms -> D:/Lab/process/2025.6.20/time\stopdirtyback\20250620203707.478189.csv
2025-10-17 10:38:12-INFO-[tdms_reader_time.py:158]-元数据保存: D:/Lab/process/2025.6.20/time\stopdirtyback\20250620203707.478189_metadata.json
2025-10-17 10:38:12-INFO-[tdms_reader_time.py:44]-开始处理文件: D:/Lab/raw/2025.6.20\test\20250620193240.864516.tdms
2025-10-17 10:38:12-INFO-[tdms_reader_time.py:44]-开始处理文件: D:/Lab/raw/2025.6.20\test\20250620193243.809867.tdms
2025-10-17 10:38:12-INFO-[tdms_reader_time.py:136]-  已写入 200000/200000 行数据
2025-10-17 10:38:12-INFO-[tdms_reader_time.py:157]-已转换: 20250620203658.518572.tdms -> D:/Lab/process/2025.6.20/time\stopdirtyback\20250620203658.518572.csv
2025-10-17 10:38:12-INFO-[tdms_reader_time.py:158]-元数据保存: D:/Lab/process/2025.6.20/time\stopdirtyback\20250620203658.518572_metadata.json
2025-10-17 10:38:12-INFO-[tdms_reader_time.py:71]-处理文件: 20250620193240.864516.tdms, 数据长度: 200000, 通道数: 16
2025-10-17 10:38:12-INFO-[tdms_reader_time.py:79]-使用实际采样间隔: 5e-06 秒
2025-10-17 10:38:12-INFO-[tdms_reader_time.py:92]-使用通道起始时间: 2025-06-20 11:32:39.515396
2025-10-17 10:38:12-INFO-[tdms_reader_time.py:71]-处理文件: 20250620193243.809867.tdms, 数据长度: 200000, 通道数: 16
2025-10-17 10:38:12-INFO-[tdms_reader_time.py:79]-使用实际采样间隔: 5e-06 秒
2025-10-17 10:38:12-INFO-[tdms_reader_time.py:92]-使用通道起始时间: 2025-06-20 11:32:42.450828
2025-10-17 10:38:12-INFO-[tdms_reader_time.py:44]-开始处理文件: D:/Lab/raw/2025.6.20\test\20250620193246.763908.tdms
2025-10-17 10:38:12-INFO-[tdms_reader_time.py:136]-  已写入 200000/200000 行数据
2025-10-17 10:38:12-INFO-[tdms_reader_time.py:71]-处理文件: 20250620193246.763908.tdms, 数据长度: 200000, 通道数: 16
2025-10-17 10:38:12-INFO-[tdms_reader_time.py:157]-已转换: 20250620203701.532839.tdms -> D:/Lab/process/2025.6.20/time\stopdirtyback\20250620203701.532839.csv
2025-10-17 10:38:12-INFO-[tdms_reader_time.py:136]-  已写入 200000/200000 行数据
2025-10-17 10:38:12-INFO-[tdms_reader_time.py:79]-使用实际采样间隔: 5e-06 秒
2025-10-17 10:38:12-INFO-[tdms_reader_time.py:158]-元数据保存: D:/Lab/process/2025.6.20/time\stopdirtyback\20250620203701.532839_metadata.json
2025-10-17 10:38:12-INFO-[tdms_reader_time.py:157]-已转换: 20250620203704.513334.tdms -> D:/Lab/process/2025.6.20/time\stopdirtyback\20250620203704.513334.csv
2025-10-17 10:38:12-INFO-[tdms_reader_time.py:92]-使用通道起始时间: 2025-06-20 11:32:45.403797
2025-10-17 10:38:12-INFO-[tdms_reader_time.py:44]-开始处理文件: D:/Lab/raw/2025.6.20\test\20250620193249.732466.tdms
2025-10-17 10:38:12-INFO-[tdms_reader_time.py:158]-元数据保存: D:/Lab/process/2025.6.20/time\stopdirtyback\20250620203704.513334_metadata.json
2025-10-17 10:38:12-INFO-[tdms_reader_time.py:44]-开始处理文件: D:/Lab/raw/2025.6.20\test\20250620193252.662583.tdms
2025-10-17 10:38:12-INFO-[tdms_reader_time.py:71]-处理文件: 20250620193249.732466.tdms, 数据长度: 200000, 通道数: 16
2025-10-17 10:38:12-INFO-[tdms_reader_time.py:79]-使用实际采样间隔: 5e-06 秒
2025-10-17 10:38:12-INFO-[tdms_reader_time.py:92]-使用通道起始时间: 2025-06-20 11:32:48.382559
2025-10-17 10:38:12-INFO-[tdms_reader_time.py:71]-处理文件: 20250620193252.662583.tdms, 数据长度: 200000, 通道数: 16
2025-10-17 10:38:12-INFO-[tdms_reader_time.py:136]-  已写入 200000/200000 行数据
2025-10-17 10:38:12-INFO-[tdms_reader_time.py:157]-已转换: 20250620203710.409991.tdms -> D:/Lab/process/2025.6.20/time\stopdirtyback\20250620203710.409991.csv
2025-10-17 10:38:12-INFO-[tdms_reader_time.py:158]-元数据保存: D:/Lab/process/2025.6.20/time\stopdirtyback\20250620203710.409991_metadata.json
2025-10-17 10:38:12-INFO-[tdms_reader_time.py:136]-  已写入 200000/200000 行数据
2025-10-17 10:38:12-INFO-[tdms_reader_time.py:136]-  已写入 200000/200000 行数据
2025-10-17 10:38:12-INFO-[tdms_reader_time.py:44]-开始处理文件: D:/Lab/raw/2025.6.20\test\20250620193255.616210.tdms
2025-10-17 10:38:12-INFO-[tdms_reader_time.py:79]-使用实际采样间隔: 5e-06 秒
2025-10-17 10:38:12-INFO-[tdms_reader_time.py:157]-已转换: 20250620203733.850068.tdms -> D:/Lab/process/2025.6.20/time\stopdirtyback\20250620203733.850068.csv
2025-10-17 10:38:12-INFO-[tdms_reader_time.py:157]-已转换: 20250620203730.949081.tdms -> D:/Lab/process/2025.6.20/time\stopdirtyback\20250620203730.949081.csv
2025-10-17 10:38:12-INFO-[tdms_reader_time.py:136]-  已写入 200000/200000 行数据
2025-10-17 10:38:12-INFO-[tdms_reader_time.py:158]-元数据保存: D:/Lab/process/2025.6.20/time\stopdirtyback\20250620203730.949081_metadata.json
2025-10-17 10:38:12-INFO-[tdms_reader_time.py:158]-元数据保存: D:/Lab/process/2025.6.20/time\stopdirtyback\20250620203733.850068_metadata.json
2025-10-17 10:38:12-INFO-[tdms_reader_time.py:136]-  已写入 200000/200000 行数据
2025-10-17 10:38:12-INFO-[tdms_reader_time.py:71]-处理文件: 20250620193255.616210.tdms, 数据长度: 200000, 通道数: 16
2025-10-17 10:38:12-INFO-[tdms_reader_time.py:92]-使用通道起始时间: 2025-06-20 11:32:51.300321
2025-10-17 10:38:12-INFO-[tdms_reader_time.py:44]-开始处理文件: D:/Lab/raw/2025.6.20\test\20250620193258.574172.tdms
2025-10-17 10:38:12-INFO-[tdms_reader_time.py:44]-开始处理文件: D:/Lab/raw/2025.6.20\test\20250620193301.508846.tdms
2025-10-17 10:38:12-INFO-[tdms_reader_time.py:157]-已转换: 20250620203716.299159.tdms -> D:/Lab/process/2025.6.20/time\stopdirtyback\20250620203716.299159.csv
2025-10-17 10:38:12-INFO-[tdms_reader_time.py:136]-  已写入 200000/200000 行数据
2025-10-17 10:38:12-INFO-[tdms_reader_time.py:157]-已转换: 20250620203722.132566.tdms -> D:/Lab/process/2025.6.20/time\stopdirtyback\20250620203722.132566.csv
2025-10-17 10:38:12-INFO-[tdms_reader_time.py:158]-元数据保存: D:/Lab/process/2025.6.20/time\stopdirtyback\20250620203716.299159_metadata.json
2025-10-17 10:38:12-INFO-[tdms_reader_time.py:79]-使用实际采样间隔: 5e-06 秒
2025-10-17 10:38:12-INFO-[tdms_reader_time.py:92]-使用通道起始时间: 2025-06-20 11:32:54.252443
2025-10-17 10:38:12-INFO-[tdms_reader_time.py:157]-已转换: 20250620203719.208527.tdms -> D:/Lab/process/2025.6.20/time\stopdirtyback\20250620203719.208527.csv
2025-10-17 10:38:12-INFO-[tdms_reader_time.py:158]-元数据保存: D:/Lab/process/2025.6.20/time\stopdirtyback\20250620203719.208527_metadata.json
2025-10-17 10:38:12-INFO-[tdms_reader_time.py:158]-元数据保存: D:/Lab/process/2025.6.20/time\stopdirtyback\20250620203722.132566_metadata.json
2025-10-17 10:38:12-INFO-[tdms_reader_time.py:44]-开始处理文件: D:/Lab/raw/2025.6.20\test\20250620193307.430461.tdms
2025-10-17 10:38:12-INFO-[tdms_reader_time.py:44]-开始处理文件: D:/Lab/raw/2025.6.20\test\20250620193304.484258.tdms
2025-10-17 10:38:12-INFO-[tdms_reader_time.py:71]-处理文件: 20250620193301.508846.tdms, 数据长度: 200000, 通道数: 16
2025-10-17 10:38:12-INFO-[tdms_reader_time.py:79]-使用实际采样间隔: 5e-06 秒
2025-10-17 10:38:12-INFO-[tdms_reader_time.py:44]-开始处理文件: D:/Lab/raw/2025.6.20\test\20250620193310.390563.tdms
2025-10-17 10:38:12-INFO-[tdms_reader_time.py:92]-使用通道起始时间: 2025-06-20 11:33:00.141653
2025-10-17 10:38:12-INFO-[tdms_reader_time.py:71]-处理文件: 20250620193258.574172.tdms, 数据长度: 200000, 通道数: 16
2025-10-17 10:38:12-INFO-[tdms_reader_time.py:79]-使用实际采样间隔: 5e-06 秒
2025-10-17 10:38:12-INFO-[tdms_reader_time.py:136]-  已写入 200000/200000 行数据
2025-10-17 10:38:12-INFO-[tdms_reader_time.py:92]-使用通道起始时间: 2025-06-20 11:32:57.203055
2025-10-17 10:38:12-INFO-[tdms_reader_time.py:157]-已转换: 20250620203725.055667.tdms -> D:/Lab/process/2025.6.20/time\stopdirtyback\20250620203725.055667.csv
2025-10-17 10:38:12-INFO-[tdms_reader_time.py:158]-元数据保存: D:/Lab/process/2025.6.20/time\stopdirtyback\20250620203725.055667_metadata.json
2025-10-17 10:38:12-INFO-[tdms_reader_time.py:136]-  已写入 200000/200000 行数据
2025-10-17 10:38:12-INFO-[tdms_reader_time.py:136]-  已写入 200000/200000 行数据
2025-10-17 10:38:12-INFO-[tdms_reader_time.py:71]-处理文件: 20250620193307.430461.tdms, 数据长度: 200000, 通道数: 16
2025-10-17 10:38:12-INFO-[tdms_reader_time.py:157]-已转换: 20250620203713.390256.tdms -> D:/Lab/process/2025.6.20/time\stopdirtyback\20250620203713.390256.csv
2025-10-17 10:38:12-INFO-[tdms_reader_time.py:158]-元数据保存: D:/Lab/process/2025.6.20/time\stopdirtyback\20250620203713.390256_metadata.json
2025-10-17 10:38:12-INFO-[tdms_reader_time.py:79]-使用实际采样间隔: 5e-06 秒
2025-10-17 10:38:12-INFO-[tdms_reader_time.py:92]-使用通道起始时间: 2025-06-20 11:33:06.060083
2025-10-17 10:38:12-INFO-[tdms_reader_time.py:157]-已转换: 20250620203739.731672.tdms -> D:/Lab/process/2025.6.20/time\stopdirtyback\20250620203739.731672.csv
2025-10-17 10:38:12-INFO-[tdms_reader_time.py:44]-开始处理文件: D:/Lab/raw/2025.6.20\test\20250620193313.360571.tdms
2025-10-17 10:38:12-INFO-[tdms_reader_time.py:71]-处理文件: 20250620193310.390563.tdms, 数据长度: 200000, 通道数: 16
2025-10-17 10:38:12-INFO-[tdms_reader_time.py:158]-元数据保存: D:/Lab/process/2025.6.20/time\stopdirtyback\20250620203739.731672_metadata.json
2025-10-17 10:38:12-INFO-[tdms_reader_time.py:79]-使用实际采样间隔: 5e-06 秒
2025-10-17 10:38:12-INFO-[tdms_reader_time.py:92]-使用通道起始时间: 2025-06-20 11:33:09.026716
2025-10-17 10:38:12-INFO-[tdms_reader_time.py:44]-开始处理文件: D:/Lab/raw/2025.6.20\test\20250620193316.385404.tdms
2025-10-17 10:38:12-INFO-[tdms_reader_time.py:71]-处理文件: 20250620193304.484258.tdms, 数据长度: 200000, 通道数: 16
2025-10-17 10:38:12-INFO-[tdms_reader_time.py:79]-使用实际采样间隔: 5e-06 秒
2025-10-17 10:38:12-INFO-[tdms_reader_time.py:71]-处理文件: 20250620193313.360571.tdms, 数据长度: 200000, 通道数: 16
2025-10-17 10:38:12-INFO-[tdms_reader_time.py:92]-使用通道起始时间: 2025-06-20 11:33:03.099288
2025-10-17 10:38:12-INFO-[tdms_reader_time.py:79]-使用实际采样间隔: 5e-06 秒
2025-10-17 10:38:12-INFO-[tdms_reader_time.py:44]-开始处理文件: D:/Lab/raw/2025.6.20\test\20250620193319.359090.tdms
2025-10-17 10:38:12-INFO-[tdms_reader_time.py:71]-处理文件: 20250620193316.385404.tdms, 数据长度: 200000, 通道数: 16
2025-10-17 10:38:12-INFO-[tdms_reader_time.py:79]-使用实际采样间隔: 5e-06 秒
2025-10-17 10:38:12-INFO-[tdms_reader_time.py:136]-  已写入 200000/200000 行数据
2025-10-17 10:38:12-INFO-[tdms_reader_time.py:92]-使用通道起始时间: 2025-06-20 11:33:15.016763
2025-10-17 10:38:12-INFO-[tdms_reader_time.py:71]-处理文件: 20250620193319.359090.tdms, 数据长度: 200000, 通道数: 16
2025-10-17 10:38:12-INFO-[tdms_reader_time.py:157]-已转换: 20250620203736.809154.tdms -> D:/Lab/process/2025.6.20/time\stopdirtyback\20250620203736.809154.csv
2025-10-17 10:38:12-INFO-[tdms_reader_time.py:158]-元数据保存: D:/Lab/process/2025.6.20/time\stopdirtyback\20250620203736.809154_metadata.json
2025-10-17 10:38:12-INFO-[tdms_reader_time.py:79]-使用实际采样间隔: 5e-06 秒
2025-10-17 10:38:12-INFO-[tdms_reader_time.py:44]-开始处理文件: D:/Lab/raw/2025.6.20\test\20250620193322.349448.tdms
2025-10-17 10:38:12-INFO-[tdms_reader_time.py:92]-使用通道起始时间: 2025-06-20 11:33:18.006834
2025-10-17 10:38:12-INFO-[tdms_reader_time.py:71]-处理文件: 20250620193322.349448.tdms, 数据长度: 200000, 通道数: 16
2025-10-17 10:38:12-INFO-[tdms_reader_time.py:79]-使用实际采样间隔: 5e-06 秒
2025-10-17 10:38:12-INFO-[tdms_reader_time.py:92]-使用通道起始时间: 2025-06-20 11:33:20.991885
2025-10-17 10:38:12-INFO-[tdms_reader_time.py:136]-  已写入 200000/200000 行数据
2025-10-17 10:38:12-INFO-[tdms_reader_time.py:157]-已转换: 20250620203742.636087.tdms -> D:/Lab/process/2025.6.20/time\stopdirtyback\20250620203742.636087.csv
2025-10-17 10:38:12-INFO-[tdms_reader_time.py:158]-元数据保存: D:/Lab/process/2025.6.20/time\stopdirtyback\20250620203742.636087_metadata.json
2025-10-17 10:38:12-INFO-[tdms_reader_time.py:44]-开始处理文件: D:/Lab/raw/2025.6.20\test\20250620193325.269995.tdms
2025-10-17 10:38:12-INFO-[tdms_reader_time.py:71]-处理文件: 20250620193325.269995.tdms, 数据长度: 200000, 通道数: 16
2025-10-17 10:38:12-INFO-[tdms_reader_time.py:136]-  已写入 200000/200000 行数据
2025-10-17 10:38:12-INFO-[tdms_reader_time.py:79]-使用实际采样间隔: 5e-06 秒
2025-10-17 10:38:12-INFO-[tdms_reader_time.py:157]-已转换: 20250620203745.567957.tdms -> D:/Lab/process/2025.6.20/time\stopdirtyback\20250620203745.567957.csv
2025-10-17 10:38:12-INFO-[tdms_reader_time.py:92]-使用通道起始时间: 2025-06-20 11:33:23.909294
2025-10-17 10:38:12-INFO-[tdms_reader_time.py:158]-元数据保存: D:/Lab/process/2025.6.20/time\stopdirtyback\20250620203745.567957_metadata.json
2025-10-17 10:38:12-INFO-[tdms_reader_time.py:136]-  已写入 200000/200000 行数据
2025-10-17 10:38:12-INFO-[tdms_reader_time.py:157]-已转换: 20250620203754.381011.tdms -> D:/Lab/process/2025.6.20/time\stopdirtyback\20250620203754.381011.csv
2025-10-17 10:38:12-INFO-[tdms_reader_time.py:158]-元数据保存: D:/Lab/process/2025.6.20/time\stopdirtyback\20250620203754.381011_metadata.json
2025-10-17 10:38:12-INFO-[tdms_reader_time.py:136]-  已写入 200000/200000 行数据
2025-10-17 10:38:12-INFO-[tdms_reader_time.py:157]-已转换: 20250620203748.493319.tdms -> D:/Lab/process/2025.6.20/time\stopdirtyback\20250620203748.493319.csv
2025-10-17 10:38:12-INFO-[tdms_reader_time.py:158]-元数据保存: D:/Lab/process/2025.6.20/time\stopdirtyback\20250620203748.493319_metadata.json
2025-10-17 10:38:13-INFO-[tdms_reader_time.py:136]-  已写入 200000/200000 行数据
2025-10-17 10:38:13-INFO-[tdms_reader_time.py:157]-已转换: 20250620203751.394046.tdms -> D:/Lab/process/2025.6.20/time\stopdirtyback\20250620203751.394046.csv
2025-10-17 10:38:13-INFO-[tdms_reader_time.py:158]-元数据保存: D:/Lab/process/2025.6.20/time\stopdirtyback\20250620203751.394046_metadata.json
2025-10-17 10:38:14-INFO-[tdms_reader_time.py:136]-  已写入 100000/200000 行数据
2025-10-17 10:38:14-INFO-[tdms_reader_time.py:136]-  已写入 100000/200000 行数据
2025-10-17 10:38:15-INFO-[tdms_reader_time.py:136]-  已写入 100000/200000 行数据
2025-10-17 10:38:15-INFO-[tdms_reader_time.py:136]-  已写入 100000/200000 行数据
2025-10-17 10:38:15-INFO-[tdms_reader_time.py:136]-  已写入 100000/200000 行数据
2025-10-17 10:38:15-INFO-[tdms_reader_time.py:136]-  已写入 100000/200000 行数据
2025-10-17 10:38:15-INFO-[tdms_reader_time.py:136]-  已写入 100000/200000 行数据
2025-10-17 10:38:15-INFO-[tdms_reader_time.py:136]-  已写入 100000/200000 行数据
2025-10-17 10:38:15-INFO-[tdms_reader_time.py:136]-  已写入 100000/200000 行数据
2025-10-17 10:38:15-INFO-[tdms_reader_time.py:136]-  已写入 100000/200000 行数据
2025-10-17 10:38:15-INFO-[tdms_reader_time.py:136]-  已写入 100000/200000 行数据
2025-10-17 10:38:15-INFO-[tdms_reader_time.py:136]-  已写入 100000/200000 行数据
2025-10-17 10:38:15-INFO-[tdms_reader_time.py:136]-  已写入 100000/200000 行数据
2025-10-17 10:38:15-INFO-[tdms_reader_time.py:136]-  已写入 100000/200000 行数据
2025-10-17 10:38:15-INFO-[tdms_reader_time.py:136]-  已写入 100000/200000 行数据
2025-10-17 10:38:15-INFO-[tdms_reader_time.py:136]-  已写入 100000/200000 行数据
2025-10-17 10:38:15-INFO-[tdms_reader_time.py:136]-  已写入 100000/200000 行数据
2025-10-17 10:38:15-INFO-[tdms_reader_time.py:136]-  已写入 100000/200000 行数据
2025-10-17 10:38:15-INFO-[tdms_reader_time.py:136]-  已写入 100000/200000 行数据
2025-10-17 10:38:15-INFO-[tdms_reader_time.py:136]-  已写入 100000/200000 行数据
2025-10-17 10:38:15-INFO-[tdms_reader_time.py:136]-  已写入 100000/200000 行数据
2025-10-17 10:38:15-INFO-[tdms_reader_time.py:136]-  已写入 100000/200000 行数据
2025-10-17 10:38:15-INFO-[tdms_reader_time.py:136]-  已写入 100000/200000 行数据
2025-10-17 10:38:16-INFO-[tdms_reader_time.py:136]-  已写入 100000/200000 行数据
2025-10-17 10:38:17-INFO-[tdms_reader_time.py:136]-  已写入 200000/200000 行数据
2025-10-17 10:38:17-INFO-[tdms_reader_time.py:157]-已转换: 20250620203757.355624.tdms -> D:/Lab/process/2025.6.20/time\stopdirtyback\20250620203757.355624.csv
2025-10-17 10:38:17-INFO-[tdms_reader_time.py:158]-元数据保存: D:/Lab/process/2025.6.20/time\stopdirtyback\20250620203757.355624_metadata.json
2025-10-17 10:38:17-INFO-[tdms_reader_time.py:136]-  已写入 200000/200000 行数据
2025-10-17 10:38:17-INFO-[tdms_reader_time.py:157]-已转换: 20250620203800.231357.tdms -> D:/Lab/process/2025.6.20/time\stopdirtyback\20250620203800.231357.csv
2025-10-17 10:38:17-INFO-[tdms_reader_time.py:158]-元数据保存: D:/Lab/process/2025.6.20/time\stopdirtyback\20250620203800.231357_metadata.json
2025-10-17 10:38:18-INFO-[tdms_reader_time.py:136]-  已写入 200000/200000 行数据
2025-10-17 10:38:18-INFO-[tdms_reader_time.py:157]-已转换: 20250620193223.119184.tdms -> D:/Lab/process/2025.6.20/time\test\20250620193223.119184.csv
2025-10-17 10:38:18-INFO-[tdms_reader_time.py:158]-元数据保存: D:/Lab/process/2025.6.20/time\test\20250620193223.119184_metadata.json
2025-10-17 10:38:18-INFO-[tdms_reader_time.py:136]-  已写入 200000/200000 行数据
2025-10-17 10:38:18-INFO-[tdms_reader_time.py:157]-已转换: 20250620193226.144821.tdms -> D:/Lab/process/2025.6.20/time\test\20250620193226.144821.csv
2025-10-17 10:38:18-INFO-[tdms_reader_time.py:158]-元数据保存: D:/Lab/process/2025.6.20/time\test\20250620193226.144821_metadata.json
2025-10-17 10:38:18-INFO-[tdms_reader_time.py:136]-  已写入 200000/200000 行数据
2025-10-17 10:38:18-INFO-[tdms_reader_time.py:157]-已转换: 20250620193229.092219.tdms -> D:/Lab/process/2025.6.20/time\test\20250620193229.092219.csv
2025-10-17 10:38:18-INFO-[tdms_reader_time.py:158]-元数据保存: D:/Lab/process/2025.6.20/time\test\20250620193229.092219_metadata.json
2025-10-17 10:38:18-INFO-[tdms_reader_time.py:136]-  已写入 200000/200000 行数据
2025-10-17 10:38:18-INFO-[tdms_reader_time.py:157]-已转换: 20250620193234.988384.tdms -> D:/Lab/process/2025.6.20/time\test\20250620193234.988384.csv
2025-10-17 10:38:18-INFO-[tdms_reader_time.py:158]-元数据保存: D:/Lab/process/2025.6.20/time\test\20250620193234.988384_metadata.json
2025-10-17 10:38:18-INFO-[tdms_reader_time.py:136]-  已写入 200000/200000 行数据
2025-10-17 10:38:18-INFO-[tdms_reader_time.py:157]-已转换: 20250620193232.047310.tdms -> D:/Lab/process/2025.6.20/time\test\20250620193232.047310.csv
2025-10-17 10:38:18-INFO-[tdms_reader_time.py:158]-元数据保存: D:/Lab/process/2025.6.20/time\test\20250620193232.047310_metadata.json
2025-10-17 10:38:18-INFO-[tdms_reader_time.py:136]-  已写入 200000/200000 行数据
2025-10-17 10:38:18-INFO-[tdms_reader_time.py:157]-已转换: 20250620193237.935547.tdms -> D:/Lab/process/2025.6.20/time\test\20250620193237.935547.csv
2025-10-17 10:38:18-INFO-[tdms_reader_time.py:158]-元数据保存: D:/Lab/process/2025.6.20/time\test\20250620193237.935547_metadata.json
2025-10-17 10:38:18-INFO-[tdms_reader_time.py:136]-  已写入 200000/200000 行数据
2025-10-17 10:38:18-INFO-[tdms_reader_time.py:157]-已转换: 20250620193249.732466.tdms -> D:/Lab/process/2025.6.20/time\test\20250620193249.732466.csv
2025-10-17 10:38:18-INFO-[tdms_reader_time.py:158]-元数据保存: D:/Lab/process/2025.6.20/time\test\20250620193249.732466_metadata.json
2025-10-17 10:38:18-INFO-[tdms_reader_time.py:136]-  已写入 200000/200000 行数据
2025-10-17 10:38:18-INFO-[tdms_reader_time.py:157]-已转换: 20250620193240.864516.tdms -> D:/Lab/process/2025.6.20/time\test\20250620193240.864516.csv
2025-10-17 10:38:18-INFO-[tdms_reader_time.py:158]-元数据保存: D:/Lab/process/2025.6.20/time\test\20250620193240.864516_metadata.json
2025-10-17 10:38:18-INFO-[tdms_reader_time.py:136]-  已写入 200000/200000 行数据
2025-10-17 10:38:18-INFO-[tdms_reader_time.py:157]-已转换: 20250620193243.809867.tdms -> D:/Lab/process/2025.6.20/time\test\20250620193243.809867.csv
2025-10-17 10:38:18-INFO-[tdms_reader_time.py:158]-元数据保存: D:/Lab/process/2025.6.20/time\test\20250620193243.809867_metadata.json
2025-10-17 10:38:18-INFO-[tdms_reader_time.py:136]-  已写入 200000/200000 行数据
2025-10-17 10:38:18-INFO-[tdms_reader_time.py:157]-已转换: 20250620193246.763908.tdms -> D:/Lab/process/2025.6.20/time\test\20250620193246.763908.csv
2025-10-17 10:38:18-INFO-[tdms_reader_time.py:158]-元数据保存: D:/Lab/process/2025.6.20/time\test\20250620193246.763908_metadata.json
2025-10-17 10:38:18-INFO-[tdms_reader_time.py:136]-  已写入 200000/200000 行数据
2025-10-17 10:38:18-INFO-[tdms_reader_time.py:157]-已转换: 20250620193301.508846.tdms -> D:/Lab/process/2025.6.20/time\test\20250620193301.508846.csv
2025-10-17 10:38:18-INFO-[tdms_reader_time.py:158]-元数据保存: D:/Lab/process/2025.6.20/time\test\20250620193301.508846_metadata.json
2025-10-17 10:38:18-INFO-[tdms_reader_time.py:136]-  已写入 200000/200000 行数据
2025-10-17 10:38:18-INFO-[tdms_reader_time.py:157]-已转换: 20250620193252.662583.tdms -> D:/Lab/process/2025.6.20/time\test\20250620193252.662583.csv
2025-10-17 10:38:18-INFO-[tdms_reader_time.py:158]-元数据保存: D:/Lab/process/2025.6.20/time\test\20250620193252.662583_metadata.json
2025-10-17 10:38:18-INFO-[tdms_reader_time.py:136]-  已写入 200000/200000 行数据
2025-10-17 10:38:18-INFO-[tdms_reader_time.py:157]-已转换: 20250620193304.484258.tdms -> D:/Lab/process/2025.6.20/time\test\20250620193304.484258.csv
2025-10-17 10:38:18-INFO-[tdms_reader_time.py:158]-元数据保存: D:/Lab/process/2025.6.20/time\test\20250620193304.484258_metadata.json
2025-10-17 10:38:18-INFO-[tdms_reader_time.py:136]-  已写入 200000/200000 行数据
2025-10-17 10:38:18-INFO-[tdms_reader_time.py:157]-已转换: 20250620193310.390563.tdms -> D:/Lab/process/2025.6.20/time\test\20250620193310.390563.csv
2025-10-17 10:38:18-INFO-[tdms_reader_time.py:158]-元数据保存: D:/Lab/process/2025.6.20/time\test\20250620193310.390563_metadata.json
2025-10-17 10:38:18-INFO-[tdms_reader_time.py:136]-  已写入 200000/200000 行数据
2025-10-17 10:38:18-INFO-[tdms_reader_time.py:157]-已转换: 20250620193255.616210.tdms -> D:/Lab/process/2025.6.20/time\test\20250620193255.616210.csv
2025-10-17 10:38:18-INFO-[tdms_reader_time.py:136]-  已写入 200000/200000 行数据
2025-10-17 10:38:18-INFO-[tdms_reader_time.py:158]-元数据保存: D:/Lab/process/2025.6.20/time\test\20250620193255.616210_metadata.json
2025-10-17 10:38:18-INFO-[tdms_reader_time.py:157]-已转换: 20250620193307.430461.tdms -> D:/Lab/process/2025.6.20/time\test\20250620193307.430461.csv
2025-10-17 10:38:18-INFO-[tdms_reader_time.py:158]-元数据保存: D:/Lab/process/2025.6.20/time\test\20250620193307.430461_metadata.json
2025-10-17 10:38:18-INFO-[tdms_reader_time.py:136]-  已写入 200000/200000 行数据
2025-10-17 10:38:18-INFO-[tdms_reader_time.py:157]-已转换: 20250620193313.360571.tdms -> D:/Lab/process/2025.6.20/time\test\20250620193313.360571.csv
2025-10-17 10:38:18-INFO-[tdms_reader_time.py:158]-元数据保存: D:/Lab/process/2025.6.20/time\test\20250620193313.360571_metadata.json
2025-10-17 10:38:18-INFO-[tdms_reader_time.py:136]-  已写入 200000/200000 行数据
2025-10-17 10:38:18-INFO-[tdms_reader_time.py:157]-已转换: 20250620193319.359090.tdms -> D:/Lab/process/2025.6.20/time\test\20250620193319.359090.csv
2025-10-17 10:38:18-INFO-[tdms_reader_time.py:158]-元数据保存: D:/Lab/process/2025.6.20/time\test\20250620193319.359090_metadata.json
2025-10-17 10:38:18-INFO-[tdms_reader_time.py:136]-  已写入 200000/200000 行数据
2025-10-17 10:38:18-INFO-[tdms_reader_time.py:157]-已转换: 20250620193258.574172.tdms -> D:/Lab/process/2025.6.20/time\test\20250620193258.574172.csv
2025-10-17 10:38:18-INFO-[tdms_reader_time.py:136]-  已写入 200000/200000 行数据
2025-10-17 10:38:18-INFO-[tdms_reader_time.py:158]-元数据保存: D:/Lab/process/2025.6.20/time\test\20250620193258.574172_metadata.json
2025-10-17 10:38:18-INFO-[tdms_reader_time.py:157]-已转换: 20250620193322.349448.tdms -> D:/Lab/process/2025.6.20/time\test\20250620193322.349448.csv
2025-10-17 10:38:18-INFO-[tdms_reader_time.py:158]-元数据保存: D:/Lab/process/2025.6.20/time\test\20250620193322.349448_metadata.json
2025-10-17 10:38:18-INFO-[tdms_reader_time.py:136]-  已写入 200000/200000 行数据
2025-10-17 10:38:18-INFO-[tdms_reader_time.py:157]-已转换: 20250620193316.385404.tdms -> D:/Lab/process/2025.6.20/time\test\20250620193316.385404.csv
2025-10-17 10:38:18-INFO-[tdms_reader_time.py:158]-元数据保存: D:/Lab/process/2025.6.20/time\test\20250620193316.385404_metadata.json
2025-10-17 10:38:18-INFO-[tdms_reader_time.py:136]-  已写入 200000/200000 行数据
2025-10-17 10:38:18-INFO-[tdms_reader_time.py:157]-已转换: 20250620193325.269995.tdms -> D:/Lab/process/2025.6.20/time\test\20250620193325.269995.csv
2025-10-17 10:38:18-INFO-[tdms_reader_time.py:158]-元数据保存: D:/Lab/process/2025.6.20/time\test\20250620193325.269995_metadata.json
2025-10-17 10:38:19-INFO-[tdms_reader_time.py:208]-所有文件处理完成
2025-10-17 10:38:19-INFO-[main.py:59]------------------------------执行完成-----------------------------
2025-10-17 10:47:11-INFO-[main.py:27]--------------------------启动数据分析系统-------------------------
2025-10-17 10:47:11-INFO-[file_utils.py:39]-paths.yaml 生成成功: C:\Users\17584\Documents\ALearning\Project\tools\DataProcess\config\paths.yaml
2025-10-17 10:47:11-INFO-[tdms_reader_time.py:38]-配置文件加载成功: C:\Users\17584\Documents\ALearning\Project\tools\DataProcess\config\paths.yaml
2025-10-17 10:47:11-INFO-[tdms_reader_time.py:191]-原始数据目录: D:/Lab/raw/2025.6.20
2025-10-17 10:47:11-INFO-[tdms_reader_time.py:192]-输出目录: D:/Lab/process/2025.6.20/time
2025-10-17 10:47:11-INFO-[tdms_reader_time.py:204]-找到 164 个TDMS文件
2025-10-17 10:47:13-INFO-[tdms_reader_time.py:44]-开始处理文件: D:/Lab/raw/2025.6.20\30hz\20250620205455.361056.tdms
2025-10-17 10:47:13-INFO-[tdms_reader_time.py:71]-处理文件: 20250620205455.361056.tdms, 数据长度: 200000, 通道数: 16
2025-10-17 10:47:13-INFO-[tdms_reader_time.py:79]-使用实际采样间隔: 5e-06 秒
2025-10-17 10:47:13-INFO-[tdms_reader_time.py:92]-使用通道起始时间: 2025-06-20 12:54:54.002876
2025-10-17 10:47:13-INFO-[tdms_reader_time.py:44]-开始处理文件: D:/Lab/raw/2025.6.20\30hz\20250620205458.257609.tdms
2025-10-17 10:47:13-INFO-[tdms_reader_time.py:71]-处理文件: 20250620205458.257609.tdms, 数据长度: 200000, 通道数: 16
2025-10-17 10:47:13-INFO-[tdms_reader_time.py:79]-使用实际采样间隔: 5e-06 秒
2025-10-17 10:47:13-INFO-[tdms_reader_time.py:92]-使用通道起始时间: 2025-06-20 12:54:56.888926
2025-10-17 10:47:14-INFO-[tdms_reader_time.py:44]-开始处理文件: D:/Lab/raw/2025.6.20\30hz\20250620205501.157457.tdms
2025-10-17 10:47:14-INFO-[tdms_reader_time.py:71]-处理文件: 20250620205501.157457.tdms, 数据长度: 200000, 通道数: 16
2025-10-17 10:47:14-INFO-[tdms_reader_time.py:79]-使用实际采样间隔: 5e-06 秒
2025-10-17 10:47:14-INFO-[tdms_reader_time.py:92]-使用通道起始时间: 2025-06-20 12:54:59.792038
2025-10-17 10:47:14-INFO-[tdms_reader_time.py:44]-开始处理文件: D:/Lab/raw/2025.6.20\30hz\20250620205504.026487.tdms
2025-10-17 10:47:14-INFO-[tdms_reader_time.py:71]-处理文件: 20250620205504.026487.tdms, 数据长度: 200000, 通道数: 16
2025-10-17 10:47:14-INFO-[tdms_reader_time.py:79]-使用实际采样间隔: 5e-06 秒
2025-10-17 10:47:14-INFO-[tdms_reader_time.py:92]-使用通道起始时间: 2025-06-20 12:55:02.668804
2025-10-17 10:47:14-INFO-[tdms_reader_time.py:44]-开始处理文件: D:/Lab/raw/2025.6.20\30hz\20250620205506.866113.tdms
2025-10-17 10:47:14-INFO-[tdms_reader_time.py:71]-处理文件: 20250620205506.866113.tdms, 数据长度: 200000, 通道数: 16
2025-10-17 10:47:14-INFO-[tdms_reader_time.py:79]-使用实际采样间隔: 5e-06 秒
2025-10-17 10:47:14-INFO-[tdms_reader_time.py:92]-使用通道起始时间: 2025-06-20 12:55:05.516600
2025-10-17 10:47:14-INFO-[tdms_reader_time.py:44]-开始处理文件: D:/Lab/raw/2025.6.20\30hz\20250620205509.740417.tdms
2025-10-17 10:47:14-INFO-[tdms_reader_time.py:71]-处理文件: 20250620205509.740417.tdms, 数据长度: 200000, 通道数: 16
2025-10-17 10:47:14-INFO-[tdms_reader_time.py:79]-使用实际采样间隔: 5e-06 秒
2025-10-17 10:47:14-INFO-[tdms_reader_time.py:92]-使用通道起始时间: 2025-06-20 12:55:08.394506
2025-10-17 10:47:14-INFO-[tdms_reader_time.py:44]-开始处理文件: D:/Lab/raw/2025.6.20\30hz\20250620205512.593425.tdms
2025-10-17 10:47:14-INFO-[tdms_reader_time.py:71]-处理文件: 20250620205512.593425.tdms, 数据长度: 200000, 通道数: 16
2025-10-17 10:47:14-INFO-[tdms_reader_time.py:79]-使用实际采样间隔: 5e-06 秒
2025-10-17 10:47:14-INFO-[tdms_reader_time.py:92]-使用通道起始时间: 2025-06-20 12:55:11.244407
2025-10-17 10:47:14-INFO-[tdms_reader_time.py:44]-开始处理文件: D:/Lab/raw/2025.6.20\30hz\20250620205515.474232.tdms
2025-10-17 10:47:14-INFO-[tdms_reader_time.py:44]-开始处理文件: D:/Lab/raw/2025.6.20\30hz\20250620205518.349068.tdms
2025-10-17 10:47:14-INFO-[tdms_reader_time.py:71]-处理文件: 20250620205515.474232.tdms, 数据长度: 200000, 通道数: 16
2025-10-17 10:47:14-INFO-[tdms_reader_time.py:79]-使用实际采样间隔: 5e-06 秒
2025-10-17 10:47:14-INFO-[tdms_reader_time.py:92]-使用通道起始时间: 2025-06-20 12:55:14.109502
2025-10-17 10:47:14-INFO-[tdms_reader_time.py:44]-开始处理文件: D:/Lab/raw/2025.6.20\30hz\20250620205521.206456.tdms
2025-10-17 10:47:14-INFO-[tdms_reader_time.py:71]-处理文件: 20250620205518.349068.tdms, 数据长度: 200000, 通道数: 16
2025-10-17 10:47:14-INFO-[tdms_reader_time.py:79]-使用实际采样间隔: 5e-06 秒
2025-10-17 10:47:14-INFO-[tdms_reader_time.py:92]-使用通道起始时间: 2025-06-20 12:55:16.984420
2025-10-17 10:47:14-INFO-[tdms_reader_time.py:44]-开始处理文件: D:/Lab/raw/2025.6.20\30hz\20250620205524.067070.tdms
2025-10-17 10:47:14-INFO-[tdms_reader_time.py:71]-处理文件: 20250620205521.206456.tdms, 数据长度: 200000, 通道数: 16
2025-10-17 10:47:14-INFO-[tdms_reader_time.py:79]-使用实际采样间隔: 5e-06 秒
2025-10-17 10:47:14-INFO-[tdms_reader_time.py:92]-使用通道起始时间: 2025-06-20 12:55:19.862059
2025-10-17 10:47:14-INFO-[tdms_reader_time.py:71]-处理文件: 20250620205524.067070.tdms, 数据长度: 200000, 通道数: 16
2025-10-17 10:47:14-INFO-[tdms_reader_time.py:79]-使用实际采样间隔: 5e-06 秒
2025-10-17 10:47:14-INFO-[tdms_reader_time.py:92]-使用通道起始时间: 2025-06-20 12:55:22.723268
2025-10-17 10:47:14-INFO-[tdms_reader_time.py:44]-开始处理文件: D:/Lab/raw/2025.6.20\30hz\20250620205526.960472.tdms
2025-10-17 10:47:14-INFO-[tdms_reader_time.py:71]-处理文件: 20250620205526.960472.tdms, 数据长度: 200000, 通道数: 16
2025-10-17 10:47:14-INFO-[tdms_reader_time.py:79]-使用实际采样间隔: 5e-06 秒
2025-10-17 10:47:14-INFO-[tdms_reader_time.py:92]-使用通道起始时间: 2025-06-20 12:55:25.583001
2025-10-17 10:47:14-INFO-[tdms_reader_time.py:44]-开始处理文件: D:/Lab/raw/2025.6.20\30hz\20250620205529.836771.tdms
2025-10-17 10:47:14-INFO-[tdms_reader_time.py:71]-处理文件: 20250620205529.836771.tdms, 数据长度: 200000, 通道数: 16
2025-10-17 10:47:14-INFO-[tdms_reader_time.py:79]-使用实际采样间隔: 5e-06 秒
2025-10-17 10:47:14-INFO-[tdms_reader_time.py:44]-开始处理文件: D:/Lab/raw/2025.6.20\30hz\20250620205532.720182.tdms
2025-10-17 10:47:14-INFO-[tdms_reader_time.py:92]-使用通道起始时间: 2025-06-20 12:55:28.477993
2025-10-17 10:47:14-INFO-[tdms_reader_time.py:44]-开始处理文件: D:/Lab/raw/2025.6.20\30hz\20250620205535.616021.tdms
2025-10-17 10:47:14-INFO-[tdms_reader_time.py:71]-处理文件: 20250620205532.720182.tdms, 数据长度: 200000, 通道数: 16
2025-10-17 10:47:14-INFO-[tdms_reader_time.py:79]-使用实际采样间隔: 5e-06 秒
2025-10-17 10:47:14-INFO-[tdms_reader_time.py:92]-使用通道起始时间: 2025-06-20 12:55:31.365863
2025-10-17 10:47:14-INFO-[tdms_reader_time.py:71]-处理文件: 20250620205535.616021.tdms, 数据长度: 200000, 通道数: 16
2025-10-17 10:47:14-INFO-[tdms_reader_time.py:79]-使用实际采样间隔: 5e-06 秒
2025-10-17 10:47:14-INFO-[tdms_reader_time.py:92]-使用通道起始时间: 2025-06-20 12:55:34.254333
2025-10-17 10:47:14-INFO-[tdms_reader_time.py:44]-开始处理文件: D:/Lab/raw/2025.6.20\30hz\20250620205541.382788.tdms
2025-10-17 10:47:14-INFO-[tdms_reader_time.py:44]-开始处理文件: D:/Lab/raw/2025.6.20\30hz\20250620205538.511375.tdms
2025-10-17 10:47:14-INFO-[tdms_reader_time.py:44]-开始处理文件: D:/Lab/raw/2025.6.20\30hz\20250620205544.253550.tdms
2025-10-17 10:47:14-INFO-[tdms_reader_time.py:71]-处理文件: 20250620205541.382788.tdms, 数据长度: 200000, 通道数: 16
2025-10-17 10:47:14-INFO-[tdms_reader_time.py:79]-使用实际采样间隔: 5e-06 秒
2025-10-17 10:47:14-INFO-[tdms_reader_time.py:92]-使用通道起始时间: 2025-06-20 12:55:40.032800
2025-10-17 10:47:14-INFO-[tdms_reader_time.py:71]-处理文件: 20250620205538.511375.tdms, 数据长度: 200000, 通道数: 16
2025-10-17 10:47:14-INFO-[tdms_reader_time.py:79]-使用实际采样间隔: 5e-06 秒
2025-10-17 10:47:14-INFO-[tdms_reader_time.py:92]-使用通道起始时间: 2025-06-20 12:55:37.135151
2025-10-17 10:47:14-INFO-[tdms_reader_time.py:44]-开始处理文件: D:/Lab/raw/2025.6.20\30hz\20250620205547.172719.tdms
2025-10-17 10:47:14-INFO-[tdms_reader_time.py:71]-处理文件: 20250620205544.253550.tdms, 数据长度: 200000, 通道数: 16
2025-10-17 10:47:14-INFO-[tdms_reader_time.py:79]-使用实际采样间隔: 5e-06 秒
2025-10-17 10:47:14-INFO-[tdms_reader_time.py:92]-使用通道起始时间: 2025-06-20 12:55:42.892190
2025-10-17 10:47:14-INFO-[tdms_reader_time.py:71]-处理文件: 20250620205547.172719.tdms, 数据长度: 200000, 通道数: 16
2025-10-17 10:47:14-INFO-[tdms_reader_time.py:79]-使用实际采样间隔: 5e-06 秒
2025-10-17 10:47:14-INFO-[tdms_reader_time.py:92]-使用通道起始时间: 2025-06-20 12:55:45.777568
2025-10-17 10:47:14-INFO-[tdms_reader_time.py:44]-开始处理文件: D:/Lab/raw/2025.6.20\30hz\20250620205550.074166.tdms
2025-10-17 10:47:14-INFO-[tdms_reader_time.py:71]-处理文件: 20250620205550.074166.tdms, 数据长度: 200000, 通道数: 16
2025-10-17 10:47:14-INFO-[tdms_reader_time.py:79]-使用实际采样间隔: 5e-06 秒
2025-10-17 10:47:14-INFO-[tdms_reader_time.py:92]-使用通道起始时间: 2025-06-20 12:55:48.686811
2025-10-17 10:47:14-INFO-[tdms_reader_time.py:44]-开始处理文件: D:/Lab/raw/2025.6.20\30hz\20250620205552.959105.tdms
2025-10-17 10:47:15-INFO-[tdms_reader_time.py:71]-处理文件: 20250620205552.959105.tdms, 数据长度: 200000, 通道数: 16
2025-10-17 10:47:15-INFO-[tdms_reader_time.py:44]-开始处理文件: D:/Lab/raw/2025.6.20\30hz\20250620205555.848733.tdms
2025-10-17 10:47:15-INFO-[tdms_reader_time.py:79]-使用实际采样间隔: 5e-06 秒
2025-10-17 10:47:15-INFO-[tdms_reader_time.py:92]-使用通道起始时间: 2025-06-20 12:55:51.596321
2025-10-17 10:47:15-INFO-[tdms_reader_time.py:44]-开始处理文件: D:/Lab/raw/2025.6.20\30hz\20250620205558.740427.tdms
2025-10-17 10:47:15-INFO-[tdms_reader_time.py:71]-处理文件: 20250620205555.848733.tdms, 数据长度: 200000, 通道数: 16
2025-10-17 10:47:15-INFO-[tdms_reader_time.py:79]-使用实际采样间隔: 5e-06 秒
2025-10-17 10:47:15-INFO-[tdms_reader_time.py:92]-使用通道起始时间: 2025-06-20 12:55:54.467490
2025-10-17 10:47:15-INFO-[tdms_reader_time.py:44]-开始处理文件: D:/Lab/raw/2025.6.20\30hz\20250620205601.429140.tdms
2025-10-17 10:47:15-INFO-[tdms_reader_time.py:44]-开始处理文件: D:/Lab/raw/2025.6.20\50hz\20250620203943.117518.tdms
2025-10-17 10:47:15-INFO-[tdms_reader_time.py:71]-处理文件: 20250620205558.740427.tdms, 数据长度: 200000, 通道数: 16
2025-10-17 10:47:15-INFO-[tdms_reader_time.py:79]-使用实际采样间隔: 5e-06 秒
2025-10-17 10:47:15-INFO-[tdms_reader_time.py:92]-使用通道起始时间: 2025-06-20 12:55:57.364361
2025-10-17 10:47:15-INFO-[tdms_reader_time.py:44]-开始处理文件: D:/Lab/raw/2025.6.20\50hz\20250620203946.014336.tdms
2025-10-17 10:47:15-INFO-[tdms_reader_time.py:44]-开始处理文件: D:/Lab/raw/2025.6.20\50hz\20250620203948.997384.tdms
2025-10-17 10:47:15-INFO-[tdms_reader_time.py:44]-开始处理文件: D:/Lab/raw/2025.6.20\50hz\20250620203951.928351.tdms
2025-10-17 10:47:15-INFO-[tdms_reader_time.py:71]-处理文件: 20250620203943.117518.tdms, 数据长度: 200000, 通道数: 16
2025-10-17 10:47:15-INFO-[tdms_reader_time.py:71]-处理文件: 20250620205601.429140.tdms, 数据长度: 200000, 通道数: 16
2025-10-17 10:47:15-INFO-[tdms_reader_time.py:79]-使用实际采样间隔: 5e-06 秒
2025-10-17 10:47:15-INFO-[tdms_reader_time.py:79]-使用实际采样间隔: 5e-06 秒
2025-10-17 10:47:15-INFO-[tdms_reader_time.py:92]-使用通道起始时间: 2025-06-20 12:39:41.742630
2025-10-17 10:47:15-INFO-[tdms_reader_time.py:92]-使用通道起始时间: 2025-06-20 12:56:00.046237
2025-10-17 10:47:15-INFO-[tdms_reader_time.py:71]-处理文件: 20250620203946.014336.tdms, 数据长度: 200000, 通道数: 16
2025-10-17 10:47:15-INFO-[tdms_reader_time.py:79]-使用实际采样间隔: 5e-06 秒
2025-10-17 10:47:15-INFO-[tdms_reader_time.py:71]-处理文件: 20250620203948.997384.tdms, 数据长度: 200000, 通道数: 16
2025-10-17 10:47:15-INFO-[tdms_reader_time.py:92]-使用通道起始时间: 2025-06-20 12:39:44.662246
2025-10-17 10:47:15-INFO-[tdms_reader_time.py:79]-使用实际采样间隔: 5e-06 秒
2025-10-17 10:47:15-INFO-[tdms_reader_time.py:92]-使用通道起始时间: 2025-06-20 12:39:47.604040
2025-10-17 10:47:15-INFO-[tdms_reader_time.py:71]-处理文件: 20250620203951.928351.tdms, 数据长度: 200000, 通道数: 16
2025-10-17 10:47:15-INFO-[tdms_reader_time.py:79]-使用实际采样间隔: 5e-06 秒
2025-10-17 10:47:15-INFO-[tdms_reader_time.py:92]-使用通道起始时间: 2025-06-20 12:39:50.560411
2025-10-17 10:47:16-INFO-[tdms_reader_time.py:136]-  已写入 100000/200000 行数据
2025-10-17 10:47:17-INFO-[tdms_reader_time.py:136]-  已写入 100000/200000 行数据
2025-10-17 10:47:17-INFO-[tdms_reader_time.py:136]-  已写入 100000/200000 行数据
2025-10-17 10:47:17-INFO-[tdms_reader_time.py:136]-  已写入 100000/200000 行数据
2025-10-17 10:47:17-INFO-[tdms_reader_time.py:136]-  已写入 100000/200000 行数据
2025-10-17 10:47:17-INFO-[tdms_reader_time.py:136]-  已写入 100000/200000 行数据
2025-10-17 10:47:17-INFO-[tdms_reader_time.py:136]-  已写入 100000/200000 行数据
2025-10-17 10:47:17-INFO-[tdms_reader_time.py:136]-  已写入 100000/200000 行数据
2025-10-17 10:47:17-INFO-[tdms_reader_time.py:136]-  已写入 100000/200000 行数据
2025-10-17 10:47:17-INFO-[tdms_reader_time.py:136]-  已写入 100000/200000 行数据
2025-10-17 10:47:17-INFO-[tdms_reader_time.py:136]-  已写入 100000/200000 行数据
2025-10-17 10:47:17-INFO-[tdms_reader_time.py:136]-  已写入 100000/200000 行数据
2025-10-17 10:47:18-INFO-[tdms_reader_time.py:136]-  已写入 100000/200000 行数据
2025-10-17 10:47:18-INFO-[tdms_reader_time.py:136]-  已写入 100000/200000 行数据
2025-10-17 10:47:18-INFO-[tdms_reader_time.py:136]-  已写入 100000/200000 行数据
2025-10-17 10:47:18-INFO-[tdms_reader_time.py:136]-  已写入 100000/200000 行数据
2025-10-17 10:47:18-INFO-[tdms_reader_time.py:136]-  已写入 100000/200000 行数据
2025-10-17 10:47:18-INFO-[tdms_reader_time.py:136]-  已写入 100000/200000 行数据
2025-10-17 10:47:18-INFO-[tdms_reader_time.py:136]-  已写入 100000/200000 行数据
2025-10-17 10:47:18-INFO-[tdms_reader_time.py:136]-  已写入 100000/200000 行数据
2025-10-17 10:47:18-INFO-[tdms_reader_time.py:136]-  已写入 100000/200000 行数据
2025-10-17 10:47:18-INFO-[tdms_reader_time.py:136]-  已写入 100000/200000 行数据
2025-10-17 10:47:18-INFO-[tdms_reader_time.py:136]-  已写入 100000/200000 行数据
2025-10-17 10:47:18-INFO-[tdms_reader_time.py:136]-  已写入 100000/200000 行数据
2025-10-17 10:47:18-INFO-[tdms_reader_time.py:136]-  已写入 100000/200000 行数据
2025-10-17 10:47:18-INFO-[tdms_reader_time.py:136]-  已写入 100000/200000 行数据
2025-10-17 10:47:18-INFO-[tdms_reader_time.py:136]-  已写入 100000/200000 行数据
2025-10-17 10:47:18-INFO-[tdms_reader_time.py:136]-  已写入 100000/200000 行数据
2025-10-17 10:47:20-INFO-[tdms_reader_time.py:136]-  已写入 200000/200000 行数据
2025-10-17 10:47:20-INFO-[tdms_reader_time.py:157]-已转换: 20250620205455.361056.tdms -> D:/Lab/process/2025.6.20/time\30hz\20250620205455.361056.csv
2025-10-17 10:47:20-INFO-[tdms_reader_time.py:158]-元数据保存: D:/Lab/process/2025.6.20/time\30hz\20250620205455.361056_metadata.json
2025-10-17 10:47:20-INFO-[tdms_reader_time.py:44]-开始处理文件: D:/Lab/raw/2025.6.20\50hz\20250620203954.838344.tdms
2025-10-17 10:47:20-INFO-[tdms_reader_time.py:71]-处理文件: 20250620203954.838344.tdms, 数据长度: 200000, 通道数: 16
2025-10-17 10:47:20-INFO-[tdms_reader_time.py:79]-使用实际采样间隔: 5e-06 秒
2025-10-17 10:47:20-INFO-[tdms_reader_time.py:92]-使用通道起始时间: 2025-06-20 12:39:53.483955
2025-10-17 10:47:20-INFO-[tdms_reader_time.py:136]-  已写入 200000/200000 行数据
2025-10-17 10:47:20-INFO-[tdms_reader_time.py:157]-已转换: 20250620205458.257609.tdms -> D:/Lab/process/2025.6.20/time\30hz\20250620205458.257609.csv
2025-10-17 10:47:20-INFO-[tdms_reader_time.py:158]-元数据保存: D:/Lab/process/2025.6.20/time\30hz\20250620205458.257609_metadata.json
2025-10-17 10:47:20-INFO-[tdms_reader_time.py:44]-开始处理文件: D:/Lab/raw/2025.6.20\50hz\20250620203957.759340.tdms
2025-10-17 10:47:20-INFO-[tdms_reader_time.py:71]-处理文件: 20250620203957.759340.tdms, 数据长度: 200000, 通道数: 16
2025-10-17 10:47:20-INFO-[tdms_reader_time.py:79]-使用实际采样间隔: 5e-06 秒
2025-10-17 10:47:20-INFO-[tdms_reader_time.py:92]-使用通道起始时间: 2025-06-20 12:39:56.408238
2025-10-17 10:47:20-INFO-[tdms_reader_time.py:136]-  已写入 200000/200000 行数据
2025-10-17 10:47:20-INFO-[tdms_reader_time.py:157]-已转换: 20250620205501.157457.tdms -> D:/Lab/process/2025.6.20/time\30hz\20250620205501.157457.csv
2025-10-17 10:47:20-INFO-[tdms_reader_time.py:158]-元数据保存: D:/Lab/process/2025.6.20/time\30hz\20250620205501.157457_metadata.json
2025-10-17 10:47:20-INFO-[tdms_reader_time.py:44]-开始处理文件: D:/Lab/raw/2025.6.20\50hz\20250620204000.623816.tdms
2025-10-17 10:47:20-INFO-[tdms_reader_time.py:71]-处理文件: 20250620204000.623816.tdms, 数据长度: 200000, 通道数: 16
2025-10-17 10:47:20-INFO-[tdms_reader_time.py:79]-使用实际采样间隔: 5e-06 秒
2025-10-17 10:47:20-INFO-[tdms_reader_time.py:92]-使用通道起始时间: 2025-06-20 12:39:59.267487
2025-10-17 10:47:20-INFO-[tdms_reader_time.py:136]-  已写入 200000/200000 行数据
2025-10-17 10:47:20-INFO-[tdms_reader_time.py:157]-已转换: 20250620205504.026487.tdms -> D:/Lab/process/2025.6.20/time\30hz\20250620205504.026487.csv
2025-10-17 10:47:20-INFO-[tdms_reader_time.py:158]-元数据保存: D:/Lab/process/2025.6.20/time\30hz\20250620205504.026487_metadata.json
2025-10-17 10:47:20-INFO-[tdms_reader_time.py:44]-开始处理文件: D:/Lab/raw/2025.6.20\50hz\20250620204003.597035.tdms
2025-10-17 10:47:20-INFO-[tdms_reader_time.py:136]-  已写入 200000/200000 行数据
2025-10-17 10:47:20-INFO-[tdms_reader_time.py:157]-已转换: 20250620205506.866113.tdms -> D:/Lab/process/2025.6.20/time\30hz\20250620205506.866113.csv
2025-10-17 10:47:20-INFO-[tdms_reader_time.py:158]-元数据保存: D:/Lab/process/2025.6.20/time\30hz\20250620205506.866113_metadata.json
2025-10-17 10:47:20-INFO-[tdms_reader_time.py:71]-处理文件: 20250620204003.597035.tdms, 数据长度: 200000, 通道数: 16
2025-10-17 10:47:20-INFO-[tdms_reader_time.py:79]-使用实际采样间隔: 5e-06 秒
2025-10-17 10:47:20-INFO-[tdms_reader_time.py:92]-使用通道起始时间: 2025-06-20 12:40:02.213574
2025-10-17 10:47:20-INFO-[tdms_reader_time.py:136]-  已写入 200000/200000 行数据
2025-10-17 10:47:20-INFO-[tdms_reader_time.py:44]-开始处理文件: D:/Lab/raw/2025.6.20\50hz\20250620204006.502835.tdms
2025-10-17 10:47:20-INFO-[tdms_reader_time.py:157]-已转换: 20250620205512.593425.tdms -> D:/Lab/process/2025.6.20/time\30hz\20250620205512.593425.csv
2025-10-17 10:47:20-INFO-[tdms_reader_time.py:136]-  已写入 200000/200000 行数据
2025-10-17 10:47:20-INFO-[tdms_reader_time.py:158]-元数据保存: D:/Lab/process/2025.6.20/time\30hz\20250620205512.593425_metadata.json
2025-10-17 10:47:20-INFO-[tdms_reader_time.py:71]-处理文件: 20250620204006.502835.tdms, 数据长度: 200000, 通道数: 16
2025-10-17 10:47:20-INFO-[tdms_reader_time.py:79]-使用实际采样间隔: 5e-06 秒
2025-10-17 10:47:20-INFO-[tdms_reader_time.py:92]-使用通道起始时间: 2025-06-20 12:40:05.143713
2025-10-17 10:47:20-INFO-[tdms_reader_time.py:44]-开始处理文件: D:/Lab/raw/2025.6.20\50hz\20250620204009.381570.tdms
2025-10-17 10:47:20-INFO-[tdms_reader_time.py:157]-已转换: 20250620205509.740417.tdms -> D:/Lab/process/2025.6.20/time\30hz\20250620205509.740417.csv
2025-10-17 10:47:20-INFO-[tdms_reader_time.py:158]-元数据保存: D:/Lab/process/2025.6.20/time\30hz\20250620205509.740417_metadata.json
2025-10-17 10:47:20-INFO-[tdms_reader_time.py:44]-开始处理文件: D:/Lab/raw/2025.6.20\50hz\20250620204012.290275.tdms
2025-10-17 10:47:20-INFO-[tdms_reader_time.py:71]-处理文件: 20250620204009.381570.tdms, 数据长度: 200000, 通道数: 16
2025-10-17 10:47:20-INFO-[tdms_reader_time.py:79]-使用实际采样间隔: 5e-06 秒
2025-10-17 10:47:20-INFO-[tdms_reader_time.py:92]-使用通道起始时间: 2025-06-20 12:40:08.028342
2025-10-17 10:47:20-INFO-[tdms_reader_time.py:71]-处理文件: 20250620204012.290275.tdms, 数据长度: 200000, 通道数: 16
2025-10-17 10:47:21-INFO-[tdms_reader_time.py:79]-使用实际采样间隔: 5e-06 秒
2025-10-17 10:47:21-INFO-[tdms_reader_time.py:92]-使用通道起始时间: 2025-06-20 12:40:10.923739
2025-10-17 10:47:21-INFO-[tdms_reader_time.py:136]-  已写入 200000/200000 行数据
2025-10-17 10:47:21-INFO-[tdms_reader_time.py:157]-已转换: 20250620205521.206456.tdms -> D:/Lab/process/2025.6.20/time\30hz\20250620205521.206456.csv
2025-10-17 10:47:21-INFO-[tdms_reader_time.py:158]-元数据保存: D:/Lab/process/2025.6.20/time\30hz\20250620205521.206456_metadata.json
2025-10-17 10:47:21-INFO-[tdms_reader_time.py:136]-  已写入 200000/200000 行数据
2025-10-17 10:47:21-INFO-[tdms_reader_time.py:157]-已转换: 20250620205524.067070.tdms -> D:/Lab/process/2025.6.20/time\30hz\20250620205524.067070.csv
2025-10-17 10:47:21-INFO-[tdms_reader_time.py:158]-元数据保存: D:/Lab/process/2025.6.20/time\30hz\20250620205524.067070_metadata.json
2025-10-17 10:47:21-INFO-[tdms_reader_time.py:44]-开始处理文件: D:/Lab/raw/2025.6.20\50hz\20250620204015.172895.tdms
2025-10-17 10:47:21-INFO-[tdms_reader_time.py:44]-开始处理文件: D:/Lab/raw/2025.6.20\50hz\20250620204018.073789.tdms
2025-10-17 10:47:21-INFO-[tdms_reader_time.py:71]-处理文件: 20250620204015.172895.tdms, 数据长度: 200000, 通道数: 16
2025-10-17 10:47:21-INFO-[tdms_reader_time.py:79]-使用实际采样间隔: 5e-06 秒
2025-10-17 10:47:21-INFO-[tdms_reader_time.py:136]-  已写入 200000/200000 行数据
2025-10-17 10:47:21-INFO-[tdms_reader_time.py:92]-使用通道起始时间: 2025-06-20 12:40:13.811309
2025-10-17 10:47:21-INFO-[tdms_reader_time.py:71]-处理文件: 20250620204018.073789.tdms, 数据长度: 200000, 通道数: 16
2025-10-17 10:47:21-INFO-[tdms_reader_time.py:79]-使用实际采样间隔: 5e-06 秒
2025-10-17 10:47:21-INFO-[tdms_reader_time.py:92]-使用通道起始时间: 2025-06-20 12:40:16.711235
2025-10-17 10:47:21-INFO-[tdms_reader_time.py:136]-  已写入 200000/200000 行数据
2025-10-17 10:47:21-INFO-[tdms_reader_time.py:157]-已转换: 20250620205518.349068.tdms -> D:/Lab/process/2025.6.20/time\30hz\20250620205518.349068.csv
2025-10-17 10:47:21-INFO-[tdms_reader_time.py:158]-元数据保存: D:/Lab/process/2025.6.20/time\30hz\20250620205518.349068_metadata.json
2025-10-17 10:47:21-INFO-[tdms_reader_time.py:44]-开始处理文件: D:/Lab/raw/2025.6.20\50hz\20250620204020.965725.tdms
2025-10-17 10:47:21-INFO-[tdms_reader_time.py:157]-已转换: 20250620205532.720182.tdms -> D:/Lab/process/2025.6.20/time\30hz\20250620205532.720182.csv
2025-10-17 10:47:21-INFO-[tdms_reader_time.py:158]-元数据保存: D:/Lab/process/2025.6.20/time\30hz\20250620205532.720182_metadata.json
2025-10-17 10:47:21-INFO-[tdms_reader_time.py:136]-  已写入 200000/200000 行数据
2025-10-17 10:47:21-INFO-[tdms_reader_time.py:71]-处理文件: 20250620204020.965725.tdms, 数据长度: 200000, 通道数: 16
2025-10-17 10:47:21-INFO-[tdms_reader_time.py:157]-已转换: 20250620205515.474232.tdms -> D:/Lab/process/2025.6.20/time\30hz\20250620205515.474232.csv
2025-10-17 10:47:21-INFO-[tdms_reader_time.py:79]-使用实际采样间隔: 5e-06 秒
2025-10-17 10:47:21-INFO-[tdms_reader_time.py:44]-开始处理文件: D:/Lab/raw/2025.6.20\50hz\20250620204023.874951.tdms
2025-10-17 10:47:21-INFO-[tdms_reader_time.py:92]-使用通道起始时间: 2025-06-20 12:40:19.611645
2025-10-17 10:47:21-INFO-[tdms_reader_time.py:158]-元数据保存: D:/Lab/process/2025.6.20/time\30hz\20250620205515.474232_metadata.json
2025-10-17 10:47:21-INFO-[tdms_reader_time.py:136]-  已写入 200000/200000 行数据
2025-10-17 10:47:21-INFO-[tdms_reader_time.py:157]-已转换: 20250620205535.616021.tdms -> D:/Lab/process/2025.6.20/time\30hz\20250620205535.616021.csv
2025-10-17 10:47:21-INFO-[tdms_reader_time.py:44]-开始处理文件: D:/Lab/raw/2025.6.20\50hz\20250620204026.769314.tdms
2025-10-17 10:47:21-INFO-[tdms_reader_time.py:158]-元数据保存: D:/Lab/process/2025.6.20/time\30hz\20250620205535.616021_metadata.json
2025-10-17 10:47:21-INFO-[tdms_reader_time.py:71]-处理文件: 20250620204023.874951.tdms, 数据长度: 200000, 通道数: 16
2025-10-17 10:47:21-INFO-[tdms_reader_time.py:79]-使用实际采样间隔: 5e-06 秒
2025-10-17 10:47:21-INFO-[tdms_reader_time.py:92]-使用通道起始时间: 2025-06-20 12:40:22.523580
2025-10-17 10:47:21-INFO-[tdms_reader_time.py:44]-开始处理文件: D:/Lab/raw/2025.6.20\50hz\20250620204029.679945.tdms
2025-10-17 10:47:21-INFO-[tdms_reader_time.py:71]-处理文件: 20250620204026.769314.tdms, 数据长度: 200000, 通道数: 16
2025-10-17 10:47:21-INFO-[tdms_reader_time.py:79]-使用实际采样间隔: 5e-06 秒
2025-10-17 10:47:21-INFO-[tdms_reader_time.py:92]-使用通道起始时间: 2025-06-20 12:40:25.409663
2025-10-17 10:47:21-INFO-[tdms_reader_time.py:136]-  已写入 200000/200000 行数据
2025-10-17 10:47:21-INFO-[tdms_reader_time.py:71]-处理文件: 20250620204029.679945.tdms, 数据长度: 200000, 通道数: 16
2025-10-17 10:47:21-INFO-[tdms_reader_time.py:79]-使用实际采样间隔: 5e-06 秒
2025-10-17 10:47:21-INFO-[tdms_reader_time.py:92]-使用通道起始时间: 2025-06-20 12:40:28.287687
2025-10-17 10:47:21-INFO-[tdms_reader_time.py:136]-  已写入 200000/200000 行数据
2025-10-17 10:47:21-INFO-[tdms_reader_time.py:157]-已转换: 20250620205526.960472.tdms -> D:/Lab/process/2025.6.20/time\30hz\20250620205526.960472.csv
2025-10-17 10:47:21-INFO-[tdms_reader_time.py:158]-元数据保存: D:/Lab/process/2025.6.20/time\30hz\20250620205526.960472_metadata.json
2025-10-17 10:47:21-INFO-[tdms_reader_time.py:157]-已转换: 20250620205544.253550.tdms -> D:/Lab/process/2025.6.20/time\30hz\20250620205544.253550.csv
2025-10-17 10:47:21-INFO-[tdms_reader_time.py:44]-开始处理文件: D:/Lab/raw/2025.6.20\50hz\20250620204032.660249.tdms
2025-10-17 10:47:21-INFO-[tdms_reader_time.py:136]-  已写入 200000/200000 行数据
2025-10-17 10:47:21-INFO-[tdms_reader_time.py:158]-元数据保存: D:/Lab/process/2025.6.20/time\30hz\20250620205544.253550_metadata.json
2025-10-17 10:47:21-INFO-[tdms_reader_time.py:157]-已转换: 20250620203951.928351.tdms -> D:/Lab/process/2025.6.20/time\50hz\20250620203951.928351.csv
2025-10-17 10:47:21-INFO-[tdms_reader_time.py:158]-元数据保存: D:/Lab/process/2025.6.20/time\50hz\20250620203951.928351_metadata.json
2025-10-17 10:47:21-INFO-[tdms_reader_time.py:44]-开始处理文件: D:/Lab/raw/2025.6.20\50hz\20250620204035.578939.tdms
2025-10-17 10:47:21-INFO-[tdms_reader_time.py:44]-开始处理文件: D:/Lab/raw/2025.6.20\50hz\20250620204038.547364.tdms
2025-10-17 10:47:21-INFO-[tdms_reader_time.py:71]-处理文件: 20250620204032.660249.tdms, 数据长度: 200000, 通道数: 16
2025-10-17 10:47:21-INFO-[tdms_reader_time.py:79]-使用实际采样间隔: 5e-06 秒
2025-10-17 10:47:21-INFO-[tdms_reader_time.py:92]-使用通道起始时间: 2025-06-20 12:40:31.269728
2025-10-17 10:47:21-INFO-[tdms_reader_time.py:71]-处理文件: 20250620204035.578939.tdms, 数据长度: 200000, 通道数: 16
2025-10-17 10:47:21-INFO-[tdms_reader_time.py:79]-使用实际采样间隔: 5e-06 秒
2025-10-17 10:47:21-INFO-[tdms_reader_time.py:92]-使用通道起始时间: 2025-06-20 12:40:34.212728
2025-10-17 10:47:21-INFO-[tdms_reader_time.py:71]-处理文件: 20250620204038.547364.tdms, 数据长度: 200000, 通道数: 16
2025-10-17 10:47:21-INFO-[tdms_reader_time.py:79]-使用实际采样间隔: 5e-06 秒
2025-10-17 10:47:21-INFO-[tdms_reader_time.py:92]-使用通道起始时间: 2025-06-20 12:40:37.143602
2025-10-17 10:47:21-INFO-[tdms_reader_time.py:136]-  已写入 200000/200000 行数据
2025-10-17 10:47:21-INFO-[tdms_reader_time.py:157]-已转换: 20250620205601.429140.tdms -> D:/Lab/process/2025.6.20/time\30hz\20250620205601.429140.csv
2025-10-17 10:47:21-INFO-[tdms_reader_time.py:136]-  已写入 200000/200000 行数据
2025-10-17 10:47:21-INFO-[tdms_reader_time.py:158]-元数据保存: D:/Lab/process/2025.6.20/time\30hz\20250620205601.429140_metadata.json
2025-10-17 10:47:21-INFO-[tdms_reader_time.py:157]-已转换: 20250620203948.997384.tdms -> D:/Lab/process/2025.6.20/time\50hz\20250620203948.997384.csv
2025-10-17 10:47:21-INFO-[tdms_reader_time.py:158]-元数据保存: D:/Lab/process/2025.6.20/time\50hz\20250620203948.997384_metadata.json
2025-10-17 10:47:21-INFO-[tdms_reader_time.py:44]-开始处理文件: D:/Lab/raw/2025.6.20\50hz\20250620204041.503131.tdms
2025-10-17 10:47:21-INFO-[tdms_reader_time.py:44]-开始处理文件: D:/Lab/raw/2025.6.20\50hz\20250620204044.399715.tdms
2025-10-17 10:47:21-INFO-[tdms_reader_time.py:136]-  已写入 200000/200000 行数据
2025-10-17 10:47:21-INFO-[tdms_reader_time.py:157]-已转换: 20250620205555.848733.tdms -> D:/Lab/process/2025.6.20/time\30hz\20250620205555.848733.csv
2025-10-17 10:47:21-INFO-[tdms_reader_time.py:158]-元数据保存: D:/Lab/process/2025.6.20/time\30hz\20250620205555.848733_metadata.json
2025-10-17 10:47:21-INFO-[tdms_reader_time.py:136]-  已写入 200000/200000 行数据
2025-10-17 10:47:21-INFO-[tdms_reader_time.py:136]-  已写入 200000/200000 行数据
2025-10-17 10:47:21-INFO-[tdms_reader_time.py:157]-已转换: 20250620205552.959105.tdms -> D:/Lab/process/2025.6.20/time\30hz\20250620205552.959105.csv
2025-10-17 10:47:21-INFO-[tdms_reader_time.py:158]-元数据保存: D:/Lab/process/2025.6.20/time\30hz\20250620205552.959105_metadata.json
2025-10-17 10:47:21-INFO-[tdms_reader_time.py:157]-已转换: 20250620205529.836771.tdms -> D:/Lab/process/2025.6.20/time\30hz\20250620205529.836771.csv
2025-10-17 10:47:21-INFO-[tdms_reader_time.py:158]-元数据保存: D:/Lab/process/2025.6.20/time\30hz\20250620205529.836771_metadata.json
2025-10-17 10:47:21-INFO-[tdms_reader_time.py:71]-处理文件: 20250620204041.503131.tdms, 数据长度: 200000, 通道数: 16
2025-10-17 10:47:21-INFO-[tdms_reader_time.py:44]-开始处理文件: D:/Lab/raw/2025.6.20\50hz\20250620204047.316458.tdms
2025-10-17 10:47:21-INFO-[tdms_reader_time.py:79]-使用实际采样间隔: 5e-06 秒
2025-10-17 10:47:21-INFO-[tdms_reader_time.py:136]-  已写入 200000/200000 行数据
2025-10-17 10:47:21-INFO-[tdms_reader_time.py:92]-使用通道起始时间: 2025-06-20 12:40:40.125991
2025-10-17 10:47:21-INFO-[tdms_reader_time.py:157]-已转换: 20250620205550.074166.tdms -> D:/Lab/process/2025.6.20/time\30hz\20250620205550.074166.csv
2025-10-17 10:47:21-INFO-[tdms_reader_time.py:71]-处理文件: 20250620204044.399715.tdms, 数据长度: 200000, 通道数: 16
data.json
2025-10-17 10:47:21-INFO-[tdms_reader_time.py:79]-使用实际采样间隔: 5e-06 秒
2025-10-17 10:47:21-INFO-[tdms_reader_time.py:92]-使用通道起始时间: 2025-06-20 12:40:43.032670
2025-10-17 10:47:21-INFO-[tdms_reader_time.py:44]-开始处理文件: D:/Lab/raw/2025.6.20\back\20250620194612.368512.tdms
2025-10-17 10:47:21-INFO-[tdms_reader_time.py:44]-开始处理文件: D:/Lab/raw/2025.6.20\back\20250620194615.280443.tdms
2025-10-17 10:47:21-INFO-[tdms_reader_time.py:44]-开始处理文件: D:/Lab/raw/2025.6.20\back\20250620194618.181950.tdms
2025-10-17 10:47:21-INFO-[tdms_reader_time.py:136]-  已写入 200000/200000 行数据
2025-10-17 10:47:21-INFO-[tdms_reader_time.py:136]-  已写入 200000/200000 行数据
2025-10-17 10:47:21-INFO-[tdms_reader_time.py:157]-已转换: 20250620205538.511375.tdms -> D:/Lab/process/2025.6.20/time\30hz\20250620205538.511375.csv
2025-10-17 10:47:21-INFO-[tdms_reader_time.py:157]-已转换: 20250620205541.382788.tdms -> D:/Lab/process/2025.6.20/time\30hz\20250620205541.382788.csv
2025-10-17 10:47:21-INFO-[tdms_reader_time.py:158]-元数据保存: D:/Lab/process/2025.6.20/time\30hz\20250620205538.511375_metadata.json
2025-10-17 10:47:21-INFO-[tdms_reader_time.py:158]-元数据保存: D:/Lab/process/2025.6.20/time\30hz\20250620205541.382788_metadata.json
2025-10-17 10:47:21-INFO-[tdms_reader_time.py:71]-处理文件: 20250620204047.316458.tdms, 数据长度: 200000, 通道数: 16
2025-10-17 10:47:21-INFO-[tdms_reader_time.py:79]-使用实际采样间隔: 5e-06 秒
2025-10-17 10:47:21-INFO-[tdms_reader_time.py:92]-使用通道起始时间: 2025-06-20 12:40:45.960360
2025-10-17 10:47:21-INFO-[tdms_reader_time.py:71]-处理文件: 20250620194612.368512.tdms, 数据长度: 200000, 通道数: 16
2025-10-17 10:47:21-INFO-[tdms_reader_time.py:71]-处理文件: 20250620194615.280443.tdms, 数据长度: 200000, 通道数: 16
2025-10-17 10:47:21-INFO-[tdms_reader_time.py:44]-开始处理文件: D:/Lab/raw/2025.6.20\back\20250620194621.140929.tdms
2025-10-17 10:47:21-INFO-[tdms_reader_time.py:44]-开始处理文件: D:/Lab/raw/2025.6.20\back\20250620194624.055741.tdms
2025-10-17 10:47:21-INFO-[tdms_reader_time.py:79]-使用实际采样间隔: 5e-06 秒
2025-10-17 10:47:21-INFO-[tdms_reader_time.py:79]-使用实际采样间隔: 5e-06 秒
2025-10-17 10:47:21-INFO-[tdms_reader_time.py:92]-使用通道起始时间: 2025-06-20 11:46:11.001639
2025-10-17 10:47:21-INFO-[tdms_reader_time.py:92]-使用通道起始时间: 2025-06-20 11:46:13.891491
2025-10-17 10:47:21-INFO-[tdms_reader_time.py:71]-处理文件: 20250620194618.181950.tdms, 数据长度: 200000, 通道数: 16
2025-10-17 10:47:21-INFO-[tdms_reader_time.py:79]-使用实际采样间隔: 5e-06 秒
2025-10-17 10:47:21-INFO-[tdms_reader_time.py:92]-使用通道起始时间: 2025-06-20 11:46:16.814146
2025-10-17 10:47:21-INFO-[tdms_reader_time.py:71]-处理文件: 20250620194624.055741.tdms, 数据长度: 200000, 通道数: 16
2025-10-17 10:47:21-INFO-[tdms_reader_time.py:79]-使用实际采样间隔: 5e-06 秒
2025-10-17 10:47:21-INFO-[tdms_reader_time.py:79]-使用实际采样间隔: 5e-06 秒
2025-10-17 10:47:21-INFO-[tdms_reader_time.py:92]-使用通道起始时间: 2025-06-20 11:46:19.766456
2025-10-17 10:47:21-INFO-[tdms_reader_time.py:92]-使用通道起始时间: 2025-06-20 11:46:22.697196
2025-10-17 10:47:21-INFO-[tdms_reader_time.py:136]-  已写入 200000/200000 行数据
2025-10-17 10:47:21-INFO-[tdms_reader_time.py:157]-已转换: 20250620205547.172719.tdms -> D:/Lab/process/2025.6.20/time\30hz\20250620205547.172719.csv
2025-10-17 10:47:21-INFO-[tdms_reader_time.py:158]-元数据保存: D:/Lab/process/2025.6.20/time\30hz\20250620205547.172719_metadata.json
2025-10-17 10:47:21-INFO-[tdms_reader_time.py:136]-  已写入 200000/200000 行数据
2025-10-17 10:47:21-INFO-[tdms_reader_time.py:44]-开始处理文件: D:/Lab/raw/2025.6.20\back\20250620194626.920608.tdms
2025-10-17 10:47:21-INFO-[tdms_reader_time.py:157]-已转换: 20250620203943.117518.tdms -> D:/Lab/process/2025.6.20/time\50hz\20250620203943.117518.csv
2025-10-17 10:47:21-INFO-[tdms_reader_time.py:158]-元数据保存: D:/Lab/process/2025.6.20/time\50hz\20250620203943.117518_metadata.json
2025-10-17 10:47:21-INFO-[tdms_reader_time.py:44]-开始处理文件: D:/Lab/raw/2025.6.20\back\20250620194629.813220.tdms
2025-10-17 10:47:21-INFO-[tdms_reader_time.py:71]-处理文件: 20250620194626.920608.tdms, 数据长度: 200000, 通道数: 16
2025-10-17 10:47:21-INFO-[tdms_reader_time.py:79]-使用实际采样间隔: 5e-06 秒
2025-10-17 10:47:21-INFO-[tdms_reader_time.py:92]-使用通道起始时间: 2025-06-20 11:46:25.564345
2025-10-17 10:47:21-INFO-[tdms_reader_time.py:71]-处理文件: 20250620194629.813220.tdms, 数据长度: 200000, 通道数: 16
2025-10-17 10:47:21-INFO-[tdms_reader_time.py:79]-使用实际采样间隔: 5e-06 秒
2025-10-17 10:47:21-INFO-[tdms_reader_time.py:136]-  已写入 200000/200000 行数据
2025-10-17 10:47:21-INFO-[tdms_reader_time.py:92]-使用通道起始时间: 2025-06-20 11:46:28.459063
2025-10-17 10:47:21-INFO-[tdms_reader_time.py:157]-已转换: 20250620205558.740427.tdms -> D:/Lab/process/2025.6.20/time\30hz\20250620205558.740427.csv
2025-10-17 10:47:21-INFO-[tdms_reader_time.py:158]-元数据保存: D:/Lab/process/2025.6.20/time\30hz\20250620205558.740427_metadata.json
2025-10-17 10:47:21-INFO-[tdms_reader_time.py:44]-开始处理文件: D:/Lab/raw/2025.6.20\back\20250620194632.691684.tdms
2025-10-17 10:47:21-INFO-[tdms_reader_time.py:71]-处理文件: 20250620194632.691684.tdms, 数据长度: 200000, 通道数: 16
2025-10-17 10:47:21-INFO-[tdms_reader_time.py:79]-使用实际采样间隔: 5e-06 秒
2025-10-17 10:47:21-INFO-[tdms_reader_time.py:92]-使用通道起始时间: 2025-06-20 11:46:31.329261
2025-10-17 10:47:21-INFO-[tdms_reader_time.py:136]-  已写入 200000/200000 行数据
2025-10-17 10:47:21-INFO-[tdms_reader_time.py:157]-已转换: 20250620203946.014336.tdms -> D:/Lab/process/2025.6.20/time\50hz\20250620203946.014336.csv
2025-10-17 10:47:21-INFO-[tdms_reader_time.py:158]-元数据保存: D:/Lab/process/2025.6.20/time\50hz\20250620203946.014336_metadata.json
2025-10-17 10:47:21-INFO-[tdms_reader_time.py:44]-开始处理文件: D:/Lab/raw/2025.6.20\back\20250620194635.587857.tdms
2025-10-17 10:47:21-INFO-[tdms_reader_time.py:71]-处理文件: 20250620194635.587857.tdms, 数据长度: 200000, 通道数: 16
2025-10-17 10:47:21-INFO-[tdms_reader_time.py:79]-使用实际采样间隔: 5e-06 秒
2025-10-17 10:47:21-INFO-[tdms_reader_time.py:92]-使用通道起始时间: 2025-06-20 11:46:34.234615
2025-10-17 10:47:23-INFO-[tdms_reader_time.py:136]-  已写入 100000/200000 行数据
2025-10-17 10:47:23-INFO-[tdms_reader_time.py:136]-  已写入 100000/200000 行数据
2025-10-17 10:47:23-INFO-[tdms_reader_time.py:136]-  已写入 100000/200000 行数据
2025-10-17 10:47:24-INFO-[tdms_reader_time.py:136]-  已写入 100000/200000 行数据
2025-10-17 10:47:24-INFO-[tdms_reader_time.py:136]-  已写入 100000/200000 行数据
2025-10-17 10:47:24-INFO-[tdms_reader_time.py:136]-  已写入 100000/200000 行数据
2025-10-17 10:47:24-INFO-[tdms_reader_time.py:136]-  已写入 100000/200000 行数据
2025-10-17 10:47:24-INFO-[tdms_reader_time.py:136]-  已写入 100000/200000 行数据
2025-10-17 10:47:24-INFO-[tdms_reader_time.py:136]-  已写入 100000/200000 行数据
2025-10-17 10:47:24-INFO-[tdms_reader_time.py:136]-  已写入 100000/200000 行数据
2025-10-17 10:47:24-INFO-[tdms_reader_time.py:136]-  已写入 100000/200000 行数据
2025-10-17 10:47:24-INFO-[tdms_reader_time.py:136]-  已写入 100000/200000 行数据
2025-10-17 10:47:24-INFO-[tdms_reader_time.py:136]-  已写入 100000/200000 行数据
2025-10-17 10:47:24-INFO-[tdms_reader_time.py:136]-  已写入 100000/200000 行数据
2025-10-17 10:47:24-INFO-[tdms_reader_time.py:136]-  已写入 100000/200000 行数据
2025-10-17 10:47:24-INFO-[tdms_reader_time.py:136]-  已写入 100000/200000 行数据
2025-10-17 10:47:24-INFO-[tdms_reader_time.py:136]-  已写入 100000/200000 行数据
2025-10-17 10:47:24-INFO-[tdms_reader_time.py:136]-  已写入 100000/200000 行数据
2025-10-17 10:47:24-INFO-[tdms_reader_time.py:136]-  已写入 100000/200000 行数据
2025-10-17 10:47:24-INFO-[tdms_reader_time.py:136]-  已写入 100000/200000 行数据
2025-10-17 10:47:24-INFO-[tdms_reader_time.py:136]-  已写入 100000/200000 行数据
2025-10-17 10:47:25-INFO-[tdms_reader_time.py:136]-  已写入 100000/200000 行数据
2025-10-17 10:47:25-INFO-[tdms_reader_time.py:136]-  已写入 100000/200000 行数据
2025-10-17 10:47:25-INFO-[tdms_reader_time.py:136]-  已写入 100000/200000 行数据
2025-10-17 10:47:25-INFO-[tdms_reader_time.py:136]-  已写入 100000/200000 行数据
2025-10-17 10:47:25-INFO-[tdms_reader_time.py:136]-  已写入 100000/200000 行数据
2025-10-17 10:47:25-INFO-[tdms_reader_time.py:136]-  已写入 100000/200000 行数据
2025-10-17 10:47:25-INFO-[tdms_reader_time.py:136]-  已写入 100000/200000 行数据
2025-10-17 10:47:26-INFO-[tdms_reader_time.py:136]-  已写入 200000/200000 行数据
2025-10-17 10:47:26-INFO-[tdms_reader_time.py:157]-已转换: 20250620203954.838344.tdms -> D:/Lab/process/2025.6.20/time\50hz\20250620203954.838344.csv
2025-10-17 10:47:26-INFO-[tdms_reader_time.py:158]-元数据保存: D:/Lab/process/2025.6.20/time\50hz\20250620203954.838344_metadata.json
2025-10-17 10:47:26-INFO-[tdms_reader_time.py:44]-开始处理文件: D:/Lab/raw/2025.6.20\back\20250620194638.548843.tdms
2025-10-17 10:47:26-INFO-[tdms_reader_time.py:71]-处理文件: 20250620194638.548843.tdms, 数据长度: 200000, 通道数: 16
2025-10-17 10:47:26-INFO-[tdms_reader_time.py:79]-使用实际采样间隔: 5e-06 秒
2025-10-17 10:47:26-INFO-[tdms_reader_time.py:92]-使用通道起始时间: 2025-06-20 11:46:37.105886
2025-10-17 10:47:27-INFO-[tdms_reader_time.py:136]-  已写入 200000/200000 行数据
2025-10-17 10:47:27-INFO-[tdms_reader_time.py:157]-已转换: 20250620204000.623816.tdms -> D:/Lab/process/2025.6.20/time\50hz\20250620204000.623816.csv
2025-10-17 10:47:27-INFO-[tdms_reader_time.py:158]-元数据保存: D:/Lab/process/2025.6.20/time\50hz\20250620204000.623816_metadata.json
2025-10-17 10:47:27-INFO-[tdms_reader_time.py:44]-开始处理文件: D:/Lab/raw/2025.6.20\back\20250620194641.451865.tdms
2025-10-17 10:47:27-INFO-[tdms_reader_time.py:71]-处理文件: 20250620194641.451865.tdms, 数据长度: 200000, 通道数: 16
2025-10-17 10:47:27-INFO-[tdms_reader_time.py:136]-  已写入 200000/200000 行数据
2025-10-17 10:47:27-INFO-[tdms_reader_time.py:79]-使用实际采样间隔: 5e-06 秒
2025-10-17 10:47:27-INFO-[tdms_reader_time.py:92]-使用通道起始时间: 2025-06-20 11:46:40.090155
2025-10-17 10:47:27-INFO-[tdms_reader_time.py:157]-已转换: 20250620203957.759340.tdms -> D:/Lab/process/2025.6.20/time\50hz\20250620203957.759340.csv
2025-10-17 10:47:27-INFO-[tdms_reader_time.py:158]-元数据保存: D:/Lab/process/2025.6.20/time\50hz\20250620203957.759340_metadata.json
2025-10-17 10:47:27-INFO-[tdms_reader_time.py:44]-开始处理文件: D:/Lab/raw/2025.6.20\back\20250620194644.379134.tdms
2025-10-17 10:47:27-INFO-[tdms_reader_time.py:71]-处理文件: 20250620194644.379134.tdms, 数据长度: 200000, 通道数: 16
2025-10-17 10:47:27-INFO-[tdms_reader_time.py:79]-使用实际采样间隔: 5e-06 秒
2025-10-17 10:47:27-INFO-[tdms_reader_time.py:92]-使用通道起始时间: 2025-06-20 11:46:43.008657
2025-10-17 10:47:27-INFO-[tdms_reader_time.py:136]-  已写入 200000/200000 行数据
2025-10-17 10:47:27-INFO-[tdms_reader_time.py:157]-已转换: 20250620204012.290275.tdms -> D:/Lab/process/2025.6.20/time\50hz\20250620204012.290275.csv
2025-10-17 10:47:27-INFO-[tdms_reader_time.py:158]-元数据保存: D:/Lab/process/2025.6.20/time\50hz\20250620204012.290275_metadata.json
2025-10-17 10:47:27-INFO-[tdms_reader_time.py:44]-开始处理文件: D:/Lab/raw/2025.6.20\back\20250620194647.302328.tdms
2025-10-17 10:47:27-INFO-[tdms_reader_time.py:136]-  已写入 200000/200000 行数据
2025-10-17 10:47:27-INFO-[tdms_reader_time.py:157]-已转换: 20250620204003.597035.tdms -> D:/Lab/process/2025.6.20/time\50hz\20250620204003.597035.csv
2025-10-17 10:47:27-INFO-[tdms_reader_time.py:158]-元数据保存: D:/Lab/process/2025.6.20/time\50hz\20250620204003.597035_metadata.json
2025-10-17 10:47:27-INFO-[tdms_reader_time.py:71]-处理文件: 20250620194647.302328.tdms, 数据长度: 200000, 通道数: 16
2025-10-17 10:47:27-INFO-[tdms_reader_time.py:79]-使用实际采样间隔: 5e-06 秒
2025-10-17 10:47:27-INFO-[tdms_reader_time.py:92]-使用通道起始时间: 2025-06-20 11:46:45.938580
2025-10-17 10:47:27-INFO-[tdms_reader_time.py:44]-开始处理文件: D:/Lab/raw/2025.6.20\back\20250620194650.211108.tdms
2025-10-17 10:47:27-INFO-[tdms_reader_time.py:71]-处理文件: 20250620194650.211108.tdms, 数据长度: 200000, 通道数: 16
2025-10-17 10:47:27-INFO-[tdms_reader_time.py:79]-使用实际采样间隔: 5e-06 秒
2025-10-17 10:47:27-INFO-[tdms_reader_time.py:92]-使用通道起始时间: 2025-06-20 11:46:48.832746
2025-10-17 10:47:27-INFO-[tdms_reader_time.py:136]-  已写入 200000/200000 行数据
2025-10-17 10:47:27-INFO-[tdms_reader_time.py:157]-已转换: 20250620204006.502835.tdms -> D:/Lab/process/2025.6.20/time\50hz\20250620204006.502835.csv
2025-10-17 10:47:27-INFO-[tdms_reader_time.py:158]-元数据保存: D:/Lab/process/2025.6.20/time\50hz\20250620204006.502835_metadata.json
2025-10-17 10:47:27-INFO-[tdms_reader_time.py:44]-开始处理文件: D:/Lab/raw/2025.6.20\back\20250620194653.136268.tdms
2025-10-17 10:47:27-INFO-[tdms_reader_time.py:136]-  已写入 200000/200000 行数据
2025-10-17 10:47:27-INFO-[tdms_reader_time.py:157]-已转换: 20250620204023.874951.tdms -> D:/Lab/process/2025.6.20/time\50hz\20250620204023.874951.csv
2025-10-17 10:47:27-INFO-[tdms_reader_time.py:158]-元数据保存: D:/Lab/process/2025.6.20/time\50hz\20250620204023.874951_metadata.json
2025-10-17 10:47:27-INFO-[tdms_reader_time.py:71]-处理文件: 20250620194653.136268.tdms, 数据长度: 200000, 通道数: 16
2025-10-17 10:47:27-INFO-[tdms_reader_time.py:79]-使用实际采样间隔: 5e-06 秒
2025-10-17 10:47:27-INFO-[tdms_reader_time.py:92]-使用通道起始时间: 2025-06-20 11:46:51.773563
2025-10-17 10:47:27-INFO-[tdms_reader_time.py:44]-开始处理文件: D:/Lab/raw/2025.6.20\back\20250620194656.041305.tdms
2025-10-17 10:47:27-INFO-[tdms_reader_time.py:136]-  已写入 200000/200000 行数据
2025-10-17 10:47:27-INFO-[tdms_reader_time.py:157]-已转换: 20250620204009.381570.tdms -> D:/Lab/process/2025.6.20/time\50hz\20250620204009.381570.csv
2025-10-17 10:47:27-INFO-[tdms_reader_time.py:158]-元数据保存: D:/Lab/process/2025.6.20/time\50hz\20250620204009.381570_metadata.json
2025-10-17 10:47:27-INFO-[tdms_reader_time.py:44]-开始处理文件: D:/Lab/raw/2025.6.20\back\20250620194659.052610.tdms
2025-10-17 10:47:27-INFO-[tdms_reader_time.py:71]-处理文件: 20250620194656.041305.tdms, 数据长度: 200000, 通道数: 16
2025-10-17 10:47:27-INFO-[tdms_reader_time.py:136]-  已写入 200000/200000 行数据
2025-10-17 10:47:27-INFO-[tdms_reader_time.py:79]-使用实际采样间隔: 5e-06 秒
2025-10-17 10:47:27-INFO-[tdms_reader_time.py:71]-处理文件: 20250620194659.052610.tdms, 数据长度: 200000, 通道数: 16
2025-10-17 10:47:27-INFO-[tdms_reader_time.py:157]-已转换: 20250620204020.965725.tdms -> D:/Lab/process/2025.6.20/time\50hz\20250620204020.965725.csv
2025-10-17 10:47:27-INFO-[tdms_reader_time.py:92]-使用通道起始时间: 2025-06-20 11:46:54.678582
2025-10-17 10:47:27-INFO-[tdms_reader_time.py:79]-使用实际采样间隔: 5e-06 秒
2025-10-17 10:47:27-INFO-[tdms_reader_time.py:158]-元数据保存: D:/Lab/process/2025.6.20/time\50hz\20250620204020.965725_metadata.json
2025-10-17 10:47:27-INFO-[tdms_reader_time.py:92]-使用通道起始时间: 2025-06-20 11:46:57.675268
2025-10-17 10:47:27-INFO-[tdms_reader_time.py:136]-  已写入 200000/200000 行数据
2025-10-17 10:47:27-INFO-[tdms_reader_time.py:44]-开始处理文件: D:/Lab/raw/2025.6.20\back\20250620194702.006214.tdms
2025-10-17 10:47:27-INFO-[tdms_reader_time.py:157]-已转换: 20250620204015.172895.tdms -> D:/Lab/process/2025.6.20/time\50hz\20250620204015.172895.csv
2025-10-17 10:47:27-INFO-[tdms_reader_time.py:158]-元数据保存: D:/Lab/process/2025.6.20/time\50hz\20250620204015.172895_metadata.json
2025-10-17 10:47:27-INFO-[tdms_reader_time.py:136]-  已写入 200000/200000 行数据
2025-10-17 10:47:27-INFO-[tdms_reader_time.py:44]-开始处理文件: D:/Lab/raw/2025.6.20\back\20250620194704.911499.tdms
2025-10-17 10:47:27-INFO-[tdms_reader_time.py:157]-已转换: 20250620204035.578939.tdms -> D:/Lab/process/2025.6.20/time\50hz\20250620204035.578939.csv
2025-10-17 10:47:27-INFO-[tdms_reader_time.py:158]-元数据保存: D:/Lab/process/2025.6.20/time\50hz\20250620204035.578939_metadata.json
2025-10-17 10:47:27-INFO-[tdms_reader_time.py:71]-处理文件: 20250620194702.006214.tdms, 数据长度: 200000, 通道数: 16
2025-10-17 10:47:27-INFO-[tdms_reader_time.py:136]-  已写入 200000/200000 行数据
2025-10-17 10:47:27-INFO-[tdms_reader_time.py:79]-使用实际采样间隔: 5e-06 秒
2025-10-17 10:47:27-INFO-[tdms_reader_time.py:92]-使用通道起始时间: 2025-06-20 11:47:00.643072
2025-10-17 10:47:27-INFO-[tdms_reader_time.py:44]-开始处理文件: D:/Lab/raw/2025.6.20\back\20250620194707.790523.tdms
2025-10-17 10:47:27-INFO-[tdms_reader_time.py:71]-处理文件: 20250620194704.911499.tdms, 数据长度: 200000, 通道数: 16
2025-10-17 10:47:27-INFO-[tdms_reader_time.py:157]-已转换: 20250620204029.679945.tdms -> D:/Lab/process/2025.6.20/time\50hz\20250620204029.679945.csv
2025-10-17 10:47:27-INFO-[tdms_reader_time.py:79]-使用实际采样间隔: 5e-06 秒
2025-10-17 10:47:27-INFO-[tdms_reader_time.py:92]-使用通道起始时间: 2025-06-20 11:47:03.537446
2025-10-17 10:47:27-INFO-[tdms_reader_time.py:136]-  已写入 200000/200000 行数据
2025-10-17 10:47:27-INFO-[tdms_reader_time.py:157]-已转换: 20250620204018.073789.tdms -> D:/Lab/process/2025.6.20/time\50hz\20250620204018.073789.csv
2025-10-17 10:47:27-INFO-[tdms_reader_time.py:158]-元数据保存: D:/Lab/process/2025.6.20/time\50hz\20250620204029.679945_metadata.json
2025-10-17 10:47:27-INFO-[tdms_reader_time.py:158]-元数据保存: D:/Lab/process/2025.6.20/time\50hz\20250620204018.073789_metadata.json
2025-10-17 10:47:27-INFO-[tdms_reader_time.py:44]-开始处理文件: D:/Lab/raw/2025.6.20\back\20250620194710.704633.tdms
2025-10-17 10:47:27-INFO-[tdms_reader_time.py:71]-处理文件: 20250620194707.790523.tdms, 数据长度: 200000, 通道数: 16
2025-10-17 10:47:27-INFO-[tdms_reader_time.py:44]-开始处理文件: D:/Lab/raw/2025.6.20\back\20250620194713.610034.tdms
2025-10-17 10:47:27-INFO-[tdms_reader_time.py:79]-使用实际采样间隔: 5e-06 秒
2025-10-17 10:47:27-INFO-[tdms_reader_time.py:92]-使用通道起始时间: 2025-06-20 11:47:06.423161
2025-10-17 10:47:27-INFO-[tdms_reader_time.py:136]-  已写入 200000/200000 行数据
2025-10-17 10:47:27-INFO-[tdms_reader_time.py:157]-已转换: 20250620204038.547364.tdms -> D:/Lab/process/2025.6.20/time\50hz\20250620204038.547364.csv
2025-10-17 10:47:27-INFO-[tdms_reader_time.py:158]-元数据保存: D:/Lab/process/2025.6.20/time\50hz\20250620204038.547364_metadata.json
2025-10-17 10:47:27-INFO-[tdms_reader_time.py:71]-处理文件: 20250620194710.704633.tdms, 数据长度: 200000, 通道数: 16
2025-10-17 10:47:28-INFO-[tdms_reader_time.py:71]-处理文件: 20250620194713.610034.tdms, 数据长度: 200000, 通道数: 16
2025-10-17 10:47:28-INFO-[tdms_reader_time.py:79]-使用实际采样间隔: 5e-06 秒
2025-10-17 10:47:28-INFO-[tdms_reader_time.py:92]-使用通道起始时间: 2025-06-20 11:47:09.329059
2025-10-17 10:47:28-INFO-[tdms_reader_time.py:136]-  已写入 200000/200000 行数据
2025-10-17 10:47:28-INFO-[tdms_reader_time.py:79]-使用实际采样间隔: 5e-06 秒
2025-10-17 10:47:28-INFO-[tdms_reader_time.py:44]-开始处理文件: D:/Lab/raw/2025.6.20\back\20250620194716.530521.tdms
2025-10-17 10:47:28-INFO-[tdms_reader_time.py:92]-使用通道起始时间: 2025-06-20 11:47:12.251513
2025-10-17 10:47:28-INFO-[tdms_reader_time.py:157]-已转换: 20250620204032.660249.tdms -> D:/Lab/process/2025.6.20/time\50hz\20250620204032.660249.csv
2025-10-17 10:47:28-INFO-[tdms_reader_time.py:158]-元数据保存: D:/Lab/process/2025.6.20/time\50hz\20250620204032.660249_metadata.json
2025-10-17 10:47:28-INFO-[tdms_reader_time.py:71]-处理文件: 20250620194716.530521.tdms, 数据长度: 200000, 通道数: 16
2025-10-17 10:47:28-INFO-[tdms_reader_time.py:136]-  已写入 200000/200000 行数据
2025-10-17 10:47:28-INFO-[tdms_reader_time.py:79]-使用实际采样间隔: 5e-06 秒
2025-10-17 10:47:28-INFO-[tdms_reader_time.py:157]-已转换: 20250620194615.280443.tdms -> D:/Lab/process/2025.6.20/time\back\20250620194615.280443.csv
2025-10-17 10:47:28-INFO-[tdms_reader_time.py:44]-开始处理文件: D:/Lab/raw/2025.6.20\back\20250620194719.443004.tdms
2025-10-17 10:47:28-INFO-[tdms_reader_time.py:92]-使用通道起始时间: 2025-06-20 11:47:15.174118
2025-10-17 10:47:28-INFO-[tdms_reader_time.py:158]-元数据保存: D:/Lab/process/2025.6.20/time\back\20250620194615.280443_metadata.json
2025-10-17 10:47:28-INFO-[tdms_reader_time.py:136]-  已写入 200000/200000 行数据
2025-10-17 10:47:28-INFO-[tdms_reader_time.py:44]-开始处理文件: D:/Lab/raw/2025.6.20\back\20250620194722.345550.tdms
2025-10-17 10:47:28-INFO-[tdms_reader_time.py:157]-已转换: 20250620204026.769314.tdms -> D:/Lab/process/2025.6.20/time\50hz\20250620204026.769314.csv
2025-10-17 10:47:28-INFO-[tdms_reader_time.py:158]-元数据保存: D:/Lab/process/2025.6.20/time\50hz\20250620204026.769314_metadata.json
2025-10-17 10:47:28-INFO-[tdms_reader_time.py:71]-处理文件: 20250620194719.443004.tdms, 数据长度: 200000, 通道数: 16
2025-10-17 10:47:28-INFO-[tdms_reader_time.py:136]-  已写入 200000/200000 行数据
2025-10-17 10:47:28-INFO-[tdms_reader_time.py:79]-使用实际采样间隔: 5e-06 秒
2025-10-17 10:47:28-INFO-[tdms_reader_time.py:92]-使用通道起始时间: 2025-06-20 11:47:18.076321
2025-10-17 10:47:28-INFO-[tdms_reader_time.py:71]-处理文件: 20250620194722.345550.tdms, 数据长度: 200000, 通道数: 16
2025-10-17 10:47:28-INFO-[tdms_reader_time.py:79]-使用实际采样间隔: 5e-06 秒
2025-10-17 10:47:28-INFO-[tdms_reader_time.py:44]-开始处理文件: D:/Lab/raw/2025.6.20\back\20250620194725.240403.tdms
2025-10-17 10:47:28-INFO-[tdms_reader_time.py:92]-使用通道起始时间: 2025-06-20 11:47:20.977076
2025-10-17 10:47:28-INFO-[tdms_reader_time.py:157]-已转换: 20250620194618.181950.tdms -> D:/Lab/process/2025.6.20/time\back\20250620194618.181950.csv
2025-10-17 10:47:28-INFO-[tdms_reader_time.py:158]-元数据保存: D:/Lab/process/2025.6.20/time\back\20250620194618.181950_metadata.json
2025-10-17 10:47:28-INFO-[tdms_reader_time.py:44]-开始处理文件: D:/Lab/raw/2025.6.20\back\20250620194728.134972.tdms
2025-10-17 10:47:28-INFO-[tdms_reader_time.py:71]-处理文件: 20250620194725.240403.tdms, 数据长度: 200000, 通道数: 16
2025-10-17 10:47:28-INFO-[tdms_reader_time.py:79]-使用实际采样间隔: 5e-06 秒
2025-10-17 10:47:28-INFO-[tdms_reader_time.py:92]-使用通道起始时间: 2025-06-20 11:47:23.874696
2025-10-17 10:47:28-INFO-[tdms_reader_time.py:136]-  已写入 200000/200000 行数据
2025-10-17 10:47:28-INFO-[tdms_reader_time.py:157]-已转换: 20250620204044.399715.tdms -> D:/Lab/process/2025.6.20/time\50hz\20250620204044.399715.csv
2025-10-17 10:47:28-INFO-[tdms_reader_time.py:71]-处理文件: 20250620194728.134972.tdms, 数据长度: 200000, 通道数: 16
2025-10-17 10:47:28-INFO-[tdms_reader_time.py:158]-元数据保存: D:/Lab/process/2025.6.20/time\50hz\20250620204044.399715_metadata.json
2025-10-17 10:47:28-INFO-[tdms_reader_time.py:79]-使用实际采样间隔: 5e-06 秒
2025-10-17 10:47:28-INFO-[tdms_reader_time.py:92]-使用通道起始时间: 2025-06-20 11:47:26.764507
2025-10-17 10:47:28-INFO-[tdms_reader_time.py:136]-  已写入 200000/200000 行数据
2025-10-17 10:47:28-INFO-[tdms_reader_time.py:157]-已转换: 20250620204047.316458.tdms -> D:/Lab/process/2025.6.20/time\50hz\20250620204047.316458.csv
2025-10-17 10:47:28-INFO-[tdms_reader_time.py:158]-元数据保存: D:/Lab/process/2025.6.20/time\50hz\20250620204047.316458_metadata.json
2025-10-17 10:47:28-INFO-[tdms_reader_time.py:44]-开始处理文件: D:/Lab/raw/2025.6.20\back\20250620194731.069696.tdms
2025-10-17 10:47:28-INFO-[tdms_reader_time.py:44]-开始处理文件: D:/Lab/raw/2025.6.20\back\20250620194734.001919.tdms
2025-10-17 10:47:28-INFO-[tdms_reader_time.py:136]-  已写入 200000/200000 行数据
2025-10-17 10:47:28-INFO-[tdms_reader_time.py:157]-已转换: 20250620194612.368512.tdms -> D:/Lab/process/2025.6.20/time\back\20250620194612.368512.csv
2025-10-17 10:47:28-INFO-[tdms_reader_time.py:71]-处理文件: 20250620194731.069696.tdms, 数据长度: 200000, 通道数: 16
2025-10-17 10:47:28-INFO-[tdms_reader_time.py:158]-元数据保存: D:/Lab/process/2025.6.20/time\back\20250620194612.368512_metadata.json
2025-10-17 10:47:28-INFO-[tdms_reader_time.py:79]-使用实际采样间隔: 5e-06 秒
2025-10-17 10:47:28-INFO-[tdms_reader_time.py:71]-处理文件: 20250620194734.001919.tdms, 数据长度: 200000, 通道数: 16
2025-10-17 10:47:28-INFO-[tdms_reader_time.py:92]-使用通道起始时间: 2025-06-20 11:47:29.688513
2025-10-17 10:47:28-INFO-[tdms_reader_time.py:79]-使用实际采样间隔: 5e-06 秒
2025-10-17 10:47:28-INFO-[tdms_reader_time.py:44]-开始处理文件: D:/Lab/raw/2025.6.20\backwatering\20250620193734.678390.tdms
2025-10-17 10:47:28-INFO-[tdms_reader_time.py:92]-使用通道起始时间: 2025-06-20 11:47:32.615933
2025-10-17 10:47:28-INFO-[tdms_reader_time.py:136]-  已写入 200000/200000 行数据
2025-10-17 10:47:28-INFO-[tdms_reader_time.py:136]-  已写入 200000/200000 行数据
2025-10-17 10:47:28-INFO-[tdms_reader_time.py:157]-已转换: 20250620204041.503131.tdms -> D:/Lab/process/2025.6.20/time\50hz\20250620204041.503131.csv
2025-10-17 10:47:28-INFO-[tdms_reader_time.py:157]-已转换: 20250620194621.140929.tdms -> D:/Lab/process/2025.6.20/time\back\20250620194621.140929.csv
2025-10-17 10:47:28-INFO-[tdms_reader_time.py:71]-处理文件: 20250620193734.678390.tdms, 数据长度: 200000, 通道数: 16
2025-10-17 10:47:28-INFO-[tdms_reader_time.py:158]-元数据保存: D:/Lab/process/2025.6.20/time\50hz\20250620204041.503131_metadata.json
2025-10-17 10:47:28-INFO-[tdms_reader_time.py:79]-使用实际采样间隔: 5e-06 秒
2025-10-17 10:47:28-INFO-[tdms_reader_time.py:136]-  已写入 200000/200000 行数据
2025-10-17 10:47:28-INFO-[tdms_reader_time.py:44]-开始处理文件: D:/Lab/raw/2025.6.20\backwatering\20250620193737.643558.tdms
2025-10-17 10:47:28-INFO-[tdms_reader_time.py:92]-使用通道起始时间: 2025-06-20 11:37:33.310871
2025-10-17 10:47:28-INFO-[tdms_reader_time.py:44]-开始处理文件: D:/Lab/raw/2025.6.20\backwatering\20250620193740.545447.tdms
2025-10-17 10:47:28-INFO-[tdms_reader_time.py:157]-已转换: 20250620194626.920608.tdms -> D:/Lab/process/2025.6.20/time\back\20250620194626.920608.csv
2025-10-17 10:47:28-INFO-[tdms_reader_time.py:158]-元数据保存: D:/Lab/process/2025.6.20/time\back\20250620194626.920608_metadata.json
2025-10-17 10:47:28-INFO-[tdms_reader_time.py:44]-开始处理文件: D:/Lab/raw/2025.6.20\backwatering\20250620193743.417335.tdms
2025-10-17 10:47:28-INFO-[tdms_reader_time.py:71]-处理文件: 20250620193737.643558.tdms, 数据长度: 200000, 通道数: 16
2025-10-17 10:47:28-INFO-[tdms_reader_time.py:79]-使用实际采样间隔: 5e-06 秒
2025-10-17 10:47:28-INFO-[tdms_reader_time.py:136]-  已写入 200000/200000 行数据
2025-10-17 10:47:28-INFO-[tdms_reader_time.py:92]-使用通道起始时间: 2025-06-20 11:37:36.282100
2025-10-17 10:47:28-INFO-[tdms_reader_time.py:71]-处理文件: 20250620193740.545447.tdms, 数据长度: 200000, 通道数: 16
2025-10-17 10:47:28-INFO-[tdms_reader_time.py:157]-已转换: 20250620194624.055741.tdms -> D:/Lab/process/2025.6.20/time\back\20250620194624.055741.csv
2025-10-17 10:47:28-INFO-[tdms_reader_time.py:79]-使用实际采样间隔: 5e-06 秒
2025-10-17 10:47:28-INFO-[tdms_reader_time.py:92]-使用通道起始时间: 2025-06-20 11:37:39.197313
2025-10-17 10:47:28-INFO-[tdms_reader_time.py:71]-处理文件: 20250620193743.417335.tdms, 数据长度: 200000, 通道数: 16
2025-10-17 10:47:28-INFO-[tdms_reader_time.py:158]-元数据保存: D:/Lab/process/2025.6.20/time\back\20250620194624.055741_metadata.json
2025-10-17 10:47:28-INFO-[tdms_reader_time.py:79]-使用实际采样间隔: 5e-06 秒
2025-10-17 10:47:28-INFO-[tdms_reader_time.py:44]-开始处理文件: D:/Lab/raw/2025.6.20\backwatering\20250620193746.344677.tdms
2025-10-17 10:47:28-INFO-[tdms_reader_time.py:92]-使用通道起始时间: 2025-06-20 11:37:42.073734
2025-10-17 10:47:28-INFO-[tdms_reader_time.py:71]-处理文件: 20250620193746.344677.tdms, 数据长度: 200000, 通道数: 16
2025-10-17 10:47:28-INFO-[tdms_reader_time.py:79]-使用实际采样间隔: 5e-06 秒
2025-10-17 10:47:28-INFO-[tdms_reader_time.py:136]-  已写入 200000/200000 行数据
2025-10-17 10:47:28-INFO-[tdms_reader_time.py:92]-使用通道起始时间: 2025-06-20 11:37:45.000532
2025-10-17 10:47:28-INFO-[tdms_reader_time.py:157]-已转换: 20250620194629.813220.tdms -> D:/Lab/process/2025.6.20/time\back\20250620194629.813220.csv
2025-10-17 10:47:28-INFO-[tdms_reader_time.py:158]-元数据保存: D:/Lab/process/2025.6.20/time\back\20250620194629.813220_metadata.json
2025-10-17 10:47:28-INFO-[tdms_reader_time.py:44]-开始处理文件: D:/Lab/raw/2025.6.20\backwatering\20250620193749.270337.tdms
2025-10-17 10:47:28-INFO-[tdms_reader_time.py:136]-  已写入 200000/200000 行数据
2025-10-17 10:47:28-INFO-[tdms_reader_time.py:157]-已转换: 20250620194635.587857.tdms -> D:/Lab/process/2025.6.20/time\back\20250620194635.587857.csv
2025-10-17 10:47:28-INFO-[tdms_reader_time.py:158]-元数据保存: D:/Lab/process/2025.6.20/time\back\20250620194635.587857_metadata.json
2025-10-17 10:47:28-INFO-[tdms_reader_time.py:44]-开始处理文件: D:/Lab/raw/2025.6.20\backwatering\20250620193752.182714.tdms
2025-10-17 10:47:28-INFO-[tdms_reader_time.py:136]-  已写入 200000/200000 行数据
2025-10-17 10:47:28-INFO-[tdms_reader_time.py:157]-已转换: 20250620194632.691684.tdms -> D:/Lab/process/2025.6.20/time\back\20250620194632.691684.csv
2025-10-17 10:47:28-INFO-[tdms_reader_time.py:158]-元数据保存: D:/Lab/process/2025.6.20/time\back\20250620194632.691684_metadata.json
2025-10-17 10:47:28-INFO-[tdms_reader_time.py:71]-处理文件: 20250620193749.270337.tdms, 数据长度: 200000, 通道数: 16
2025-10-17 10:47:28-INFO-[tdms_reader_time.py:79]-使用实际采样间隔: 5e-06 秒
2025-10-17 10:47:28-INFO-[tdms_reader_time.py:92]-使用通道起始时间: 2025-06-20 11:37:47.911100
2025-10-17 10:47:28-INFO-[tdms_reader_time.py:71]-处理文件: 20250620193752.182714.tdms, 数据长度: 200000, 通道数: 16
2025-10-17 10:47:28-INFO-[tdms_reader_time.py:79]-使用实际采样间隔: 5e-06 秒
2025-10-17 10:47:28-INFO-[tdms_reader_time.py:44]-开始处理文件: D:/Lab/raw/2025.6.20\backwatering\20250620193755.071010.tdms
2025-10-17 10:47:28-INFO-[tdms_reader_time.py:92]-使用通道起始时间: 2025-06-20 11:37:50.841629
2025-10-17 10:47:28-INFO-[tdms_reader_time.py:71]-处理文件: 20250620193755.071010.tdms, 数据长度: 200000, 通道数: 16
2025-10-17 10:47:28-INFO-[tdms_reader_time.py:79]-使用实际采样间隔: 5e-06 秒
2025-10-17 10:47:28-INFO-[tdms_reader_time.py:92]-使用通道起始时间: 2025-06-20 11:37:53.721585
2025-10-17 10:47:30-INFO-[tdms_reader_time.py:136]-  已写入 100000/200000 行数据
2025-10-17 10:47:30-INFO-[tdms_reader_time.py:136]-  已写入 100000/200000 行数据
2025-10-17 10:47:30-INFO-[tdms_reader_time.py:136]-  已写入 100000/200000 行数据
2025-10-17 10:47:31-INFO-[tdms_reader_time.py:136]-  已写入 100000/200000 行数据
2025-10-17 10:47:31-INFO-[tdms_reader_time.py:136]-  已写入 100000/200000 行数据
2025-10-17 10:47:31-INFO-[tdms_reader_time.py:136]-  已写入 100000/200000 行数据
2025-10-17 10:47:31-INFO-[tdms_reader_time.py:136]-  已写入 100000/200000 行数据
2025-10-17 10:47:31-INFO-[tdms_reader_time.py:136]-  已写入 100000/200000 行数据
2025-10-17 10:47:31-INFO-[tdms_reader_time.py:136]-  已写入 100000/200000 行数据
2025-10-17 10:47:31-INFO-[tdms_reader_time.py:136]-  已写入 100000/200000 行数据
2025-10-17 10:47:31-INFO-[tdms_reader_time.py:136]-  已写入 100000/200000 行数据
2025-10-17 10:47:31-INFO-[tdms_reader_time.py:136]-  已写入 100000/200000 行数据
2025-10-17 10:47:31-INFO-[tdms_reader_time.py:136]-  已写入 100000/200000 行数据
2025-10-17 10:47:31-INFO-[tdms_reader_time.py:136]-  已写入 100000/200000 行数据
2025-10-17 10:47:31-INFO-[tdms_reader_time.py:136]-  已写入 100000/200000 行数据
2025-10-17 10:47:31-INFO-[tdms_reader_time.py:136]-  已写入 100000/200000 行数据
2025-10-17 10:47:31-INFO-[tdms_reader_time.py:136]-  已写入 100000/200000 行数据
2025-10-17 10:47:31-INFO-[tdms_reader_time.py:136]-  已写入 100000/200000 行数据
2025-10-17 10:47:31-INFO-[tdms_reader_time.py:136]-  已写入 100000/200000 行数据
2025-10-17 10:47:31-INFO-[tdms_reader_time.py:136]-  已写入 100000/200000 行数据
2025-10-17 10:47:31-INFO-[tdms_reader_time.py:136]-  已写入 100000/200000 行数据
2025-10-17 10:47:31-INFO-[tdms_reader_time.py:136]-  已写入 100000/200000 行数据
2025-10-17 10:47:31-INFO-[tdms_reader_time.py:136]-  已写入 100000/200000 行数据
2025-10-17 10:47:31-INFO-[tdms_reader_time.py:136]-  已写入 100000/200000 行数据
2025-10-17 10:47:31-INFO-[tdms_reader_time.py:136]-  已写入 100000/200000 行数据
2025-10-17 10:47:32-INFO-[tdms_reader_time.py:136]-  已写入 100000/200000 行数据
2025-10-17 10:47:32-INFO-[tdms_reader_time.py:136]-  已写入 100000/200000 行数据
2025-10-17 10:47:32-INFO-[tdms_reader_time.py:136]-  已写入 100000/200000 行数据
2025-10-17 10:47:33-INFO-[tdms_reader_time.py:136]-  已写入 200000/200000 行数据
2025-10-17 10:47:33-INFO-[tdms_reader_time.py:157]-已转换: 20250620194638.548843.tdms -> D:/Lab/process/2025.6.20/time\back\20250620194638.548843.csv
2025-10-17 10:47:33-INFO-[tdms_reader_time.py:158]-元数据保存: D:/Lab/process/2025.6.20/time\back\20250620194638.548843_metadata.json
2025-10-17 10:47:33-INFO-[tdms_reader_time.py:44]-开始处理文件: D:/Lab/raw/2025.6.20\backwatering\20250620193757.946475.tdms
2025-10-17 10:47:33-INFO-[tdms_reader_time.py:71]-处理文件: 20250620193757.946475.tdms, 数据长度: 200000, 通道数: 16
2025-10-17 10:47:33-INFO-[tdms_reader_time.py:79]-使用实际采样间隔: 5e-06 秒
2025-10-17 10:47:33-INFO-[tdms_reader_time.py:92]-使用通道起始时间: 2025-06-20 11:37:56.606508
2025-10-17 10:47:33-INFO-[tdms_reader_time.py:136]-  已写入 200000/200000 行数据
2025-10-17 10:47:33-INFO-[tdms_reader_time.py:157]-已转换: 20250620194641.451865.tdms -> D:/Lab/process/2025.6.20/time\back\20250620194641.451865.csv
2025-10-17 10:47:34-INFO-[tdms_reader_time.py:158]-元数据保存: D:/Lab/process/2025.6.20/time\back\20250620194641.451865_metadata.json
2025-10-17 10:47:34-INFO-[tdms_reader_time.py:44]-开始处理文件: D:/Lab/raw/2025.6.20\backwatering\20250620193800.664447.tdms
2025-10-17 10:47:34-INFO-[tdms_reader_time.py:71]-处理文件: 20250620193800.664447.tdms, 数据长度: 200000, 通道数: 16
2025-10-17 10:47:34-INFO-[tdms_reader_time.py:79]-使用实际采样间隔: 5e-06 秒
2025-10-17 10:47:34-INFO-[tdms_reader_time.py:92]-使用通道起始时间: 2025-06-20 11:37:59.511104
2025-10-17 10:47:34-INFO-[tdms_reader_time.py:136]-  已写入 200000/200000 行数据
2025-10-17 10:47:34-INFO-[tdms_reader_time.py:157]-已转换: 20250620194644.379134.tdms -> D:/Lab/process/2025.6.20/time\back\20250620194644.379134.csv
2025-10-17 10:47:34-INFO-[tdms_reader_time.py:158]-元数据保存: D:/Lab/process/2025.6.20/time\back\20250620194644.379134_metadata.json
2025-10-17 10:47:34-INFO-[tdms_reader_time.py:44]-开始处理文件: D:/Lab/raw/2025.6.20\backwatering\20250620193803.575523.tdms
2025-10-17 10:47:34-INFO-[tdms_reader_time.py:71]-处理文件: 20250620193803.575523.tdms, 数据长度: 200000, 通道数: 16
2025-10-17 10:47:34-INFO-[tdms_reader_time.py:79]-使用实际采样间隔: 5e-06 秒
2025-10-17 10:47:34-INFO-[tdms_reader_time.py:92]-使用通道起始时间: 2025-06-20 11:38:02.230885
2025-10-17 10:47:34-INFO-[tdms_reader_time.py:136]-  已写入 200000/200000 行数据
2025-10-17 10:47:34-INFO-[tdms_reader_time.py:157]-已转换: 20250620194647.302328.tdms -> D:/Lab/process/2025.6.20/time\back\20250620194647.302328.csv
2025-10-17 10:47:34-INFO-[tdms_reader_time.py:158]-元数据保存: D:/Lab/process/2025.6.20/time\back\20250620194647.302328_metadata.json
2025-10-17 10:47:34-INFO-[tdms_reader_time.py:44]-开始处理文件: D:/Lab/raw/2025.6.20\backwatering\20250620193806.499762.tdms
2025-10-17 10:47:34-INFO-[tdms_reader_time.py:71]-处理文件: 20250620193806.499762.tdms, 数据长度: 200000, 通道数: 16
2025-10-17 10:47:34-INFO-[tdms_reader_time.py:136]-  已写入 200000/200000 行数据
2025-10-17 10:47:34-INFO-[tdms_reader_time.py:79]-使用实际采样间隔: 5e-06 秒
2025-10-17 10:47:34-INFO-[tdms_reader_time.py:157]-已转换: 20250620194650.211108.tdms -> D:/Lab/process/2025.6.20/time\back\20250620194650.211108.csv
2025-10-17 10:47:34-INFO-[tdms_reader_time.py:158]-元数据保存: D:/Lab/process/2025.6.20/time\back\20250620194650.211108_metadata.json
2025-10-17 10:47:34-INFO-[tdms_reader_time.py:92]-使用通道起始时间: 2025-06-20 11:38:05.144131
2025-10-17 10:47:34-INFO-[tdms_reader_time.py:44]-开始处理文件: D:/Lab/raw/2025.6.20\backwatering\20250620193809.385131.tdms
2025-10-17 10:47:34-INFO-[tdms_reader_time.py:71]-处理文件: 20250620193809.385131.tdms, 数据长度: 200000, 通道数: 16
2025-10-17 10:47:34-INFO-[tdms_reader_time.py:79]-使用实际采样间隔: 5e-06 秒
2025-10-17 10:47:34-INFO-[tdms_reader_time.py:92]-使用通道起始时间: 2025-06-20 11:38:08.041198
2025-10-17 10:47:34-INFO-[tdms_reader_time.py:136]-  已写入 200000/200000 行数据
2025-10-17 10:47:34-INFO-[tdms_reader_time.py:157]-已转换: 20250620194725.240403.tdms -> D:/Lab/process/2025.6.20/time\back\20250620194725.240403.csv
2025-10-17 10:47:34-INFO-[tdms_reader_time.py:158]-元数据保存: D:/Lab/process/2025.6.20/time\back\20250620194725.240403_metadata.json
2025-10-17 10:47:34-INFO-[tdms_reader_time.py:44]-开始处理文件: D:/Lab/raw/2025.6.20\backwatering\20250620193812.362895.tdms
2025-10-17 10:47:34-INFO-[tdms_reader_time.py:71]-处理文件: 20250620193812.362895.tdms, 数据长度: 200000, 通道数: 16
2025-10-17 10:47:34-INFO-[tdms_reader_time.py:79]-使用实际采样间隔: 5e-06 秒
2025-10-17 10:47:34-INFO-[tdms_reader_time.py:92]-使用通道起始时间: 2025-06-20 11:38:10.988239
2025-10-17 10:47:34-INFO-[tdms_reader_time.py:136]-  已写入 200000/200000 行数据
2025-10-17 10:47:34-INFO-[tdms_reader_time.py:157]-已转换: 20250620194659.052610.tdms -> D:/Lab/process/2025.6.20/time\back\20250620194659.052610.csv
2025-10-17 10:47:34-INFO-[tdms_reader_time.py:158]-元数据保存: D:/Lab/process/2025.6.20/time\back\20250620194659.052610_metadata.json
2025-10-17 10:47:34-INFO-[tdms_reader_time.py:44]-开始处理文件: D:/Lab/raw/2025.6.20\backwatering\20250620193815.303531.tdms
2025-10-17 10:47:34-INFO-[tdms_reader_time.py:136]-  已写入 200000/200000 行数据
2025-10-17 10:47:34-INFO-[tdms_reader_time.py:71]-处理文件: 20250620193815.303531.tdms, 数据长度: 200000, 通道数: 16
2025-10-17 10:47:34-INFO-[tdms_reader_time.py:157]-已转换: 20250620194716.530521.tdms -> D:/Lab/process/2025.6.20/time\back\20250620194716.530521.csv
2025-10-17 10:47:34-INFO-[tdms_reader_time.py:79]-使用实际采样间隔: 5e-06 秒
2025-10-17 10:47:34-INFO-[tdms_reader_time.py:92]-使用通道起始时间: 2025-06-20 11:38:13.957041
2025-10-17 10:47:34-INFO-[tdms_reader_time.py:136]-  已写入 200000/200000 行数据
2025-10-17 10:47:34-INFO-[tdms_reader_time.py:158]-元数据保存: D:/Lab/process/2025.6.20/time\back\20250620194716.530521_metadata.json
2025-10-17 10:47:34-INFO-[tdms_reader_time.py:157]-已转换: 20250620194656.041305.tdms -> D:/Lab/process/2025.6.20/time\back\20250620194656.041305.csv
2025-10-17 10:47:34-INFO-[tdms_reader_time.py:158]-元数据保存: D:/Lab/process/2025.6.20/time\back\20250620194656.041305_metadata.json
2025-10-17 10:47:34-INFO-[tdms_reader_time.py:136]-  已写入 200000/200000 行数据
2025-10-17 10:47:34-INFO-[tdms_reader_time.py:157]-已转换: 20250620194653.136268.tdms -> D:/Lab/process/2025.6.20/time\back\20250620194653.136268.csv
2025-10-17 10:47:34-INFO-[tdms_reader_time.py:158]-元数据保存: D:/Lab/process/2025.6.20/time\back\20250620194653.136268_metadata.json
2025-10-17 10:47:34-INFO-[tdms_reader_time.py:44]-开始处理文件: D:/Lab/raw/2025.6.20\backwatering\20250620193818.229423.tdms
2025-10-17 10:47:34-INFO-[tdms_reader_time.py:44]-开始处理文件: D:/Lab/raw/2025.6.20\backwatering\20250620193821.140393.tdms
2025-10-17 10:47:34-INFO-[tdms_reader_time.py:136]-  已写入 200000/200000 行数据
2025-10-17 10:47:34-INFO-[tdms_reader_time.py:136]-  已写入 200000/200000 行数据
2025-10-17 10:47:34-INFO-[tdms_reader_time.py:44]-开始处理文件: D:/Lab/raw/2025.6.20\backwatering\20250620193824.039435.tdms
2025-10-17 10:47:34-INFO-[tdms_reader_time.py:157]-已转换: 20250620194702.006214.tdms -> D:/Lab/process/2025.6.20/time\back\20250620194702.006214.csv
2025-10-17 10:47:34-INFO-[tdms_reader_time.py:157]-已转换: 20250620194704.911499.tdms -> D:/Lab/process/2025.6.20/time\back\20250620194704.911499.csv
2025-10-17 10:47:34-INFO-[tdms_reader_time.py:158]-元数据保存: D:/Lab/process/2025.6.20/time\back\20250620194704.911499_metadata.json
2025-10-17 10:47:34-INFO-[tdms_reader_time.py:136]-  已写入 200000/200000 行数据
2025-10-17 10:47:34-INFO-[tdms_reader_time.py:157]-已转换: 20250620194707.790523.tdms -> D:/Lab/process/2025.6.20/time\back\20250620194707.790523.csv
2025-10-17 10:47:34-INFO-[tdms_reader_time.py:158]-元数据保存: D:/Lab/process/2025.6.20/time\back\20250620194707.790523_metadata.json
2025-10-17 10:47:34-INFO-[tdms_reader_time.py:71]-处理文件: 20250620193818.229423.tdms, 数据长度: 200000, 通道数: 16
2025-10-17 10:47:34-INFO-[tdms_reader_time.py:71]-处理文件: 20250620193821.140393.tdms, 数据长度: 200000, 通道数: 16
2025-10-17 10:47:34-INFO-[tdms_reader_time.py:79]-使用实际采样间隔: 5e-06 秒
2025-10-17 10:47:34-INFO-[tdms_reader_time.py:136]-  已写入 200000/200000 行数据
2025-10-17 10:47:34-INFO-[tdms_reader_time.py:158]-元数据保存: D:/Lab/process/2025.6.20/time\back\20250620194702.006214_metadata.json
2025-10-17 10:47:34-INFO-[tdms_reader_time.py:157]-已转换: 20250620194722.345550.tdms -> D:/Lab/process/2025.6.20/time\back\20250620194722.345550.csv
2025-10-17 10:47:34-INFO-[tdms_reader_time.py:44]-开始处理文件: D:/Lab/raw/2025.6.20\backwatering\20250620193827.003131.tdms
2025-10-17 10:47:34-INFO-[tdms_reader_time.py:158]-元数据保存: D:/Lab/process/2025.6.20/time\back\20250620194722.345550_metadata.json
2025-10-17 10:47:34-INFO-[tdms_reader_time.py:79]-使用实际采样间隔: 5e-06 秒
2025-10-17 10:47:34-INFO-[tdms_reader_time.py:92]-使用通道起始时间: 2025-06-20 11:38:16.880841
2025-10-17 10:47:34-INFO-[tdms_reader_time.py:92]-使用通道起始时间: 2025-06-20 11:38:19.785103
2025-10-17 10:47:34-INFO-[tdms_reader_time.py:44]-开始处理文件: D:/Lab/raw/2025.6.20\backwatering\20250620193829.938352.tdms
2025-10-17 10:47:34-INFO-[tdms_reader_time.py:71]-处理文件: 20250620193824.039435.tdms, 数据长度: 200000, 通道数: 16
2025-10-17 10:47:34-INFO-[tdms_reader_time.py:44]-开始处理文件: D:/Lab/raw/2025.6.20\backwatering\20250620193832.870292.tdms
2025-10-17 10:47:34-INFO-[tdms_reader_time.py:79]-使用实际采样间隔: 5e-06 秒
2025-10-17 10:47:34-INFO-[tdms_reader_time.py:44]-开始处理文件: D:/Lab/raw/2025.6.20\backwatering\20250620193835.769193.tdms
2025-10-17 10:47:34-INFO-[tdms_reader_time.py:92]-使用通道起始时间: 2025-06-20 11:38:22.699460
2025-10-17 10:47:34-INFO-[tdms_reader_time.py:136]-  已写入 200000/200000 行数据
2025-10-17 10:47:34-INFO-[tdms_reader_time.py:71]-处理文件: 20250620193827.003131.tdms, 数据长度: 200000, 通道数: 16
2025-10-17 10:47:34-INFO-[tdms_reader_time.py:157]-已转换: 20250620194713.610034.tdms -> D:/Lab/process/2025.6.20/time\back\20250620194713.610034.csv
2025-10-17 10:47:34-INFO-[tdms_reader_time.py:79]-使用实际采样间隔: 5e-06 秒
2025-10-17 10:47:34-INFO-[tdms_reader_time.py:158]-元数据保存: D:/Lab/process/2025.6.20/time\back\20250620194713.610034_metadata.json
2025-10-17 10:47:34-INFO-[tdms_reader_time.py:92]-使用通道起始时间: 2025-06-20 11:38:25.634736
2025-10-17 10:47:34-INFO-[tdms_reader_time.py:71]-处理文件: 20250620193829.938352.tdms, 数据长度: 200000, 通道数: 16
2025-10-17 10:47:34-INFO-[tdms_reader_time.py:79]-使用实际采样间隔: 5e-06 秒
2025-10-17 10:47:34-INFO-[tdms_reader_time.py:71]-处理文件: 20250620193832.870292.tdms, 数据长度: 200000, 通道数: 16
2025-10-17 10:47:34-INFO-[tdms_reader_time.py:92]-使用通道起始时间: 2025-06-20 11:38:28.593468
2025-10-17 10:47:34-INFO-[tdms_reader_time.py:79]-使用实际采样间隔: 5e-06 秒
2025-10-17 10:47:34-INFO-[tdms_reader_time.py:92]-使用通道起始时间: 2025-06-20 11:38:31.515718
2025-10-17 10:47:34-INFO-[tdms_reader_time.py:44]-开始处理文件: D:/Lab/raw/2025.6.20\backwatering\20250620193838.664452.tdms
2025-10-17 10:47:34-INFO-[tdms_reader_time.py:71]-处理文件: 20250620193835.769193.tdms, 数据长度: 200000, 通道数: 16
2025-10-17 10:47:34-INFO-[tdms_reader_time.py:79]-使用实际采样间隔: 5e-06 秒
2025-10-17 10:47:34-INFO-[tdms_reader_time.py:92]-使用通道起始时间: 2025-06-20 11:38:34.425046
2025-10-17 10:47:34-INFO-[tdms_reader_time.py:71]-处理文件: 20250620193838.664452.tdms, 数据长度: 200000, 通道数: 16
2025-10-17 10:47:34-INFO-[tdms_reader_time.py:79]-使用实际采样间隔: 5e-06 秒
2025-10-17 10:47:34-INFO-[tdms_reader_time.py:92]-使用通道起始时间: 2025-06-20 11:38:37.321938
2025-10-17 10:47:34-INFO-[tdms_reader_time.py:136]-  已写入 200000/200000 行数据
2025-10-17 10:47:34-INFO-[tdms_reader_time.py:157]-已转换: 20250620194710.704633.tdms -> D:/Lab/process/2025.6.20/time\back\20250620194710.704633.csv
2025-10-17 10:47:34-INFO-[tdms_reader_time.py:158]-元数据保存: D:/Lab/process/2025.6.20/time\back\20250620194710.704633_metadata.json
2025-10-17 10:47:34-INFO-[tdms_reader_time.py:44]-开始处理文件: D:/Lab/raw/2025.6.20\backwatering\20250620193841.584246.tdms
2025-10-17 10:47:34-INFO-[tdms_reader_time.py:71]-处理文件: 20250620193841.584246.tdms, 数据长度: 200000, 通道数: 16
2025-10-17 10:47:34-INFO-[tdms_reader_time.py:79]-使用实际采样间隔: 5e-06 秒
2025-10-17 10:47:34-INFO-[tdms_reader_time.py:92]-使用通道起始时间: 2025-06-20 11:38:40.241678
2025-10-17 10:47:35-INFO-[tdms_reader_time.py:136]-  已写入 200000/200000 行数据
2025-10-17 10:47:35-INFO-[tdms_reader_time.py:157]-已转换: 20250620193734.678390.tdms -> D:/Lab/process/2025.6.20/time\backwatering\20250620193734.678390.csv
2025-10-17 10:47:35-INFO-[tdms_reader_time.py:158]-元数据保存: D:/Lab/process/2025.6.20/time\backwatering\20250620193734.678390_metadata.json
2025-10-17 10:47:35-INFO-[tdms_reader_time.py:44]-开始处理文件: D:/Lab/raw/2025.6.20\backwatering\20250620193844.533171.tdms
2025-10-17 10:47:35-INFO-[tdms_reader_time.py:136]-  已写入 200000/200000 行数据
2025-10-17 10:47:35-INFO-[tdms_reader_time.py:157]-已转换: 20250620194734.001919.tdms -> D:/Lab/process/2025.6.20/time\back\20250620194734.001919.csv
2025-10-17 10:47:35-INFO-[tdms_reader_time.py:158]-元数据保存: D:/Lab/process/2025.6.20/time\back\20250620194734.001919_metadata.json
2025-10-17 10:47:35-INFO-[tdms_reader_time.py:44]-开始处理文件: D:/Lab/raw/2025.6.20\backwatering\20250620193847.466852.tdms
2025-10-17 10:47:35-INFO-[tdms_reader_time.py:71]-处理文件: 20250620193844.533171.tdms, 数据长度: 200000, 通道数: 16
2025-10-17 10:47:35-INFO-[tdms_reader_time.py:79]-使用实际采样间隔: 5e-06 秒
2025-10-17 10:47:35-INFO-[tdms_reader_time.py:136]-  已写入 200000/200000 行数据
2025-10-17 10:47:35-INFO-[tdms_reader_time.py:92]-使用通道起始时间: 2025-06-20 11:38:43.186289
2025-10-17 10:47:35-INFO-[tdms_reader_time.py:136]-  已写入 200000/200000 行数据
2025-10-17 10:47:35-INFO-[tdms_reader_time.py:157]-已转换: 20250620194728.134972.tdms -> D:/Lab/process/2025.6.20/time\back\20250620194728.134972.csv
2025-10-17 10:47:35-INFO-[tdms_reader_time.py:157]-已转换: 20250620194731.069696.tdms -> D:/Lab/process/2025.6.20/time\back\20250620194731.069696.csv
2025-10-17 10:47:35-INFO-[tdms_reader_time.py:158]-元数据保存: D:/Lab/process/2025.6.20/time\back\20250620194728.134972_metadata.json
2025-10-17 10:47:35-INFO-[tdms_reader_time.py:136]-  已写入 200000/200000 行数据
2025-10-17 10:47:35-INFO-[tdms_reader_time.py:158]-元数据保存: D:/Lab/process/2025.6.20/time\back\20250620194731.069696_metadata.json
2025-10-17 10:47:35-INFO-[tdms_reader_time.py:157]-已转换: 20250620194719.443004.tdms -> D:/Lab/process/2025.6.20/time\back\20250620194719.443004.csv
2025-10-17 10:47:35-INFO-[tdms_reader_time.py:158]-元数据保存: D:/Lab/process/2025.6.20/time\back\20250620194719.443004_metadata.json
2025-10-17 10:47:35-INFO-[tdms_reader_time.py:71]-处理文件: 20250620193847.466852.tdms, 数据长度: 200000, 通道数: 16
2025-10-17 10:47:35-INFO-[tdms_reader_time.py:79]-使用实际采样间隔: 5e-06 秒
2025-10-17 10:47:35-INFO-[tdms_reader_time.py:44]-开始处理文件: D:/Lab/raw/2025.6.20\backwatering\20250620193850.400394.tdms
2025-10-17 10:47:35-INFO-[tdms_reader_time.py:44]-开始处理文件: D:/Lab/raw/2025.6.20\backwatering\20250620193853.345024.tdms
2025-10-17 10:47:35-INFO-[tdms_reader_time.py:92]-使用通道起始时间: 2025-06-20 11:38:46.122953
2025-10-17 10:47:35-INFO-[tdms_reader_time.py:44]-开始处理文件: D:/Lab/raw/2025.6.20\backwatering\20250620193856.225711.tdms
2025-10-17 10:47:35-INFO-[tdms_reader_time.py:71]-处理文件: 20250620193856.225711.tdms, 数据长度: 200000, 通道数: 16
2025-10-17 10:47:35-INFO-[tdms_reader_time.py:71]-处理文件: 20250620193853.345024.tdms, 数据长度: 200000, 通道数: 16
2025-10-17 10:47:35-INFO-[tdms_reader_time.py:79]-使用实际采样间隔: 5e-06 秒
2025-10-17 10:47:35-INFO-[tdms_reader_time.py:79]-使用实际采样间隔: 5e-06 秒
2025-10-17 10:47:35-INFO-[tdms_reader_time.py:92]-使用通道起始时间: 2025-06-20 11:38:54.882304
2025-10-17 10:47:35-INFO-[tdms_reader_time.py:71]-处理文件: 20250620193850.400394.tdms, 数据长度: 200000, 通道数: 16
2025-10-17 10:47:35-INFO-[tdms_reader_time.py:92]-使用通道起始时间: 2025-06-20 11:38:51.982937
2025-10-17 10:47:35-INFO-[tdms_reader_time.py:79]-使用实际采样间隔: 5e-06 秒
2025-10-17 10:47:35-INFO-[tdms_reader_time.py:92]-使用通道起始时间: 2025-06-20 11:38:49.058031
2025-10-17 10:47:35-INFO-[tdms_reader_time.py:136]-  已写入 200000/200000 行数据
2025-10-17 10:47:35-INFO-[tdms_reader_time.py:157]-已转换: 20250620193740.545447.tdms -> D:/Lab/process/2025.6.20/time\backwatering\20250620193740.545447.csv
2025-10-17 10:47:35-INFO-[tdms_reader_time.py:158]-元数据保存: D:/Lab/process/2025.6.20/time\backwatering\20250620193740.545447_metadata.json
2025-10-17 10:47:35-INFO-[tdms_reader_time.py:136]-  已写入 200000/200000 行数据
2025-10-17 10:47:35-INFO-[tdms_reader_time.py:157]-已转换: 20250620193749.270337.tdms -> D:/Lab/process/2025.6.20/time\backwatering\20250620193749.270337.csv
2025-10-17 10:47:35-INFO-[tdms_reader_time.py:158]-元数据保存: D:/Lab/process/2025.6.20/time\backwatering\20250620193749.270337_metadata.json
2025-10-17 10:47:35-INFO-[tdms_reader_time.py:44]-开始处理文件: D:/Lab/raw/2025.6.20\backwatering\20250620193859.168055.tdms
2025-10-17 10:47:35-INFO-[tdms_reader_time.py:44]-开始处理文件: D:/Lab/raw/2025.6.20\backwatering\20250620193902.126579.tdms
2025-10-17 10:47:35-INFO-[tdms_reader_time.py:71]-处理文件: 20250620193859.168055.tdms, 数据长度: 200000, 通道数: 16
2025-10-17 10:47:35-INFO-[tdms_reader_time.py:79]-使用实际采样间隔: 5e-06 秒
2025-10-17 10:47:35-INFO-[tdms_reader_time.py:71]-处理文件: 20250620193902.126579.tdms, 数据长度: 200000, 通道数: 16
2025-10-17 10:47:35-INFO-[tdms_reader_time.py:92]-使用通道起始时间: 2025-06-20 11:38:57.805856
2025-10-17 10:47:35-INFO-[tdms_reader_time.py:136]-  已写入 200000/200000 行数据
2025-10-17 10:47:35-INFO-[tdms_reader_time.py:79]-使用实际采样间隔: 5e-06 秒
2025-10-17 10:47:35-INFO-[tdms_reader_time.py:92]-使用通道起始时间: 2025-06-20 11:39:00.778122
2025-10-17 10:47:35-INFO-[tdms_reader_time.py:157]-已转换: 20250620193737.643558.tdms -> D:/Lab/process/2025.6.20/time\backwatering\20250620193737.643558.csv
2025-10-17 10:47:35-INFO-[tdms_reader_time.py:158]-元数据保存: D:/Lab/process/2025.6.20/time\backwatering\20250620193737.643558_metadata.json
2025-10-17 10:47:35-INFO-[tdms_reader_time.py:44]-开始处理文件: D:/Lab/raw/2025.6.20\backwatering\20250620193905.056522.tdms
2025-10-17 10:47:35-INFO-[tdms_reader_time.py:71]-处理文件: 20250620193905.056522.tdms, 数据长度: 200000, 通道数: 16
2025-10-17 10:47:35-INFO-[tdms_reader_time.py:79]-使用实际采样间隔: 5e-06 秒
2025-10-17 10:47:35-INFO-[tdms_reader_time.py:136]-  已写入 200000/200000 行数据
2025-10-17 10:47:35-INFO-[tdms_reader_time.py:92]-使用通道起始时间: 2025-06-20 11:39:03.707632
2025-10-17 10:47:35-INFO-[tdms_reader_time.py:157]-已转换: 20250620193743.417335.tdms -> D:/Lab/process/2025.6.20/time\backwatering\20250620193743.417335.csv
2025-10-17 10:47:35-INFO-[tdms_reader_time.py:158]-元数据保存: D:/Lab/process/2025.6.20/time\backwatering\20250620193743.417335_metadata.json
2025-10-17 10:47:35-INFO-[tdms_reader_time.py:44]-开始处理文件: D:/Lab/raw/2025.6.20\backwatering\20250620193907.982947.tdms
2025-10-17 10:47:35-INFO-[tdms_reader_time.py:71]-处理文件: 20250620193907.982947.tdms, 数据长度: 200000, 通道数: 16
2025-10-17 10:47:35-INFO-[tdms_reader_time.py:79]-使用实际采样间隔: 5e-06 秒
2025-10-17 10:47:35-INFO-[tdms_reader_time.py:92]-使用通道起始时间: 2025-06-20 11:39:06.638081
2025-10-17 10:47:35-INFO-[tdms_reader_time.py:136]-  已写入 200000/200000 行数据
2025-10-17 10:47:35-INFO-[tdms_reader_time.py:157]-已转换: 20250620193746.344677.tdms -> D:/Lab/process/2025.6.20/time\backwatering\20250620193746.344677.csv
2025-10-17 10:47:35-INFO-[tdms_reader_time.py:158]-元数据保存: D:/Lab/process/2025.6.20/time\backwatering\20250620193746.344677_metadata.json
2025-10-17 10:47:35-INFO-[tdms_reader_time.py:44]-开始处理文件: D:/Lab/raw/2025.6.20\backwatering\20250620193910.873333.tdms
2025-10-17 10:47:35-INFO-[tdms_reader_time.py:71]-处理文件: 20250620193910.873333.tdms, 数据长度: 200000, 通道数: 16
2025-10-17 10:47:35-INFO-[tdms_reader_time.py:79]-使用实际采样间隔: 5e-06 秒
2025-10-17 10:47:35-INFO-[tdms_reader_time.py:92]-使用通道起始时间: 2025-06-20 11:39:09.526312
2025-10-17 10:47:35-INFO-[tdms_reader_time.py:136]-  已写入 200000/200000 行数据
2025-10-17 10:47:35-INFO-[tdms_reader_time.py:157]-已转换: 20250620193752.182714.tdms -> D:/Lab/process/2025.6.20/time\backwatering\20250620193752.182714.csv
2025-10-17 10:47:35-INFO-[tdms_reader_time.py:158]-元数据保存: D:/Lab/process/2025.6.20/time\backwatering\20250620193752.182714_metadata.json
2025-10-17 10:47:35-INFO-[tdms_reader_time.py:44]-开始处理文件: D:/Lab/raw/2025.6.20\backwatering\20250620193913.800929.tdms
2025-10-17 10:47:35-INFO-[tdms_reader_time.py:71]-处理文件: 20250620193913.800929.tdms, 数据长度: 200000, 通道数: 16
2025-10-17 10:47:35-INFO-[tdms_reader_time.py:79]-使用实际采样间隔: 5e-06 秒
2025-10-17 10:47:35-INFO-[tdms_reader_time.py:92]-使用通道起始时间: 2025-06-20 11:39:12.448147
2025-10-17 10:47:35-INFO-[tdms_reader_time.py:136]-  已写入 200000/200000 行数据
2025-10-17 10:47:35-INFO-[tdms_reader_time.py:157]-已转换: 20250620193755.071010.tdms -> D:/Lab/process/2025.6.20/time\backwatering\20250620193755.071010.csv
2025-10-17 10:47:35-INFO-[tdms_reader_time.py:158]-元数据保存: D:/Lab/process/2025.6.20/time\backwatering\20250620193755.071010_metadata.json
2025-10-17 10:47:35-INFO-[tdms_reader_time.py:44]-开始处理文件: D:/Lab/raw/2025.6.20\backwatering\20250620193916.714522.tdms
2025-10-17 10:47:35-INFO-[tdms_reader_time.py:71]-处理文件: 20250620193916.714522.tdms, 数据长度: 200000, 通道数: 16
2025-10-17 10:47:35-INFO-[tdms_reader_time.py:79]-使用实际采样间隔: 5e-06 秒
2025-10-17 10:47:35-INFO-[tdms_reader_time.py:92]-使用通道起始时间: 2025-06-20 11:39:15.372626
2025-10-17 10:47:37-INFO-[tdms_reader_time.py:136]-  已写入 100000/200000 行数据
2025-10-17 10:47:37-INFO-[tdms_reader_time.py:136]-  已写入 100000/200000 行数据
2025-10-17 10:47:37-INFO-[tdms_reader_time.py:136]-  已写入 100000/200000 行数据
2025-10-17 10:47:37-INFO-[tdms_reader_time.py:136]-  已写入 100000/200000 行数据
2025-10-17 10:47:37-INFO-[tdms_reader_time.py:136]-  已写入 100000/200000 行数据
2025-10-17 10:47:38-INFO-[tdms_reader_time.py:136]-  已写入 100000/200000 行数据
2025-10-17 10:47:38-INFO-[tdms_reader_time.py:136]-  已写入 100000/200000 行数据
2025-10-17 10:47:38-INFO-[tdms_reader_time.py:136]-  已写入 100000/200000 行数据
2025-10-17 10:47:38-INFO-[tdms_reader_time.py:136]-  已写入 100000/200000 行数据
2025-10-17 10:47:38-INFO-[tdms_reader_time.py:136]-  已写入 100000/200000 行数据
2025-10-17 10:47:38-INFO-[tdms_reader_time.py:136]-  已写入 100000/200000 行数据
2025-10-17 10:47:38-INFO-[tdms_reader_time.py:136]-  已写入 100000/200000 行数据
2025-10-17 10:47:38-INFO-[tdms_reader_time.py:136]-  已写入 100000/200000 行数据
2025-10-17 10:47:38-INFO-[tdms_reader_time.py:136]-  已写入 100000/200000 行数据
2025-10-17 10:47:38-INFO-[tdms_reader_time.py:136]-  已写入 100000/200000 行数据
2025-10-17 10:47:38-INFO-[tdms_reader_time.py:136]-  已写入 100000/200000 行数据
2025-10-17 10:47:38-INFO-[tdms_reader_time.py:136]-  已写入 100000/200000 行数据
2025-10-17 10:47:38-INFO-[tdms_reader_time.py:136]-  已写入 100000/200000 行数据
2025-10-17 10:47:38-INFO-[tdms_reader_time.py:136]-  已写入 100000/200000 行数据
2025-10-17 10:47:38-INFO-[tdms_reader_time.py:136]-  已写入 100000/200000 行数据
2025-10-17 10:47:38-INFO-[tdms_reader_time.py:136]-  已写入 100000/200000 行数据
2025-10-17 10:47:38-INFO-[tdms_reader_time.py:136]-  已写入 100000/200000 行数据
2025-10-17 10:47:38-INFO-[tdms_reader_time.py:136]-  已写入 100000/200000 行数据
2025-10-17 10:47:38-INFO-[tdms_reader_time.py:136]-  已写入 100000/200000 行数据
2025-10-17 10:47:38-INFO-[tdms_reader_time.py:136]-  已写入 100000/200000 行数据
2025-10-17 10:47:38-INFO-[tdms_reader_time.py:136]-  已写入 100000/200000 行数据
2025-10-17 10:47:39-INFO-[tdms_reader_time.py:136]-  已写入 100000/200000 行数据
2025-10-17 10:47:39-INFO-[tdms_reader_time.py:136]-  已写入 100000/200000 行数据
2025-10-17 10:47:40-INFO-[tdms_reader_time.py:136]-  已写入 200000/200000 行数据
2025-10-17 10:47:40-INFO-[tdms_reader_time.py:157]-已转换: 20250620193757.946475.tdms -> D:/Lab/process/2025.6.20/time\backwatering\20250620193757.946475.csv
2025-10-17 10:47:40-INFO-[tdms_reader_time.py:158]-元数据保存: D:/Lab/process/2025.6.20/time\backwatering\20250620193757.946475_metadata.json
2025-10-17 10:47:40-INFO-[tdms_reader_time.py:44]-开始处理文件: D:/Lab/raw/2025.6.20\backwatering\20250620193919.648442.tdms
2025-10-17 10:47:40-INFO-[tdms_reader_time.py:71]-处理文件: 20250620193919.648442.tdms, 数据长度: 200000, 通道数: 16
2025-10-17 10:47:40-INFO-[tdms_reader_time.py:79]-使用实际采样间隔: 5e-06 秒
2025-10-17 10:47:40-INFO-[tdms_reader_time.py:92]-使用通道起始时间: 2025-06-20 11:39:18.292242
2025-10-17 10:47:40-INFO-[tdms_reader_time.py:136]-  已写入 200000/200000 行数据
2025-10-17 10:47:40-INFO-[tdms_reader_time.py:157]-已转换: 20250620193803.575523.tdms -> D:/Lab/process/2025.6.20/time\backwatering\20250620193803.575523.csv
2025-10-17 10:47:40-INFO-[tdms_reader_time.py:158]-元数据保存: D:/Lab/process/2025.6.20/time\backwatering\20250620193803.575523_metadata.json
2025-10-17 10:47:40-INFO-[tdms_reader_time.py:44]-开始处理文件: D:/Lab/raw/2025.6.20\backwatering\20250620193922.601949.tdms
2025-10-17 10:47:40-INFO-[tdms_reader_time.py:71]-处理文件: 20250620193922.601949.tdms, 数据长度: 200000, 通道数: 16
2025-10-17 10:47:40-INFO-[tdms_reader_time.py:79]-使用实际采样间隔: 5e-06 秒
2025-10-17 10:47:40-INFO-[tdms_reader_time.py:92]-使用通道起始时间: 2025-06-20 11:39:21.237055
2025-10-17 10:47:41-INFO-[tdms_reader_time.py:136]-  已写入 200000/200000 行数据
2025-10-17 10:47:41-INFO-[tdms_reader_time.py:157]-已转换: 20250620193800.664447.tdms -> D:/Lab/process/2025.6.20/time\backwatering\20250620193800.664447.csv
2025-10-17 10:47:41-INFO-[tdms_reader_time.py:158]-元数据保存: D:/Lab/process/2025.6.20/time\backwatering\20250620193800.664447_metadata.json
2025-10-17 10:47:41-INFO-[tdms_reader_time.py:44]-开始处理文件: D:/Lab/raw/2025.6.20\backwatering\20250620193925.583770.tdms
2025-10-17 10:47:41-INFO-[tdms_reader_time.py:71]-处理文件: 20250620193925.583770.tdms, 数据长度: 200000, 通道数: 16
2025-10-17 10:47:41-INFO-[tdms_reader_time.py:79]-使用实际采样间隔: 5e-06 秒
2025-10-17 10:47:41-INFO-[tdms_reader_time.py:92]-使用通道起始时间: 2025-06-20 11:39:24.196544
2025-10-17 10:47:41-INFO-[tdms_reader_time.py:136]-  已写入 200000/200000 行数据
2025-10-17 10:47:41-INFO-[tdms_reader_time.py:157]-已转换: 20250620193806.499762.tdms -> D:/Lab/process/2025.6.20/time\backwatering\20250620193806.499762.csv
2025-10-17 10:47:41-INFO-[tdms_reader_time.py:158]-元数据保存: D:/Lab/process/2025.6.20/time\backwatering\20250620193806.499762_metadata.json
2025-10-17 10:47:41-INFO-[tdms_reader_time.py:44]-开始处理文件: D:/Lab/raw/2025.6.20\backwatering\20250620193928.513572.tdms
2025-10-17 10:47:41-INFO-[tdms_reader_time.py:71]-处理文件: 20250620193928.513572.tdms, 数据长度: 200000, 通道数: 16
2025-10-17 10:47:41-INFO-[tdms_reader_time.py:79]-使用实际采样间隔: 5e-06 秒
2025-10-17 10:47:41-INFO-[tdms_reader_time.py:92]-使用通道起始时间: 2025-06-20 11:39:27.159255
2025-10-17 10:47:41-INFO-[tdms_reader_time.py:136]-  已写入 200000/200000 行数据
2025-10-17 10:47:41-INFO-[tdms_reader_time.py:136]-  已写入 200000/200000 行数据
2025-10-17 10:47:41-INFO-[tdms_reader_time.py:157]-已转换: 20250620193809.385131.tdms -> D:/Lab/process/2025.6.20/time\backwatering\20250620193809.385131.csv
2025-10-17 10:47:41-INFO-[tdms_reader_time.py:157]-已转换: 20250620193812.362895.tdms -> D:/Lab/process/2025.6.20/time\backwatering\20250620193812.362895.csv
2025-10-17 10:47:41-INFO-[tdms_reader_time.py:158]-元数据保存: D:/Lab/process/2025.6.20/time\backwatering\20250620193809.385131_metadata.json
2025-10-17 10:47:41-INFO-[tdms_reader_time.py:158]-元数据保存: D:/Lab/process/2025.6.20/time\backwatering\20250620193812.362895_metadata.json
2025-10-17 10:47:41-INFO-[tdms_reader_time.py:44]-开始处理文件: D:/Lab/raw/2025.6.20\backwatering\20250620193931.418785.tdms
2025-10-17 10:47:41-INFO-[tdms_reader_time.py:44]-开始处理文件: D:/Lab/raw/2025.6.20\backwatering\20250620194609.324848.tdms
2025-10-17 10:47:41-INFO-[tdms_reader_time.py:136]-  已写入 200000/200000 行数据
2025-10-17 10:47:41-INFO-[tdms_reader_time.py:157]-已转换: 20250620193829.938352.tdms -> D:/Lab/process/2025.6.20/time\backwatering\20250620193829.938352.csv
2025-10-17 10:47:41-INFO-[tdms_reader_time.py:158]-元数据保存: D:/Lab/process/2025.6.20/time\backwatering\20250620193829.938352_metadata.json
2025-10-17 10:47:41-INFO-[tdms_reader_time.py:71]-处理文件: 20250620194609.324848.tdms, 数据长度: 200000, 通道数: 16
2025-10-17 10:47:41-INFO-[tdms_reader_time.py:71]-处理文件: 20250620193931.418785.tdms, 数据长度: 200000, 通道数: 16
2025-10-17 10:47:41-INFO-[tdms_reader_time.py:79]-使用实际采样间隔: 5e-06 秒
2025-10-17 10:47:41-INFO-[tdms_reader_time.py:79]-使用实际采样间隔: 5e-06 秒
2025-10-17 10:47:41-INFO-[tdms_reader_time.py:92]-使用通道起始时间: 2025-06-20 11:39:30.065486
2025-10-17 10:47:41-INFO-[tdms_reader_time.py:92]-使用通道起始时间: 2025-06-20 11:46:07.950564
2025-10-17 10:47:41-INFO-[tdms_reader_time.py:44]-开始处理文件: D:/Lab/raw/2025.6.20\stopdirtyback\20250620203652.803200.tdms
2025-10-17 10:47:41-INFO-[tdms_reader_time.py:71]-处理文件: 20250620203652.803200.tdms, 数据长度: 200000, 通道数: 16
2025-10-17 10:47:41-INFO-[tdms_reader_time.py:79]-使用实际采样间隔: 5e-06 秒
2025-10-17 10:47:41-INFO-[tdms_reader_time.py:92]-使用通道起始时间: 2025-06-20 12:36:51.441368
2025-10-17 10:47:41-INFO-[tdms_reader_time.py:136]-  已写入 200000/200000 行数据
2025-10-17 10:47:41-INFO-[tdms_reader_time.py:136]-  已写入 200000/200000 行数据
2025-10-17 10:47:41-INFO-[tdms_reader_time.py:157]-已转换: 20250620193856.225711.tdms -> D:/Lab/process/2025.6.20/time\backwatering\20250620193856.225711.csv
2025-10-17 10:47:41-INFO-[tdms_reader_time.py:157]-已转换: 20250620193818.229423.tdms -> D:/Lab/process/2025.6.20/time\backwatering\20250620193818.229423.csv
2025-10-17 10:47:41-INFO-[tdms_reader_time.py:158]-元数据保存: D:/Lab/process/2025.6.20/time\backwatering\20250620193818.229423_metadata.json
2025-10-17 10:47:41-INFO-[tdms_reader_time.py:158]-元数据保存: D:/Lab/process/2025.6.20/time\backwatering\20250620193856.225711_metadata.json
2025-10-17 10:47:41-INFO-[tdms_reader_time.py:44]-开始处理文件: D:/Lab/raw/2025.6.20\stopdirtyback\20250620203655.750625.tdms
2025-10-17 10:47:41-INFO-[tdms_reader_time.py:136]-  已写入 200000/200000 行数据
2025-10-17 10:47:41-INFO-[tdms_reader_time.py:44]-开始处理文件: D:/Lab/raw/2025.6.20\stopdirtyback\20250620203658.518572.tdms
2025-10-17 10:47:41-INFO-[tdms_reader_time.py:157]-已转换: 20250620193815.303531.tdms -> D:/Lab/process/2025.6.20/time\backwatering\20250620193815.303531.csv
2025-10-17 10:47:41-INFO-[tdms_reader_time.py:158]-元数据保存: D:/Lab/process/2025.6.20/time\backwatering\20250620193815.303531_metadata.json
2025-10-17 10:47:41-INFO-[tdms_reader_time.py:71]-处理文件: 20250620203655.750625.tdms, 数据长度: 200000, 通道数: 16
2025-10-17 10:47:41-INFO-[tdms_reader_time.py:44]-开始处理文件: D:/Lab/raw/2025.6.20\stopdirtyback\20250620203701.532839.tdms
2025-10-17 10:47:41-INFO-[tdms_reader_time.py:79]-使用实际采样间隔: 5e-06 秒
2025-10-17 10:47:41-INFO-[tdms_reader_time.py:71]-处理文件: 20250620203658.518572.tdms, 数据长度: 200000, 通道数: 16
2025-10-17 10:47:41-INFO-[tdms_reader_time.py:136]-  已写入 200000/200000 行数据
2025-10-17 10:47:41-INFO-[tdms_reader_time.py:92]-使用通道起始时间: 2025-06-20 12:36:54.353779
2025-10-17 10:47:41-INFO-[tdms_reader_time.py:79]-使用实际采样间隔: 5e-06 秒
2025-10-17 10:47:41-INFO-[tdms_reader_time.py:92]-使用通道起始时间: 2025-06-20 12:36:57.111971
2025-10-17 10:47:41-INFO-[tdms_reader_time.py:157]-已转换: 20250620193838.664452.tdms -> D:/Lab/process/2025.6.20/time\backwatering\20250620193838.664452.csv
2025-10-17 10:47:41-INFO-[tdms_reader_time.py:158]-元数据保存: D:/Lab/process/2025.6.20/time\backwatering\20250620193838.664452_metadata.json
2025-10-17 10:47:41-INFO-[tdms_reader_time.py:136]-  已写入 200000/200000 行数据
2025-10-17 10:47:41-INFO-[tdms_reader_time.py:157]-已转换: 20250620193827.003131.tdms -> D:/Lab/process/2025.6.20/time\backwatering\20250620193827.003131.csv
2025-10-17 10:47:41-INFO-[tdms_reader_time.py:71]-处理文件: 20250620203701.532839.tdms, 数据长度: 200000, 通道数: 16
2025-10-17 10:47:41-INFO-[tdms_reader_time.py:79]-使用实际采样间隔: 5e-06 秒
2025-10-17 10:47:41-INFO-[tdms_reader_time.py:44]-开始处理文件: D:/Lab/raw/2025.6.20\stopdirtyback\20250620203704.513334.tdms
2025-10-17 10:47:41-INFO-[tdms_reader_time.py:158]-元数据保存: D:/Lab/process/2025.6.20/time\backwatering\20250620193827.003131_metadata.json
2025-10-17 10:47:41-INFO-[tdms_reader_time.py:92]-使用通道起始时间: 2025-06-20 12:37:00.139156
2025-10-17 10:47:41-INFO-[tdms_reader_time.py:71]-处理文件: 20250620203704.513334.tdms, 数据长度: 200000, 通道数: 16
2025-10-17 10:47:41-INFO-[tdms_reader_time.py:136]-  已写入 200000/200000 行数据
2025-10-17 10:47:41-INFO-[tdms_reader_time.py:44]-开始处理文件: D:/Lab/raw/2025.6.20\stopdirtyback\20250620203707.478189.tdms
2025-10-17 10:47:41-INFO-[tdms_reader_time.py:157]-已转换: 20250620193824.039435.tdms -> D:/Lab/process/2025.6.20/time\backwatering\20250620193824.039435.csv
2025-10-17 10:47:41-INFO-[tdms_reader_time.py:79]-使用实际采样间隔: 5e-06 秒
2025-10-17 10:47:41-INFO-[tdms_reader_time.py:158]-元数据保存: D:/Lab/process/2025.6.20/time\backwatering\20250620193824.039435_metadata.json
2025-10-17 10:47:41-INFO-[tdms_reader_time.py:92]-使用通道起始时间: 2025-06-20 12:37:03.129691
2025-10-17 10:47:41-INFO-[tdms_reader_time.py:44]-开始处理文件: D:/Lab/raw/2025.6.20\stopdirtyback\20250620203710.409991.tdms
2025-10-17 10:47:41-INFO-[tdms_reader_time.py:71]-处理文件: 20250620203707.478189.tdms, 数据长度: 200000, 通道数: 16
2025-10-17 10:47:41-INFO-[tdms_reader_time.py:136]-  已写入 200000/200000 行数据
2025-10-17 10:47:41-INFO-[tdms_reader_time.py:79]-使用实际采样间隔: 5e-06 秒
2025-10-17 10:47:41-INFO-[tdms_reader_time.py:157]-已转换: 20250620193835.769193.tdms -> D:/Lab/process/2025.6.20/time\backwatering\20250620193835.769193.csv
2025-10-17 10:47:41-INFO-[tdms_reader_time.py:92]-使用通道起始时间: 2025-06-20 12:37:06.112899
2025-10-17 10:47:41-INFO-[tdms_reader_time.py:136]-  已写入 200000/200000 行数据
2025-10-17 10:47:41-INFO-[tdms_reader_time.py:71]-处理文件: 20250620203710.409991.tdms, 数据长度: 200000, 通道数: 16
2025-10-17 10:47:41-INFO-[tdms_reader_time.py:158]-元数据保存: D:/Lab/process/2025.6.20/time\backwatering\20250620193835.769193_metadata.json
2025-10-17 10:47:41-INFO-[tdms_reader_time.py:79]-使用实际采样间隔: 5e-06 秒
2025-10-17 10:47:41-INFO-[tdms_reader_time.py:157]-已转换: 20250620193832.870292.tdms -> D:/Lab/process/2025.6.20/time\backwatering\20250620193832.870292.csv
2025-10-17 10:47:41-INFO-[tdms_reader_time.py:158]-元数据保存: D:/Lab/process/2025.6.20/time\backwatering\20250620193832.870292_metadata.json
2025-10-17 10:47:41-INFO-[tdms_reader_time.py:136]-  已写入 200000/200000 行数据
2025-10-17 10:47:41-INFO-[tdms_reader_time.py:136]-  已写入 200000/200000 行数据
2025-10-17 10:47:41-INFO-[tdms_reader_time.py:92]-使用通道起始时间: 2025-06-20 12:37:09.059997
2025-10-17 10:47:41-INFO-[tdms_reader_time.py:157]-已转换: 20250620193844.533171.tdms -> D:/Lab/process/2025.6.20/time\backwatering\20250620193844.533171.csv
2025-10-17 10:47:41-INFO-[tdms_reader_time.py:157]-已转换: 20250620193821.140393.tdms -> D:/Lab/process/2025.6.20/time\backwatering\20250620193821.140393.csv
2025-10-17 10:47:41-INFO-[tdms_reader_time.py:158]-元数据保存: D:/Lab/process/2025.6.20/time\backwatering\20250620193844.533171_metadata.json
2025-10-17 10:47:41-INFO-[tdms_reader_time.py:158]-元数据保存: D:/Lab/process/2025.6.20/time\backwatering\20250620193821.140393_metadata.json
2025-10-17 10:47:41-INFO-[tdms_reader_time.py:44]-开始处理文件: D:/Lab/raw/2025.6.20\stopdirtyback\20250620203713.390256.tdms
2025-10-17 10:47:41-INFO-[tdms_reader_time.py:44]-开始处理文件: D:/Lab/raw/2025.6.20\stopdirtyback\20250620203716.299159.tdms
2025-10-17 10:47:41-INFO-[tdms_reader_time.py:44]-开始处理文件: D:/Lab/raw/2025.6.20\stopdirtyback\20250620203719.208527.tdms
2025-10-17 10:47:41-INFO-[tdms_reader_time.py:44]-开始处理文件: D:/Lab/raw/2025.6.20\stopdirtyback\20250620203722.132566.tdms
2025-10-17 10:47:41-INFO-[tdms_reader_time.py:71]-处理文件: 20250620203716.299159.tdms, 数据长度: 200000, 通道数: 16
2025-10-17 10:47:41-INFO-[tdms_reader_time.py:79]-使用实际采样间隔: 5e-06 秒
2025-10-17 10:47:41-INFO-[tdms_reader_time.py:92]-使用通道起始时间: 2025-06-20 12:37:14.949285
2025-10-17 10:47:41-INFO-[tdms_reader_time.py:71]-处理文件: 20250620203713.390256.tdms, 数据长度: 200000, 通道数: 16
2025-10-17 10:47:41-INFO-[tdms_reader_time.py:79]-使用实际采样间隔: 5e-06 秒
2025-10-17 10:47:41-INFO-[tdms_reader_time.py:92]-使用通道起始时间: 2025-06-20 12:37:12.010212
2025-10-17 10:47:41-INFO-[tdms_reader_time.py:71]-处理文件: 20250620203722.132566.tdms, 数据长度: 200000, 通道数: 16
2025-10-17 10:47:41-INFO-[tdms_reader_time.py:79]-使用实际采样间隔: 5e-06 秒
2025-10-17 10:47:41-INFO-[tdms_reader_time.py:71]-处理文件: 20250620203719.208527.tdms, 数据长度: 200000, 通道数: 16
2025-10-17 10:47:41-INFO-[tdms_reader_time.py:92]-使用通道起始时间: 2025-06-20 12:37:20.755309
2025-10-17 10:47:41-INFO-[tdms_reader_time.py:79]-使用实际采样间隔: 5e-06 秒
2025-10-17 10:47:41-INFO-[tdms_reader_time.py:92]-使用通道起始时间: 2025-06-20 12:37:17.849428
2025-10-17 10:47:41-INFO-[tdms_reader_time.py:136]-  已写入 200000/200000 行数据
2025-10-17 10:47:41-INFO-[tdms_reader_time.py:157]-已转换: 20250620193847.466852.tdms -> D:/Lab/process/2025.6.20/time\backwatering\20250620193847.466852.csv
2025-10-17 10:47:41-INFO-[tdms_reader_time.py:158]-元数据保存: D:/Lab/process/2025.6.20/time\backwatering\20250620193847.466852_metadata.json
2025-10-17 10:47:41-INFO-[tdms_reader_time.py:44]-开始处理文件: D:/Lab/raw/2025.6.20\stopdirtyback\20250620203725.055667.tdms
2025-10-17 10:47:41-INFO-[tdms_reader_time.py:136]-  已写入 200000/200000 行数据
2025-10-17 10:47:41-INFO-[tdms_reader_time.py:157]-已转换: 20250620193850.400394.tdms -> D:/Lab/process/2025.6.20/time\backwatering\20250620193850.400394.csv
2025-10-17 10:47:41-INFO-[tdms_reader_time.py:158]-元数据保存: D:/Lab/process/2025.6.20/time\backwatering\20250620193850.400394_metadata.json
2025-10-17 10:47:41-INFO-[tdms_reader_time.py:71]-处理文件: 20250620203725.055667.tdms, 数据长度: 200000, 通道数: 16
2025-10-17 10:47:41-INFO-[tdms_reader_time.py:79]-使用实际采样间隔: 5e-06 秒
2025-10-17 10:47:41-INFO-[tdms_reader_time.py:92]-使用通道起始时间: 2025-06-20 12:37:23.688227
2025-10-17 10:47:41-INFO-[tdms_reader_time.py:44]-开始处理文件: D:/Lab/raw/2025.6.20\stopdirtyback\20250620203727.976887.tdms
2025-10-17 10:47:41-INFO-[tdms_reader_time.py:71]-处理文件: 20250620203727.976887.tdms, 数据长度: 200000, 通道数: 16
2025-10-17 10:47:41-INFO-[tdms_reader_time.py:79]-使用实际采样间隔: 5e-06 秒
2025-10-17 10:47:41-INFO-[tdms_reader_time.py:92]-使用通道起始时间: 2025-06-20 12:37:26.598158
2025-10-17 10:47:41-INFO-[tdms_reader_time.py:136]-  已写入 200000/200000 行数据
2025-10-17 10:47:41-INFO-[tdms_reader_time.py:157]-已转换: 20250620193841.584246.tdms -> D:/Lab/process/2025.6.20/time\backwatering\20250620193841.584246.csv
2025-10-17 10:47:41-INFO-[tdms_reader_time.py:158]-元数据保存: D:/Lab/process/2025.6.20/time\backwatering\20250620193841.584246_metadata.json
2025-10-17 10:47:41-INFO-[tdms_reader_time.py:136]-  已写入 200000/200000 行数据
2025-10-17 10:47:41-INFO-[tdms_reader_time.py:157]-已转换: 20250620193902.126579.tdms -> D:/Lab/process/2025.6.20/time\backwatering\20250620193902.126579.csv
2025-10-17 10:47:41-INFO-[tdms_reader_time.py:158]-元数据保存: D:/Lab/process/2025.6.20/time\backwatering\20250620193902.126579_metadata.json
2025-10-17 10:47:41-INFO-[tdms_reader_time.py:44]-开始处理文件: D:/Lab/raw/2025.6.20\stopdirtyback\20250620203730.949081.tdms
2025-10-17 10:47:41-INFO-[tdms_reader_time.py:44]-开始处理文件: D:/Lab/raw/2025.6.20\stopdirtyback\20250620203733.850068.tdms
2025-10-17 10:47:42-INFO-[tdms_reader_time.py:136]-  已写入 200000/200000 行数据
2025-10-17 10:47:42-INFO-[tdms_reader_time.py:157]-已转换: 20250620193853.345024.tdms -> D:/Lab/process/2025.6.20/time\backwatering\20250620193853.345024.csv
2025-10-17 10:47:42-INFO-[tdms_reader_time.py:158]-元数据保存: D:/Lab/process/2025.6.20/time\backwatering\20250620193853.345024_metadata.json
2025-10-17 10:47:42-INFO-[tdms_reader_time.py:71]-处理文件: 20250620203730.949081.tdms, 数据长度: 200000, 通道数: 16
2025-10-17 10:47:42-INFO-[tdms_reader_time.py:71]-处理文件: 20250620203733.850068.tdms, 数据长度: 200000, 通道数: 16
2025-10-17 10:47:42-INFO-[tdms_reader_time.py:79]-使用实际采样间隔: 5e-06 秒
2025-10-17 10:47:42-INFO-[tdms_reader_time.py:79]-使用实际采样间隔: 5e-06 秒
2025-10-17 10:47:42-INFO-[tdms_reader_time.py:92]-使用通道起始时间: 2025-06-20 12:37:29.584377
2025-10-17 10:47:42-INFO-[tdms_reader_time.py:92]-使用通道起始时间: 2025-06-20 12:37:32.497173
2025-10-17 10:47:42-INFO-[tdms_reader_time.py:44]-开始处理文件: D:/Lab/raw/2025.6.20\stopdirtyback\20250620203736.809154.tdms
2025-10-17 10:47:42-INFO-[tdms_reader_time.py:71]-处理文件: 20250620203736.809154.tdms, 数据长度: 200000, 通道数: 16
2025-10-17 10:47:42-INFO-[tdms_reader_time.py:79]-使用实际采样间隔: 5e-06 秒
2025-10-17 10:47:42-INFO-[tdms_reader_time.py:92]-使用通道起始时间: 2025-06-20 12:37:35.442828
2025-10-17 10:47:42-INFO-[tdms_reader_time.py:136]-  已写入 200000/200000 行数据
2025-10-17 10:47:42-INFO-[tdms_reader_time.py:157]-已转换: 20250620193905.056522.tdms -> D:/Lab/process/2025.6.20/time\backwatering\20250620193905.056522.csv
2025-10-17 10:47:42-INFO-[tdms_reader_time.py:158]-元数据保存: D:/Lab/process/2025.6.20/time\backwatering\20250620193905.056522_metadata.json
2025-10-17 10:47:42-INFO-[tdms_reader_time.py:136]-  已写入 200000/200000 行数据
2025-10-17 10:47:42-INFO-[tdms_reader_time.py:44]-开始处理文件: D:/Lab/raw/2025.6.20\stopdirtyback\20250620203739.731672.tdms
2025-10-17 10:47:42-INFO-[tdms_reader_time.py:157]-已转换: 20250620193859.168055.tdms -> D:/Lab/process/2025.6.20/time\backwatering\20250620193859.168055.csv
2025-10-17 10:47:42-INFO-[tdms_reader_time.py:158]-元数据保存: D:/Lab/process/2025.6.20/time\backwatering\20250620193859.168055_metadata.json
2025-10-17 10:47:42-INFO-[tdms_reader_time.py:44]-开始处理文件: D:/Lab/raw/2025.6.20\stopdirtyback\20250620203742.636087.tdms
2025-10-17 10:47:42-INFO-[tdms_reader_time.py:71]-处理文件: 20250620203739.731672.tdms, 数据长度: 200000, 通道数: 16
2025-10-17 10:47:42-INFO-[tdms_reader_time.py:79]-使用实际采样间隔: 5e-06 秒
2025-10-17 10:47:42-INFO-[tdms_reader_time.py:92]-使用通道起始时间: 2025-06-20 12:37:38.369721
2025-10-17 10:47:42-INFO-[tdms_reader_time.py:71]-处理文件: 20250620203742.636087.tdms, 数据长度: 200000, 通道数: 16
2025-10-17 10:47:42-INFO-[tdms_reader_time.py:79]-使用实际采样间隔: 5e-06 秒
2025-10-17 10:47:42-INFO-[tdms_reader_time.py:92]-使用通道起始时间: 2025-06-20 12:37:41.284860
2025-10-17 10:47:42-INFO-[tdms_reader_time.py:136]-  已写入 200000/200000 行数据
2025-10-17 10:47:42-INFO-[tdms_reader_time.py:157]-已转换: 20250620193910.873333.tdms -> D:/Lab/process/2025.6.20/time\backwatering\20250620193910.873333.csv
2025-10-17 10:47:42-INFO-[tdms_reader_time.py:158]-元数据保存: D:/Lab/process/2025.6.20/time\backwatering\20250620193910.873333_metadata.json
2025-10-17 10:47:42-INFO-[tdms_reader_time.py:44]-开始处理文件: D:/Lab/raw/2025.6.20\stopdirtyback\20250620203745.567957.tdms
2025-10-17 10:47:42-INFO-[tdms_reader_time.py:136]-  已写入 200000/200000 行数据
2025-10-17 10:47:42-INFO-[tdms_reader_time.py:71]-处理文件: 20250620203745.567957.tdms, 数据长度: 200000, 通道数: 16
2025-10-17 10:47:42-INFO-[tdms_reader_time.py:79]-使用实际采样间隔: 5e-06 秒
2025-10-17 10:47:42-INFO-[tdms_reader_time.py:157]-已转换: 20250620193907.982947.tdms -> D:/Lab/process/2025.6.20/time\backwatering\20250620193907.982947.csv
2025-10-17 10:47:42-INFO-[tdms_reader_time.py:92]-使用通道起始时间: 2025-06-20 12:37:44.207525
2025-10-17 10:47:42-INFO-[tdms_reader_time.py:158]-元数据保存: D:/Lab/process/2025.6.20/time\backwatering\20250620193907.982947_metadata.json
2025-10-17 10:47:42-INFO-[tdms_reader_time.py:44]-开始处理文件: D:/Lab/raw/2025.6.20\stopdirtyback\20250620203748.493319.tdms
2025-10-17 10:47:42-INFO-[tdms_reader_time.py:71]-处理文件: 20250620203748.493319.tdms, 数据长度: 200000, 通道数: 16
2025-10-17 10:47:42-INFO-[tdms_reader_time.py:79]-使用实际采样间隔: 5e-06 秒
2025-10-17 10:47:42-INFO-[tdms_reader_time.py:92]-使用通道起始时间: 2025-06-20 12:37:47.133766
2025-10-17 10:47:42-INFO-[tdms_reader_time.py:136]-  已写入 200000/200000 行数据
2025-10-17 10:47:42-INFO-[tdms_reader_time.py:157]-已转换: 20250620193913.800929.tdms -> D:/Lab/process/2025.6.20/time\backwatering\20250620193913.800929.csv
2025-10-17 10:47:42-INFO-[tdms_reader_time.py:158]-元数据保存: D:/Lab/process/2025.6.20/time\backwatering\20250620193913.800929_metadata.json
2025-10-17 10:47:42-INFO-[tdms_reader_time.py:44]-开始处理文件: D:/Lab/raw/2025.6.20\stopdirtyback\20250620203751.394046.tdms
2025-10-17 10:47:42-INFO-[tdms_reader_time.py:71]-处理文件: 20250620203751.394046.tdms, 数据长度: 200000, 通道数: 16
2025-10-17 10:47:42-INFO-[tdms_reader_time.py:79]-使用实际采样间隔: 5e-06 秒
2025-10-17 10:47:42-INFO-[tdms_reader_time.py:92]-使用通道起始时间: 2025-06-20 12:37:50.044528
2025-10-17 10:47:42-INFO-[tdms_reader_time.py:136]-  已写入 200000/200000 行数据
2025-10-17 10:47:42-INFO-[tdms_reader_time.py:157]-已转换: 20250620193916.714522.tdms -> D:/Lab/process/2025.6.20/time\backwatering\20250620193916.714522.csv
2025-10-17 10:47:42-INFO-[tdms_reader_time.py:158]-元数据保存: D:/Lab/process/2025.6.20/time\backwatering\20250620193916.714522_metadata.json
2025-10-17 10:47:42-INFO-[tdms_reader_time.py:44]-开始处理文件: D:/Lab/raw/2025.6.20\stopdirtyback\20250620203754.381011.tdms
2025-10-17 10:47:42-INFO-[tdms_reader_time.py:71]-处理文件: 20250620203754.381011.tdms, 数据长度: 200000, 通道数: 16
2025-10-17 10:47:42-INFO-[tdms_reader_time.py:79]-使用实际采样间隔: 5e-06 秒
2025-10-17 10:47:42-INFO-[tdms_reader_time.py:92]-使用通道起始时间: 2025-06-20 12:37:52.968803
2025-10-17 10:47:43-INFO-[tdms_reader_time.py:136]-  已写入 100000/200000 行数据
2025-10-17 10:47:44-INFO-[tdms_reader_time.py:136]-  已写入 100000/200000 行数据
2025-10-17 10:47:44-INFO-[tdms_reader_time.py:136]-  已写入 100000/200000 行数据
2025-10-17 10:47:44-INFO-[tdms_reader_time.py:136]-  已写入 100000/200000 行数据
2025-10-17 10:47:44-INFO-[tdms_reader_time.py:136]-  已写入 100000/200000 行数据
2025-10-17 10:47:44-INFO-[tdms_reader_time.py:136]-  已写入 100000/200000 行数据
2025-10-17 10:47:44-INFO-[tdms_reader_time.py:136]-  已写入 100000/200000 行数据
2025-10-17 10:47:44-INFO-[tdms_reader_time.py:136]-  已写入 100000/200000 行数据
2025-10-17 10:47:44-INFO-[tdms_reader_time.py:136]-  已写入 100000/200000 行数据
2025-10-17 10:47:44-INFO-[tdms_reader_time.py:136]-  已写入 100000/200000 行数据
2025-10-17 10:47:45-INFO-[tdms_reader_time.py:136]-  已写入 100000/200000 行数据
2025-10-17 10:47:45-INFO-[tdms_reader_time.py:136]-  已写入 100000/200000 行数据
2025-10-17 10:47:45-INFO-[tdms_reader_time.py:136]-  已写入 100000/200000 行数据
2025-10-17 10:47:45-INFO-[tdms_reader_time.py:136]-  已写入 100000/200000 行数据
2025-10-17 10:47:45-INFO-[tdms_reader_time.py:136]-  已写入 100000/200000 行数据
2025-10-17 10:47:45-INFO-[tdms_reader_time.py:136]-  已写入 100000/200000 行数据
2025-10-17 10:47:45-INFO-[tdms_reader_time.py:136]-  已写入 100000/200000 行数据
2025-10-17 10:47:45-INFO-[tdms_reader_time.py:136]-  已写入 100000/200000 行数据
2025-10-17 10:47:45-INFO-[tdms_reader_time.py:136]-  已写入 100000/200000 行数据
2025-10-17 10:47:45-INFO-[tdms_reader_time.py:136]-  已写入 100000/200000 行数据
2025-10-17 10:47:45-INFO-[tdms_reader_time.py:136]-  已写入 100000/200000 行数据
2025-10-17 10:47:45-INFO-[tdms_reader_time.py:136]-  已写入 100000/200000 行数据
2025-10-17 10:47:45-INFO-[tdms_reader_time.py:136]-  已写入 100000/200000 行数据
2025-10-17 10:47:45-INFO-[tdms_reader_time.py:136]-  已写入 100000/200000 行数据
2025-10-17 10:47:45-INFO-[tdms_reader_time.py:136]-  已写入 100000/200000 行数据
2025-10-17 10:47:45-INFO-[tdms_reader_time.py:136]-  已写入 100000/200000 行数据
2025-10-17 10:47:46-INFO-[tdms_reader_time.py:136]-  已写入 100000/200000 行数据
2025-10-17 10:47:46-INFO-[tdms_reader_time.py:136]-  已写入 100000/200000 行数据
2025-10-17 10:47:46-INFO-[tdms_reader_time.py:136]-  已写入 200000/200000 行数据
2025-10-17 10:47:46-INFO-[tdms_reader_time.py:157]-已转换: 20250620193919.648442.tdms -> D:/Lab/process/2025.6.20/time\backwatering\20250620193919.648442.csv
2025-10-17 10:47:46-INFO-[tdms_reader_time.py:158]-元数据保存: D:/Lab/process/2025.6.20/time\backwatering\20250620193919.648442_metadata.json
2025-10-17 10:47:47-INFO-[tdms_reader_time.py:44]-开始处理文件: D:/Lab/raw/2025.6.20\stopdirtyback\20250620203757.355624.tdms
2025-10-17 10:47:47-INFO-[tdms_reader_time.py:71]-处理文件: 20250620203757.355624.tdms, 数据长度: 200000, 通道数: 16
2025-10-17 10:47:47-INFO-[tdms_reader_time.py:79]-使用实际采样间隔: 5e-06 秒
2025-10-17 10:47:47-INFO-[tdms_reader_time.py:92]-使用通道起始时间: 2025-06-20 12:37:55.995265
2025-10-17 10:47:47-INFO-[tdms_reader_time.py:136]-  已写入 200000/200000 行数据
2025-10-17 10:47:47-INFO-[tdms_reader_time.py:157]-已转换: 20250620193922.601949.tdms -> D:/Lab/process/2025.6.20/time\backwatering\20250620193922.601949.csv
2025-10-17 10:47:47-INFO-[tdms_reader_time.py:158]-元数据保存: D:/Lab/process/2025.6.20/time\backwatering\20250620193922.601949_metadata.json
2025-10-17 10:47:47-INFO-[tdms_reader_time.py:44]-开始处理文件: D:/Lab/raw/2025.6.20\stopdirtyback\20250620203800.231357.tdms
2025-10-17 10:47:47-INFO-[tdms_reader_time.py:71]-处理文件: 20250620203800.231357.tdms, 数据长度: 200000, 通道数: 16
2025-10-17 10:47:47-INFO-[tdms_reader_time.py:79]-使用实际采样间隔: 5e-06 秒
2025-10-17 10:47:47-INFO-[tdms_reader_time.py:92]-使用通道起始时间: 2025-06-20 12:37:58.871695
2025-10-17 10:47:47-INFO-[tdms_reader_time.py:136]-  已写入 200000/200000 行数据
2025-10-17 10:47:47-INFO-[tdms_reader_time.py:157]-已转换: 20250620193925.583770.tdms -> D:/Lab/process/2025.6.20/time\backwatering\20250620193925.583770.csv
2025-10-17 10:47:47-INFO-[tdms_reader_time.py:158]-元数据保存: D:/Lab/process/2025.6.20/time\backwatering\20250620193925.583770_metadata.json
2025-10-17 10:47:47-INFO-[tdms_reader_time.py:44]-开始处理文件: D:/Lab/raw/2025.6.20\test\20250620193223.119184.tdms
2025-10-17 10:47:47-INFO-[tdms_reader_time.py:71]-处理文件: 20250620193223.119184.tdms, 数据长度: 200000, 通道数: 16
2025-10-17 10:47:47-INFO-[tdms_reader_time.py:79]-使用实际采样间隔: 5e-06 秒
2025-10-17 10:47:47-INFO-[tdms_reader_time.py:92]-使用通道起始时间: 2025-06-20 11:32:21.761863
2025-10-17 10:47:48-INFO-[tdms_reader_time.py:136]-  已写入 200000/200000 行数据
2025-10-17 10:47:48-INFO-[tdms_reader_time.py:157]-已转换: 20250620203655.750625.tdms -> D:/Lab/process/2025.6.20/time\stopdirtyback\20250620203655.750625.csv
2025-10-17 10:47:48-INFO-[tdms_reader_time.py:158]-元数据保存: D:/Lab/process/2025.6.20/time\stopdirtyback\20250620203655.750625_metadata.json
2025-10-17 10:47:48-INFO-[tdms_reader_time.py:136]-  已写入 200000/200000 行数据
2025-10-17 10:47:48-INFO-[tdms_reader_time.py:157]-已转换: 20250620193928.513572.tdms -> D:/Lab/process/2025.6.20/time\backwatering\20250620193928.513572.csv
2025-10-17 10:47:48-INFO-[tdms_reader_time.py:158]-元数据保存: D:/Lab/process/2025.6.20/time\backwatering\20250620193928.513572_metadata.json
2025-10-17 10:47:48-INFO-[tdms_reader_time.py:44]-开始处理文件: D:/Lab/raw/2025.6.20\test\20250620193226.144821.tdms
2025-10-17 10:47:48-INFO-[tdms_reader_time.py:44]-开始处理文件: D:/Lab/raw/2025.6.20\test\20250620193229.092219.tdms
2025-10-17 10:47:48-INFO-[tdms_reader_time.py:136]-  已写入 200000/200000 行数据
2025-10-17 10:47:48-INFO-[tdms_reader_time.py:157]-已转换: 20250620194609.324848.tdms -> D:/Lab/process/2025.6.20/time\backwatering\20250620194609.324848.csv
2025-10-17 10:47:48-INFO-[tdms_reader_time.py:158]-元数据保存: D:/Lab/process/2025.6.20/time\backwatering\20250620194609.324848_metadata.json
2025-10-17 10:47:48-INFO-[tdms_reader_time.py:71]-处理文件: 20250620193226.144821.tdms, 数据长度: 200000, 通道数: 16
2025-10-17 10:47:48-INFO-[tdms_reader_time.py:136]-  已写入 200000/200000 行数据
2025-10-17 10:47:48-INFO-[tdms_reader_time.py:79]-使用实际采样间隔: 5e-06 秒
2025-10-17 10:47:48-INFO-[tdms_reader_time.py:157]-已转换: 20250620203704.513334.tdms -> D:/Lab/process/2025.6.20/time\stopdirtyback\20250620203704.513334.csv
2025-10-17 10:47:48-INFO-[tdms_reader_time.py:44]-开始处理文件: D:/Lab/raw/2025.6.20\test\20250620193232.047310.tdms
2025-10-17 10:47:48-INFO-[tdms_reader_time.py:158]-元数据保存: D:/Lab/process/2025.6.20/time\stopdirtyback\20250620203704.513334_metadata.json
2025-10-17 10:47:48-INFO-[tdms_reader_time.py:92]-使用通道起始时间: 2025-06-20 11:32:24.762460
2025-10-17 10:47:48-INFO-[tdms_reader_time.py:71]-处理文件: 20250620193229.092219.tdms, 数据长度: 200000, 通道数: 16
2025-10-17 10:47:48-INFO-[tdms_reader_time.py:79]-使用实际采样间隔: 5e-06 秒
2025-10-17 10:47:48-INFO-[tdms_reader_time.py:92]-使用通道起始时间: 2025-06-20 11:32:27.735315
2025-10-17 10:47:48-INFO-[tdms_reader_time.py:44]-开始处理文件: D:/Lab/raw/2025.6.20\test\20250620193234.988384.tdms
2025-10-17 10:47:48-INFO-[tdms_reader_time.py:71]-处理文件: 20250620193232.047310.tdms, 数据长度: 200000, 通道数: 16
2025-10-17 10:47:48-INFO-[tdms_reader_time.py:79]-使用实际采样间隔: 5e-06 秒
2025-10-17 10:47:48-INFO-[tdms_reader_time.py:136]-  已写入 200000/200000 行数据
2025-10-17 10:47:48-INFO-[tdms_reader_time.py:136]-  已写入 200000/200000 行数据
2025-10-17 10:47:48-INFO-[tdms_reader_time.py:92]-使用通道起始时间: 2025-06-20 11:32:30.693078
2025-10-17 10:47:48-INFO-[tdms_reader_time.py:157]-已转换: 20250620203658.518572.tdms -> D:/Lab/process/2025.6.20/time\stopdirtyback\20250620203658.518572.csv
2025-10-17 10:47:48-INFO-[tdms_reader_time.py:157]-已转换: 20250620193931.418785.tdms -> D:/Lab/process/2025.6.20/time\backwatering\20250620193931.418785.csv
2025-10-17 10:47:48-INFO-[tdms_reader_time.py:158]-元数据保存: D:/Lab/process/2025.6.20/time\stopdirtyback\20250620203658.518572_metadata.json
2025-10-17 10:47:48-INFO-[tdms_reader_time.py:158]-元数据保存: D:/Lab/process/2025.6.20/time\backwatering\20250620193931.418785_metadata.json
2025-10-17 10:47:48-INFO-[tdms_reader_time.py:44]-开始处理文件: D:/Lab/raw/2025.6.20\test\20250620193240.864516.tdms
2025-10-17 10:47:48-INFO-[tdms_reader_time.py:44]-开始处理文件: D:/Lab/raw/2025.6.20\test\20250620193237.935547.tdms
2025-10-17 10:47:48-INFO-[tdms_reader_time.py:71]-处理文件: 20250620193234.988384.tdms, 数据长度: 200000, 通道数: 16
2025-10-17 10:47:48-INFO-[tdms_reader_time.py:79]-使用实际采样间隔: 5e-06 秒
2025-10-17 10:47:48-INFO-[tdms_reader_time.py:92]-使用通道起始时间: 2025-06-20 11:32:33.632545
2025-10-17 10:47:48-INFO-[tdms_reader_time.py:71]-处理文件: 20250620193240.864516.tdms, 数据长度: 200000, 通道数: 16
2025-10-17 10:47:48-INFO-[tdms_reader_time.py:71]-处理文件: 20250620193237.935547.tdms, 数据长度: 200000, 通道数: 16
2025-10-17 10:47:48-INFO-[tdms_reader_time.py:79]-使用实际采样间隔: 5e-06 秒
2025-10-17 10:47:48-INFO-[tdms_reader_time.py:79]-使用实际采样间隔: 5e-06 秒
2025-10-17 10:47:48-INFO-[tdms_reader_time.py:92]-使用通道起始时间: 2025-06-20 11:32:36.574364
2025-10-17 10:47:48-INFO-[tdms_reader_time.py:92]-使用通道起始时间: 2025-06-20 11:32:39.515396
2025-10-17 10:47:48-INFO-[tdms_reader_time.py:136]-  已写入 200000/200000 行数据
2025-10-17 10:47:48-INFO-[tdms_reader_time.py:157]-已转换: 20250620203652.803200.tdms -> D:/Lab/process/2025.6.20/time\stopdirtyback\20250620203652.803200.csv
2025-10-17 10:47:48-INFO-[tdms_reader_time.py:158]-元数据保存: D:/Lab/process/2025.6.20/time\stopdirtyback\20250620203652.803200_metadata.json
2025-10-17 10:47:48-INFO-[tdms_reader_time.py:44]-开始处理文件: D:/Lab/raw/2025.6.20\test\20250620193243.809867.tdms
2025-10-17 10:47:48-INFO-[tdms_reader_time.py:71]-处理文件: 20250620193243.809867.tdms, 数据长度: 200000, 通道数: 16
2025-10-17 10:47:48-INFO-[tdms_reader_time.py:136]-  已写入 200000/200000 行数据
2025-10-17 10:47:48-INFO-[tdms_reader_time.py:79]-使用实际采样间隔: 5e-06 秒
2025-10-17 10:47:48-INFO-[tdms_reader_time.py:157]-已转换: 20250620203719.208527.tdms -> D:/Lab/process/2025.6.20/time\stopdirtyback\20250620203719.208527.csv
2025-10-17 10:47:48-INFO-[tdms_reader_time.py:92]-使用通道起始时间: 2025-06-20 11:32:42.450828
2025-10-17 10:47:48-INFO-[tdms_reader_time.py:158]-元数据保存: D:/Lab/process/2025.6.20/time\stopdirtyback\20250620203719.208527_metadata.json
2025-10-17 10:47:48-INFO-[tdms_reader_time.py:44]-开始处理文件: D:/Lab/raw/2025.6.20\test\20250620193246.763908.tdms
2025-10-17 10:47:48-INFO-[tdms_reader_time.py:71]-处理文件: 20250620193246.763908.tdms, 数据长度: 200000, 通道数: 16
2025-10-17 10:47:48-INFO-[tdms_reader_time.py:79]-使用实际采样间隔: 5e-06 秒
2025-10-17 10:47:48-INFO-[tdms_reader_time.py:92]-使用通道起始时间: 2025-06-20 11:32:45.403797
2025-10-17 10:47:48-INFO-[tdms_reader_time.py:136]-  已写入 200000/200000 行数据
2025-10-17 10:47:48-INFO-[tdms_reader_time.py:157]-已转换: 20250620203701.532839.tdms -> D:/Lab/process/2025.6.20/time\stopdirtyback\20250620203701.532839.csv
2025-10-17 10:47:48-INFO-[tdms_reader_time.py:158]-元数据保存: D:/Lab/process/2025.6.20/time\stopdirtyback\20250620203701.532839_metadata.json
2025-10-17 10:47:48-INFO-[tdms_reader_time.py:136]-  已写入 200000/200000 行数据
2025-10-17 10:47:48-INFO-[tdms_reader_time.py:157]-已转换: 20250620203707.478189.tdms -> D:/Lab/process/2025.6.20/time\stopdirtyback\20250620203707.478189.csv
2025-10-17 10:47:48-INFO-[tdms_reader_time.py:158]-元数据保存: D:/Lab/process/2025.6.20/time\stopdirtyback\20250620203707.478189_metadata.json
2025-10-17 10:47:48-INFO-[tdms_reader_time.py:44]-开始处理文件: D:/Lab/raw/2025.6.20\test\20250620193249.732466.tdms
2025-10-17 10:47:48-INFO-[tdms_reader_time.py:44]-开始处理文件: D:/Lab/raw/2025.6.20\test\20250620193252.662583.tdms
2025-10-17 10:47:48-INFO-[tdms_reader_time.py:71]-处理文件: 20250620193249.732466.tdms, 数据长度: 200000, 通道数: 16
2025-10-17 10:47:48-INFO-[tdms_reader_time.py:79]-使用实际采样间隔: 5e-06 秒
2025-10-17 10:47:48-INFO-[tdms_reader_time.py:92]-使用通道起始时间: 2025-06-20 11:32:48.382559
2025-10-17 10:47:48-INFO-[tdms_reader_time.py:71]-处理文件: 20250620193252.662583.tdms, 数据长度: 200000, 通道数: 16
2025-10-17 10:47:48-INFO-[tdms_reader_time.py:79]-使用实际采样间隔: 5e-06 秒
2025-10-17 10:47:48-INFO-[tdms_reader_time.py:92]-使用通道起始时间: 2025-06-20 11:32:51.300321
2025-10-17 10:47:48-INFO-[tdms_reader_time.py:136]-  已写入 200000/200000 行数据
2025-10-17 10:47:48-INFO-[tdms_reader_time.py:157]-已转换: 20250620203716.299159.tdms -> D:/Lab/process/2025.6.20/time\stopdirtyback\20250620203716.299159.csv
2025-10-17 10:47:48-INFO-[tdms_reader_time.py:158]-元数据保存: D:/Lab/process/2025.6.20/time\stopdirtyback\20250620203716.299159_metadata.json
2025-10-17 10:47:48-INFO-[tdms_reader_time.py:44]-开始处理文件: D:/Lab/raw/2025.6.20\test\20250620193255.616210.tdms
2025-10-17 10:47:48-INFO-[tdms_reader_time.py:71]-处理文件: 20250620193255.616210.tdms, 数据长度: 200000, 通道数: 16
2025-10-17 10:47:48-INFO-[tdms_reader_time.py:79]-使用实际采样间隔: 5e-06 秒
2025-10-17 10:47:48-INFO-[tdms_reader_time.py:92]-使用通道起始时间: 2025-06-20 11:32:54.252443
2025-10-17 10:47:48-INFO-[tdms_reader_time.py:136]-  已写入 200000/200000 行数据
2025-10-17 10:47:48-INFO-[tdms_reader_time.py:157]-已转换: 20250620203710.409991.tdms -> D:/Lab/process/2025.6.20/time\stopdirtyback\20250620203710.409991.csv
2025-10-17 10:47:48-INFO-[tdms_reader_time.py:158]-元数据保存: D:/Lab/process/2025.6.20/time\stopdirtyback\20250620203710.409991_metadata.json
2025-10-17 10:47:48-INFO-[tdms_reader_time.py:44]-开始处理文件: D:/Lab/raw/2025.6.20\test\20250620193258.574172.tdms
2025-10-17 10:47:48-INFO-[tdms_reader_time.py:71]-处理文件: 20250620193258.574172.tdms, 数据长度: 200000, 通道数: 16
2025-10-17 10:47:48-INFO-[tdms_reader_time.py:79]-使用实际采样间隔: 5e-06 秒
2025-10-17 10:47:48-INFO-[tdms_reader_time.py:92]-使用通道起始时间: 2025-06-20 11:32:57.203055
2025-10-17 10:47:48-INFO-[tdms_reader_time.py:136]-  已写入 200000/200000 行数据
2025-10-17 10:47:48-INFO-[tdms_reader_time.py:157]-已转换: 20250620203713.390256.tdms -> D:/Lab/process/2025.6.20/time\stopdirtyback\20250620203713.390256.csv
2025-10-17 10:47:48-INFO-[tdms_reader_time.py:158]-元数据保存: D:/Lab/process/2025.6.20/time\stopdirtyback\20250620203713.390256_metadata.json
2025-10-17 10:47:48-INFO-[tdms_reader_time.py:44]-开始处理文件: D:/Lab/raw/2025.6.20\test\20250620193301.508846.tdms
2025-10-17 10:47:48-INFO-[tdms_reader_time.py:71]-处理文件: 20250620193301.508846.tdms, 数据长度: 200000, 通道数: 16
2025-10-17 10:47:48-INFO-[tdms_reader_time.py:79]-使用实际采样间隔: 5e-06 秒
2025-10-17 10:47:48-INFO-[tdms_reader_time.py:92]-使用通道起始时间: 2025-06-20 11:33:00.141653
2025-10-17 10:47:48-INFO-[tdms_reader_time.py:136]-  已写入 200000/200000 行数据
2025-10-17 10:47:48-INFO-[tdms_reader_time.py:157]-已转换: 20250620203722.132566.tdms -> D:/Lab/process/2025.6.20/time\stopdirtyback\20250620203722.132566.csv
2025-10-17 10:47:48-INFO-[tdms_reader_time.py:158]-元数据保存: D:/Lab/process/2025.6.20/time\stopdirtyback\20250620203722.132566_metadata.json
2025-10-17 10:47:48-INFO-[tdms_reader_time.py:44]-开始处理文件: D:/Lab/raw/2025.6.20\test\20250620193304.484258.tdms
2025-10-17 10:47:48-INFO-[tdms_reader_time.py:71]-处理文件: 20250620193304.484258.tdms, 数据长度: 200000, 通道数: 16
2025-10-17 10:47:48-INFO-[tdms_reader_time.py:136]-  已写入 200000/200000 行数据
2025-10-17 10:47:48-INFO-[tdms_reader_time.py:79]-使用实际采样间隔: 5e-06 秒
2025-10-17 10:47:48-INFO-[tdms_reader_time.py:92]-使用通道起始时间: 2025-06-20 11:33:03.099288
2025-10-17 10:47:48-INFO-[tdms_reader_time.py:157]-已转换: 20250620203739.731672.tdms -> D:/Lab/process/2025.6.20/time\stopdirtyback\20250620203739.731672.csv
2025-10-17 10:47:48-INFO-[tdms_reader_time.py:158]-元数据保存: D:/Lab/process/2025.6.20/time\stopdirtyback\20250620203739.731672_metadata.json
2025-10-17 10:47:48-INFO-[tdms_reader_time.py:136]-  已写入 200000/200000 行数据
2025-10-17 10:47:48-INFO-[tdms_reader_time.py:157]-已转换: 20250620203727.976887.tdms -> D:/Lab/process/2025.6.20/time\stopdirtyback\20250620203727.976887.csv
2025-10-17 10:47:48-INFO-[tdms_reader_time.py:158]-元数据保存: D:/Lab/process/2025.6.20/time\stopdirtyback\20250620203727.976887_metadata.json
2025-10-17 10:47:48-INFO-[tdms_reader_time.py:136]-  已写入 200000/200000 行数据
2025-10-17 10:47:48-INFO-[tdms_reader_time.py:136]-  已写入 200000/200000 行数据
2025-10-17 10:47:48-INFO-[tdms_reader_time.py:157]-已转换: 20250620203725.055667.tdms -> D:/Lab/process/2025.6.20/time\stopdirtyback\20250620203725.055667.csv
2025-10-17 10:47:48-INFO-[tdms_reader_time.py:158]-元数据保存: D:/Lab/process/2025.6.20/time\stopdirtyback\20250620203725.055667_metadata.json
2025-10-17 10:47:48-INFO-[tdms_reader_time.py:157]-已转换: 20250620203736.809154.tdms -> D:/Lab/process/2025.6.20/time\stopdirtyback\20250620203736.809154.csv
2025-10-17 10:47:48-INFO-[tdms_reader_time.py:158]-元数据保存: D:/Lab/process/2025.6.20/time\stopdirtyback\20250620203736.809154_metadata.json
2025-10-17 10:47:48-INFO-[tdms_reader_time.py:44]-开始处理文件: D:/Lab/raw/2025.6.20\test\20250620193307.430461.tdms
2025-10-17 10:47:48-INFO-[tdms_reader_time.py:44]-开始处理文件: D:/Lab/raw/2025.6.20\test\20250620193310.390563.tdms
2025-10-17 10:47:48-INFO-[tdms_reader_time.py:44]-开始处理文件: D:/Lab/raw/2025.6.20\test\20250620193313.360571.tdms
2025-10-17 10:47:48-INFO-[tdms_reader_time.py:44]-开始处理文件: D:/Lab/raw/2025.6.20\test\20250620193316.385404.tdms
2025-10-17 10:47:48-INFO-[tdms_reader_time.py:71]-处理文件: 20250620193307.430461.tdms, 数据长度: 200000, 通道数: 16
2025-10-17 10:47:48-INFO-[tdms_reader_time.py:79]-使用实际采样间隔: 5e-06 秒
2025-10-17 10:47:48-INFO-[tdms_reader_time.py:92]-使用通道起始时间: 2025-06-20 11:33:06.060083
2025-10-17 10:47:48-INFO-[tdms_reader_time.py:71]-处理文件: 20250620193313.360571.tdms, 数据长度: 200000, 通道数: 16
2025-10-17 10:47:48-INFO-[tdms_reader_time.py:71]-处理文件: 20250620193310.390563.tdms, 数据长度: 200000, 通道数: 16
2025-10-17 10:47:48-INFO-[tdms_reader_time.py:79]-使用实际采样间隔: 5e-06 秒
2025-10-17 10:47:48-INFO-[tdms_reader_time.py:79]-使用实际采样间隔: 5e-06 秒
2025-10-17 10:47:48-INFO-[tdms_reader_time.py:92]-使用通道起始时间: 2025-06-20 11:33:11.997665
2025-10-17 10:47:48-INFO-[tdms_reader_time.py:92]-使用通道起始时间: 2025-06-20 11:33:09.026716
2025-10-17 10:47:48-INFO-[tdms_reader_time.py:71]-处理文件: 20250620193316.385404.tdms, 数据长度: 200000, 通道数: 16
2025-10-17 10:47:48-INFO-[tdms_reader_time.py:79]-使用实际采样间隔: 5e-06 秒
2025-10-17 10:47:48-INFO-[tdms_reader_time.py:92]-使用通道起始时间: 2025-06-20 11:33:15.016763
2025-10-17 10:47:48-INFO-[tdms_reader_time.py:136]-  已写入 200000/200000 行数据
2025-10-17 10:47:48-INFO-[tdms_reader_time.py:157]-已转换: 20250620203730.949081.tdms -> D:/Lab/process/2025.6.20/time\stopdirtyback\20250620203730.949081.csv
2025-10-17 10:47:48-INFO-[tdms_reader_time.py:158]-元数据保存: D:/Lab/process/2025.6.20/time\stopdirtyback\20250620203730.949081_metadata.json
2025-10-17 10:47:48-INFO-[tdms_reader_time.py:44]-开始处理文件: D:/Lab/raw/2025.6.20\test\20250620193319.359090.tdms
2025-10-17 10:47:48-INFO-[tdms_reader_time.py:71]-处理文件: 20250620193319.359090.tdms, 数据长度: 200000, 通道数: 16
2025-10-17 10:47:48-INFO-[tdms_reader_time.py:79]-使用实际采样间隔: 5e-06 秒
2025-10-17 10:47:48-INFO-[tdms_reader_time.py:92]-使用通道起始时间: 2025-06-20 11:33:18.006834
2025-10-17 10:47:48-INFO-[tdms_reader_time.py:136]-  已写入 200000/200000 行数据
2025-10-17 10:47:48-INFO-[tdms_reader_time.py:157]-已转换: 20250620203733.850068.tdms -> D:/Lab/process/2025.6.20/time\stopdirtyback\20250620203733.850068.csv
2025-10-17 10:47:48-INFO-[tdms_reader_time.py:158]-元数据保存: D:/Lab/process/2025.6.20/time\stopdirtyback\20250620203733.850068_metadata.json
2025-10-17 10:47:48-INFO-[tdms_reader_time.py:44]-开始处理文件: D:/Lab/raw/2025.6.20\test\20250620193322.349448.tdms
2025-10-17 10:47:48-INFO-[tdms_reader_time.py:71]-处理文件: 20250620193322.349448.tdms, 数据长度: 200000, 通道数: 16
2025-10-17 10:47:48-INFO-[tdms_reader_time.py:136]-  已写入 200000/200000 行数据
2025-10-17 10:47:48-INFO-[tdms_reader_time.py:79]-使用实际采样间隔: 5e-06 秒
2025-10-17 10:47:48-INFO-[tdms_reader_time.py:157]-已转换: 20250620203745.567957.tdms -> D:/Lab/process/2025.6.20/time\stopdirtyback\20250620203745.567957.csv
2025-10-17 10:47:48-INFO-[tdms_reader_time.py:92]-使用通道起始时间: 2025-06-20 11:33:20.991885
2025-10-17 10:47:48-INFO-[tdms_reader_time.py:136]-  已写入 200000/200000 行数据
2025-10-17 10:47:48-INFO-[tdms_reader_time.py:158]-元数据保存: D:/Lab/process/2025.6.20/time\stopdirtyback\20250620203745.567957_metadata.json
2025-10-17 10:47:48-INFO-[tdms_reader_time.py:157]-已转换: 20250620203742.636087.tdms -> D:/Lab/process/2025.6.20/time\stopdirtyback\20250620203742.636087.csv
2025-10-17 10:47:48-INFO-[tdms_reader_time.py:158]-元数据保存: D:/Lab/process/2025.6.20/time\stopdirtyback\20250620203742.636087_metadata.json
2025-10-17 10:47:48-INFO-[tdms_reader_time.py:44]-开始处理文件: D:/Lab/raw/2025.6.20\test\20250620193325.269995.tdms
2025-10-17 10:47:49-INFO-[tdms_reader_time.py:136]-  已写入 200000/200000 行数据
2025-10-17 10:47:49-INFO-[tdms_reader_time.py:157]-已转换: 20250620203748.493319.tdms -> D:/Lab/process/2025.6.20/time\stopdirtyback\20250620203748.493319.csv
2025-10-17 10:47:49-INFO-[tdms_reader_time.py:158]-元数据保存: D:/Lab/process/2025.6.20/time\stopdirtyback\20250620203748.493319_metadata.json
2025-10-17 10:47:49-INFO-[tdms_reader_time.py:71]-处理文件: 20250620193325.269995.tdms, 数据长度: 200000, 通道数: 16
2025-10-17 10:47:49-INFO-[tdms_reader_time.py:79]-使用实际采样间隔: 5e-06 秒
2025-10-17 10:47:49-INFO-[tdms_reader_time.py:92]-使用通道起始时间: 2025-06-20 11:33:23.909294
2025-10-17 10:47:49-INFO-[tdms_reader_time.py:136]-  已写入 200000/200000 行数据
2025-10-17 10:47:49-INFO-[tdms_reader_time.py:157]-已转换: 20250620203751.394046.tdms -> D:/Lab/process/2025.6.20/time\stopdirtyback\20250620203751.394046.csv
2025-10-17 10:47:49-INFO-[tdms_reader_time.py:158]-元数据保存: D:/Lab/process/2025.6.20/time\stopdirtyback\20250620203751.394046_metadata.json
2025-10-17 10:47:49-INFO-[tdms_reader_time.py:136]-  已写入 200000/200000 行数据
2025-10-17 10:47:49-INFO-[tdms_reader_time.py:157]-已转换: 20250620203754.381011.tdms -> D:/Lab/process/2025.6.20/time\stopdirtyback\20250620203754.381011.csv
2025-10-17 10:47:49-INFO-[tdms_reader_time.py:158]-元数据保存: D:/Lab/process/2025.6.20/time\stopdirtyback\20250620203754.381011_metadata.json
2025-10-17 10:47:50-INFO-[tdms_reader_time.py:136]-  已写入 100000/200000 行数据
2025-10-17 10:47:51-INFO-[tdms_reader_time.py:136]-  已写入 100000/200000 行数据
2025-10-17 10:47:51-INFO-[tdms_reader_time.py:136]-  已写入 100000/200000 行数据
2025-10-17 10:47:51-INFO-[tdms_reader_time.py:136]-  已写入 100000/200000 行数据
2025-10-17 10:47:51-INFO-[tdms_reader_time.py:136]-  已写入 100000/200000 行数据
2025-10-17 10:47:51-INFO-[tdms_reader_time.py:136]-  已写入 100000/200000 行数据
2025-10-17 10:47:51-INFO-[tdms_reader_time.py:136]-  已写入 100000/200000 行数据
2025-10-17 10:47:51-INFO-[tdms_reader_time.py:136]-  已写入 100000/200000 行数据
2025-10-17 10:47:51-INFO-[tdms_reader_time.py:136]-  已写入 100000/200000 行数据
2025-10-17 10:47:51-INFO-[tdms_reader_time.py:136]-  已写入 100000/200000 行数据
2025-10-17 10:47:51-INFO-[tdms_reader_time.py:136]-  已写入 100000/200000 行数据
2025-10-17 10:47:51-INFO-[tdms_reader_time.py:136]-  已写入 100000/200000 行数据
2025-10-17 10:47:51-INFO-[tdms_reader_time.py:136]-  已写入 100000/200000 行数据
2025-10-17 10:47:51-INFO-[tdms_reader_time.py:136]-  已写入 100000/200000 行数据
2025-10-17 10:47:51-INFO-[tdms_reader_time.py:136]-  已写入 100000/200000 行数据
2025-10-17 10:47:51-INFO-[tdms_reader_time.py:136]-  已写入 100000/200000 行数据
2025-10-17 10:47:51-INFO-[tdms_reader_time.py:136]-  已写入 100000/200000 行数据
2025-10-17 10:47:51-INFO-[tdms_reader_time.py:136]-  已写入 100000/200000 行数据
2025-10-17 10:47:51-INFO-[tdms_reader_time.py:136]-  已写入 100000/200000 行数据
2025-10-17 10:47:52-INFO-[tdms_reader_time.py:136]-  已写入 100000/200000 行数据
2025-10-17 10:47:52-INFO-[tdms_reader_time.py:136]-  已写入 100000/200000 行数据
2025-10-17 10:47:52-INFO-[tdms_reader_time.py:136]-  已写入 100000/200000 行数据
2025-10-17 10:47:52-INFO-[tdms_reader_time.py:136]-  已写入 100000/200000 行数据
2025-10-17 10:47:52-INFO-[tdms_reader_time.py:136]-  已写入 100000/200000 行数据
2025-10-17 10:47:53-INFO-[tdms_reader_time.py:136]-  已写入 200000/200000 行数据
2025-10-17 10:47:53-INFO-[tdms_reader_time.py:157]-已转换: 20250620203757.355624.tdms -> D:/Lab/process/2025.6.20/time\stopdirtyback\20250620203757.355624.csv
2025-10-17 10:47:53-INFO-[tdms_reader_time.py:158]-元数据保存: D:/Lab/process/2025.6.20/time\stopdirtyback\20250620203757.355624_metadata.json
2025-10-17 10:47:54-INFO-[tdms_reader_time.py:136]-  已写入 200000/200000 行数据
2025-10-17 10:47:54-INFO-[tdms_reader_time.py:157]-已转换: 20250620203800.231357.tdms -> D:/Lab/process/2025.6.20/time\stopdirtyback\20250620203800.231357.csv
2025-10-17 10:47:54-INFO-[tdms_reader_time.py:158]-元数据保存: D:/Lab/process/2025.6.20/time\stopdirtyback\20250620203800.231357_metadata.json
2025-10-17 10:47:54-INFO-[tdms_reader_time.py:136]-  已写入 200000/200000 行数据
2025-10-17 10:47:54-INFO-[tdms_reader_time.py:157]-已转换: 20250620193223.119184.tdms -> D:/Lab/process/2025.6.20/time\test\20250620193223.119184.csv
2025-10-17 10:47:54-INFO-[tdms_reader_time.py:158]-元数据保存: D:/Lab/process/2025.6.20/time\test\20250620193223.119184_metadata.json
2025-10-17 10:47:54-INFO-[tdms_reader_time.py:136]-  已写入 200000/200000 行数据
2025-10-17 10:47:54-INFO-[tdms_reader_time.py:157]-已转换: 20250620193226.144821.tdms -> D:/Lab/process/2025.6.20/time\test\20250620193226.144821.csv
2025-10-17 10:47:54-INFO-[tdms_reader_time.py:158]-元数据保存: D:/Lab/process/2025.6.20/time\test\20250620193226.144821_metadata.json
2025-10-17 10:47:54-INFO-[tdms_reader_time.py:136]-  已写入 200000/200000 行数据
2025-10-17 10:47:54-INFO-[tdms_reader_time.py:157]-已转换: 20250620193229.092219.tdms -> D:/Lab/process/2025.6.20/time\test\20250620193229.092219.csv
2025-10-17 10:47:54-INFO-[tdms_reader_time.py:158]-元数据保存: D:/Lab/process/2025.6.20/time\test\20250620193229.092219_metadata.json
2025-10-17 10:47:54-INFO-[tdms_reader_time.py:136]-  已写入 200000/200000 行数据
2025-10-17 10:47:54-INFO-[tdms_reader_time.py:157]-已转换: 20250620193243.809867.tdms -> D:/Lab/process/2025.6.20/time\test\20250620193243.809867.csv
2025-10-17 10:47:54-INFO-[tdms_reader_time.py:158]-元数据保存: D:/Lab/process/2025.6.20/time\test\20250620193243.809867_metadata.json
2025-10-17 10:47:54-INFO-[tdms_reader_time.py:136]-  已写入 200000/200000 行数据
2025-10-17 10:47:54-INFO-[tdms_reader_time.py:136]-  已写入 200000/200000 行数据
2025-10-17 10:47:54-INFO-[tdms_reader_time.py:157]-已转换: 20250620193232.047310.tdms -> D:/Lab/process/2025.6.20/time\test\20250620193232.047310.csv
2025-10-17 10:47:54-INFO-[tdms_reader_time.py:157]-已转换: 20250620193234.988384.tdms -> D:/Lab/process/2025.6.20/time\test\20250620193234.988384.csv
2025-10-17 10:47:54-INFO-[tdms_reader_time.py:158]-元数据保存: D:/Lab/process/2025.6.20/time\test\20250620193232.047310_metadata.json
2025-10-17 10:47:54-INFO-[tdms_reader_time.py:158]-元数据保存: D:/Lab/process/2025.6.20/time\test\20250620193234.988384_metadata.json
2025-10-17 10:47:54-INFO-[tdms_reader_time.py:136]-  已写入 200000/200000 行数据
2025-10-17 10:47:54-INFO-[tdms_reader_time.py:157]-已转换: 20250620193237.935547.tdms -> D:/Lab/process/2025.6.20/time\test\20250620193237.935547.csv
2025-10-17 10:47:54-INFO-[tdms_reader_time.py:158]-元数据保存: D:/Lab/process/2025.6.20/time\test\20250620193237.935547_metadata.json
2025-10-17 10:47:54-INFO-[tdms_reader_time.py:136]-  已写入 200000/200000 行数据
2025-10-17 10:47:54-INFO-[tdms_reader_time.py:157]-已转换: 20250620193240.864516.tdms -> D:/Lab/process/2025.6.20/time\test\20250620193240.864516.csv
2025-10-17 10:47:54-INFO-[tdms_reader_time.py:158]-元数据保存: D:/Lab/process/2025.6.20/time\test\20250620193240.864516_metadata.json
2025-10-17 10:47:54-INFO-[tdms_reader_time.py:136]-  已写入 200000/200000 行数据
2025-10-17 10:47:54-INFO-[tdms_reader_time.py:157]-已转换: 20250620193246.763908.tdms -> D:/Lab/process/2025.6.20/time\test\20250620193246.763908.csv
2025-10-17 10:47:54-INFO-[tdms_reader_time.py:158]-元数据保存: D:/Lab/process/2025.6.20/time\test\20250620193246.763908_metadata.json
2025-10-17 10:47:54-INFO-[tdms_reader_time.py:136]-  已写入 200000/200000 行数据
2025-10-17 10:47:54-INFO-[tdms_reader_time.py:157]-已转换: 20250620193249.732466.tdms -> D:/Lab/process/2025.6.20/time\test\20250620193249.732466.csv
2025-10-17 10:47:54-INFO-[tdms_reader_time.py:158]-元数据保存: D:/Lab/process/2025.6.20/time\test\20250620193249.732466_metadata.json
2025-10-17 10:47:54-INFO-[tdms_reader_time.py:136]-  已写入 200000/200000 行数据
2025-10-17 10:47:54-INFO-[tdms_reader_time.py:157]-已转换: 20250620193255.616210.tdms -> D:/Lab/process/2025.6.20/time\test\20250620193255.616210.csv
2025-10-17 10:47:54-INFO-[tdms_reader_time.py:158]-元数据保存: D:/Lab/process/2025.6.20/time\test\20250620193255.616210_metadata.json
2025-10-17 10:47:54-INFO-[tdms_reader_time.py:136]-  已写入 200000/200000 行数据
2025-10-17 10:47:54-INFO-[tdms_reader_time.py:157]-已转换: 20250620193252.662583.tdms -> D:/Lab/process/2025.6.20/time\test\20250620193252.662583.csv
2025-10-17 10:47:54-INFO-[tdms_reader_time.py:158]-元数据保存: D:/Lab/process/2025.6.20/time\test\20250620193252.662583_metadata.json
2025-10-17 10:47:54-INFO-[tdms_reader_time.py:136]-  已写入 200000/200000 行数据
2025-10-17 10:47:54-INFO-[tdms_reader_time.py:157]-已转换: 20250620193258.574172.tdms -> D:/Lab/process/2025.6.20/time\test\20250620193258.574172.csv
2025-10-17 10:47:54-INFO-[tdms_reader_time.py:158]-元数据保存: D:/Lab/process/2025.6.20/time\test\20250620193258.574172_metadata.json
2025-10-17 10:47:54-INFO-[tdms_reader_time.py:136]-  已写入 200000/200000 行数据
2025-10-17 10:47:54-INFO-[tdms_reader_time.py:157]-已转换: 20250620193301.508846.tdms -> D:/Lab/process/2025.6.20/time\test\20250620193301.508846.csv
2025-10-17 10:47:54-INFO-[tdms_reader_time.py:158]-元数据保存: D:/Lab/process/2025.6.20/time\test\20250620193301.508846_metadata.json
2025-10-17 10:47:54-INFO-[tdms_reader_time.py:136]-  已写入 200000/200000 行数据
2025-10-17 10:47:54-INFO-[tdms_reader_time.py:157]-已转换: 20250620193304.484258.tdms -> D:/Lab/process/2025.6.20/time\test\20250620193304.484258.csv
2025-10-17 10:47:54-INFO-[tdms_reader_time.py:158]-元数据保存: D:/Lab/process/2025.6.20/time\test\20250620193304.484258_metadata.json
2025-10-17 10:47:54-INFO-[tdms_reader_time.py:136]-  已写入 200000/200000 行数据
2025-10-17 10:47:54-INFO-[tdms_reader_time.py:136]-  已写入 200000/200000 行数据
2025-10-17 10:47:54-INFO-[tdms_reader_time.py:157]-已转换: 20250620193313.360571.tdms -> D:/Lab/process/2025.6.20/time\test\20250620193313.360571.csv
2025-10-17 10:47:54-INFO-[tdms_reader_time.py:136]-  已写入 200000/200000 行数据
2025-10-17 10:47:54-INFO-[tdms_reader_time.py:157]-已转换: 20250620193316.385404.tdms -> D:/Lab/process/2025.6.20/time\test\20250620193316.385404.csv
2025-10-17 10:47:54-INFO-[tdms_reader_time.py:158]-元数据保存: D:/Lab/process/2025.6.20/time\test\20250620193313.360571_metadata.json
2025-10-17 10:47:54-INFO-[tdms_reader_time.py:158]-元数据保存: D:/Lab/process/2025.6.20/time\test\20250620193316.385404_metadata.json
2025-10-17 10:47:54-INFO-[tdms_reader_time.py:157]-已转换: 20250620193319.359090.tdms -> D:/Lab/process/2025.6.20/time\test\20250620193319.359090.csv
2025-10-17 10:47:54-INFO-[tdms_reader_time.py:158]-元数据保存: D:/Lab/process/2025.6.20/time\test\20250620193319.359090_metadata.json
2025-10-17 10:47:54-INFO-[tdms_reader_time.py:136]-  已写入 200000/200000 行数据
2025-10-17 10:47:54-INFO-[tdms_reader_time.py:157]-已转换: 20250620193307.430461.tdms -> D:/Lab/process/2025.6.20/time\test\20250620193307.430461.csv
2025-10-17 10:47:54-INFO-[tdms_reader_time.py:158]-元数据保存: D:/Lab/process/2025.6.20/time\test\20250620193307.430461_metadata.json
2025-10-17 10:47:54-INFO-[tdms_reader_time.py:136]-  已写入 200000/200000 行数据
2025-10-17 10:47:54-INFO-[tdms_reader_time.py:157]-已转换: 20250620193310.390563.tdms -> D:/Lab/process/2025.6.20/time\test\20250620193310.390563.csv
2025-10-17 10:47:54-INFO-[tdms_reader_time.py:158]-元数据保存: D:/Lab/process/2025.6.20/time\test\20250620193310.390563_metadata.json
2025-10-17 10:47:54-INFO-[tdms_reader_time.py:136]-  已写入 200000/200000 行数据
2025-10-17 10:47:54-INFO-[tdms_reader_time.py:157]-已转换: 20250620193322.349448.tdms -> D:/Lab/process/2025.6.20/time\test\20250620193322.349448.csv
2025-10-17 10:47:54-INFO-[tdms_reader_time.py:158]-元数据保存: D:/Lab/process/2025.6.20/time\test\20250620193322.349448_metadata.json
2025-10-17 10:47:54-INFO-[tdms_reader_time.py:136]-  已写入 200000/200000 行数据
2025-10-17 10:47:54-INFO-[tdms_reader_time.py:157]-已转换: 20250620193325.269995.tdms -> D:/Lab/process/2025.6.20/time\test\20250620193325.269995.csv
2025-10-17 10:47:54-INFO-[tdms_reader_time.py:158]-元数据保存: D:/Lab/process/2025.6.20/time\test\20250620193325.269995_metadata.json
2025-10-17 10:47:55-INFO-[tdms_reader_time.py:208]-所有文件处理完成
2025-10-17 10:47:55-INFO-[main.py:59]------------------------------执行完成-----------------------------
2025-10-17 10:52:37-INFO-[main.py:27]--------------------------启动数据分析系统-------------------------
2025-10-17 10:52:37-INFO-[file_utils.py:39]-paths.yaml 生成成功: C:\Users\17584\Documents\ALearning\Project\tools\DataProcess\config\paths.yaml
2025-10-17 10:52:37-INFO-[tdms_reader_time.py:38]-配置文件加载成功: C:\Users\17584\Documents\ALearning\Project\tools\DataProcess\config\paths.yaml
2025-10-17 10:52:37-INFO-[tdms_reader_time.py:174]-原始数据目录: D:/Lab/raw/2025.6.20
2025-10-17 10:52:37-INFO-[tdms_reader_time.py:175]-输出目录: D:/Lab/process/2025.6.20/time
2025-10-17 10:52:37-INFO-[tdms_reader_time.py:187]-找到 164 个TDMS文件
2025-10-17 10:53:21-INFO-[tdms_reader_time.py:191]-所有文件处理完成
2025-10-17 10:53:21-INFO-[main.py:59]------------------------------执行完成-----------------------------
