2025-09-12 14:24:00,977 - src.utils.logging_utils - INFO - 启动水下目标电荷探测数据分析系统
2025-09-12 14:24:00,987 - src.utils.logging_utils - INFO - 启动数据加载模块
2025-09-12 14:24:01,229 - src.utils.logging_utils - ERROR - 执行模块 load 时发生错误: No module named 'nptdms'
Traceback (most recent call last):
  File "C:\Users\17584\Documents\ALearning\Project\tools\DataProcess\src\main.py", line 44, in main
    from src.data_io.tdms_reader import main as load_main
  File "C:\Users\17584\Documents\ALearning\Project\tools\DataProcess\src\data_io\tdms_reader.py", line 12, in <module>
    from nptdms import TdmsFile
ModuleNotFoundError: No module named 'nptdms'
2025-09-12 14:24:19,672 - src.utils.logging_utils - INFO - 启动水下目标电荷探测数据分析系统
2025-09-12 14:24:19,736 - src.utils.logging_utils - INFO - 启动数据加载模块
2025-09-12 14:24:20,323 - numexpr.utils - INFO - Note: NumExpr detected 28 cores but "NUMEXPR_MAX_THREADS" not set, so enforcing safe limit of 16.
2025-09-12 14:24:20,323 - numexpr.utils - INFO - NumExpr defaulting to 16 threads.
2025-09-12 14:24:27,744 - src.utils.logging_utils - INFO - 模块执行完成
2025-09-12 14:28:18,251 - src.utils.logging_utils - INFO - 启动水下目标电荷探测数据分析系统
2025-09-12 14:28:18,259 - src.utils.logging_utils - INFO - 启动数据加载模块
2025-09-12 14:28:18,429 - numexpr.utils - INFO - Note: NumExpr detected 28 cores but "NUMEXPR_MAX_THREADS" not set, so enforcing safe limit of 16.
2025-09-12 14:28:18,429 - numexpr.utils - INFO - NumExpr defaulting to 16 threads.
2025-09-12 14:28:18,577 - src.utils.logging_utils - ERROR - 执行模块 load 时发生错误: main() takes 0 positional arguments but 2 were given
Traceback (most recent call last):
  File "C:\Users\17584\Documents\ALearning\Project\tools\DataProcess\src\main.py", line 45, in main
    load_main(args.data_folder, args.config)
TypeError: main() takes 0 positional arguments but 2 were given
2025-09-12 14:29:22,793 - src.utils.logging_utils - INFO - 启动水下目标电荷探测数据分析系统
2025-09-12 14:29:22,801 - src.utils.logging_utils - INFO - 启动数据加载模块
2025-09-12 14:29:22,972 - numexpr.utils - INFO - Note: NumExpr detected 28 cores but "NUMEXPR_MAX_THREADS" not set, so enforcing safe limit of 16.
2025-09-12 14:29:22,972 - numexpr.utils - INFO - NumExpr defaulting to 16 threads.
2025-09-12 14:30:07,762 - src.utils.logging_utils - INFO - 模块执行完成
2025-09-12 14:36:46,312 - src.utils.logging_utils - INFO - 启动水下目标电荷探测数据分析系统
2025-09-12 14:36:46,320 - src.utils.logging_utils - INFO - 启动数据加载模块
2025-09-12 14:36:46,483 - numexpr.utils - INFO - Note: NumExpr detected 28 cores but "NUMEXPR_MAX_THREADS" not set, so enforcing safe limit of 16.
2025-09-12 14:36:46,483 - numexpr.utils - INFO - NumExpr defaulting to 16 threads.
2025-09-12 14:37:45,882 - src.utils.logging_utils - INFO - 模块执行完成
2025-09-12 14:43:29,538 - src.utils.logging_utils - INFO - 启动水下目标电荷探测数据分析系统
2025-09-12 14:43:29,547 - src.utils.logging_utils - INFO - 启动数据加载模块
2025-09-12 14:43:29,717 - numexpr.utils - INFO - Note: NumExpr detected 28 cores but "NUMEXPR_MAX_THREADS" not set, so enforcing safe limit of 16.
2025-09-12 14:43:29,718 - numexpr.utils - INFO - NumExpr defaulting to 16 threads.
2025-09-12 14:44:28,535 - src.utils.logging_utils - INFO - 模块执行完成
2025-09-12 14:53:58,538 - src.utils.logging_utils - INFO - 启动水下目标电荷探测数据分析系统
2025-09-12 14:53:58,546 - src.utils.logging_utils - INFO - 启动时域分析模块
2025-09-12 14:53:58,696 - numexpr.utils - INFO - Note: NumExpr detected 28 cores but "NUMEXPR_MAX_THREADS" not set, so enforcing safe limit of 16.
2025-09-12 14:53:58,696 - numexpr.utils - INFO - NumExpr defaulting to 16 threads.
2025-09-12 14:54:00,454 - src.analysis.time_domain - INFO - 开始时域分析
2025-09-12 14:54:00,456 - src.analysis.time_domain - INFO - 时域分析模块初始化完成
2025-09-12 14:54:00,457 - src.analysis.time_domain - ERROR - 时域分析过程中发生错误: [WinError 3] 系统找不到指定的路径。: '/path/to/data'
Traceback (most recent call last):
  File "C:\Users\17584\Documents\ALearning\Project\tools\DataProcess\src\analysis\time_domain.py", line 243, in main
    results = analyzer.analyze_all_folders(data_folder)
  File "C:\Users\17584\Documents\ALearning\Project\tools\DataProcess\src\analysis\time_domain.py", line 140, in analyze_all_folders
    subfolders = [f.path for f in os.scandir(base_path) if f.is_dir()]
FileNotFoundError: [WinError 3] 系统找不到指定的路径。: '/path/to/data'
2025-09-12 14:54:00,458 - src.utils.logging_utils - INFO - 模块执行完成
2025-09-12 14:54:45,043 - src.utils.logging_utils - INFO - 启动水下目标电荷探测数据分析系统
2025-09-12 14:54:45,052 - src.utils.logging_utils - INFO - 启动时域分析模块
2025-09-12 14:54:45,197 - numexpr.utils - INFO - Note: NumExpr detected 28 cores but "NUMEXPR_MAX_THREADS" not set, so enforcing safe limit of 16.
2025-09-12 14:54:45,197 - numexpr.utils - INFO - NumExpr defaulting to 16 threads.
2025-09-12 14:54:46,202 - src.analysis.time_domain - INFO - 开始时域分析
2025-09-12 14:54:46,204 - src.analysis.time_domain - INFO - 时域分析模块初始化完成
2025-09-12 14:54:46,205 - src.analysis.time_domain - INFO - 找到 2 个子文件夹
2025-09-12 14:54:46,205 - src.analysis.time_domain - INFO - 开始分析文件夹: 2025.7.22
2025-09-12 14:54:46,206 - src.analysis.time_domain - WARNING - 在文件夹 D:\Lab\test\2025.7.22 中未找到CSV文件
2025-09-12 14:54:46,206 - src.analysis.time_domain - INFO - 开始分析文件夹: frequency_analysis_results
2025-09-12 14:54:46,206 - src.analysis.time_domain - WARNING - 在文件夹 D:\Lab\test\frequency_analysis_results 中未找到CSV文件
2025-09-12 14:54:46,206 - src.analysis.time_domain - ERROR - 时域分析未得到任何结果
2025-09-12 14:54:46,207 - src.utils.logging_utils - INFO - 模块执行完成
2025-09-12 14:55:19,314 - src.utils.logging_utils - INFO - 启动水下目标电荷探测数据分析系统
2025-09-12 14:55:19,323 - src.utils.logging_utils - INFO - 启动时域分析模块
2025-09-12 14:55:19,470 - numexpr.utils - INFO - Note: NumExpr detected 28 cores but "NUMEXPR_MAX_THREADS" not set, so enforcing safe limit of 16.
2025-09-12 14:55:19,470 - numexpr.utils - INFO - NumExpr defaulting to 16 threads.
2025-09-12 14:55:20,500 - src.analysis.time_domain - INFO - 开始时域分析
2025-09-12 14:55:20,502 - src.analysis.time_domain - INFO - 时域分析模块初始化完成
2025-09-12 14:55:20,502 - src.analysis.time_domain - INFO - 找到 3 个子文件夹
2025-09-12 14:55:20,502 - src.analysis.time_domain - INFO - 开始分析文件夹: BG
2025-09-12 14:55:20,503 - src.analysis.time_domain - INFO - 处理文件夹: BG，找到 21 个CSV文件
2025-09-12 14:56:06,747 - src.analysis.time_domain - INFO - 开始分析文件夹: GROUP2
2025-09-12 14:56:06,749 - src.analysis.time_domain - INFO - 处理文件夹: GROUP2，找到 20 个CSV文件
2025-09-12 14:56:45,050 - src.analysis.time_domain - INFO - 开始分析文件夹: GROUP3
2025-09-12 14:56:45,050 - src.analysis.time_domain - WARNING - 在文件夹 D:\Lab\test\2025.7.22\GROUP3 中未找到CSV文件
2025-09-12 14:56:45,054 - src.analysis.time_domain - INFO - 时域分析结果已保存到: D:\Lab\test\2025.7.22\results\time_domain_analysis_results.csv
2025-09-12 14:56:45,720 - src.analysis.time_domain - INFO - 已生成通道 1 的特征图
2025-09-12 14:56:46,215 - src.analysis.time_domain - INFO - 已生成通道 2 的特征图
2025-09-12 14:56:46,717 - src.analysis.time_domain - INFO - 已生成通道 3 的特征图
2025-09-12 14:56:47,192 - src.analysis.time_domain - INFO - 已生成通道 4 的特征图
2025-09-12 14:56:47,659 - src.analysis.time_domain - INFO - 已生成通道 5 的特征图
2025-09-12 14:56:48,193 - src.analysis.time_domain - INFO - 已生成通道 6 的特征图
2025-09-12 14:56:48,688 - src.analysis.time_domain - INFO - 已生成通道 7 的特征图
2025-09-12 14:56:49,208 - src.analysis.time_domain - INFO - 已生成通道 8 的特征图
2025-09-12 14:56:49,653 - src.analysis.time_domain - INFO - 已生成通道 9 的特征图
2025-09-12 14:56:50,139 - src.analysis.time_domain - INFO - 已生成通道 10 的特征图
2025-09-12 14:56:50,587 - src.analysis.time_domain - INFO - 已生成通道 11 的特征图
2025-09-12 14:56:51,065 - src.analysis.time_domain - INFO - 已生成通道 12 的特征图
2025-09-12 14:56:51,500 - src.analysis.time_domain - INFO - 已生成通道 13 的特征图
2025-09-12 14:56:51,940 - src.analysis.time_domain - INFO - 已生成通道 14 的特征图
2025-09-12 14:56:52,420 - src.analysis.time_domain - INFO - 已生成通道 15 的特征图
2025-09-12 14:56:52,865 - src.analysis.time_domain - INFO - 已生成通道 16 的特征图
2025-09-12 14:56:53,408 - src.analysis.time_domain - INFO - 已生成通道 1 的特征图
2025-09-12 14:56:53,909 - src.analysis.time_domain - INFO - 已生成通道 2 的特征图
2025-09-12 14:56:54,437 - src.analysis.time_domain - INFO - 已生成通道 3 的特征图
2025-09-12 14:56:54,903 - src.analysis.time_domain - INFO - 已生成通道 4 的特征图
2025-09-12 14:56:55,426 - src.analysis.time_domain - INFO - 已生成通道 5 的特征图
2025-09-12 14:56:55,894 - src.analysis.time_domain - INFO - 已生成通道 6 的特征图
2025-09-12 14:56:56,428 - src.analysis.time_domain - INFO - 已生成通道 7 的特征图
2025-09-12 14:56:56,913 - src.analysis.time_domain - INFO - 已生成通道 8 的特征图
2025-09-12 14:56:57,378 - src.analysis.time_domain - INFO - 已生成通道 9 的特征图
2025-09-12 14:56:57,881 - src.analysis.time_domain - INFO - 已生成通道 10 的特征图
2025-09-12 14:56:58,348 - src.analysis.time_domain - INFO - 已生成通道 11 的特征图
2025-09-12 14:56:58,858 - src.analysis.time_domain - INFO - 已生成通道 12 的特征图
2025-09-12 14:56:59,344 - src.analysis.time_domain - INFO - 已生成通道 13 的特征图
2025-09-12 14:56:59,835 - src.analysis.time_domain - INFO - 已生成通道 14 的特征图
2025-09-12 14:57:00,304 - src.analysis.time_domain - INFO - 已生成通道 15 的特征图
2025-09-12 14:57:00,797 - src.analysis.time_domain - INFO - 已生成通道 16 的特征图
2025-09-12 14:57:00,798 - src.analysis.time_domain - INFO - 时域分析完成
2025-09-12 14:57:00,798 - src.utils.logging_utils - INFO - 模块执行完成
2025-09-12 15:18:10,365 - src.utils.logging_utils - INFO - 启动水下目标电荷探测数据分析系统
2025-09-12 15:18:10,372 - src.utils.logging_utils - INFO - 启动时域分析模块
2025-09-12 15:18:10,521 - numexpr.utils - INFO - Note: NumExpr detected 28 cores but "NUMEXPR_MAX_THREADS" not set, so enforcing safe limit of 16.
2025-09-12 15:18:10,521 - numexpr.utils - INFO - NumExpr defaulting to 16 threads.
2025-09-12 15:18:11,535 - src.analysis.time_domain - INFO - 开始时域分析
2025-09-12 15:18:11,538 - src.analysis.time_domain - INFO - 时域分析模块初始化完成
2025-09-12 15:18:11,538 - src.analysis.time_domain - ERROR - 时域分析过程中发生错误: [WinError 3] 系统找不到指定的路径。: '/path/to/data'
Traceback (most recent call last):
  File "C:\Users\17584\Documents\ALearning\Project\tools\DataProcess\src\analysis\time_domain.py", line 449, in main
    results = analyzer.analyze_all_folders(data_folder)
  File "C:\Users\17584\Documents\ALearning\Project\tools\DataProcess\src\analysis\time_domain.py", line 182, in analyze_all_folders
    subfolders = [f.path for f in os.scandir(base_path) if f.is_dir()]
FileNotFoundError: [WinError 3] 系统找不到指定的路径。: '/path/to/data'
2025-09-12 15:18:11,538 - src.utils.logging_utils - INFO - 模块执行完成
2025-09-12 15:19:21,068 - src.utils.logging_utils - INFO - 启动水下目标电荷探测数据分析系统
2025-09-12 15:19:21,078 - src.utils.logging_utils - INFO - 启动时域分析模块
2025-09-12 15:19:21,228 - numexpr.utils - INFO - Note: NumExpr detected 28 cores but "NUMEXPR_MAX_THREADS" not set, so enforcing safe limit of 16.
2025-09-12 15:19:21,228 - numexpr.utils - INFO - NumExpr defaulting to 16 threads.
2025-09-12 15:19:22,245 - src.analysis.time_domain - INFO - 开始时域分析
2025-09-12 15:19:22,248 - src.analysis.time_domain - INFO - 时域分析模块初始化完成
2025-09-12 15:19:22,248 - src.analysis.time_domain - INFO - 找到 4 个子文件夹
2025-09-12 15:19:22,248 - src.analysis.time_domain - INFO - 开始分析文件夹: BG
2025-09-12 15:19:22,250 - src.analysis.time_domain - INFO - 处理文件夹: BG，找到 21 个CSV文件
2025-09-12 15:19:32,241 - src.analysis.time_domain - INFO - 开始分析文件夹: GROUP2
2025-09-12 15:19:32,242 - src.analysis.time_domain - INFO - 处理文件夹: GROUP2，找到 20 个CSV文件
2025-09-12 15:19:42,095 - src.analysis.time_domain - INFO - 开始分析文件夹: GROUP3
2025-09-12 15:19:42,096 - src.analysis.time_domain - WARNING - 在文件夹 D:\Lab\test\2025.7.22\GROUP3 中未找到CSV文件
2025-09-12 15:19:42,096 - src.analysis.time_domain - INFO - 开始分析文件夹: results
2025-09-12 15:19:42,096 - src.analysis.time_domain - INFO - 处理文件夹: results，找到 1 个CSV文件
2025-09-12 15:19:43,912 - src.analysis.time_domain - INFO - 时域分析结果已保存到: D:\Lab\test\2025.7.22\results\time_domain\time_domain_analysis_results.csv
2025-09-12 15:19:44,537 - matplotlib.text - WARNING - posx and posy should be finite values
2025-09-12 15:19:44,537 - matplotlib.text - WARNING - posx and posy should be finite values
2025-09-12 15:19:44,537 - matplotlib.text - WARNING - posx and posy should be finite values
2025-09-12 15:19:44,538 - matplotlib.text - WARNING - posx and posy should be finite values
2025-09-12 15:19:44,538 - matplotlib.text - WARNING - posx and posy should be finite values
2025-09-12 15:19:44,539 - matplotlib.text - WARNING - posx and posy should be finite values
2025-09-12 15:19:44,539 - matplotlib.text - WARNING - posx and posy should be finite values
2025-09-12 15:19:44,539 - matplotlib.text - WARNING - posx and posy should be finite values
2025-09-12 15:19:44,555 - matplotlib.text - WARNING - posx and posy should be finite values
2025-09-12 15:19:44,556 - matplotlib.text - WARNING - posx and posy should be finite values
2025-09-12 15:19:44,556 - matplotlib.text - WARNING - posx and posy should be finite values
2025-09-12 15:19:44,556 - matplotlib.text - WARNING - posx and posy should be finite values
2025-09-12 15:19:44,557 - matplotlib.text - WARNING - posx and posy should be finite values
2025-09-12 15:19:44,557 - matplotlib.text - WARNING - posx and posy should be finite values
2025-09-12 15:19:44,557 - matplotlib.text - WARNING - posx and posy should be finite values
2025-09-12 15:19:44,558 - matplotlib.text - WARNING - posx and posy should be finite values
2025-09-12 15:19:44,573 - matplotlib.text - WARNING - posx and posy should be finite values
2025-09-12 15:19:44,573 - matplotlib.text - WARNING - posx and posy should be finite values
2025-09-12 15:19:44,574 - matplotlib.text - WARNING - posx and posy should be finite values
2025-09-12 15:19:44,574 - matplotlib.text - WARNING - posx and posy should be finite values
2025-09-12 15:19:44,574 - matplotlib.text - WARNING - posx and posy should be finite values
2025-09-12 15:19:44,574 - matplotlib.text - WARNING - posx and posy should be finite values
2025-09-12 15:19:44,574 - matplotlib.text - WARNING - posx and posy should be finite values
2025-09-12 15:19:44,575 - matplotlib.text - WARNING - posx and posy should be finite values
2025-09-12 15:19:44,589 - matplotlib.text - WARNING - posx and posy should be finite values
2025-09-12 15:19:44,589 - matplotlib.text - WARNING - posx and posy should be finite values
2025-09-12 15:19:44,590 - matplotlib.text - WARNING - posx and posy should be finite values
2025-09-12 15:19:44,590 - matplotlib.text - WARNING - posx and posy should be finite values
2025-09-12 15:19:44,590 - matplotlib.text - WARNING - posx and posy should be finite values
2025-09-12 15:19:44,590 - matplotlib.text - WARNING - posx and posy should be finite values
2025-09-12 15:19:44,590 - matplotlib.text - WARNING - posx and posy should be finite values
2025-09-12 15:19:44,591 - matplotlib.text - WARNING - posx and posy should be finite values
2025-09-12 15:19:44,603 - matplotlib.text - WARNING - posx and posy should be finite values
2025-09-12 15:19:44,603 - matplotlib.text - WARNING - posx and posy should be finite values
2025-09-12 15:19:44,603 - matplotlib.text - WARNING - posx and posy should be finite values
2025-09-12 15:19:44,604 - matplotlib.text - WARNING - posx and posy should be finite values
2025-09-12 15:19:44,604 - matplotlib.text - WARNING - posx and posy should be finite values
2025-09-12 15:19:44,604 - matplotlib.text - WARNING - posx and posy should be finite values
2025-09-12 15:19:44,604 - matplotlib.text - WARNING - posx and posy should be finite values
2025-09-12 15:19:44,604 - matplotlib.text - WARNING - posx and posy should be finite values
2025-09-12 15:19:44,620 - matplotlib.text - WARNING - posx and posy should be finite values
2025-09-12 15:19:44,620 - matplotlib.text - WARNING - posx and posy should be finite values
2025-09-12 15:19:44,620 - matplotlib.text - WARNING - posx and posy should be finite values
2025-09-12 15:19:44,620 - matplotlib.text - WARNING - posx and posy should be finite values
2025-09-12 15:19:44,621 - matplotlib.text - WARNING - posx and posy should be finite values
2025-09-12 15:19:44,621 - matplotlib.text - WARNING - posx and posy should be finite values
2025-09-12 15:19:44,621 - matplotlib.text - WARNING - posx and posy should be finite values
2025-09-12 15:19:44,621 - matplotlib.text - WARNING - posx and posy should be finite values
2025-09-12 15:19:44,635 - matplotlib.text - WARNING - posx and posy should be finite values
2025-09-12 15:19:44,636 - matplotlib.text - WARNING - posx and posy should be finite values
2025-09-12 15:19:44,636 - matplotlib.text - WARNING - posx and posy should be finite values
2025-09-12 15:19:44,637 - matplotlib.text - WARNING - posx and posy should be finite values
2025-09-12 15:19:44,637 - matplotlib.text - WARNING - posx and posy should be finite values
2025-09-12 15:19:44,638 - matplotlib.text - WARNING - posx and posy should be finite values
2025-09-12 15:19:44,638 - matplotlib.text - WARNING - posx and posy should be finite values
2025-09-12 15:19:44,638 - matplotlib.text - WARNING - posx and posy should be finite values
2025-09-12 15:19:44,651 - matplotlib.text - WARNING - posx and posy should be finite values
2025-09-12 15:19:44,651 - matplotlib.text - WARNING - posx and posy should be finite values
2025-09-12 15:19:44,651 - matplotlib.text - WARNING - posx and posy should be finite values
2025-09-12 15:19:44,651 - matplotlib.text - WARNING - posx and posy should be finite values
2025-09-12 15:19:44,652 - matplotlib.text - WARNING - posx and posy should be finite values
2025-09-12 15:19:44,652 - matplotlib.text - WARNING - posx and posy should be finite values
2025-09-12 15:19:44,652 - matplotlib.text - WARNING - posx and posy should be finite values
2025-09-12 15:19:44,652 - matplotlib.text - WARNING - posx and posy should be finite values
2025-09-12 15:19:44,666 - matplotlib.text - WARNING - posx and posy should be finite values
2025-09-12 15:19:44,667 - matplotlib.text - WARNING - posx and posy should be finite values
2025-09-12 15:19:44,667 - matplotlib.text - WARNING - posx and posy should be finite values
2025-09-12 15:19:44,668 - matplotlib.text - WARNING - posx and posy should be finite values
2025-09-12 15:19:44,668 - matplotlib.text - WARNING - posx and posy should be finite values
2025-09-12 15:19:44,668 - matplotlib.text - WARNING - posx and posy should be finite values
2025-09-12 15:19:44,668 - matplotlib.text - WARNING - posx and posy should be finite values
2025-09-12 15:19:44,668 - matplotlib.text - WARNING - posx and posy should be finite values
2025-09-12 15:19:44,682 - matplotlib.text - WARNING - posx and posy should be finite values
2025-09-12 15:19:44,682 - matplotlib.text - WARNING - posx and posy should be finite values
2025-09-12 15:19:44,683 - matplotlib.text - WARNING - posx and posy should be finite values
2025-09-12 15:19:44,683 - matplotlib.text - WARNING - posx and posy should be finite values
2025-09-12 15:19:44,683 - matplotlib.text - WARNING - posx and posy should be finite values
2025-09-12 15:19:44,683 - matplotlib.text - WARNING - posx and posy should be finite values
2025-09-12 15:19:44,683 - matplotlib.text - WARNING - posx and posy should be finite values
2025-09-12 15:19:44,683 - matplotlib.text - WARNING - posx and posy should be finite values
2025-09-12 15:19:44,696 - matplotlib.text - WARNING - posx and posy should be finite values
2025-09-12 15:19:44,696 - matplotlib.text - WARNING - posx and posy should be finite values
2025-09-12 15:19:44,697 - matplotlib.text - WARNING - posx and posy should be finite values
2025-09-12 15:19:44,697 - matplotlib.text - WARNING - posx and posy should be finite values
2025-09-12 15:19:44,698 - matplotlib.text - WARNING - posx and posy should be finite values
2025-09-12 15:19:44,698 - matplotlib.text - WARNING - posx and posy should be finite values
2025-09-12 15:19:44,698 - matplotlib.text - WARNING - posx and posy should be finite values
2025-09-12 15:19:44,698 - matplotlib.text - WARNING - posx and posy should be finite values
2025-09-12 15:19:44,713 - matplotlib.text - WARNING - posx and posy should be finite values
2025-09-12 15:19:44,713 - matplotlib.text - WARNING - posx and posy should be finite values
2025-09-12 15:19:44,713 - matplotlib.text - WARNING - posx and posy should be finite values
2025-09-12 15:19:44,714 - matplotlib.text - WARNING - posx and posy should be finite values
2025-09-12 15:19:44,714 - matplotlib.text - WARNING - posx and posy should be finite values
2025-09-12 15:19:44,714 - matplotlib.text - WARNING - posx and posy should be finite values
2025-09-12 15:19:44,714 - matplotlib.text - WARNING - posx and posy should be finite values
2025-09-12 15:19:44,714 - matplotlib.text - WARNING - posx and posy should be finite values
2025-09-12 15:19:44,890 - matplotlib.text - WARNING - posx and posy should be finite values
2025-09-12 15:19:44,890 - matplotlib.text - WARNING - posx and posy should be finite values
2025-09-12 15:19:44,891 - matplotlib.text - WARNING - posx and posy should be finite values
2025-09-12 15:19:44,891 - matplotlib.text - WARNING - posx and posy should be finite values
2025-09-12 15:19:44,891 - matplotlib.text - WARNING - posx and posy should be finite values
2025-09-12 15:19:44,892 - matplotlib.text - WARNING - posx and posy should be finite values
2025-09-12 15:19:44,892 - matplotlib.text - WARNING - posx and posy should be finite values
2025-09-12 15:19:44,892 - matplotlib.text - WARNING - posx and posy should be finite values
2025-09-12 15:19:44,917 - matplotlib.text - WARNING - posx and posy should be finite values
2025-09-12 15:19:44,917 - matplotlib.text - WARNING - posx and posy should be finite values
2025-09-12 15:19:44,918 - matplotlib.text - WARNING - posx and posy should be finite values
2025-09-12 15:19:44,918 - matplotlib.text - WARNING - posx and posy should be finite values
2025-09-12 15:19:44,918 - matplotlib.text - WARNING - posx and posy should be finite values
2025-09-12 15:19:44,919 - matplotlib.text - WARNING - posx and posy should be finite values
2025-09-12 15:19:44,919 - matplotlib.text - WARNING - posx and posy should be finite values
2025-09-12 15:19:44,919 - matplotlib.text - WARNING - posx and posy should be finite values
2025-09-12 15:19:44,944 - matplotlib.text - WARNING - posx and posy should be finite values
2025-09-12 15:19:44,944 - matplotlib.text - WARNING - posx and posy should be finite values
2025-09-12 15:19:44,944 - matplotlib.text - WARNING - posx and posy should be finite values
2025-09-12 15:19:44,944 - matplotlib.text - WARNING - posx and posy should be finite values
2025-09-12 15:19:44,944 - matplotlib.text - WARNING - posx and posy should be finite values
2025-09-12 15:19:44,945 - matplotlib.text - WARNING - posx and posy should be finite values
2025-09-12 15:19:44,945 - matplotlib.text - WARNING - posx and posy should be finite values
2025-09-12 15:19:44,946 - matplotlib.text - WARNING - posx and posy should be finite values
2025-09-12 15:19:44,970 - matplotlib.text - WARNING - posx and posy should be finite values
2025-09-12 15:19:44,971 - matplotlib.text - WARNING - posx and posy should be finite values
2025-09-12 15:19:44,971 - matplotlib.text - WARNING - posx and posy should be finite values
2025-09-12 15:19:44,971 - matplotlib.text - WARNING - posx and posy should be finite values
2025-09-12 15:19:44,972 - matplotlib.text - WARNING - posx and posy should be finite values
2025-09-12 15:19:44,972 - matplotlib.text - WARNING - posx and posy should be finite values
2025-09-12 15:19:44,972 - matplotlib.text - WARNING - posx and posy should be finite values
2025-09-12 15:19:44,973 - matplotlib.text - WARNING - posx and posy should be finite values
2025-09-12 15:19:44,996 - matplotlib.text - WARNING - posx and posy should be finite values
2025-09-12 15:19:44,997 - matplotlib.text - WARNING - posx and posy should be finite values
2025-09-12 15:19:44,997 - matplotlib.text - WARNING - posx and posy should be finite values
2025-09-12 15:19:44,997 - matplotlib.text - WARNING - posx and posy should be finite values
2025-09-12 15:19:44,998 - matplotlib.text - WARNING - posx and posy should be finite values
2025-09-12 15:19:44,998 - matplotlib.text - WARNING - posx and posy should be finite values
2025-09-12 15:19:44,998 - matplotlib.text - WARNING - posx and posy should be finite values
2025-09-12 15:19:44,998 - matplotlib.text - WARNING - posx and posy should be finite values
2025-09-12 15:19:45,023 - matplotlib.text - WARNING - posx and posy should be finite values
2025-09-12 15:19:45,023 - matplotlib.text - WARNING - posx and posy should be finite values
2025-09-12 15:19:45,023 - matplotlib.text - WARNING - posx and posy should be finite values
2025-09-12 15:19:45,023 - matplotlib.text - WARNING - posx and posy should be finite values
2025-09-12 15:19:45,023 - matplotlib.text - WARNING - posx and posy should be finite values
2025-09-12 15:19:45,024 - matplotlib.text - WARNING - posx and posy should be finite values
2025-09-12 15:19:45,024 - matplotlib.text - WARNING - posx and posy should be finite values
2025-09-12 15:19:45,024 - matplotlib.text - WARNING - posx and posy should be finite values
2025-09-12 15:19:45,056 - matplotlib.text - WARNING - posx and posy should be finite values
2025-09-12 15:19:45,057 - matplotlib.text - WARNING - posx and posy should be finite values
2025-09-12 15:19:45,057 - matplotlib.text - WARNING - posx and posy should be finite values
2025-09-12 15:19:45,058 - matplotlib.text - WARNING - posx and posy should be finite values
2025-09-12 15:19:45,058 - matplotlib.text - WARNING - posx and posy should be finite values
2025-09-12 15:19:45,058 - matplotlib.text - WARNING - posx and posy should be finite values
2025-09-12 15:19:45,060 - matplotlib.text - WARNING - posx and posy should be finite values
2025-09-12 15:19:45,060 - matplotlib.text - WARNING - posx and posy should be finite values
2025-09-12 15:19:45,085 - matplotlib.text - WARNING - posx and posy should be finite values
2025-09-12 15:19:45,085 - matplotlib.text - WARNING - posx and posy should be finite values
2025-09-12 15:19:45,086 - matplotlib.text - WARNING - posx and posy should be finite values
2025-09-12 15:19:45,086 - matplotlib.text - WARNING - posx and posy should be finite values
2025-09-12 15:19:45,086 - matplotlib.text - WARNING - posx and posy should be finite values
2025-09-12 15:19:45,087 - matplotlib.text - WARNING - posx and posy should be finite values
2025-09-12 15:19:45,087 - matplotlib.text - WARNING - posx and posy should be finite values
2025-09-12 15:19:45,087 - matplotlib.text - WARNING - posx and posy should be finite values
2025-09-12 15:19:45,117 - matplotlib.text - WARNING - posx and posy should be finite values
2025-09-12 15:19:45,117 - matplotlib.text - WARNING - posx and posy should be finite values
2025-09-12 15:19:45,117 - matplotlib.text - WARNING - posx and posy should be finite values
2025-09-12 15:19:45,118 - matplotlib.text - WARNING - posx and posy should be finite values
2025-09-12 15:19:45,118 - matplotlib.text - WARNING - posx and posy should be finite values
2025-09-12 15:19:45,118 - matplotlib.text - WARNING - posx and posy should be finite values
2025-09-12 15:19:45,118 - matplotlib.text - WARNING - posx and posy should be finite values
2025-09-12 15:19:45,118 - matplotlib.text - WARNING - posx and posy should be finite values
2025-09-12 15:19:45,142 - matplotlib.text - WARNING - posx and posy should be finite values
2025-09-12 15:19:45,142 - matplotlib.text - WARNING - posx and posy should be finite values
2025-09-12 15:19:45,143 - matplotlib.text - WARNING - posx and posy should be finite values
2025-09-12 15:19:45,143 - matplotlib.text - WARNING - posx and posy should be finite values
2025-09-12 15:19:45,144 - matplotlib.text - WARNING - posx and posy should be finite values
2025-09-12 15:19:45,144 - matplotlib.text - WARNING - posx and posy should be finite values
2025-09-12 15:19:45,144 - matplotlib.text - WARNING - posx and posy should be finite values
2025-09-12 15:19:45,144 - matplotlib.text - WARNING - posx and posy should be finite values
2025-09-12 15:19:45,169 - matplotlib.text - WARNING - posx and posy should be finite values
2025-09-12 15:19:45,170 - matplotlib.text - WARNING - posx and posy should be finite values
2025-09-12 15:19:45,170 - matplotlib.text - WARNING - posx and posy should be finite values
2025-09-12 15:19:45,171 - matplotlib.text - WARNING - posx and posy should be finite values
2025-09-12 15:19:45,171 - matplotlib.text - WARNING - posx and posy should be finite values
2025-09-12 15:19:45,171 - matplotlib.text - WARNING - posx and posy should be finite values
2025-09-12 15:19:45,172 - matplotlib.text - WARNING - posx and posy should be finite values
2025-09-12 15:19:45,172 - matplotlib.text - WARNING - posx and posy should be finite values
2025-09-12 15:19:45,197 - matplotlib.text - WARNING - posx and posy should be finite values
2025-09-12 15:19:45,197 - matplotlib.text - WARNING - posx and posy should be finite values
2025-09-12 15:19:45,198 - matplotlib.text - WARNING - posx and posy should be finite values
2025-09-12 15:19:45,198 - matplotlib.text - WARNING - posx and posy should be finite values
2025-09-12 15:19:45,198 - matplotlib.text - WARNING - posx and posy should be finite values
2025-09-12 15:19:45,198 - matplotlib.text - WARNING - posx and posy should be finite values
2025-09-12 15:19:45,199 - matplotlib.text - WARNING - posx and posy should be finite values
2025-09-12 15:19:45,199 - matplotlib.text - WARNING - posx and posy should be finite values
2025-09-12 15:19:45,816 - src.analysis.time_domain - INFO - 已生成所有通道的特征对比图: BG
2025-09-12 15:19:46,555 - src.analysis.time_domain - INFO - 已生成雷达图: BG
2025-09-12 15:19:47,099 - matplotlib.text - WARNING - posx and posy should be finite values
2025-09-12 15:19:47,100 - matplotlib.text - WARNING - posx and posy should be finite values
2025-09-12 15:19:47,100 - matplotlib.text - WARNING - posx and posy should be finite values
2025-09-12 15:19:47,101 - matplotlib.text - WARNING - posx and posy should be finite values
2025-09-12 15:19:47,101 - matplotlib.text - WARNING - posx and posy should be finite values
2025-09-12 15:19:47,101 - matplotlib.text - WARNING - posx and posy should be finite values
2025-09-12 15:19:47,102 - matplotlib.text - WARNING - posx and posy should be finite values
2025-09-12 15:19:47,102 - matplotlib.text - WARNING - posx and posy should be finite values
2025-09-12 15:19:47,114 - matplotlib.text - WARNING - posx and posy should be finite values
2025-09-12 15:19:47,114 - matplotlib.text - WARNING - posx and posy should be finite values
2025-09-12 15:19:47,115 - matplotlib.text - WARNING - posx and posy should be finite values
2025-09-12 15:19:47,115 - matplotlib.text - WARNING - posx and posy should be finite values
2025-09-12 15:19:47,115 - matplotlib.text - WARNING - posx and posy should be finite values
2025-09-12 15:19:47,115 - matplotlib.text - WARNING - posx and posy should be finite values
2025-09-12 15:19:47,116 - matplotlib.text - WARNING - posx and posy should be finite values
2025-09-12 15:19:47,116 - matplotlib.text - WARNING - posx and posy should be finite values
2025-09-12 15:19:47,130 - matplotlib.text - WARNING - posx and posy should be finite values
2025-09-12 15:19:47,130 - matplotlib.text - WARNING - posx and posy should be finite values
2025-09-12 15:19:47,131 - matplotlib.text - WARNING - posx and posy should be finite values
2025-09-12 15:19:47,131 - matplotlib.text - WARNING - posx and posy should be finite values
2025-09-12 15:19:47,131 - matplotlib.text - WARNING - posx and posy should be finite values
2025-09-12 15:19:47,131 - matplotlib.text - WARNING - posx and posy should be finite values
2025-09-12 15:19:47,132 - matplotlib.text - WARNING - posx and posy should be finite values
2025-09-12 15:19:47,132 - matplotlib.text - WARNING - posx and posy should be finite values
2025-09-12 15:19:47,145 - matplotlib.text - WARNING - posx and posy should be finite values
2025-09-12 15:19:47,146 - matplotlib.text - WARNING - posx and posy should be finite values
2025-09-12 15:19:47,146 - matplotlib.text - WARNING - posx and posy should be finite values
2025-09-12 15:19:47,146 - matplotlib.text - WARNING - posx and posy should be finite values
2025-09-12 15:19:47,147 - matplotlib.text - WARNING - posx and posy should be finite values
2025-09-12 15:19:47,147 - matplotlib.text - WARNING - posx and posy should be finite values
2025-09-12 15:19:47,147 - matplotlib.text - WARNING - posx and posy should be finite values
2025-09-12 15:19:47,147 - matplotlib.text - WARNING - posx and posy should be finite values
2025-09-12 15:19:47,158 - matplotlib.text - WARNING - posx and posy should be finite values
2025-09-12 15:19:47,158 - matplotlib.text - WARNING - posx and posy should be finite values
2025-09-12 15:19:47,158 - matplotlib.text - WARNING - posx and posy should be finite values
2025-09-12 15:19:47,158 - matplotlib.text - WARNING - posx and posy should be finite values
2025-09-12 15:19:47,160 - matplotlib.text - WARNING - posx and posy should be finite values
2025-09-12 15:19:47,160 - matplotlib.text - WARNING - posx and posy should be finite values
2025-09-12 15:19:47,160 - matplotlib.text - WARNING - posx and posy should be finite values
2025-09-12 15:19:47,160 - matplotlib.text - WARNING - posx and posy should be finite values
2025-09-12 15:19:47,172 - matplotlib.text - WARNING - posx and posy should be finite values
2025-09-12 15:19:47,172 - matplotlib.text - WARNING - posx and posy should be finite values
2025-09-12 15:19:47,172 - matplotlib.text - WARNING - posx and posy should be finite values
2025-09-12 15:19:47,173 - matplotlib.text - WARNING - posx and posy should be finite values
2025-09-12 15:19:47,173 - matplotlib.text - WARNING - posx and posy should be finite values
2025-09-12 15:19:47,174 - matplotlib.text - WARNING - posx and posy should be finite values
2025-09-12 15:19:47,174 - matplotlib.text - WARNING - posx and posy should be finite values
2025-09-12 15:19:47,174 - matplotlib.text - WARNING - posx and posy should be finite values
2025-09-12 15:19:47,186 - matplotlib.text - WARNING - posx and posy should be finite values
2025-09-12 15:19:47,187 - matplotlib.text - WARNING - posx and posy should be finite values
2025-09-12 15:19:47,187 - matplotlib.text - WARNING - posx and posy should be finite values
2025-09-12 15:19:47,188 - matplotlib.text - WARNING - posx and posy should be finite values
2025-09-12 15:19:47,188 - matplotlib.text - WARNING - posx and posy should be finite values
2025-09-12 15:19:47,188 - matplotlib.text - WARNING - posx and posy should be finite values
2025-09-12 15:19:47,188 - matplotlib.text - WARNING - posx and posy should be finite values
2025-09-12 15:19:47,188 - matplotlib.text - WARNING - posx and posy should be finite values
2025-09-12 15:19:47,202 - matplotlib.text - WARNING - posx and posy should be finite values
2025-09-12 15:19:47,202 - matplotlib.text - WARNING - posx and posy should be finite values
2025-09-12 15:19:47,202 - matplotlib.text - WARNING - posx and posy should be finite values
2025-09-12 15:19:47,202 - matplotlib.text - WARNING - posx and posy should be finite values
2025-09-12 15:19:47,202 - matplotlib.text - WARNING - posx and posy should be finite values
2025-09-12 15:19:47,203 - matplotlib.text - WARNING - posx and posy should be finite values
2025-09-12 15:19:47,203 - matplotlib.text - WARNING - posx and posy should be finite values
2025-09-12 15:19:47,203 - matplotlib.text - WARNING - posx and posy should be finite values
2025-09-12 15:19:47,217 - matplotlib.text - WARNING - posx and posy should be finite values
2025-09-12 15:19:47,217 - matplotlib.text - WARNING - posx and posy should be finite values
2025-09-12 15:19:47,217 - matplotlib.text - WARNING - posx and posy should be finite values
2025-09-12 15:19:47,218 - matplotlib.text - WARNING - posx and posy should be finite values
2025-09-12 15:19:47,218 - matplotlib.text - WARNING - posx and posy should be finite values
2025-09-12 15:19:47,218 - matplotlib.text - WARNING - posx and posy should be finite values
2025-09-12 15:19:47,218 - matplotlib.text - WARNING - posx and posy should be finite values
2025-09-12 15:19:47,219 - matplotlib.text - WARNING - posx and posy should be finite values
2025-09-12 15:19:47,230 - matplotlib.text - WARNING - posx and posy should be finite values
2025-09-12 15:19:47,230 - matplotlib.text - WARNING - posx and posy should be finite values
2025-09-12 15:19:47,230 - matplotlib.text - WARNING - posx and posy should be finite values
2025-09-12 15:19:47,231 - matplotlib.text - WARNING - posx and posy should be finite values
2025-09-12 15:19:47,231 - matplotlib.text - WARNING - posx and posy should be finite values
2025-09-12 15:19:47,231 - matplotlib.text - WARNING - posx and posy should be finite values
2025-09-12 15:19:47,232 - matplotlib.text - WARNING - posx and posy should be finite values
2025-09-12 15:19:47,232 - matplotlib.text - WARNING - posx and posy should be finite values
2025-09-12 15:19:47,244 - matplotlib.text - WARNING - posx and posy should be finite values
2025-09-12 15:19:47,244 - matplotlib.text - WARNING - posx and posy should be finite values
2025-09-12 15:19:47,245 - matplotlib.text - WARNING - posx and posy should be finite values
2025-09-12 15:19:47,245 - matplotlib.text - WARNING - posx and posy should be finite values
2025-09-12 15:19:47,245 - matplotlib.text - WARNING - posx and posy should be finite values
2025-09-12 15:19:47,246 - matplotlib.text - WARNING - posx and posy should be finite values
2025-09-12 15:19:47,246 - matplotlib.text - WARNING - posx and posy should be finite values
2025-09-12 15:19:47,247 - matplotlib.text - WARNING - posx and posy should be finite values
2025-09-12 15:19:47,259 - matplotlib.text - WARNING - posx and posy should be finite values
2025-09-12 15:19:47,259 - matplotlib.text - WARNING - posx and posy should be finite values
2025-09-12 15:19:47,259 - matplotlib.text - WARNING - posx and posy should be finite values
2025-09-12 15:19:47,260 - matplotlib.text - WARNING - posx and posy should be finite values
2025-09-12 15:19:47,260 - matplotlib.text - WARNING - posx and posy should be finite values
2025-09-12 15:19:47,260 - matplotlib.text - WARNING - posx and posy should be finite values
2025-09-12 15:19:47,261 - matplotlib.text - WARNING - posx and posy should be finite values
2025-09-12 15:19:47,261 - matplotlib.text - WARNING - posx and posy should be finite values
2025-09-12 15:19:47,421 - matplotlib.text - WARNING - posx and posy should be finite values
2025-09-12 15:19:47,422 - matplotlib.text - WARNING - posx and posy should be finite values
2025-09-12 15:19:47,422 - matplotlib.text - WARNING - posx and posy should be finite values
2025-09-12 15:19:47,423 - matplotlib.text - WARNING - posx and posy should be finite values
2025-09-12 15:19:47,423 - matplotlib.text - WARNING - posx and posy should be finite values
2025-09-12 15:19:47,423 - matplotlib.text - WARNING - posx and posy should be finite values
2025-09-12 15:19:47,424 - matplotlib.text - WARNING - posx and posy should be finite values
2025-09-12 15:19:47,424 - matplotlib.text - WARNING - posx and posy should be finite values
2025-09-12 15:19:47,445 - matplotlib.text - WARNING - posx and posy should be finite values
2025-09-12 15:19:47,446 - matplotlib.text - WARNING - posx and posy should be finite values
2025-09-12 15:19:47,446 - matplotlib.text - WARNING - posx and posy should be finite values
2025-09-12 15:19:47,446 - matplotlib.text - WARNING - posx and posy should be finite values
2025-09-12 15:19:47,447 - matplotlib.text - WARNING - posx and posy should be finite values
2025-09-12 15:19:47,447 - matplotlib.text - WARNING - posx and posy should be finite values
2025-09-12 15:19:47,447 - matplotlib.text - WARNING - posx and posy should be finite values
2025-09-12 15:19:47,448 - matplotlib.text - WARNING - posx and posy should be finite values
2025-09-12 15:19:47,470 - matplotlib.text - WARNING - posx and posy should be finite values
2025-09-12 15:19:47,471 - matplotlib.text - WARNING - posx and posy should be finite values
2025-09-12 15:19:47,471 - matplotlib.text - WARNING - posx and posy should be finite values
2025-09-12 15:19:47,471 - matplotlib.text - WARNING - posx and posy should be finite values
2025-09-12 15:19:47,472 - matplotlib.text - WARNING - posx and posy should be finite values
2025-09-12 15:19:47,472 - matplotlib.text - WARNING - posx and posy should be finite values
2025-09-12 15:19:47,472 - matplotlib.text - WARNING - posx and posy should be finite values
2025-09-12 15:19:47,473 - matplotlib.text - WARNING - posx and posy should be finite values
2025-09-12 15:19:47,495 - matplotlib.text - WARNING - posx and posy should be finite values
2025-09-12 15:19:47,495 - matplotlib.text - WARNING - posx and posy should be finite values
2025-09-12 15:19:47,495 - matplotlib.text - WARNING - posx and posy should be finite values
2025-09-12 15:19:47,496 - matplotlib.text - WARNING - posx and posy should be finite values
2025-09-12 15:19:47,496 - matplotlib.text - WARNING - posx and posy should be finite values
2025-09-12 15:19:47,497 - matplotlib.text - WARNING - posx and posy should be finite values
2025-09-12 15:19:47,497 - matplotlib.text - WARNING - posx and posy should be finite values
2025-09-12 15:19:47,498 - matplotlib.text - WARNING - posx and posy should be finite values
2025-09-12 15:19:47,520 - matplotlib.text - WARNING - posx and posy should be finite values
2025-09-12 15:19:47,520 - matplotlib.text - WARNING - posx and posy should be finite values
2025-09-12 15:19:47,521 - matplotlib.text - WARNING - posx and posy should be finite values
2025-09-12 15:19:47,521 - matplotlib.text - WARNING - posx and posy should be finite values
2025-09-12 15:19:47,521 - matplotlib.text - WARNING - posx and posy should be finite values
2025-09-12 15:19:47,522 - matplotlib.text - WARNING - posx and posy should be finite values
2025-09-12 15:19:47,522 - matplotlib.text - WARNING - posx and posy should be finite values
2025-09-12 15:19:47,522 - matplotlib.text - WARNING - posx and posy should be finite values
2025-09-12 15:19:47,542 - matplotlib.text - WARNING - posx and posy should be finite values
2025-09-12 15:19:47,543 - matplotlib.text - WARNING - posx and posy should be finite values
2025-09-12 15:19:47,543 - matplotlib.text - WARNING - posx and posy should be finite values
2025-09-12 15:19:47,543 - matplotlib.text - WARNING - posx and posy should be finite values
2025-09-12 15:19:47,544 - matplotlib.text - WARNING - posx and posy should be finite values
2025-09-12 15:19:47,544 - matplotlib.text - WARNING - posx and posy should be finite values
2025-09-12 15:19:47,544 - matplotlib.text - WARNING - posx and posy should be finite values
2025-09-12 15:19:47,545 - matplotlib.text - WARNING - posx and posy should be finite values
2025-09-12 15:19:47,567 - matplotlib.text - WARNING - posx and posy should be finite values
2025-09-12 15:19:47,568 - matplotlib.text - WARNING - posx and posy should be finite values
2025-09-12 15:19:47,568 - matplotlib.text - WARNING - posx and posy should be finite values
2025-09-12 15:19:47,568 - matplotlib.text - WARNING - posx and posy should be finite values
2025-09-12 15:19:47,569 - matplotlib.text - WARNING - posx and posy should be finite values
2025-09-12 15:19:47,569 - matplotlib.text - WARNING - posx and posy should be finite values
2025-09-12 15:19:47,569 - matplotlib.text - WARNING - posx and posy should be finite values
2025-09-12 15:19:47,569 - matplotlib.text - WARNING - posx and posy should be finite values
2025-09-12 15:19:47,588 - matplotlib.text - WARNING - posx and posy should be finite values
2025-09-12 15:19:47,589 - matplotlib.text - WARNING - posx and posy should be finite values
2025-09-12 15:19:47,589 - matplotlib.text - WARNING - posx and posy should be finite values
2025-09-12 15:19:47,589 - matplotlib.text - WARNING - posx and posy should be finite values
2025-09-12 15:19:47,590 - matplotlib.text - WARNING - posx and posy should be finite values
2025-09-12 15:19:47,590 - matplotlib.text - WARNING - posx and posy should be finite values
2025-09-12 15:19:47,591 - matplotlib.text - WARNING - posx and posy should be finite values
2025-09-12 15:19:47,591 - matplotlib.text - WARNING - posx and posy should be finite values
2025-09-12 15:19:47,616 - matplotlib.text - WARNING - posx and posy should be finite values
2025-09-12 15:19:47,616 - matplotlib.text - WARNING - posx and posy should be finite values
2025-09-12 15:19:47,617 - matplotlib.text - WARNING - posx and posy should be finite values
2025-09-12 15:19:47,617 - matplotlib.text - WARNING - posx and posy should be finite values
2025-09-12 15:19:47,617 - matplotlib.text - WARNING - posx and posy should be finite values
2025-09-12 15:19:47,619 - matplotlib.text - WARNING - posx and posy should be finite values
2025-09-12 15:19:47,619 - matplotlib.text - WARNING - posx and posy should be finite values
2025-09-12 15:19:47,619 - matplotlib.text - WARNING - posx and posy should be finite values
2025-09-12 15:19:47,641 - matplotlib.text - WARNING - posx and posy should be finite values
2025-09-12 15:19:47,642 - matplotlib.text - WARNING - posx and posy should be finite values
2025-09-12 15:19:47,642 - matplotlib.text - WARNING - posx and posy should be finite values
2025-09-12 15:19:47,642 - matplotlib.text - WARNING - posx and posy should be finite values
2025-09-12 15:19:47,643 - matplotlib.text - WARNING - posx and posy should be finite values
2025-09-12 15:19:47,643 - matplotlib.text - WARNING - posx and posy should be finite values
2025-09-12 15:19:47,643 - matplotlib.text - WARNING - posx and posy should be finite values
2025-09-12 15:19:47,644 - matplotlib.text - WARNING - posx and posy should be finite values
2025-09-12 15:19:47,667 - matplotlib.text - WARNING - posx and posy should be finite values
2025-09-12 15:19:47,667 - matplotlib.text - WARNING - posx and posy should be finite values
2025-09-12 15:19:47,668 - matplotlib.text - WARNING - posx and posy should be finite values
2025-09-12 15:19:47,668 - matplotlib.text - WARNING - posx and posy should be finite values
2025-09-12 15:19:47,668 - matplotlib.text - WARNING - posx and posy should be finite values
2025-09-12 15:19:47,669 - matplotlib.text - WARNING - posx and posy should be finite values
2025-09-12 15:19:47,669 - matplotlib.text - WARNING - posx and posy should be finite values
2025-09-12 15:19:47,669 - matplotlib.text - WARNING - posx and posy should be finite values
2025-09-12 15:19:47,691 - matplotlib.text - WARNING - posx and posy should be finite values
2025-09-12 15:19:47,691 - matplotlib.text - WARNING - posx and posy should be finite values
2025-09-12 15:19:47,691 - matplotlib.text - WARNING - posx and posy should be finite values
2025-09-12 15:19:47,692 - matplotlib.text - WARNING - posx and posy should be finite values
2025-09-12 15:19:47,692 - matplotlib.text - WARNING - posx and posy should be finite values
2025-09-12 15:19:47,693 - matplotlib.text - WARNING - posx and posy should be finite values
2025-09-12 15:19:47,693 - matplotlib.text - WARNING - posx and posy should be finite values
2025-09-12 15:19:47,694 - matplotlib.text - WARNING - posx and posy should be finite values
2025-09-12 15:19:48,304 - src.analysis.time_domain - INFO - 已生成所有通道的特征对比图: GROUP2
2025-09-12 15:19:49,030 - src.analysis.time_domain - INFO - 已生成雷达图: GROUP2
2025-09-12 15:19:49,538 - matplotlib.text - WARNING - posx and posy should be finite values
2025-09-12 15:19:49,538 - matplotlib.text - WARNING - posx and posy should be finite values
2025-09-12 15:19:49,540 - matplotlib.text - WARNING - posx and posy should be finite values
2025-09-12 15:19:49,541 - matplotlib.text - WARNING - posx and posy should be finite values
2025-09-12 15:19:49,541 - matplotlib.text - WARNING - posx and posy should be finite values
2025-09-12 15:19:49,541 - matplotlib.text - WARNING - posx and posy should be finite values
2025-09-12 15:19:49,542 - matplotlib.text - WARNING - posx and posy should be finite values
2025-09-12 15:19:49,542 - matplotlib.text - WARNING - posx and posy should be finite values
2025-09-12 15:19:49,542 - matplotlib.text - WARNING - posx and posy should be finite values
2025-09-12 15:19:49,542 - matplotlib.text - WARNING - posx and posy should be finite values
2025-09-12 15:19:49,543 - matplotlib.text - WARNING - posx and posy should be finite values
2025-09-12 15:19:49,543 - matplotlib.text - WARNING - posx and posy should be finite values
2025-09-12 15:19:49,543 - matplotlib.text - WARNING - posx and posy should be finite values
2025-09-12 15:19:49,543 - matplotlib.text - WARNING - posx and posy should be finite values
2025-09-12 15:19:49,544 - matplotlib.text - WARNING - posx and posy should be finite values
2025-09-12 15:19:49,544 - matplotlib.text - WARNING - posx and posy should be finite values
2025-09-12 15:19:49,555 - matplotlib.text - WARNING - posx and posy should be finite values
2025-09-12 15:19:49,555 - matplotlib.text - WARNING - posx and posy should be finite values
2025-09-12 15:19:49,555 - matplotlib.text - WARNING - posx and posy should be finite values
2025-09-12 15:19:49,555 - matplotlib.text - WARNING - posx and posy should be finite values
2025-09-12 15:19:49,556 - matplotlib.text - WARNING - posx and posy should be finite values
2025-09-12 15:19:49,556 - matplotlib.text - WARNING - posx and posy should be finite values
2025-09-12 15:19:49,557 - matplotlib.text - WARNING - posx and posy should be finite values
2025-09-12 15:19:49,557 - matplotlib.text - WARNING - posx and posy should be finite values
2025-09-12 15:19:49,557 - matplotlib.text - WARNING - posx and posy should be finite values
2025-09-12 15:19:49,558 - matplotlib.text - WARNING - posx and posy should be finite values
2025-09-12 15:19:49,558 - matplotlib.text - WARNING - posx and posy should be finite values
2025-09-12 15:19:49,559 - matplotlib.text - WARNING - posx and posy should be finite values
2025-09-12 15:19:49,559 - matplotlib.text - WARNING - posx and posy should be finite values
2025-09-12 15:19:49,559 - matplotlib.text - WARNING - posx and posy should be finite values
2025-09-12 15:19:49,559 - matplotlib.text - WARNING - posx and posy should be finite values
2025-09-12 15:19:49,560 - matplotlib.text - WARNING - posx and posy should be finite values
2025-09-12 15:19:49,570 - matplotlib.text - WARNING - posx and posy should be finite values
2025-09-12 15:19:49,570 - matplotlib.text - WARNING - posx and posy should be finite values
2025-09-12 15:19:49,571 - matplotlib.text - WARNING - posx and posy should be finite values
2025-09-12 15:19:49,571 - matplotlib.text - WARNING - posx and posy should be finite values
2025-09-12 15:19:49,571 - matplotlib.text - WARNING - posx and posy should be finite values
2025-09-12 15:19:49,572 - matplotlib.text - WARNING - posx and posy should be finite values
2025-09-12 15:19:49,572 - matplotlib.text - WARNING - posx and posy should be finite values
2025-09-12 15:19:49,573 - matplotlib.text - WARNING - posx and posy should be finite values
2025-09-12 15:19:49,573 - matplotlib.text - WARNING - posx and posy should be finite values
2025-09-12 15:19:49,573 - matplotlib.text - WARNING - posx and posy should be finite values
2025-09-12 15:19:49,574 - matplotlib.text - WARNING - posx and posy should be finite values
2025-09-12 15:19:49,574 - matplotlib.text - WARNING - posx and posy should be finite values
2025-09-12 15:19:49,575 - matplotlib.text - WARNING - posx and posy should be finite values
2025-09-12 15:19:49,575 - matplotlib.text - WARNING - posx and posy should be finite values
2025-09-12 15:19:49,575 - matplotlib.text - WARNING - posx and posy should be finite values
2025-09-12 15:19:49,575 - matplotlib.text - WARNING - posx and posy should be finite values
2025-09-12 15:19:49,586 - matplotlib.text - WARNING - posx and posy should be finite values
2025-09-12 15:19:49,586 - matplotlib.text - WARNING - posx and posy should be finite values
2025-09-12 15:19:49,587 - matplotlib.text - WARNING - posx and posy should be finite values
2025-09-12 15:19:49,587 - matplotlib.text - WARNING - posx and posy should be finite values
2025-09-12 15:19:49,588 - matplotlib.text - WARNING - posx and posy should be finite values
2025-09-12 15:19:49,588 - matplotlib.text - WARNING - posx and posy should be finite values
2025-09-12 15:19:49,589 - matplotlib.text - WARNING - posx and posy should be finite values
2025-09-12 15:19:49,589 - matplotlib.text - WARNING - posx and posy should be finite values
2025-09-12 15:19:49,589 - matplotlib.text - WARNING - posx and posy should be finite values
2025-09-12 15:19:49,590 - matplotlib.text - WARNING - posx and posy should be finite values
2025-09-12 15:19:49,590 - matplotlib.text - WARNING - posx and posy should be finite values
2025-09-12 15:19:49,590 - matplotlib.text - WARNING - posx and posy should be finite values
2025-09-12 15:19:49,590 - matplotlib.text - WARNING - posx and posy should be finite values
2025-09-12 15:19:49,590 - matplotlib.text - WARNING - posx and posy should be finite values
2025-09-12 15:19:49,591 - matplotlib.text - WARNING - posx and posy should be finite values
2025-09-12 15:19:49,591 - matplotlib.text - WARNING - posx and posy should be finite values
2025-09-12 15:19:49,603 - matplotlib.text - WARNING - posx and posy should be finite values
2025-09-12 15:19:49,603 - matplotlib.text - WARNING - posx and posy should be finite values
2025-09-12 15:19:49,604 - matplotlib.text - WARNING - posx and posy should be finite values
2025-09-12 15:19:49,604 - matplotlib.text - WARNING - posx and posy should be finite values
2025-09-12 15:19:49,604 - matplotlib.text - WARNING - posx and posy should be finite values
2025-09-12 15:19:49,604 - matplotlib.text - WARNING - posx and posy should be finite values
2025-09-12 15:19:49,605 - matplotlib.text - WARNING - posx and posy should be finite values
2025-09-12 15:19:49,605 - matplotlib.text - WARNING - posx and posy should be finite values
2025-09-12 15:19:49,605 - matplotlib.text - WARNING - posx and posy should be finite values
2025-09-12 15:19:49,605 - matplotlib.text - WARNING - posx and posy should be finite values
2025-09-12 15:19:49,605 - matplotlib.text - WARNING - posx and posy should be finite values
2025-09-12 15:19:49,605 - matplotlib.text - WARNING - posx and posy should be finite values
2025-09-12 15:19:49,606 - matplotlib.text - WARNING - posx and posy should be finite values
2025-09-12 15:19:49,606 - matplotlib.text - WARNING - posx and posy should be finite values
2025-09-12 15:19:49,606 - matplotlib.text - WARNING - posx and posy should be finite values
2025-09-12 15:19:49,606 - matplotlib.text - WARNING - posx and posy should be finite values
2025-09-12 15:19:49,617 - matplotlib.text - WARNING - posx and posy should be finite values
2025-09-12 15:19:49,617 - matplotlib.text - WARNING - posx and posy should be finite values
2025-09-12 15:19:49,617 - matplotlib.text - WARNING - posx and posy should be finite values
2025-09-12 15:19:49,617 - matplotlib.text - WARNING - posx and posy should be finite values
2025-09-12 15:19:49,618 - matplotlib.text - WARNING - posx and posy should be finite values
2025-09-12 15:19:49,618 - matplotlib.text - WARNING - posx and posy should be finite values
2025-09-12 15:19:49,618 - matplotlib.text - WARNING - posx and posy should be finite values
2025-09-12 15:19:49,619 - matplotlib.text - WARNING - posx and posy should be finite values
2025-09-12 15:19:49,619 - matplotlib.text - WARNING - posx and posy should be finite values
2025-09-12 15:19:49,619 - matplotlib.text - WARNING - posx and posy should be finite values
2025-09-12 15:19:49,619 - matplotlib.text - WARNING - posx and posy should be finite values
2025-09-12 15:19:49,620 - matplotlib.text - WARNING - posx and posy should be finite values
2025-09-12 15:19:49,620 - matplotlib.text - WARNING - posx and posy should be finite values
2025-09-12 15:19:49,620 - matplotlib.text - WARNING - posx and posy should be finite values
2025-09-12 15:19:49,620 - matplotlib.text - WARNING - posx and posy should be finite values
2025-09-12 15:19:49,621 - matplotlib.text - WARNING - posx and posy should be finite values
2025-09-12 15:19:49,634 - matplotlib.text - WARNING - posx and posy should be finite values
2025-09-12 15:19:49,634 - matplotlib.text - WARNING - posx and posy should be finite values
2025-09-12 15:19:49,634 - matplotlib.text - WARNING - posx and posy should be finite values
2025-09-12 15:19:49,635 - matplotlib.text - WARNING - posx and posy should be finite values
2025-09-12 15:19:49,635 - matplotlib.text - WARNING - posx and posy should be finite values
2025-09-12 15:19:49,635 - matplotlib.text - WARNING - posx and posy should be finite values
2025-09-12 15:19:49,635 - matplotlib.text - WARNING - posx and posy should be finite values
2025-09-12 15:19:49,635 - matplotlib.text - WARNING - posx and posy should be finite values
2025-09-12 15:19:49,636 - matplotlib.text - WARNING - posx and posy should be finite values
2025-09-12 15:19:49,636 - matplotlib.text - WARNING - posx and posy should be finite values
2025-09-12 15:19:49,636 - matplotlib.text - WARNING - posx and posy should be finite values
2025-09-12 15:19:49,636 - matplotlib.text - WARNING - posx and posy should be finite values
2025-09-12 15:19:49,637 - matplotlib.text - WARNING - posx and posy should be finite values
2025-09-12 15:19:49,637 - matplotlib.text - WARNING - posx and posy should be finite values
2025-09-12 15:19:49,637 - matplotlib.text - WARNING - posx and posy should be finite values
2025-09-12 15:19:49,637 - matplotlib.text - WARNING - posx and posy should be finite values
2025-09-12 15:19:49,648 - matplotlib.text - WARNING - posx and posy should be finite values
2025-09-12 15:19:49,648 - matplotlib.text - WARNING - posx and posy should be finite values
2025-09-12 15:19:49,649 - matplotlib.text - WARNING - posx and posy should be finite values
2025-09-12 15:19:49,649 - matplotlib.text - WARNING - posx and posy should be finite values
2025-09-12 15:19:49,649 - matplotlib.text - WARNING - posx and posy should be finite values
2025-09-12 15:19:49,650 - matplotlib.text - WARNING - posx and posy should be finite values
2025-09-12 15:19:49,650 - matplotlib.text - WARNING - posx and posy should be finite values
2025-09-12 15:19:49,650 - matplotlib.text - WARNING - posx and posy should be finite values
2025-09-12 15:19:49,650 - matplotlib.text - WARNING - posx and posy should be finite values
2025-09-12 15:19:49,651 - matplotlib.text - WARNING - posx and posy should be finite values
2025-09-12 15:19:49,651 - matplotlib.text - WARNING - posx and posy should be finite values
2025-09-12 15:19:49,651 - matplotlib.text - WARNING - posx and posy should be finite values
2025-09-12 15:19:49,652 - matplotlib.text - WARNING - posx and posy should be finite values
2025-09-12 15:19:49,652 - matplotlib.text - WARNING - posx and posy should be finite values
2025-09-12 15:19:49,652 - matplotlib.text - WARNING - posx and posy should be finite values
2025-09-12 15:19:49,652 - matplotlib.text - WARNING - posx and posy should be finite values
2025-09-12 15:19:49,662 - matplotlib.text - WARNING - posx and posy should be finite values
2025-09-12 15:19:49,663 - matplotlib.text - WARNING - posx and posy should be finite values
2025-09-12 15:19:49,663 - matplotlib.text - WARNING - posx and posy should be finite values
2025-09-12 15:19:49,663 - matplotlib.text - WARNING - posx and posy should be finite values
2025-09-12 15:19:49,663 - matplotlib.text - WARNING - posx and posy should be finite values
2025-09-12 15:19:49,664 - matplotlib.text - WARNING - posx and posy should be finite values
2025-09-12 15:19:49,665 - matplotlib.text - WARNING - posx and posy should be finite values
2025-09-12 15:19:49,665 - matplotlib.text - WARNING - posx and posy should be finite values
2025-09-12 15:19:49,665 - matplotlib.text - WARNING - posx and posy should be finite values
2025-09-12 15:19:49,665 - matplotlib.text - WARNING - posx and posy should be finite values
2025-09-12 15:19:49,665 - matplotlib.text - WARNING - posx and posy should be finite values
2025-09-12 15:19:49,666 - matplotlib.text - WARNING - posx and posy should be finite values
2025-09-12 15:19:49,666 - matplotlib.text - WARNING - posx and posy should be finite values
2025-09-12 15:19:49,666 - matplotlib.text - WARNING - posx and posy should be finite values
2025-09-12 15:19:49,666 - matplotlib.text - WARNING - posx and posy should be finite values
2025-09-12 15:19:49,666 - matplotlib.text - WARNING - posx and posy should be finite values
2025-09-12 15:19:49,678 - matplotlib.text - WARNING - posx and posy should be finite values
2025-09-12 15:19:49,678 - matplotlib.text - WARNING - posx and posy should be finite values
2025-09-12 15:19:49,678 - matplotlib.text - WARNING - posx and posy should be finite values
2025-09-12 15:19:49,679 - matplotlib.text - WARNING - posx and posy should be finite values
2025-09-12 15:19:49,679 - matplotlib.text - WARNING - posx and posy should be finite values
2025-09-12 15:19:49,679 - matplotlib.text - WARNING - posx and posy should be finite values
2025-09-12 15:19:49,680 - matplotlib.text - WARNING - posx and posy should be finite values
2025-09-12 15:19:49,680 - matplotlib.text - WARNING - posx and posy should be finite values
2025-09-12 15:19:49,680 - matplotlib.text - WARNING - posx and posy should be finite values
2025-09-12 15:19:49,681 - matplotlib.text - WARNING - posx and posy should be finite values
2025-09-12 15:19:49,681 - matplotlib.text - WARNING - posx and posy should be finite values
2025-09-12 15:19:49,681 - matplotlib.text - WARNING - posx and posy should be finite values
2025-09-12 15:19:49,681 - matplotlib.text - WARNING - posx and posy should be finite values
2025-09-12 15:19:49,682 - matplotlib.text - WARNING - posx and posy should be finite values
2025-09-12 15:19:49,682 - matplotlib.text - WARNING - posx and posy should be finite values
2025-09-12 15:19:49,682 - matplotlib.text - WARNING - posx and posy should be finite values
2025-09-12 15:19:49,693 - matplotlib.text - WARNING - posx and posy should be finite values
2025-09-12 15:19:49,693 - matplotlib.text - WARNING - posx and posy should be finite values
2025-09-12 15:19:49,694 - matplotlib.text - WARNING - posx and posy should be finite values
2025-09-12 15:19:49,694 - matplotlib.text - WARNING - posx and posy should be finite values
2025-09-12 15:19:49,694 - matplotlib.text - WARNING - posx and posy should be finite values
2025-09-12 15:19:49,694 - matplotlib.text - WARNING - posx and posy should be finite values
2025-09-12 15:19:49,695 - matplotlib.text - WARNING - posx and posy should be finite values
2025-09-12 15:19:49,695 - matplotlib.text - WARNING - posx and posy should be finite values
2025-09-12 15:19:49,695 - matplotlib.text - WARNING - posx and posy should be finite values
2025-09-12 15:19:49,696 - matplotlib.text - WARNING - posx and posy should be finite values
2025-09-12 15:19:49,696 - matplotlib.text - WARNING - posx and posy should be finite values
2025-09-12 15:19:49,696 - matplotlib.text - WARNING - posx and posy should be finite values
2025-09-12 15:19:49,696 - matplotlib.text - WARNING - posx and posy should be finite values
2025-09-12 15:19:49,696 - matplotlib.text - WARNING - posx and posy should be finite values
2025-09-12 15:19:49,696 - matplotlib.text - WARNING - posx and posy should be finite values
2025-09-12 15:19:49,697 - matplotlib.text - WARNING - posx and posy should be finite values
2025-09-12 15:19:49,706 - matplotlib.text - WARNING - posx and posy should be finite values
2025-09-12 15:19:49,707 - matplotlib.text - WARNING - posx and posy should be finite values
2025-09-12 15:19:49,707 - matplotlib.text - WARNING - posx and posy should be finite values
2025-09-12 15:19:49,707 - matplotlib.text - WARNING - posx and posy should be finite values
2025-09-12 15:19:49,707 - matplotlib.text - WARNING - posx and posy should be finite values
2025-09-12 15:19:49,708 - matplotlib.text - WARNING - posx and posy should be finite values
2025-09-12 15:19:49,708 - matplotlib.text - WARNING - posx and posy should be finite values
2025-09-12 15:19:49,708 - matplotlib.text - WARNING - posx and posy should be finite values
2025-09-12 15:19:49,708 - matplotlib.text - WARNING - posx and posy should be finite values
2025-09-12 15:19:49,710 - matplotlib.text - WARNING - posx and posy should be finite values
2025-09-12 15:19:49,710 - matplotlib.text - WARNING - posx and posy should be finite values
2025-09-12 15:19:49,710 - matplotlib.text - WARNING - posx and posy should be finite values
2025-09-12 15:19:49,710 - matplotlib.text - WARNING - posx and posy should be finite values
2025-09-12 15:19:49,711 - matplotlib.text - WARNING - posx and posy should be finite values
2025-09-12 15:19:49,711 - matplotlib.text - WARNING - posx and posy should be finite values
2025-09-12 15:19:49,711 - matplotlib.text - WARNING - posx and posy should be finite values
2025-09-12 15:19:49,869 - matplotlib.text - WARNING - posx and posy should be finite values
2025-09-12 15:19:49,869 - matplotlib.text - WARNING - posx and posy should be finite values
2025-09-12 15:19:49,870 - matplotlib.text - WARNING - posx and posy should be finite values
2025-09-12 15:19:49,870 - matplotlib.text - WARNING - posx and posy should be finite values
2025-09-12 15:19:49,870 - matplotlib.text - WARNING - posx and posy should be finite values
2025-09-12 15:19:49,870 - matplotlib.text - WARNING - posx and posy should be finite values
2025-09-12 15:19:49,870 - matplotlib.text - WARNING - posx and posy should be finite values
2025-09-12 15:19:49,870 - matplotlib.text - WARNING - posx and posy should be finite values
2025-09-12 15:19:49,870 - matplotlib.text - WARNING - posx and posy should be finite values
2025-09-12 15:19:49,870 - matplotlib.text - WARNING - posx and posy should be finite values
2025-09-12 15:19:49,871 - matplotlib.text - WARNING - posx and posy should be finite values
2025-09-12 15:19:49,871 - matplotlib.text - WARNING - posx and posy should be finite values
2025-09-12 15:19:49,871 - matplotlib.text - WARNING - posx and posy should be finite values
2025-09-12 15:19:49,871 - matplotlib.text - WARNING - posx and posy should be finite values
2025-09-12 15:19:49,872 - matplotlib.text - WARNING - posx and posy should be finite values
2025-09-12 15:19:49,872 - matplotlib.text - WARNING - posx and posy should be finite values
2025-09-12 15:19:49,892 - matplotlib.text - WARNING - posx and posy should be finite values
2025-09-12 15:19:49,892 - matplotlib.text - WARNING - posx and posy should be finite values
2025-09-12 15:19:49,892 - matplotlib.text - WARNING - posx and posy should be finite values
2025-09-12 15:19:49,892 - matplotlib.text - WARNING - posx and posy should be finite values
2025-09-12 15:19:49,892 - matplotlib.text - WARNING - posx and posy should be finite values
2025-09-12 15:19:49,894 - matplotlib.text - WARNING - posx and posy should be finite values
2025-09-12 15:19:49,894 - matplotlib.text - WARNING - posx and posy should be finite values
2025-09-12 15:19:49,894 - matplotlib.text - WARNING - posx and posy should be finite values
2025-09-12 15:19:49,895 - matplotlib.text - WARNING - posx and posy should be finite values
2025-09-12 15:19:49,895 - matplotlib.text - WARNING - posx and posy should be finite values
2025-09-12 15:19:49,895 - matplotlib.text - WARNING - posx and posy should be finite values
2025-09-12 15:19:49,896 - matplotlib.text - WARNING - posx and posy should be finite values
2025-09-12 15:19:49,896 - matplotlib.text - WARNING - posx and posy should be finite values
2025-09-12 15:19:49,896 - matplotlib.text - WARNING - posx and posy should be finite values
2025-09-12 15:19:49,897 - matplotlib.text - WARNING - posx and posy should be finite values
2025-09-12 15:19:49,897 - matplotlib.text - WARNING - posx and posy should be finite values
2025-09-12 15:19:49,920 - matplotlib.text - WARNING - posx and posy should be finite values
2025-09-12 15:19:49,920 - matplotlib.text - WARNING - posx and posy should be finite values
2025-09-12 15:19:49,921 - matplotlib.text - WARNING - posx and posy should be finite values
2025-09-12 15:19:49,921 - matplotlib.text - WARNING - posx and posy should be finite values
2025-09-12 15:19:49,921 - matplotlib.text - WARNING - posx and posy should be finite values
2025-09-12 15:19:49,922 - matplotlib.text - WARNING - posx and posy should be finite values
2025-09-12 15:19:49,922 - matplotlib.text - WARNING - posx and posy should be finite values
2025-09-12 15:19:49,923 - matplotlib.text - WARNING - posx and posy should be finite values
2025-09-12 15:19:49,923 - matplotlib.text - WARNING - posx and posy should be finite values
2025-09-12 15:19:49,924 - matplotlib.text - WARNING - posx and posy should be finite values
2025-09-12 15:19:49,924 - matplotlib.text - WARNING - posx and posy should be finite values
2025-09-12 15:19:49,924 - matplotlib.text - WARNING - posx and posy should be finite values
2025-09-12 15:19:49,925 - matplotlib.text - WARNING - posx and posy should be finite values
2025-09-12 15:19:49,925 - matplotlib.text - WARNING - posx and posy should be finite values
2025-09-12 15:19:49,925 - matplotlib.text - WARNING - posx and posy should be finite values
2025-09-12 15:19:49,925 - matplotlib.text - WARNING - posx and posy should be finite values
2025-09-12 15:19:49,943 - matplotlib.text - WARNING - posx and posy should be finite values
2025-09-12 15:19:49,944 - matplotlib.text - WARNING - posx and posy should be finite values
2025-09-12 15:19:49,944 - matplotlib.text - WARNING - posx and posy should be finite values
2025-09-12 15:19:49,944 - matplotlib.text - WARNING - posx and posy should be finite values
2025-09-12 15:19:49,945 - matplotlib.text - WARNING - posx and posy should be finite values
2025-09-12 15:19:49,945 - matplotlib.text - WARNING - posx and posy should be finite values
2025-09-12 15:19:49,946 - matplotlib.text - WARNING - posx and posy should be finite values
2025-09-12 15:19:49,946 - matplotlib.text - WARNING - posx and posy should be finite values
2025-09-12 15:19:49,946 - matplotlib.text - WARNING - posx and posy should be finite values
2025-09-12 15:19:49,947 - matplotlib.text - WARNING - posx and posy should be finite values
2025-09-12 15:19:49,947 - matplotlib.text - WARNING - posx and posy should be finite values
2025-09-12 15:19:49,947 - matplotlib.text - WARNING - posx and posy should be finite values
2025-09-12 15:19:49,948 - matplotlib.text - WARNING - posx and posy should be finite values
2025-09-12 15:19:49,948 - matplotlib.text - WARNING - posx and posy should be finite values
2025-09-12 15:19:49,948 - matplotlib.text - WARNING - posx and posy should be finite values
2025-09-12 15:19:49,948 - matplotlib.text - WARNING - posx and posy should be finite values
2025-09-12 15:19:49,968 - matplotlib.text - WARNING - posx and posy should be finite values
2025-09-12 15:19:49,968 - matplotlib.text - WARNING - posx and posy should be finite values
2025-09-12 15:19:49,968 - matplotlib.text - WARNING - posx and posy should be finite values
2025-09-12 15:19:49,968 - matplotlib.text - WARNING - posx and posy should be finite values
2025-09-12 15:19:49,970 - matplotlib.text - WARNING - posx and posy should be finite values
2025-09-12 15:19:49,970 - matplotlib.text - WARNING - posx and posy should be finite values
2025-09-12 15:19:49,970 - matplotlib.text - WARNING - posx and posy should be finite values
2025-09-12 15:19:49,971 - matplotlib.text - WARNING - posx and posy should be finite values
2025-09-12 15:19:49,971 - matplotlib.text - WARNING - posx and posy should be finite values
2025-09-12 15:19:49,971 - matplotlib.text - WARNING - posx and posy should be finite values
2025-09-12 15:19:49,971 - matplotlib.text - WARNING - posx and posy should be finite values
2025-09-12 15:19:49,972 - matplotlib.text - WARNING - posx and posy should be finite values
2025-09-12 15:19:49,972 - matplotlib.text - WARNING - posx and posy should be finite values
2025-09-12 15:19:49,973 - matplotlib.text - WARNING - posx and posy should be finite values
2025-09-12 15:19:49,973 - matplotlib.text - WARNING - posx and posy should be finite values
2025-09-12 15:19:49,973 - matplotlib.text - WARNING - posx and posy should be finite values
2025-09-12 15:19:49,991 - matplotlib.text - WARNING - posx and posy should be finite values
2025-09-12 15:19:49,992 - matplotlib.text - WARNING - posx and posy should be finite values
2025-09-12 15:19:49,992 - matplotlib.text - WARNING - posx and posy should be finite values
2025-09-12 15:19:49,992 - matplotlib.text - WARNING - posx and posy should be finite values
2025-09-12 15:19:49,993 - matplotlib.text - WARNING - posx and posy should be finite values
2025-09-12 15:19:49,993 - matplotlib.text - WARNING - posx and posy should be finite values
2025-09-12 15:19:49,993 - matplotlib.text - WARNING - posx and posy should be finite values
2025-09-12 15:19:49,993 - matplotlib.text - WARNING - posx and posy should be finite values
2025-09-12 15:19:49,993 - matplotlib.text - WARNING - posx and posy should be finite values
2025-09-12 15:19:49,994 - matplotlib.text - WARNING - posx and posy should be finite values
2025-09-12 15:19:49,994 - matplotlib.text - WARNING - posx and posy should be finite values
2025-09-12 15:19:49,994 - matplotlib.text - WARNING - posx and posy should be finite values
2025-09-12 15:19:49,994 - matplotlib.text - WARNING - posx and posy should be finite values
2025-09-12 15:19:49,994 - matplotlib.text - WARNING - posx and posy should be finite values
2025-09-12 15:19:49,995 - matplotlib.text - WARNING - posx and posy should be finite values
2025-09-12 15:19:49,995 - matplotlib.text - WARNING - posx and posy should be finite values
2025-09-12 15:19:50,014 - matplotlib.text - WARNING - posx and posy should be finite values
2025-09-12 15:19:50,014 - matplotlib.text - WARNING - posx and posy should be finite values
2025-09-12 15:19:50,014 - matplotlib.text - WARNING - posx and posy should be finite values
2025-09-12 15:19:50,015 - matplotlib.text - WARNING - posx and posy should be finite values
2025-09-12 15:19:50,015 - matplotlib.text - WARNING - posx and posy should be finite values
2025-09-12 15:19:50,015 - matplotlib.text - WARNING - posx and posy should be finite values
2025-09-12 15:19:50,015 - matplotlib.text - WARNING - posx and posy should be finite values
2025-09-12 15:19:50,015 - matplotlib.text - WARNING - posx and posy should be finite values
2025-09-12 15:19:50,016 - matplotlib.text - WARNING - posx and posy should be finite values
2025-09-12 15:19:50,016 - matplotlib.text - WARNING - posx and posy should be finite values
2025-09-12 15:19:50,016 - matplotlib.text - WARNING - posx and posy should be finite values
2025-09-12 15:19:50,016 - matplotlib.text - WARNING - posx and posy should be finite values
2025-09-12 15:19:50,016 - matplotlib.text - WARNING - posx and posy should be finite values
2025-09-12 15:19:50,016 - matplotlib.text - WARNING - posx and posy should be finite values
2025-09-12 15:19:50,017 - matplotlib.text - WARNING - posx and posy should be finite values
2025-09-12 15:19:50,017 - matplotlib.text - WARNING - posx and posy should be finite values
2025-09-12 15:19:50,036 - matplotlib.text - WARNING - posx and posy should be finite values
2025-09-12 15:19:50,036 - matplotlib.text - WARNING - posx and posy should be finite values
2025-09-12 15:19:50,037 - matplotlib.text - WARNING - posx and posy should be finite values
2025-09-12 15:19:50,037 - matplotlib.text - WARNING - posx and posy should be finite values
2025-09-12 15:19:50,037 - matplotlib.text - WARNING - posx and posy should be finite values
2025-09-12 15:19:50,037 - matplotlib.text - WARNING - posx and posy should be finite values
2025-09-12 15:19:50,037 - matplotlib.text - WARNING - posx and posy should be finite values
2025-09-12 15:19:50,038 - matplotlib.text - WARNING - posx and posy should be finite values
2025-09-12 15:19:50,038 - matplotlib.text - WARNING - posx and posy should be finite values
2025-09-12 15:19:50,038 - matplotlib.text - WARNING - posx and posy should be finite values
2025-09-12 15:19:50,038 - matplotlib.text - WARNING - posx and posy should be finite values
2025-09-12 15:19:50,038 - matplotlib.text - WARNING - posx and posy should be finite values
2025-09-12 15:19:50,038 - matplotlib.text - WARNING - posx and posy should be finite values
2025-09-12 15:19:50,038 - matplotlib.text - WARNING - posx and posy should be finite values
2025-09-12 15:19:50,038 - matplotlib.text - WARNING - posx and posy should be finite values
2025-09-12 15:19:50,040 - matplotlib.text - WARNING - posx and posy should be finite values
2025-09-12 15:19:50,057 - matplotlib.text - WARNING - posx and posy should be finite values
2025-09-12 15:19:50,057 - matplotlib.text - WARNING - posx and posy should be finite values
2025-09-12 15:19:50,057 - matplotlib.text - WARNING - posx and posy should be finite values
2025-09-12 15:19:50,057 - matplotlib.text - WARNING - posx and posy should be finite values
2025-09-12 15:19:50,057 - matplotlib.text - WARNING - posx and posy should be finite values
2025-09-12 15:19:50,058 - matplotlib.text - WARNING - posx and posy should be finite values
2025-09-12 15:19:50,058 - matplotlib.text - WARNING - posx and posy should be finite values
2025-09-12 15:19:50,058 - matplotlib.text - WARNING - posx and posy should be finite values
2025-09-12 15:19:50,058 - matplotlib.text - WARNING - posx and posy should be finite values
2025-09-12 15:19:50,058 - matplotlib.text - WARNING - posx and posy should be finite values
2025-09-12 15:19:50,058 - matplotlib.text - WARNING - posx and posy should be finite values
2025-09-12 15:19:50,058 - matplotlib.text - WARNING - posx and posy should be finite values
2025-09-12 15:19:50,058 - matplotlib.text - WARNING - posx and posy should be finite values
2025-09-12 15:19:50,060 - matplotlib.text - WARNING - posx and posy should be finite values
2025-09-12 15:19:50,060 - matplotlib.text - WARNING - posx and posy should be finite values
2025-09-12 15:19:50,060 - matplotlib.text - WARNING - posx and posy should be finite values
2025-09-12 15:19:50,081 - matplotlib.text - WARNING - posx and posy should be finite values
2025-09-12 15:19:50,081 - matplotlib.text - WARNING - posx and posy should be finite values
2025-09-12 15:19:50,082 - matplotlib.text - WARNING - posx and posy should be finite values
2025-09-12 15:19:50,082 - matplotlib.text - WARNING - posx and posy should be finite values
2025-09-12 15:19:50,082 - matplotlib.text - WARNING - posx and posy should be finite values
2025-09-12 15:19:50,082 - matplotlib.text - WARNING - posx and posy should be finite values
2025-09-12 15:19:50,083 - matplotlib.text - WARNING - posx and posy should be finite values
2025-09-12 15:19:50,083 - matplotlib.text - WARNING - posx and posy should be finite values
2025-09-12 15:19:50,083 - matplotlib.text - WARNING - posx and posy should be finite values
2025-09-12 15:19:50,084 - matplotlib.text - WARNING - posx and posy should be finite values
2025-09-12 15:19:50,084 - matplotlib.text - WARNING - posx and posy should be finite values
2025-09-12 15:19:50,084 - matplotlib.text - WARNING - posx and posy should be finite values
2025-09-12 15:19:50,084 - matplotlib.text - WARNING - posx and posy should be finite values
2025-09-12 15:19:50,084 - matplotlib.text - WARNING - posx and posy should be finite values
2025-09-12 15:19:50,085 - matplotlib.text - WARNING - posx and posy should be finite values
2025-09-12 15:19:50,085 - matplotlib.text - WARNING - posx and posy should be finite values
2025-09-12 15:19:50,106 - matplotlib.text - WARNING - posx and posy should be finite values
2025-09-12 15:19:50,107 - matplotlib.text - WARNING - posx and posy should be finite values
2025-09-12 15:19:50,107 - matplotlib.text - WARNING - posx and posy should be finite values
2025-09-12 15:19:50,108 - matplotlib.text - WARNING - posx and posy should be finite values
2025-09-12 15:19:50,108 - matplotlib.text - WARNING - posx and posy should be finite values
2025-09-12 15:19:50,108 - matplotlib.text - WARNING - posx and posy should be finite values
2025-09-12 15:19:50,108 - matplotlib.text - WARNING - posx and posy should be finite values
2025-09-12 15:19:50,110 - matplotlib.text - WARNING - posx and posy should be finite values
2025-09-12 15:19:50,110 - matplotlib.text - WARNING - posx and posy should be finite values
2025-09-12 15:19:50,110 - matplotlib.text - WARNING - posx and posy should be finite values
2025-09-12 15:19:50,111 - matplotlib.text - WARNING - posx and posy should be finite values
2025-09-12 15:19:50,111 - matplotlib.text - WARNING - posx and posy should be finite values
2025-09-12 15:19:50,111 - matplotlib.text - WARNING - posx and posy should be finite values
2025-09-12 15:19:50,112 - matplotlib.text - WARNING - posx and posy should be finite values
2025-09-12 15:19:50,112 - matplotlib.text - WARNING - posx and posy should be finite values
2025-09-12 15:19:50,112 - matplotlib.text - WARNING - posx and posy should be finite values
2025-09-12 15:19:50,132 - matplotlib.text - WARNING - posx and posy should be finite values
2025-09-12 15:19:50,132 - matplotlib.text - WARNING - posx and posy should be finite values
2025-09-12 15:19:50,133 - matplotlib.text - WARNING - posx and posy should be finite values
2025-09-12 15:19:50,133 - matplotlib.text - WARNING - posx and posy should be finite values
2025-09-12 15:19:50,133 - matplotlib.text - WARNING - posx and posy should be finite values
2025-09-12 15:19:50,134 - matplotlib.text - WARNING - posx and posy should be finite values
2025-09-12 15:19:50,134 - matplotlib.text - WARNING - posx and posy should be finite values
2025-09-12 15:19:50,135 - matplotlib.text - WARNING - posx and posy should be finite values
2025-09-12 15:19:50,136 - matplotlib.text - WARNING - posx and posy should be finite values
2025-09-12 15:19:50,136 - matplotlib.text - WARNING - posx and posy should be finite values
2025-09-12 15:19:50,136 - matplotlib.text - WARNING - posx and posy should be finite values
2025-09-12 15:19:50,137 - matplotlib.text - WARNING - posx and posy should be finite values
2025-09-12 15:19:50,137 - matplotlib.text - WARNING - posx and posy should be finite values
2025-09-12 15:19:50,137 - matplotlib.text - WARNING - posx and posy should be finite values
2025-09-12 15:19:50,138 - matplotlib.text - WARNING - posx and posy should be finite values
2025-09-12 15:19:50,138 - matplotlib.text - WARNING - posx and posy should be finite values
2025-09-12 15:19:50,654 - src.analysis.time_domain - INFO - 已生成所有通道的特征对比图: results
2025-09-12 15:19:51,273 - src.analysis.time_domain - INFO - 已生成雷达图: results
2025-09-12 15:19:51,684 - src.analysis.time_domain - INFO - 已生成特征 mean 的跨文件夹对比图
2025-09-12 15:19:52,086 - src.analysis.time_domain - INFO - 已生成特征 std 的跨文件夹对比图
2025-09-12 15:19:52,497 - src.analysis.time_domain - INFO - 已生成特征 rms 的跨文件夹对比图
2025-09-12 15:19:52,897 - src.analysis.time_domain - INFO - 已生成特征 peak 的跨文件夹对比图
2025-09-12 15:19:53,301 - src.analysis.time_domain - INFO - 已生成特征 skewness 的跨文件夹对比图
2025-09-12 15:19:53,695 - src.analysis.time_domain - INFO - 已生成特征 kurtosis 的跨文件夹对比图
2025-09-12 15:19:54,108 - src.analysis.time_domain - INFO - 已生成特征 energy 的跨文件夹对比图
2025-09-12 15:19:54,108 - src.analysis.time_domain - INFO - 时域分析完成
2025-09-12 15:19:54,109 - src.utils.logging_utils - INFO - 模块执行完成
2025-09-12 15:32:49,347 - src.utils.logging_utils - INFO - 启动水下目标电荷探测数据分析系统
2025-09-12 15:32:49,356 - src.utils.logging_utils - INFO - 启动时域分析模块
2025-09-12 15:32:49,506 - numexpr.utils - INFO - Note: NumExpr detected 28 cores but "NUMEXPR_MAX_THREADS" not set, so enforcing safe limit of 16.
2025-09-12 15:32:49,506 - numexpr.utils - INFO - NumExpr defaulting to 16 threads.
2025-09-12 15:32:49,906 - src.utils.logging_utils - ERROR - 执行模块 time 时发生错误: cannot import name 'main' from 'src.analysis.time_domain' (C:\Users\17584\Documents\ALearning\Project\tools\DataProcess\src\analysis\time_domain.py)
Traceback (most recent call last):
  File "C:\Users\17584\Documents\ALearning\Project\tools\DataProcess\src\main.py", line 59, in main
    from src.analysis.time_domain import main as time_main
ImportError: cannot import name 'main' from 'src.analysis.time_domain' (C:\Users\17584\Documents\ALearning\Project\tools\DataProcess\src\analysis\time_domain.py)
2025-09-12 15:34:40,269 - src.utils.logging_utils - INFO - 启动水下目标电荷探测数据分析系统
2025-09-12 15:34:40,276 - src.utils.logging_utils - INFO - 启动时域分析模块
2025-09-12 15:34:40,418 - numexpr.utils - INFO - Note: NumExpr detected 28 cores but "NUMEXPR_MAX_THREADS" not set, so enforcing safe limit of 16.
2025-09-12 15:34:40,418 - numexpr.utils - INFO - NumExpr defaulting to 16 threads.
2025-09-12 15:34:40,796 - src.utils.logging_utils - ERROR - 执行模块 time 时发生错误: main() missing 2 required positional arguments: 'data_folder' and 'output_path'
Traceback (most recent call last):
  File "C:\Users\17584\Documents\ALearning\Project\tools\DataProcess\src\main.py", line 60, in main
    time_main()
TypeError: main() missing 2 required positional arguments: 'data_folder' and 'output_path'
2025-09-12 15:36:36,542 - src.utils.logging_utils - INFO - 启动水下目标电荷探测数据分析系统
2025-09-12 15:36:36,551 - src.utils.logging_utils - INFO - 启动时域分析模块
2025-09-12 15:36:36,691 - numexpr.utils - INFO - Note: NumExpr detected 28 cores but "NUMEXPR_MAX_THREADS" not set, so enforcing safe limit of 16.
2025-09-12 15:36:36,691 - numexpr.utils - INFO - NumExpr defaulting to 16 threads.
2025-09-12 15:36:37,083 - src.analysis.time_domain - INFO - 开始时域分析
2025-09-12 15:36:37,085 - src.analysis.time_domain - INFO - 时域分析模块初始化完成
2025-09-12 15:36:37,086 - src.analysis.time_domain - INFO - 找到 2 个子文件夹
2025-09-12 15:36:37,086 - src.analysis.time_domain - INFO - 开始分析文件夹: 2025.7.22
2025-09-12 15:36:37,086 - src.analysis.time_domain - WARNING - 在文件夹 D:\Lab\test\2025.7.22 中未找到CSV文件
2025-09-12 15:36:37,087 - src.analysis.time_domain - INFO - 开始分析文件夹: frequency_analysis_results
2025-09-12 15:36:37,087 - src.analysis.time_domain - WARNING - 在文件夹 D:\Lab\test\frequency_analysis_results 中未找到CSV文件
2025-09-12 15:36:37,087 - src.analysis.time_domain - ERROR - 时域分析未得到任何结果
2025-09-12 15:36:37,087 - src.utils.logging_utils - INFO - 模块执行完成
2025-09-12 15:37:28,534 - src.utils.logging_utils - INFO - 启动水下目标电荷探测数据分析系统
2025-09-12 15:37:28,544 - src.utils.logging_utils - INFO - 启动时域分析模块
2025-09-12 15:37:28,691 - numexpr.utils - INFO - Note: NumExpr detected 28 cores but "NUMEXPR_MAX_THREADS" not set, so enforcing safe limit of 16.
2025-09-12 15:37:28,691 - numexpr.utils - INFO - NumExpr defaulting to 16 threads.
2025-09-12 15:37:29,091 - src.analysis.time_domain - INFO - 开始时域分析
2025-09-12 15:37:29,094 - src.analysis.time_domain - INFO - 时域分析模块初始化完成
2025-09-12 15:37:29,094 - src.analysis.time_domain - INFO - 找到 5 个子文件夹
2025-09-12 15:37:29,094 - src.analysis.time_domain - INFO - 开始分析文件夹: BG
2025-09-12 15:37:29,095 - src.analysis.time_domain - INFO - 处理文件夹: BG，找到 21 个CSV文件
2025-09-12 15:37:29,096 - src.analysis.time_domain - ERROR - 时域分析过程中发生错误: 'TimeDomainAnalyzer' object has no attribute 'time_channels'
Traceback (most recent call last):
  File "C:\Users\17584\Documents\ALearning\Project\tools\DataProcess\src\analysis\time_domain.py", line 234, in main
    results = analyzer.analyze_all_folders(data_folder)
  File "C:\Users\17584\Documents\ALearning\Project\tools\DataProcess\src\analysis\time_domain.py", line 185, in analyze_all_folders
    folder_results = self.analyze_folder(folder_path)
  File "C:\Users\17584\Documents\ALearning\Project\tools\DataProcess\src\analysis\time_domain.py", line 116, in analyze_folder
    file_infos = [(file_path, self.time_channels) for file_path in csv_files]
  File "C:\Users\17584\Documents\ALearning\Project\tools\DataProcess\src\analysis\time_domain.py", line 116, in <listcomp>
    file_infos = [(file_path, self.time_channels) for file_path in csv_files]
AttributeError: 'TimeDomainAnalyzer' object has no attribute 'time_channels'
2025-09-12 15:37:29,096 - src.utils.logging_utils - INFO - 模块执行完成
2025-09-12 15:39:26,908 - src.utils.logging_utils - INFO - 启动水下目标电荷探测数据分析系统
2025-09-12 15:39:26,915 - src.utils.logging_utils - INFO - 启动时域分析模块
2025-09-12 15:39:27,057 - numexpr.utils - INFO - Note: NumExpr detected 28 cores but "NUMEXPR_MAX_THREADS" not set, so enforcing safe limit of 16.
2025-09-12 15:39:27,057 - numexpr.utils - INFO - NumExpr defaulting to 16 threads.
2025-09-12 15:39:27,450 - src.analysis.time_domain - INFO - 开始时域分析
2025-09-12 15:39:27,452 - src.analysis.time_domain - INFO - 时域分析模块初始化完成
2025-09-12 15:39:27,453 - src.analysis.time_domain - INFO - 找到 5 个子文件夹
2025-09-12 15:39:27,453 - src.analysis.time_domain - INFO - 开始分析文件夹: BG
2025-09-12 15:39:27,454 - src.analysis.time_domain - INFO - 处理文件夹: BG，找到 21 个CSV文件
2025-09-12 15:39:27,455 - src.analysis.time_domain - ERROR - 时域分析过程中发生错误: 'TimeDomainAnalyzer' object has no attribute 'time_channels'
Traceback (most recent call last):
  File "C:\Users\17584\Documents\ALearning\Project\tools\DataProcess\src\analysis\time_domain.py", line 234, in main
    results = analyzer.analyze_all_folders(data_folder)
  File "C:\Users\17584\Documents\ALearning\Project\tools\DataProcess\src\analysis\time_domain.py", line 185, in analyze_all_folders
    folder_results = self.analyze_folder(folder_path)
  File "C:\Users\17584\Documents\ALearning\Project\tools\DataProcess\src\analysis\time_domain.py", line 116, in analyze_folder
    file_infos = [(file_path, self.time_channels) for file_path in csv_files]
  File "C:\Users\17584\Documents\ALearning\Project\tools\DataProcess\src\analysis\time_domain.py", line 116, in <listcomp>
    file_infos = [(file_path, self.time_channels) for file_path in csv_files]
AttributeError: 'TimeDomainAnalyzer' object has no attribute 'time_channels'
2025-09-12 15:39:27,455 - src.utils.logging_utils - INFO - 模块执行完成
2025-09-12 15:42:45,680 - src.utils.logging_utils - INFO - 启动水下目标电荷探测数据分析系统
2025-09-12 15:42:45,687 - src.utils.logging_utils - INFO - 启动时域分析模块
2025-09-12 15:42:45,839 - numexpr.utils - INFO - Note: NumExpr detected 28 cores but "NUMEXPR_MAX_THREADS" not set, so enforcing safe limit of 16.
2025-09-12 15:42:45,839 - numexpr.utils - INFO - NumExpr defaulting to 16 threads.
2025-09-12 15:42:46,238 - src.analysis.time_domain - INFO - 开始时域分析
2025-09-12 15:42:46,240 - src.analysis.time_domain - INFO - 时域分析模块初始化完成
2025-09-12 15:42:46,240 - src.analysis.time_domain - INFO - 找到 5 个子文件夹
2025-09-12 15:42:46,240 - src.analysis.time_domain - INFO - 开始分析文件夹: BG
2025-09-12 15:42:46,242 - src.analysis.time_domain - INFO - 处理文件夹: BG，找到 21 个CSV文件
2025-09-12 15:42:54,956 - src.analysis.time_domain - INFO - 开始分析文件夹: GROUP2
2025-09-12 15:42:54,959 - src.analysis.time_domain - INFO - 处理文件夹: GROUP2，找到 20 个CSV文件
2025-09-12 15:43:05,195 - src.analysis.time_domain - INFO - 开始分析文件夹: GROUP3
2025-09-12 15:43:05,195 - src.analysis.time_domain - WARNING - 在文件夹 D:\Lab\test\2025.7.22\GROUP3 中未找到CSV文件
2025-09-12 15:43:05,196 - src.analysis.time_domain - INFO - 开始分析文件夹: r
2025-09-12 15:43:05,196 - src.analysis.time_domain - WARNING - 在文件夹 D:\Lab\test\2025.7.22\r 中未找到CSV文件
2025-09-12 15:43:05,197 - src.analysis.time_domain - INFO - 开始分析文件夹: results
2025-09-12 15:43:05,197 - src.analysis.time_domain - INFO - 处理文件夹: results，找到 1 个CSV文件
2025-09-12 15:43:06,968 - src.analysis.time_domain - INFO - 时域分析结果已保存到: D:\Lab\test\r
2025-09-12 15:43:06,968 - src.analysis.time_domain - INFO - 时域分析完成
2025-09-12 15:43:06,968 - src.utils.logging_utils - INFO - 模块执行完成
2025-09-12 15:44:04,218 - src.utils.logging_utils - INFO - 启动水下目标电荷探测数据分析系统
2025-09-12 15:44:04,227 - src.utils.logging_utils - INFO - 启动时域分析模块
2025-09-12 15:44:04,368 - numexpr.utils - INFO - Note: NumExpr detected 28 cores but "NUMEXPR_MAX_THREADS" not set, so enforcing safe limit of 16.
2025-09-12 15:44:04,368 - numexpr.utils - INFO - NumExpr defaulting to 16 threads.
2025-09-12 15:44:04,756 - src.analysis.time_domain - INFO - 开始时域分析
2025-09-12 15:44:04,757 - src.analysis.time_domain - INFO - 时域分析模块初始化完成
2025-09-12 15:44:04,759 - src.analysis.time_domain - INFO - 找到 5 个子文件夹
2025-09-12 15:44:04,759 - src.analysis.time_domain - INFO - 开始分析文件夹: BG
2025-09-12 15:44:04,760 - src.analysis.time_domain - INFO - 处理文件夹: BG，找到 21 个CSV文件
2025-09-12 15:44:13,115 - src.analysis.time_domain - INFO - 开始分析文件夹: GROUP2
2025-09-12 15:44:13,117 - src.analysis.time_domain - INFO - 处理文件夹: GROUP2，找到 20 个CSV文件
2025-09-12 15:44:21,584 - src.analysis.time_domain - INFO - 开始分析文件夹: GROUP3
2025-09-12 15:44:21,585 - src.analysis.time_domain - WARNING - 在文件夹 D:\Lab\test\2025.7.22\GROUP3 中未找到CSV文件
2025-09-12 15:44:21,585 - src.analysis.time_domain - INFO - 开始分析文件夹: r
2025-09-12 15:44:21,586 - src.analysis.time_domain - WARNING - 在文件夹 D:\Lab\test\2025.7.22\r 中未找到CSV文件
2025-09-12 15:44:21,586 - src.analysis.time_domain - INFO - 开始分析文件夹: results
2025-09-12 15:44:21,587 - src.analysis.time_domain - INFO - 处理文件夹: results，找到 1 个CSV文件
2025-09-12 15:44:22,766 - src.analysis.time_domain - ERROR - 时域分析过程中发生错误: [Errno 13] Permission denied: 'D:\\Lab\\test\\2025.7.22\\r'
Traceback (most recent call last):
  File "C:\Users\17584\Documents\ALearning\Project\tools\DataProcess\src\analysis\time_domain.py", line 241, in main
    results_df = analyzer.save_results(output_path)
  File "C:\Users\17584\Documents\ALearning\Project\tools\DataProcess\src\analysis\time_domain.py", line 211, in save_results
    results_df.to_csv(output_path, index=False)
  File "C:\Users\17584\.conda\envs\dataprocess\lib\site-packages\pandas\util\_decorators.py", line 333, in wrapper
    return func(*args, **kwargs)
  File "C:\Users\17584\.conda\envs\dataprocess\lib\site-packages\pandas\core\generic.py", line 3986, in to_csv
    return DataFrameRenderer(formatter).to_csv(
  File "C:\Users\17584\.conda\envs\dataprocess\lib\site-packages\pandas\io\formats\format.py", line 1014, in to_csv
    csv_formatter.save()
  File "C:\Users\17584\.conda\envs\dataprocess\lib\site-packages\pandas\io\formats\csvs.py", line 251, in save
    with get_handle(
  File "C:\Users\17584\.conda\envs\dataprocess\lib\site-packages\pandas\io\common.py", line 873, in get_handle
    handle = open(
PermissionError: [Errno 13] Permission denied: 'D:\\Lab\\test\\2025.7.22\\r'
2025-09-12 15:44:22,771 - src.utils.logging_utils - INFO - 模块执行完成
2025-09-12 15:49:18,275 - src.utils.logging_utils - INFO - 启动水下目标电荷探测数据分析系统
2025-09-12 15:49:30,983 - src.utils.logging_utils - INFO - 启动水下目标电荷探测数据分析系统
2025-09-12 15:49:50,164 - src.utils.logging_utils - INFO - 启动水下目标电荷探测数据分析系统
2025-09-12 15:49:50,172 - src.utils.logging_utils - INFO - 生成时域csv文件
2025-09-12 15:49:50,340 - numexpr.utils - INFO - Note: NumExpr detected 28 cores but "NUMEXPR_MAX_THREADS" not set, so enforcing safe limit of 16.
2025-09-12 15:49:50,340 - numexpr.utils - INFO - NumExpr defaulting to 16 threads.
2025-09-12 15:49:51,124 - src.utils.logging_utils - INFO - 模块执行完成
2025-09-12 15:50:04,136 - src.utils.logging_utils - INFO - 启动水下目标电荷探测数据分析系统
2025-09-12 15:50:04,146 - src.utils.logging_utils - INFO - 生成时域csv文件
2025-09-12 15:50:04,303 - numexpr.utils - INFO - Note: NumExpr detected 28 cores but "NUMEXPR_MAX_THREADS" not set, so enforcing safe limit of 16.
2025-09-12 15:50:04,303 - numexpr.utils - INFO - NumExpr defaulting to 16 threads.
2025-09-12 15:50:04,435 - src.utils.logging_utils - INFO - 模块执行完成
2025-09-12 15:50:15,505 - src.utils.logging_utils - INFO - 启动水下目标电荷探测数据分析系统
2025-09-12 15:50:15,514 - src.utils.logging_utils - INFO - 生成时域csv文件
2025-09-12 15:50:15,672 - numexpr.utils - INFO - Note: NumExpr detected 28 cores but "NUMEXPR_MAX_THREADS" not set, so enforcing safe limit of 16.
2025-09-12 15:50:15,672 - numexpr.utils - INFO - NumExpr defaulting to 16 threads.
2025-09-12 15:50:15,802 - src.utils.logging_utils - INFO - 模块执行完成
2025-09-12 15:51:02,873 - src.utils.logging_utils - INFO - 启动水下目标电荷探测数据分析系统
2025-09-12 15:51:02,880 - src.utils.logging_utils - INFO - 启动时域分析模块
2025-09-12 15:51:03,023 - numexpr.utils - INFO - Note: NumExpr detected 28 cores but "NUMEXPR_MAX_THREADS" not set, so enforcing safe limit of 16.
2025-09-12 15:51:03,023 - numexpr.utils - INFO - NumExpr defaulting to 16 threads.
2025-09-12 15:51:03,405 - src.analysis.time_domain - INFO - 开始时域分析
2025-09-12 15:51:03,408 - src.analysis.time_domain - INFO - 时域分析模块初始化完成
2025-09-12 15:51:03,408 - src.analysis.time_domain - INFO - 找到 5 个子文件夹
2025-09-12 15:51:03,408 - src.analysis.time_domain - INFO - 开始分析文件夹: BG
2025-09-12 15:51:03,409 - src.analysis.time_domain - INFO - 处理文件夹: BG，找到 21 个CSV文件
2025-09-12 15:51:11,905 - src.analysis.time_domain - INFO - 开始分析文件夹: GROUP2
2025-09-12 15:51:11,907 - src.analysis.time_domain - INFO - 处理文件夹: GROUP2，找到 20 个CSV文件
2025-09-12 15:51:20,482 - src.analysis.time_domain - INFO - 开始分析文件夹: GROUP3
2025-09-12 15:51:20,482 - src.analysis.time_domain - WARNING - 在文件夹 D:\Lab\test\2025.7.22\GROUP3 中未找到CSV文件
2025-09-12 15:51:20,482 - src.analysis.time_domain - INFO - 开始分析文件夹: r
2025-09-12 15:51:20,483 - src.analysis.time_domain - WARNING - 在文件夹 D:\Lab\test\2025.7.22\r 中未找到CSV文件
2025-09-12 15:51:20,483 - src.analysis.time_domain - INFO - 开始分析文件夹: results
2025-09-12 15:51:20,483 - src.analysis.time_domain - INFO - 处理文件夹: results，找到 1 个CSV文件
2025-09-12 15:51:21,678 - src.analysis.time_domain - ERROR - 时域分析过程中发生错误: [Errno 13] Permission denied: 'D:\\Lab\\test\\2025.7.22\\r'
Traceback (most recent call last):
  File "C:\Users\17584\Documents\ALearning\Project\tools\DataProcess\src\analysis\time_domain.py", line 241, in main
    results_df = analyzer.save_results(output_path)
  File "C:\Users\17584\Documents\ALearning\Project\tools\DataProcess\src\analysis\time_domain.py", line 211, in save_results
    results_df.to_csv(output_path, index=False)
  File "C:\Users\17584\.conda\envs\dataprocess\lib\site-packages\pandas\util\_decorators.py", line 333, in wrapper
    return func(*args, **kwargs)
  File "C:\Users\17584\.conda\envs\dataprocess\lib\site-packages\pandas\core\generic.py", line 3986, in to_csv
    return DataFrameRenderer(formatter).to_csv(
  File "C:\Users\17584\.conda\envs\dataprocess\lib\site-packages\pandas\io\formats\format.py", line 1014, in to_csv
    csv_formatter.save()
  File "C:\Users\17584\.conda\envs\dataprocess\lib\site-packages\pandas\io\formats\csvs.py", line 251, in save
    with get_handle(
  File "C:\Users\17584\.conda\envs\dataprocess\lib\site-packages\pandas\io\common.py", line 873, in get_handle
    handle = open(
PermissionError: [Errno 13] Permission denied: 'D:\\Lab\\test\\2025.7.22\\r'
2025-09-12 15:51:21,681 - src.utils.logging_utils - INFO - 模块执行完成
2025-09-12 15:51:51,853 - src.utils.logging_utils - INFO - 启动水下目标电荷探测数据分析系统
2025-09-12 15:51:51,862 - src.utils.logging_utils - INFO - 生成时域csv文件
2025-09-12 15:51:52,019 - numexpr.utils - INFO - Note: NumExpr detected 28 cores but "NUMEXPR_MAX_THREADS" not set, so enforcing safe limit of 16.
2025-09-12 15:51:52,019 - numexpr.utils - INFO - NumExpr defaulting to 16 threads.
2025-09-12 15:51:52,807 - src.utils.logging_utils - INFO - 模块执行完成
2025-09-12 15:54:50,781 - src.utils.logging_utils - INFO - 启动水下目标电荷探测数据分析系统
2025-09-12 15:54:50,790 - src.utils.logging_utils - INFO - 启动时域分析模块
2025-09-12 15:54:50,934 - numexpr.utils - INFO - Note: NumExpr detected 28 cores but "NUMEXPR_MAX_THREADS" not set, so enforcing safe limit of 16.
2025-09-12 15:54:50,934 - numexpr.utils - INFO - NumExpr defaulting to 16 threads.
2025-09-12 15:54:51,342 - src.analysis.time_domain - INFO - 开始时域分析
2025-09-12 15:54:51,344 - src.analysis.time_domain - INFO - 时域分析模块初始化完成
2025-09-12 15:54:51,345 - src.analysis.time_domain - INFO - 找到 5 个子文件夹
2025-09-12 15:54:51,345 - src.analysis.time_domain - INFO - 开始分析文件夹: BG
2025-09-12 15:54:51,346 - src.analysis.time_domain - INFO - 处理文件夹: BG，找到 21 个CSV文件
2025-09-12 15:55:00,255 - src.analysis.time_domain - INFO - 开始分析文件夹: GROUP2
2025-09-12 15:55:00,258 - src.analysis.time_domain - INFO - 处理文件夹: GROUP2，找到 20 个CSV文件
2025-09-12 15:55:08,816 - src.analysis.time_domain - INFO - 开始分析文件夹: GROUP3
2025-09-12 15:55:08,817 - src.analysis.time_domain - WARNING - 在文件夹 D:\Lab\test\2025.7.22\GROUP3 中未找到CSV文件
2025-09-12 15:55:08,817 - src.analysis.time_domain - INFO - 开始分析文件夹: r
2025-09-12 15:55:08,817 - src.analysis.time_domain - WARNING - 在文件夹 D:\Lab\test\2025.7.22\r 中未找到CSV文件
2025-09-12 15:55:08,817 - src.analysis.time_domain - INFO - 开始分析文件夹: results
2025-09-12 15:55:08,817 - src.analysis.time_domain - INFO - 处理文件夹: results，找到 1 个CSV文件
2025-09-12 15:55:10,009 - src.analysis.time_domain - INFO - 时域分析结果已保存到: D:\Lab\test\2025.7.22\r.csv
2025-09-12 15:55:10,010 - src.analysis.time_domain - INFO - 时域分析完成
2025-09-12 15:55:10,010 - src.utils.logging_utils - INFO - 模块执行完成
2025-09-12 15:58:06,995 - src.utils.logging_utils - INFO - 启动水下目标电荷探测数据分析系统
2025-09-12 15:58:07,004 - src.utils.logging_utils - INFO - 生成时域csv文件
2025-09-12 15:58:07,172 - numexpr.utils - INFO - Note: NumExpr detected 28 cores but "NUMEXPR_MAX_THREADS" not set, so enforcing safe limit of 16.
2025-09-12 15:58:07,173 - numexpr.utils - INFO - NumExpr defaulting to 16 threads.
2025-09-12 15:58:07,308 - src.data_io.tdms_reader_time - INFO - 尝试加载配置文件: C:\Users\17584\Documents\ALearning\Project\tools\DataProcess\config\paths.yaml
2025-09-12 15:58:07,308 - src.data_io.tdms_reader_time - INFO - 配置文件加载成功: {'raw_data_dir': 'D:/Lab/test/2025.7.22', 'tdms_reader_time_output_dir': 'D:/Lab/results/data/time', 'tdms_reader_frequency_output_dir': 'D:/Lab/results/data/frequency', 'time__output_dir': 'D:/Lab/results/time'}
2025-09-12 15:58:07,309 - src.utils.logging_utils - ERROR - 执行模块 timedata 时发生错误: 'time_domain_output_dir'
Traceback (most recent call last):
  File "C:\Users\17584\Documents\ALearning\Project\tools\DataProcess\src\main.py", line 45, in main
    load_main()
  File "C:\Users\17584\Documents\ALearning\Project\tools\DataProcess\src\data_io\tdms_reader_time.py", line 181, in main
    output_base_dir = config["time_domain_output_dir"]
KeyError: 'time_domain_output_dir'
2025-09-12 15:58:58,684 - src.utils.logging_utils - INFO - 启动水下目标电荷探测数据分析系统
2025-09-12 15:58:58,692 - src.utils.logging_utils - INFO - 生成时域csv文件
2025-09-12 15:58:58,850 - numexpr.utils - INFO - Note: NumExpr detected 28 cores but "NUMEXPR_MAX_THREADS" not set, so enforcing safe limit of 16.
2025-09-12 15:58:58,851 - numexpr.utils - INFO - NumExpr defaulting to 16 threads.
2025-09-12 15:58:58,981 - src.data_io.tdms_reader_time - INFO - 尝试加载配置文件: C:\Users\17584\Documents\ALearning\Project\tools\DataProcess\config\paths.yaml
2025-09-12 15:58:58,982 - src.data_io.tdms_reader_time - INFO - 配置文件加载成功: {'raw_data_dir': 'D:/Lab/test/2025.7.22', 'tdms_reader_time_output_dir': 'D:/Lab/results/data/time', 'tdms_reader_frequency_output_dir': 'D:/Lab/results/data/frequency', 'time__output_dir': 'D:/Lab/results/time'}
2025-09-12 15:58:58,982 - src.data_io.tdms_reader_time - INFO - 原始数据目录: D:/Lab/test/2025.7.22
2025-09-12 15:58:58,982 - src.data_io.tdms_reader_time - INFO - 输出目录: D:/Lab/results/data/time
2025-09-12 15:58:58,985 - src.data_io.tdms_reader_time - INFO - 找到 41 个TDMS文件
2025-09-12 15:58:58,985 - src.data_io.tdms_reader_time - INFO - 开始串行处理文件...
2025-09-12 15:58:58,986 - src.data_io.tdms_reader_time - INFO - 开始处理文件: D:/Lab/test/2025.7.22\BG\20250724170304.831875-1.tdms
2025-09-12 15:58:59,057 - src.data_io.tdms_reader_time - INFO - 处理文件: 20250724170304.831875-1.tdms, 数据长度: 1600000, 通道数: 8
2025-09-12 15:59:04,232 - src.data_io.tdms_reader_time - INFO -   已写入 100000/1600000 行数据
2025-09-12 15:59:04,627 - src.data_io.tdms_reader_time - INFO -   已写入 200000/1600000 行数据
2025-09-12 15:59:05,033 - src.data_io.tdms_reader_time - INFO -   已写入 300000/1600000 行数据
2025-09-12 15:59:05,436 - src.data_io.tdms_reader_time - INFO -   已写入 400000/1600000 行数据
2025-09-12 15:59:05,845 - src.data_io.tdms_reader_time - INFO -   已写入 500000/1600000 行数据
2025-09-12 15:59:06,244 - src.data_io.tdms_reader_time - INFO -   已写入 600000/1600000 行数据
2025-09-12 15:59:06,644 - src.data_io.tdms_reader_time - INFO -   已写入 700000/1600000 行数据
2025-09-12 15:59:07,046 - src.data_io.tdms_reader_time - INFO -   已写入 800000/1600000 行数据
2025-09-12 15:59:07,450 - src.data_io.tdms_reader_time - INFO -   已写入 900000/1600000 行数据
2025-09-12 15:59:07,860 - src.data_io.tdms_reader_time - INFO -   已写入 1000000/1600000 行数据
2025-09-12 15:59:08,277 - src.data_io.tdms_reader_time - INFO -   已写入 1100000/1600000 行数据
2025-09-12 15:59:08,685 - src.data_io.tdms_reader_time - INFO -   已写入 1200000/1600000 行数据
2025-09-12 15:59:09,095 - src.data_io.tdms_reader_time - INFO -   已写入 1300000/1600000 行数据
2025-09-12 15:59:09,503 - src.data_io.tdms_reader_time - INFO -   已写入 1400000/1600000 行数据
2025-09-12 15:59:09,903 - src.data_io.tdms_reader_time - INFO -   已写入 1500000/1600000 行数据
2025-09-12 15:59:10,308 - src.data_io.tdms_reader_time - INFO -   已写入 1600000/1600000 行数据
2025-09-12 15:59:10,308 - src.data_io.tdms_reader_time - INFO - 已转换: 20250724170304.831875-1.tdms -> D:/Lab/results/data/time\BG\20250724170304.831875.csv
2025-09-12 15:59:10,342 - src.data_io.tdms_reader_time - INFO - 开始处理文件: D:/Lab/test/2025.7.22\BG\20250724170308.032031-2.tdms
2025-09-12 15:59:10,414 - src.data_io.tdms_reader_time - INFO - 处理文件: 20250724170308.032031-2.tdms, 数据长度: 1600000, 通道数: 8
2025-09-12 15:59:15,727 - src.data_io.tdms_reader_time - INFO -   已写入 100000/1600000 行数据
2025-09-12 15:59:16,128 - src.data_io.tdms_reader_time - INFO -   已写入 200000/1600000 行数据
2025-09-12 15:59:16,535 - src.data_io.tdms_reader_time - INFO -   已写入 300000/1600000 行数据
2025-09-12 15:59:16,930 - src.data_io.tdms_reader_time - INFO -   已写入 400000/1600000 行数据
2025-09-12 15:59:17,342 - src.data_io.tdms_reader_time - INFO -   已写入 500000/1600000 行数据
2025-09-12 15:59:17,756 - src.data_io.tdms_reader_time - INFO -   已写入 600000/1600000 行数据
2025-09-12 15:59:18,174 - src.data_io.tdms_reader_time - INFO -   已写入 700000/1600000 行数据
2025-09-12 15:59:18,614 - src.data_io.tdms_reader_time - INFO -   已写入 800000/1600000 行数据
2025-09-12 15:59:19,036 - src.data_io.tdms_reader_time - INFO -   已写入 900000/1600000 行数据
2025-09-12 15:59:19,461 - src.data_io.tdms_reader_time - INFO -   已写入 1000000/1600000 行数据
2025-09-12 15:59:19,883 - src.data_io.tdms_reader_time - INFO -   已写入 1100000/1600000 行数据
2025-09-12 15:59:20,297 - src.data_io.tdms_reader_time - INFO -   已写入 1200000/1600000 行数据
2025-09-12 15:59:20,708 - src.data_io.tdms_reader_time - INFO -   已写入 1300000/1600000 行数据
2025-09-12 15:59:21,118 - src.data_io.tdms_reader_time - INFO -   已写入 1400000/1600000 行数据
2025-09-12 15:59:21,515 - src.data_io.tdms_reader_time - INFO -   已写入 1500000/1600000 行数据
2025-09-12 15:59:21,919 - src.data_io.tdms_reader_time - INFO -   已写入 1600000/1600000 行数据
2025-09-12 15:59:21,919 - src.data_io.tdms_reader_time - INFO - 已转换: 20250724170308.032031-2.tdms -> D:/Lab/results/data/time\BG\20250724170308.032031.csv
2025-09-12 15:59:21,953 - src.data_io.tdms_reader_time - INFO - 开始处理文件: D:/Lab/test/2025.7.22\BG\20250724170311.231005-3.tdms
2025-09-12 15:59:22,021 - src.data_io.tdms_reader_time - INFO - 处理文件: 20250724170311.231005-3.tdms, 数据长度: 1600000, 通道数: 8
2025-09-12 15:59:27,295 - src.data_io.tdms_reader_time - INFO -   已写入 100000/1600000 行数据
2025-09-12 15:59:27,690 - src.data_io.tdms_reader_time - INFO -   已写入 200000/1600000 行数据
2025-09-12 15:59:28,081 - src.data_io.tdms_reader_time - INFO -   已写入 300000/1600000 行数据
2025-09-12 15:59:28,476 - src.data_io.tdms_reader_time - INFO -   已写入 400000/1600000 行数据
2025-09-12 15:59:28,873 - src.data_io.tdms_reader_time - INFO -   已写入 500000/1600000 行数据
2025-09-12 15:59:29,270 - src.data_io.tdms_reader_time - INFO -   已写入 600000/1600000 行数据
2025-09-12 15:59:29,669 - src.data_io.tdms_reader_time - INFO -   已写入 700000/1600000 行数据
2025-09-12 15:59:30,065 - src.data_io.tdms_reader_time - INFO -   已写入 800000/1600000 行数据
2025-09-12 15:59:30,473 - src.data_io.tdms_reader_time - INFO -   已写入 900000/1600000 行数据
2025-09-12 15:59:30,864 - src.data_io.tdms_reader_time - INFO -   已写入 1000000/1600000 行数据
2025-09-12 15:59:31,257 - src.data_io.tdms_reader_time - INFO -   已写入 1100000/1600000 行数据
2025-09-12 15:59:31,648 - src.data_io.tdms_reader_time - INFO -   已写入 1200000/1600000 行数据
2025-09-12 15:59:32,052 - src.data_io.tdms_reader_time - INFO -   已写入 1300000/1600000 行数据
2025-09-12 15:59:32,451 - src.data_io.tdms_reader_time - INFO -   已写入 1400000/1600000 行数据
2025-09-12 15:59:32,842 - src.data_io.tdms_reader_time - INFO -   已写入 1500000/1600000 行数据
2025-09-12 15:59:33,233 - src.data_io.tdms_reader_time - INFO -   已写入 1600000/1600000 行数据
2025-09-12 15:59:33,234 - src.data_io.tdms_reader_time - INFO - 已转换: 20250724170311.231005-3.tdms -> D:/Lab/results/data/time\BG\20250724170311.231005.csv
2025-09-12 15:59:33,266 - src.data_io.tdms_reader_time - INFO - 开始处理文件: D:/Lab/test/2025.7.22\BG\20250724170314.433703-4.tdms
2025-09-12 15:59:33,336 - src.data_io.tdms_reader_time - INFO - 处理文件: 20250724170314.433703-4.tdms, 数据长度: 1600000, 通道数: 8
2025-09-12 15:59:38,447 - src.data_io.tdms_reader_time - INFO -   已写入 100000/1600000 行数据
2025-09-12 15:59:38,841 - src.data_io.tdms_reader_time - INFO -   已写入 200000/1600000 行数据
2025-09-12 15:59:39,237 - src.data_io.tdms_reader_time - INFO -   已写入 300000/1600000 行数据
2025-09-12 15:59:39,625 - src.data_io.tdms_reader_time - INFO -   已写入 400000/1600000 行数据
2025-09-12 15:59:40,018 - src.data_io.tdms_reader_time - INFO -   已写入 500000/1600000 行数据
2025-09-12 15:59:40,411 - src.data_io.tdms_reader_time - INFO -   已写入 600000/1600000 行数据
2025-09-12 15:59:40,798 - src.data_io.tdms_reader_time - INFO -   已写入 700000/1600000 行数据
2025-09-12 15:59:41,192 - src.data_io.tdms_reader_time - INFO -   已写入 800000/1600000 行数据
2025-09-12 15:59:41,598 - src.data_io.tdms_reader_time - INFO -   已写入 900000/1600000 行数据
2025-09-12 15:59:41,988 - src.data_io.tdms_reader_time - INFO -   已写入 1000000/1600000 行数据
2025-09-12 15:59:42,378 - src.data_io.tdms_reader_time - INFO -   已写入 1100000/1600000 行数据
2025-09-12 15:59:42,766 - src.data_io.tdms_reader_time - INFO -   已写入 1200000/1600000 行数据
2025-09-12 15:59:43,166 - src.data_io.tdms_reader_time - INFO -   已写入 1300000/1600000 行数据
2025-09-12 15:59:43,561 - src.data_io.tdms_reader_time - INFO -   已写入 1400000/1600000 行数据
2025-09-12 15:59:43,956 - src.data_io.tdms_reader_time - INFO -   已写入 1500000/1600000 行数据
2025-09-12 15:59:44,348 - src.data_io.tdms_reader_time - INFO -   已写入 1600000/1600000 行数据
2025-09-12 15:59:44,348 - src.data_io.tdms_reader_time - INFO - 已转换: 20250724170314.433703-4.tdms -> D:/Lab/results/data/time\BG\20250724170314.433703.csv
2025-09-12 15:59:44,381 - src.data_io.tdms_reader_time - INFO - 开始处理文件: D:/Lab/test/2025.7.22\BG\20250724170317.632207-5.tdms
2025-09-12 15:59:44,450 - src.data_io.tdms_reader_time - INFO - 处理文件: 20250724170317.632207-5.tdms, 数据长度: 1600000, 通道数: 8
2025-09-12 15:59:49,504 - src.data_io.tdms_reader_time - INFO -   已写入 100000/1600000 行数据
2025-09-12 15:59:49,898 - src.data_io.tdms_reader_time - INFO -   已写入 200000/1600000 行数据
2025-09-12 15:59:50,290 - src.data_io.tdms_reader_time - INFO -   已写入 300000/1600000 行数据
2025-09-12 15:59:50,681 - src.data_io.tdms_reader_time - INFO -   已写入 400000/1600000 行数据
2025-09-12 15:59:51,074 - src.data_io.tdms_reader_time - INFO -   已写入 500000/1600000 行数据
2025-09-12 15:59:51,466 - src.data_io.tdms_reader_time - INFO -   已写入 600000/1600000 行数据
2025-09-12 15:59:51,857 - src.data_io.tdms_reader_time - INFO -   已写入 700000/1600000 行数据
2025-09-12 15:59:52,250 - src.data_io.tdms_reader_time - INFO -   已写入 800000/1600000 行数据
2025-09-12 15:59:52,641 - src.data_io.tdms_reader_time - INFO -   已写入 900000/1600000 行数据
2025-09-12 15:59:53,025 - src.data_io.tdms_reader_time - INFO -   已写入 1000000/1600000 行数据
2025-09-12 15:59:53,418 - src.data_io.tdms_reader_time - INFO -   已写入 1100000/1600000 行数据
2025-09-12 15:59:53,808 - src.data_io.tdms_reader_time - INFO -   已写入 1200000/1600000 行数据
2025-09-12 15:59:54,210 - src.data_io.tdms_reader_time - INFO -   已写入 1300000/1600000 行数据
2025-09-12 15:59:54,596 - src.data_io.tdms_reader_time - INFO -   已写入 1400000/1600000 行数据
2025-09-12 15:59:54,985 - src.data_io.tdms_reader_time - INFO -   已写入 1500000/1600000 行数据
2025-09-12 15:59:55,373 - src.data_io.tdms_reader_time - INFO -   已写入 1600000/1600000 行数据
2025-09-12 15:59:55,374 - src.data_io.tdms_reader_time - INFO - 已转换: 20250724170317.632207-5.tdms -> D:/Lab/results/data/time\BG\20250724170317.632207.csv
2025-09-12 15:59:55,409 - src.data_io.tdms_reader_time - INFO - 开始处理文件: D:/Lab/test/2025.7.22\BG\20250724170320.831241-6.tdms
2025-09-12 15:59:55,474 - src.data_io.tdms_reader_time - INFO - 处理文件: 20250724170320.831241-6.tdms, 数据长度: 1600000, 通道数: 8
2025-09-12 16:00:00,515 - src.data_io.tdms_reader_time - INFO -   已写入 100000/1600000 行数据
2025-09-12 16:00:00,904 - src.data_io.tdms_reader_time - INFO -   已写入 200000/1600000 行数据
2025-09-12 16:00:01,293 - src.data_io.tdms_reader_time - INFO -   已写入 300000/1600000 行数据
2025-09-12 16:00:01,680 - src.data_io.tdms_reader_time - INFO -   已写入 400000/1600000 行数据
2025-09-12 16:00:02,073 - src.data_io.tdms_reader_time - INFO -   已写入 500000/1600000 行数据
2025-09-12 16:00:02,468 - src.data_io.tdms_reader_time - INFO -   已写入 600000/1600000 行数据
2025-09-12 16:00:02,866 - src.data_io.tdms_reader_time - INFO -   已写入 700000/1600000 行数据
2025-09-12 16:00:03,254 - src.data_io.tdms_reader_time - INFO -   已写入 800000/1600000 行数据
2025-09-12 16:00:03,649 - src.data_io.tdms_reader_time - INFO -   已写入 900000/1600000 行数据
2025-09-12 16:00:04,039 - src.data_io.tdms_reader_time - INFO -   已写入 1000000/1600000 行数据
2025-09-12 16:00:04,430 - src.data_io.tdms_reader_time - INFO -   已写入 1100000/1600000 行数据
2025-09-12 16:00:04,817 - src.data_io.tdms_reader_time - INFO -   已写入 1200000/1600000 行数据
2025-09-12 16:00:05,216 - src.data_io.tdms_reader_time - INFO -   已写入 1300000/1600000 行数据
2025-09-12 16:00:05,602 - src.data_io.tdms_reader_time - INFO -   已写入 1400000/1600000 行数据
2025-09-12 16:00:05,991 - src.data_io.tdms_reader_time - INFO -   已写入 1500000/1600000 行数据
2025-09-12 16:00:06,379 - src.data_io.tdms_reader_time - INFO -   已写入 1600000/1600000 行数据
2025-09-12 16:00:06,379 - src.data_io.tdms_reader_time - INFO - 已转换: 20250724170320.831241-6.tdms -> D:/Lab/results/data/time\BG\20250724170320.831241.csv
2025-09-12 16:00:06,411 - src.data_io.tdms_reader_time - INFO - 开始处理文件: D:/Lab/test/2025.7.22\BG\20250724170324.031474-7.tdms
2025-09-12 16:00:06,479 - src.data_io.tdms_reader_time - INFO - 处理文件: 20250724170324.031474-7.tdms, 数据长度: 1600000, 通道数: 8
2025-09-12 16:00:11,504 - src.data_io.tdms_reader_time - INFO -   已写入 100000/1600000 行数据
2025-09-12 16:00:11,893 - src.data_io.tdms_reader_time - INFO -   已写入 200000/1600000 行数据
2025-09-12 16:00:12,288 - src.data_io.tdms_reader_time - INFO -   已写入 300000/1600000 行数据
2025-09-12 16:00:12,673 - src.data_io.tdms_reader_time - INFO -   已写入 400000/1600000 行数据
2025-09-12 16:00:13,063 - src.data_io.tdms_reader_time - INFO -   已写入 500000/1600000 行数据
2025-09-12 16:00:13,459 - src.data_io.tdms_reader_time - INFO -   已写入 600000/1600000 行数据
2025-09-12 16:00:13,856 - src.data_io.tdms_reader_time - INFO -   已写入 700000/1600000 行数据
2025-09-12 16:00:14,246 - src.data_io.tdms_reader_time - INFO -   已写入 800000/1600000 行数据
2025-09-12 16:00:14,644 - src.data_io.tdms_reader_time - INFO -   已写入 900000/1600000 行数据
2025-09-12 16:00:15,036 - src.data_io.tdms_reader_time - INFO -   已写入 1000000/1600000 行数据
2025-09-12 16:00:15,423 - src.data_io.tdms_reader_time - INFO -   已写入 1100000/1600000 行数据
2025-09-12 16:00:15,813 - src.data_io.tdms_reader_time - INFO -   已写入 1200000/1600000 行数据
2025-09-12 16:00:16,214 - src.data_io.tdms_reader_time - INFO -   已写入 1300000/1600000 行数据
2025-09-12 16:00:16,602 - src.data_io.tdms_reader_time - INFO -   已写入 1400000/1600000 行数据
2025-09-12 16:00:16,991 - src.data_io.tdms_reader_time - INFO -   已写入 1500000/1600000 行数据
2025-09-12 16:00:17,378 - src.data_io.tdms_reader_time - INFO -   已写入 1600000/1600000 行数据
2025-09-12 16:00:17,378 - src.data_io.tdms_reader_time - INFO - 已转换: 20250724170324.031474-7.tdms -> D:/Lab/results/data/time\BG\20250724170324.031474.csv
2025-09-12 16:00:17,411 - src.data_io.tdms_reader_time - INFO - 开始处理文件: D:/Lab/test/2025.7.22\BG\20250724170327.232004-8.tdms
2025-09-12 16:00:17,476 - src.data_io.tdms_reader_time - INFO - 处理文件: 20250724170327.232004-8.tdms, 数据长度: 1600000, 通道数: 8
2025-09-12 16:00:22,520 - src.data_io.tdms_reader_time - INFO -   已写入 100000/1600000 行数据
2025-09-12 16:00:22,912 - src.data_io.tdms_reader_time - INFO -   已写入 200000/1600000 行数据
2025-09-12 16:00:23,297 - src.data_io.tdms_reader_time - INFO -   已写入 300000/1600000 行数据
2025-09-12 16:00:23,684 - src.data_io.tdms_reader_time - INFO -   已写入 400000/1600000 行数据
2025-09-12 16:00:24,079 - src.data_io.tdms_reader_time - INFO -   已写入 500000/1600000 行数据
2025-09-12 16:00:24,472 - src.data_io.tdms_reader_time - INFO -   已写入 600000/1600000 行数据
2025-09-12 16:00:24,873 - src.data_io.tdms_reader_time - INFO -   已写入 700000/1600000 行数据
2025-09-12 16:00:25,261 - src.data_io.tdms_reader_time - INFO -   已写入 800000/1600000 行数据
2025-09-12 16:00:25,652 - src.data_io.tdms_reader_time - INFO -   已写入 900000/1600000 行数据
2025-09-12 16:00:26,041 - src.data_io.tdms_reader_time - INFO -   已写入 1000000/1600000 行数据
2025-09-12 16:00:26,432 - src.data_io.tdms_reader_time - INFO -   已写入 1100000/1600000 行数据
2025-09-12 16:00:26,822 - src.data_io.tdms_reader_time - INFO -   已写入 1200000/1600000 行数据
2025-09-12 16:00:27,230 - src.data_io.tdms_reader_time - INFO -   已写入 1300000/1600000 行数据
2025-09-12 16:00:27,629 - src.data_io.tdms_reader_time - INFO -   已写入 1400000/1600000 行数据
2025-09-12 16:00:28,019 - src.data_io.tdms_reader_time - INFO -   已写入 1500000/1600000 行数据
2025-09-12 16:00:28,414 - src.data_io.tdms_reader_time - INFO -   已写入 1600000/1600000 行数据
2025-09-12 16:00:28,415 - src.data_io.tdms_reader_time - INFO - 已转换: 20250724170327.232004-8.tdms -> D:/Lab/results/data/time\BG\20250724170327.232004.csv
2025-09-12 16:00:28,446 - src.data_io.tdms_reader_time - INFO - 开始处理文件: D:/Lab/test/2025.7.22\BG\20250724170330.429985-9.tdms
2025-09-12 16:00:28,509 - src.data_io.tdms_reader_time - INFO - 处理文件: 20250724170330.429985-9.tdms, 数据长度: 1600000, 通道数: 8
2025-09-12 16:00:33,512 - src.data_io.tdms_reader_time - INFO -   已写入 100000/1600000 行数据
2025-09-12 16:00:33,894 - src.data_io.tdms_reader_time - INFO -   已写入 200000/1600000 行数据
2025-09-12 16:00:34,282 - src.data_io.tdms_reader_time - INFO -   已写入 300000/1600000 行数据
2025-09-12 16:00:34,672 - src.data_io.tdms_reader_time - INFO -   已写入 400000/1600000 行数据
2025-09-12 16:00:35,058 - src.data_io.tdms_reader_time - INFO -   已写入 500000/1600000 行数据
2025-09-12 16:00:35,458 - src.data_io.tdms_reader_time - INFO -   已写入 600000/1600000 行数据
2025-09-12 16:00:35,846 - src.data_io.tdms_reader_time - INFO -   已写入 700000/1600000 行数据
2025-09-12 16:00:36,237 - src.data_io.tdms_reader_time - INFO -   已写入 800000/1600000 行数据
2025-09-12 16:00:36,624 - src.data_io.tdms_reader_time - INFO -   已写入 900000/1600000 行数据
2025-09-12 16:00:37,011 - src.data_io.tdms_reader_time - INFO -   已写入 1000000/1600000 行数据
2025-09-12 16:00:37,397 - src.data_io.tdms_reader_time - INFO -   已写入 1100000/1600000 行数据
2025-09-12 16:00:37,781 - src.data_io.tdms_reader_time - INFO -   已写入 1200000/1600000 行数据
2025-09-12 16:00:38,179 - src.data_io.tdms_reader_time - INFO -   已写入 1300000/1600000 行数据
2025-09-12 16:00:38,565 - src.data_io.tdms_reader_time - INFO -   已写入 1400000/1600000 行数据
2025-09-12 16:00:38,953 - src.data_io.tdms_reader_time - INFO -   已写入 1500000/1600000 行数据
2025-09-12 16:00:39,337 - src.data_io.tdms_reader_time - INFO -   已写入 1600000/1600000 行数据
2025-09-12 16:00:39,337 - src.data_io.tdms_reader_time - INFO - 已转换: 20250724170330.429985-9.tdms -> D:/Lab/results/data/time\BG\20250724170330.429985.csv
2025-09-12 16:00:39,370 - src.data_io.tdms_reader_time - INFO - 开始处理文件: D:/Lab/test/2025.7.22\BG\20250724170333.634081-10.tdms
2025-09-12 16:00:39,430 - src.data_io.tdms_reader_time - INFO - 处理文件: 20250724170333.634081-10.tdms, 数据长度: 1600000, 通道数: 8
2025-09-12 16:00:44,402 - src.data_io.tdms_reader_time - INFO -   已写入 100000/1600000 行数据
2025-09-12 16:00:44,796 - src.data_io.tdms_reader_time - INFO -   已写入 200000/1600000 行数据
2025-09-12 16:00:45,317 - src.data_io.tdms_reader_time - INFO -   已写入 300000/1600000 行数据
2025-09-12 16:00:45,849 - src.data_io.tdms_reader_time - INFO -   已写入 400000/1600000 行数据
2025-09-12 16:00:46,357 - src.data_io.tdms_reader_time - INFO -   已写入 500000/1600000 行数据
2025-09-12 16:00:46,881 - src.data_io.tdms_reader_time - INFO -   已写入 600000/1600000 行数据
2025-09-12 16:00:47,407 - src.data_io.tdms_reader_time - INFO -   已写入 700000/1600000 行数据
2025-09-12 16:00:47,924 - src.data_io.tdms_reader_time - INFO -   已写入 800000/1600000 行数据
2025-09-12 16:00:48,446 - src.data_io.tdms_reader_time - INFO -   已写入 900000/1600000 行数据
2025-09-12 16:00:48,969 - src.data_io.tdms_reader_time - INFO -   已写入 1000000/1600000 行数据
2025-09-12 16:00:49,485 - src.data_io.tdms_reader_time - INFO -   已写入 1100000/1600000 行数据
2025-09-12 16:00:49,993 - src.data_io.tdms_reader_time - INFO -   已写入 1200000/1600000 行数据
2025-09-12 16:00:50,519 - src.data_io.tdms_reader_time - INFO -   已写入 1300000/1600000 行数据
2025-09-12 16:00:51,048 - src.data_io.tdms_reader_time - INFO -   已写入 1400000/1600000 行数据
2025-09-12 16:00:51,559 - src.data_io.tdms_reader_time - INFO -   已写入 1500000/1600000 行数据
2025-09-12 16:00:52,081 - src.data_io.tdms_reader_time - INFO -   已写入 1600000/1600000 行数据
2025-09-12 16:00:52,081 - src.data_io.tdms_reader_time - INFO - 已转换: 20250724170333.634081-10.tdms -> D:/Lab/results/data/time\BG\20250724170333.634081.csv
2025-09-12 16:00:52,110 - src.data_io.tdms_reader_time - INFO - 开始处理文件: D:/Lab/test/2025.7.22\BG\20250724170336.834196-11.tdms
2025-09-12 16:00:52,171 - src.data_io.tdms_reader_time - INFO - 处理文件: 20250724170336.834196-11.tdms, 数据长度: 1600000, 通道数: 8
2025-09-12 16:00:57,380 - src.data_io.tdms_reader_time - INFO -   已写入 100000/1600000 行数据
2025-09-12 16:00:57,900 - src.data_io.tdms_reader_time - INFO -   已写入 200000/1600000 行数据
2025-09-12 16:00:58,415 - src.data_io.tdms_reader_time - INFO -   已写入 300000/1600000 行数据
2025-09-12 16:00:58,949 - src.data_io.tdms_reader_time - INFO -   已写入 400000/1600000 行数据
2025-09-12 16:00:59,459 - src.data_io.tdms_reader_time - INFO -   已写入 500000/1600000 行数据
2025-09-12 16:00:59,973 - src.data_io.tdms_reader_time - INFO -   已写入 600000/1600000 行数据
2025-09-12 16:01:00,493 - src.data_io.tdms_reader_time - INFO -   已写入 700000/1600000 行数据
2025-09-12 16:01:01,009 - src.data_io.tdms_reader_time - INFO -   已写入 800000/1600000 行数据
2025-09-12 16:01:01,524 - src.data_io.tdms_reader_time - INFO -   已写入 900000/1600000 行数据
2025-09-12 16:01:02,043 - src.data_io.tdms_reader_time - INFO -   已写入 1000000/1600000 行数据
2025-09-12 16:01:02,572 - src.data_io.tdms_reader_time - INFO -   已写入 1100000/1600000 行数据
2025-09-12 16:01:03,098 - src.data_io.tdms_reader_time - INFO -   已写入 1200000/1600000 行数据
2025-09-12 16:01:03,625 - src.data_io.tdms_reader_time - INFO -   已写入 1300000/1600000 行数据
2025-09-12 16:01:04,150 - src.data_io.tdms_reader_time - INFO -   已写入 1400000/1600000 行数据
2025-09-12 16:01:04,662 - src.data_io.tdms_reader_time - INFO -   已写入 1500000/1600000 行数据
2025-09-12 16:01:05,169 - src.data_io.tdms_reader_time - INFO -   已写入 1600000/1600000 行数据
2025-09-12 16:01:05,170 - src.data_io.tdms_reader_time - INFO - 已转换: 20250724170336.834196-11.tdms -> D:/Lab/results/data/time\BG\20250724170336.834196.csv
2025-09-12 16:01:05,202 - src.data_io.tdms_reader_time - INFO - 开始处理文件: D:/Lab/test/2025.7.22\BG\20250724170340.032410-12.tdms
2025-09-12 16:01:05,262 - src.data_io.tdms_reader_time - INFO - 处理文件: 20250724170340.032410-12.tdms, 数据长度: 1600000, 通道数: 8
2025-09-12 16:01:10,662 - src.data_io.tdms_reader_time - INFO -   已写入 100000/1600000 行数据
2025-09-12 16:01:11,120 - src.data_io.tdms_reader_time - INFO -   已写入 200000/1600000 行数据
2025-09-12 16:01:11,625 - src.data_io.tdms_reader_time - INFO -   已写入 300000/1600000 行数据
2025-09-12 16:01:12,128 - src.data_io.tdms_reader_time - INFO -   已写入 400000/1600000 行数据
2025-09-12 16:01:12,526 - src.data_io.tdms_reader_time - INFO -   已写入 500000/1600000 行数据
2025-09-12 16:01:13,027 - src.data_io.tdms_reader_time - INFO -   已写入 600000/1600000 行数据
2025-09-12 16:01:13,536 - src.data_io.tdms_reader_time - INFO -   已写入 700000/1600000 行数据
2025-09-12 16:01:13,944 - src.data_io.tdms_reader_time - INFO -   已写入 800000/1600000 行数据
2025-09-12 16:01:14,464 - src.data_io.tdms_reader_time - INFO -   已写入 900000/1600000 行数据
2025-09-12 16:01:14,986 - src.data_io.tdms_reader_time - INFO -   已写入 1000000/1600000 行数据
2025-09-12 16:01:15,503 - src.data_io.tdms_reader_time - INFO -   已写入 1100000/1600000 行数据
2025-09-12 16:01:16,035 - src.data_io.tdms_reader_time - INFO -   已写入 1200000/1600000 行数据
2025-09-12 16:01:16,576 - src.data_io.tdms_reader_time - INFO -   已写入 1300000/1600000 行数据
2025-09-12 16:01:17,092 - src.data_io.tdms_reader_time - INFO -   已写入 1400000/1600000 行数据
2025-09-12 16:01:17,641 - src.data_io.tdms_reader_time - INFO -   已写入 1500000/1600000 行数据
2025-09-12 16:01:18,189 - src.data_io.tdms_reader_time - INFO -   已写入 1600000/1600000 行数据
2025-09-12 16:01:18,190 - src.data_io.tdms_reader_time - INFO - 已转换: 20250724170340.032410-12.tdms -> D:/Lab/results/data/time\BG\20250724170340.032410.csv
2025-09-12 16:01:18,220 - src.data_io.tdms_reader_time - INFO - 开始处理文件: D:/Lab/test/2025.7.22\BG\20250724170343.231590-13.tdms
2025-09-12 16:01:18,282 - src.data_io.tdms_reader_time - INFO - 处理文件: 20250724170343.231590-13.tdms, 数据长度: 1600000, 通道数: 8
2025-09-12 16:01:24,123 - src.data_io.tdms_reader_time - INFO -   已写入 100000/1600000 行数据
2025-09-12 16:01:24,548 - src.data_io.tdms_reader_time - INFO -   已写入 200000/1600000 行数据
2025-09-12 16:01:24,967 - src.data_io.tdms_reader_time - INFO -   已写入 300000/1600000 行数据
2025-09-12 16:01:25,395 - src.data_io.tdms_reader_time - INFO -   已写入 400000/1600000 行数据
2025-09-12 16:01:25,804 - src.data_io.tdms_reader_time - INFO -   已写入 500000/1600000 行数据
2025-09-12 16:01:26,211 - src.data_io.tdms_reader_time - INFO -   已写入 600000/1600000 行数据
2025-09-12 16:01:26,624 - src.data_io.tdms_reader_time - INFO -   已写入 700000/1600000 行数据
2025-09-12 16:01:27,055 - src.data_io.tdms_reader_time - INFO -   已写入 800000/1600000 行数据
2025-09-12 16:01:27,485 - src.data_io.tdms_reader_time - INFO -   已写入 900000/1600000 行数据
2025-09-12 16:01:27,908 - src.data_io.tdms_reader_time - INFO -   已写入 1000000/1600000 行数据
2025-09-12 16:01:28,335 - src.data_io.tdms_reader_time - INFO -   已写入 1100000/1600000 行数据
2025-09-12 16:01:28,745 - src.data_io.tdms_reader_time - INFO -   已写入 1200000/1600000 行数据
2025-09-12 16:01:29,156 - src.data_io.tdms_reader_time - INFO -   已写入 1300000/1600000 行数据
2025-09-12 16:01:29,755 - src.data_io.tdms_reader_time - INFO -   已写入 1400000/1600000 行数据
2025-09-12 16:01:30,436 - src.data_io.tdms_reader_time - INFO -   已写入 1500000/1600000 行数据
2025-09-12 16:01:31,162 - src.data_io.tdms_reader_time - INFO -   已写入 1600000/1600000 行数据
2025-09-12 16:01:31,162 - src.data_io.tdms_reader_time - INFO - 已转换: 20250724170343.231590-13.tdms -> D:/Lab/results/data/time\BG\20250724170343.231590.csv
2025-09-12 16:01:31,219 - src.data_io.tdms_reader_time - INFO - 开始处理文件: D:/Lab/test/2025.7.22\BG\20250724170346.431995-14.tdms
2025-09-12 16:01:31,299 - src.data_io.tdms_reader_time - INFO - 处理文件: 20250724170346.431995-14.tdms, 数据长度: 1600000, 通道数: 8
2025-09-12 16:01:39,728 - src.data_io.tdms_reader_time - INFO -   已写入 100000/1600000 行数据
2025-09-12 16:01:40,208 - src.data_io.tdms_reader_time - INFO -   已写入 200000/1600000 行数据
2025-09-12 16:01:40,663 - src.data_io.tdms_reader_time - INFO -   已写入 300000/1600000 行数据
2025-09-12 16:01:41,165 - src.data_io.tdms_reader_time - INFO -   已写入 400000/1600000 行数据
2025-09-12 16:01:41,672 - src.data_io.tdms_reader_time - INFO -   已写入 500000/1600000 行数据
2025-09-12 16:01:42,201 - src.data_io.tdms_reader_time - INFO -   已写入 600000/1600000 行数据
2025-09-12 16:01:42,718 - src.data_io.tdms_reader_time - INFO -   已写入 700000/1600000 行数据
2025-09-12 16:01:43,206 - src.data_io.tdms_reader_time - INFO -   已写入 800000/1600000 行数据
2025-09-12 16:01:43,730 - src.data_io.tdms_reader_time - INFO -   已写入 900000/1600000 行数据
2025-09-12 16:01:44,235 - src.data_io.tdms_reader_time - INFO -   已写入 1000000/1600000 行数据
2025-09-12 16:01:44,721 - src.data_io.tdms_reader_time - INFO -   已写入 1100000/1600000 行数据
2025-09-12 16:01:45,257 - src.data_io.tdms_reader_time - INFO -   已写入 1200000/1600000 行数据
2025-09-12 16:01:45,714 - src.data_io.tdms_reader_time - INFO -   已写入 1300000/1600000 行数据
2025-09-12 16:01:46,226 - src.data_io.tdms_reader_time - INFO -   已写入 1400000/1600000 行数据
2025-09-12 16:01:46,756 - src.data_io.tdms_reader_time - INFO -   已写入 1500000/1600000 行数据
2025-09-12 16:01:47,288 - src.data_io.tdms_reader_time - INFO -   已写入 1600000/1600000 行数据
2025-09-12 16:01:47,288 - src.data_io.tdms_reader_time - INFO - 已转换: 20250724170346.431995-14.tdms -> D:/Lab/results/data/time\BG\20250724170346.431995.csv
2025-09-12 16:01:47,319 - src.data_io.tdms_reader_time - INFO - 开始处理文件: D:/Lab/test/2025.7.22\BG\20250724170349.631964-15.tdms
2025-09-12 16:01:47,379 - src.data_io.tdms_reader_time - INFO - 处理文件: 20250724170349.631964-15.tdms, 数据长度: 1600000, 通道数: 8
2025-09-12 16:01:52,663 - src.data_io.tdms_reader_time - INFO -   已写入 100000/1600000 行数据
2025-09-12 16:01:53,067 - src.data_io.tdms_reader_time - INFO -   已写入 200000/1600000 行数据
2025-09-12 16:01:53,483 - src.data_io.tdms_reader_time - INFO -   已写入 300000/1600000 行数据
2025-09-12 16:01:53,889 - src.data_io.tdms_reader_time - INFO -   已写入 400000/1600000 行数据
2025-09-12 16:01:54,305 - src.data_io.tdms_reader_time - INFO -   已写入 500000/1600000 行数据
2025-09-12 16:01:54,714 - src.data_io.tdms_reader_time - INFO -   已写入 600000/1600000 行数据
2025-09-12 16:01:55,119 - src.data_io.tdms_reader_time - INFO -   已写入 700000/1600000 行数据
2025-09-12 16:01:55,532 - src.data_io.tdms_reader_time - INFO -   已写入 800000/1600000 行数据
2025-09-12 16:01:55,931 - src.data_io.tdms_reader_time - INFO -   已写入 900000/1600000 行数据
2025-09-12 16:01:56,335 - src.data_io.tdms_reader_time - INFO -   已写入 1000000/1600000 行数据
2025-09-12 16:01:56,738 - src.data_io.tdms_reader_time - INFO -   已写入 1100000/1600000 行数据
2025-09-12 16:01:57,139 - src.data_io.tdms_reader_time - INFO -   已写入 1200000/1600000 行数据
2025-09-12 16:01:57,538 - src.data_io.tdms_reader_time - INFO -   已写入 1300000/1600000 行数据
2025-09-12 16:01:57,936 - src.data_io.tdms_reader_time - INFO -   已写入 1400000/1600000 行数据
2025-09-12 16:01:58,335 - src.data_io.tdms_reader_time - INFO -   已写入 1500000/1600000 行数据
2025-09-12 16:01:58,725 - src.data_io.tdms_reader_time - INFO -   已写入 1600000/1600000 行数据
2025-09-12 16:01:58,725 - src.data_io.tdms_reader_time - INFO - 已转换: 20250724170349.631964-15.tdms -> D:/Lab/results/data/time\BG\20250724170349.631964.csv
2025-09-12 16:01:58,756 - src.data_io.tdms_reader_time - INFO - 开始处理文件: D:/Lab/test/2025.7.22\BG\20250724170352.831108-16.tdms
2025-09-12 16:01:58,818 - src.data_io.tdms_reader_time - INFO - 处理文件: 20250724170352.831108-16.tdms, 数据长度: 1600000, 通道数: 8
2025-09-12 16:02:03,998 - src.data_io.tdms_reader_time - INFO -   已写入 100000/1600000 行数据
2025-09-12 16:02:04,400 - src.data_io.tdms_reader_time - INFO -   已写入 200000/1600000 行数据
2025-09-12 16:02:04,815 - src.data_io.tdms_reader_time - INFO -   已写入 300000/1600000 行数据
2025-09-12 16:02:05,223 - src.data_io.tdms_reader_time - INFO -   已写入 400000/1600000 行数据
2025-09-12 16:02:05,628 - src.data_io.tdms_reader_time - INFO -   已写入 500000/1600000 行数据
2025-09-12 16:02:06,022 - src.data_io.tdms_reader_time - INFO -   已写入 600000/1600000 行数据
2025-09-12 16:02:06,412 - src.data_io.tdms_reader_time - INFO -   已写入 700000/1600000 行数据
2025-09-12 16:02:06,803 - src.data_io.tdms_reader_time - INFO -   已写入 800000/1600000 行数据
2025-09-12 16:02:07,197 - src.data_io.tdms_reader_time - INFO -   已写入 900000/1600000 行数据
2025-09-12 16:02:07,596 - src.data_io.tdms_reader_time - INFO -   已写入 1000000/1600000 行数据
2025-09-12 16:02:08,001 - src.data_io.tdms_reader_time - INFO -   已写入 1100000/1600000 行数据
2025-09-12 16:02:08,407 - src.data_io.tdms_reader_time - INFO -   已写入 1200000/1600000 行数据
2025-09-12 16:02:08,831 - src.data_io.tdms_reader_time - INFO -   已写入 1300000/1600000 行数据
2025-09-12 16:02:09,239 - src.data_io.tdms_reader_time - INFO -   已写入 1400000/1600000 行数据
2025-09-12 16:02:09,637 - src.data_io.tdms_reader_time - INFO -   已写入 1500000/1600000 行数据
2025-09-12 16:02:10,031 - src.data_io.tdms_reader_time - INFO -   已写入 1600000/1600000 行数据
2025-09-12 16:02:10,031 - src.data_io.tdms_reader_time - INFO - 已转换: 20250724170352.831108-16.tdms -> D:/Lab/results/data/time\BG\20250724170352.831108.csv
2025-09-12 16:02:10,067 - src.data_io.tdms_reader_time - INFO - 开始处理文件: D:/Lab/test/2025.7.22\BG\20250724170356.034098-17.tdms
2025-09-12 16:02:10,129 - src.data_io.tdms_reader_time - INFO - 处理文件: 20250724170356.034098-17.tdms, 数据长度: 1600000, 通道数: 8
2025-09-12 16:02:15,271 - src.data_io.tdms_reader_time - INFO -   已写入 100000/1600000 行数据
2025-09-12 16:02:15,670 - src.data_io.tdms_reader_time - INFO -   已写入 200000/1600000 行数据
2025-09-12 16:02:16,066 - src.data_io.tdms_reader_time - INFO -   已写入 300000/1600000 行数据
2025-09-12 16:02:16,469 - src.data_io.tdms_reader_time - INFO -   已写入 400000/1600000 行数据
2025-09-12 16:02:16,860 - src.data_io.tdms_reader_time - INFO -   已写入 500000/1600000 行数据
2025-09-12 16:02:17,255 - src.data_io.tdms_reader_time - INFO -   已写入 600000/1600000 行数据
2025-09-12 16:02:17,660 - src.data_io.tdms_reader_time - INFO -   已写入 700000/1600000 行数据
2025-09-12 16:02:18,067 - src.data_io.tdms_reader_time - INFO -   已写入 800000/1600000 行数据
2025-09-12 16:02:18,473 - src.data_io.tdms_reader_time - INFO -   已写入 900000/1600000 行数据
2025-09-12 16:02:18,892 - src.data_io.tdms_reader_time - INFO -   已写入 1000000/1600000 行数据
2025-09-12 16:02:19,298 - src.data_io.tdms_reader_time - INFO -   已写入 1100000/1600000 行数据
2025-09-12 16:02:19,694 - src.data_io.tdms_reader_time - INFO -   已写入 1200000/1600000 行数据
2025-09-12 16:02:20,092 - src.data_io.tdms_reader_time - INFO -   已写入 1300000/1600000 行数据
2025-09-12 16:02:20,480 - src.data_io.tdms_reader_time - INFO -   已写入 1400000/1600000 行数据
2025-09-12 16:02:20,863 - src.data_io.tdms_reader_time - INFO -   已写入 1500000/1600000 行数据
2025-09-12 16:02:21,265 - src.data_io.tdms_reader_time - INFO -   已写入 1600000/1600000 行数据
2025-09-12 16:02:21,266 - src.data_io.tdms_reader_time - INFO - 已转换: 20250724170356.034098-17.tdms -> D:/Lab/results/data/time\BG\20250724170356.034098.csv
2025-09-12 16:02:21,302 - src.data_io.tdms_reader_time - INFO - 开始处理文件: D:/Lab/test/2025.7.22\BG\20250724170359.233733-18.tdms
2025-09-12 16:02:21,363 - src.data_io.tdms_reader_time - INFO - 处理文件: 20250724170359.233733-18.tdms, 数据长度: 1600000, 通道数: 8
2025-09-12 16:02:26,636 - src.data_io.tdms_reader_time - INFO -   已写入 100000/1600000 行数据
2025-09-12 16:02:27,049 - src.data_io.tdms_reader_time - INFO -   已写入 200000/1600000 行数据
2025-09-12 16:02:27,453 - src.data_io.tdms_reader_time - INFO -   已写入 300000/1600000 行数据
2025-09-12 16:02:27,857 - src.data_io.tdms_reader_time - INFO -   已写入 400000/1600000 行数据
2025-09-12 16:02:28,516 - src.data_io.tdms_reader_time - INFO -   已写入 500000/1600000 行数据
2025-09-12 16:02:29,282 - src.data_io.tdms_reader_time - INFO -   已写入 600000/1600000 行数据
2025-09-12 16:02:29,685 - src.data_io.tdms_reader_time - INFO -   已写入 700000/1600000 行数据
2025-09-12 16:02:30,191 - src.data_io.tdms_reader_time - INFO -   已写入 800000/1600000 行数据
2025-09-12 16:02:30,601 - src.data_io.tdms_reader_time - INFO -   已写入 900000/1600000 行数据
2025-09-12 16:02:30,999 - src.data_io.tdms_reader_time - INFO -   已写入 1000000/1600000 行数据
2025-09-12 16:02:31,392 - src.data_io.tdms_reader_time - INFO -   已写入 1100000/1600000 行数据
2025-09-12 16:02:31,788 - src.data_io.tdms_reader_time - INFO -   已写入 1200000/1600000 行数据
2025-09-12 16:02:32,180 - src.data_io.tdms_reader_time - INFO -   已写入 1300000/1600000 行数据
2025-09-12 16:02:32,571 - src.data_io.tdms_reader_time - INFO -   已写入 1400000/1600000 行数据
2025-09-12 16:02:32,968 - src.data_io.tdms_reader_time - INFO -   已写入 1500000/1600000 行数据
2025-09-12 16:02:33,366 - src.data_io.tdms_reader_time - INFO -   已写入 1600000/1600000 行数据
2025-09-12 16:02:33,366 - src.data_io.tdms_reader_time - INFO - 已转换: 20250724170359.233733-18.tdms -> D:/Lab/results/data/time\BG\20250724170359.233733.csv
2025-09-12 16:02:33,401 - src.data_io.tdms_reader_time - INFO - 开始处理文件: D:/Lab/test/2025.7.22\BG\20250724170402.431329-19.tdms
2025-09-12 16:02:33,457 - src.data_io.tdms_reader_time - INFO - 处理文件: 20250724170402.431329-19.tdms, 数据长度: 1600000, 通道数: 8
2025-09-12 16:02:38,561 - src.data_io.tdms_reader_time - INFO -   已写入 100000/1600000 行数据
2025-09-12 16:02:38,965 - src.data_io.tdms_reader_time - INFO -   已写入 200000/1600000 行数据
2025-09-12 16:02:39,361 - src.data_io.tdms_reader_time - INFO -   已写入 300000/1600000 行数据
2025-09-12 16:02:39,822 - src.data_io.tdms_reader_time - INFO -   已写入 400000/1600000 行数据
2025-09-12 16:02:40,224 - src.data_io.tdms_reader_time - INFO -   已写入 500000/1600000 行数据
2025-09-12 16:02:40,630 - src.data_io.tdms_reader_time - INFO -   已写入 600000/1600000 行数据
2025-09-12 16:02:41,030 - src.data_io.tdms_reader_time - INFO -   已写入 700000/1600000 行数据
2025-09-12 16:02:41,425 - src.data_io.tdms_reader_time - INFO -   已写入 800000/1600000 行数据
2025-09-12 16:02:41,855 - src.data_io.tdms_reader_time - INFO -   已写入 900000/1600000 行数据
2025-09-12 16:02:42,255 - src.data_io.tdms_reader_time - INFO -   已写入 1000000/1600000 行数据
2025-09-12 16:02:42,647 - src.data_io.tdms_reader_time - INFO -   已写入 1100000/1600000 行数据
2025-09-12 16:02:43,046 - src.data_io.tdms_reader_time - INFO -   已写入 1200000/1600000 行数据
2025-09-12 16:02:43,449 - src.data_io.tdms_reader_time - INFO -   已写入 1300000/1600000 行数据
2025-09-12 16:02:43,843 - src.data_io.tdms_reader_time - INFO -   已写入 1400000/1600000 行数据
2025-09-12 16:02:44,244 - src.data_io.tdms_reader_time - INFO -   已写入 1500000/1600000 行数据
2025-09-12 16:02:44,653 - src.data_io.tdms_reader_time - INFO -   已写入 1600000/1600000 行数据
2025-09-12 16:02:44,653 - src.data_io.tdms_reader_time - INFO - 已转换: 20250724170402.431329-19.tdms -> D:/Lab/results/data/time\BG\20250724170402.431329.csv
2025-09-12 16:02:44,686 - src.data_io.tdms_reader_time - INFO - 开始处理文件: D:/Lab/test/2025.7.22\BG\20250724170405.630652-20.tdms
2025-09-12 16:02:44,744 - src.data_io.tdms_reader_time - INFO - 处理文件: 20250724170405.630652-20.tdms, 数据长度: 1600000, 通道数: 8
2025-09-12 16:02:49,881 - src.data_io.tdms_reader_time - INFO -   已写入 100000/1600000 行数据
2025-09-12 16:02:50,286 - src.data_io.tdms_reader_time - INFO -   已写入 200000/1600000 行数据
2025-09-12 16:02:50,675 - src.data_io.tdms_reader_time - INFO -   已写入 300000/1600000 行数据
2025-09-12 16:02:51,074 - src.data_io.tdms_reader_time - INFO -   已写入 400000/1600000 行数据
2025-09-12 16:02:51,483 - src.data_io.tdms_reader_time - INFO -   已写入 500000/1600000 行数据
2025-09-12 16:02:51,893 - src.data_io.tdms_reader_time - INFO -   已写入 600000/1600000 行数据
2025-09-12 16:02:52,299 - src.data_io.tdms_reader_time - INFO -   已写入 700000/1600000 行数据
2025-09-12 16:02:52,703 - src.data_io.tdms_reader_time - INFO -   已写入 800000/1600000 行数据
2025-09-12 16:02:53,098 - src.data_io.tdms_reader_time - INFO -   已写入 900000/1600000 行数据
2025-09-12 16:02:53,486 - src.data_io.tdms_reader_time - INFO -   已写入 1000000/1600000 行数据
2025-09-12 16:02:53,896 - src.data_io.tdms_reader_time - INFO -   已写入 1100000/1600000 行数据
2025-09-12 16:02:54,287 - src.data_io.tdms_reader_time - INFO -   已写入 1200000/1600000 行数据
2025-09-12 16:02:54,675 - src.data_io.tdms_reader_time - INFO -   已写入 1300000/1600000 行数据
2025-09-12 16:02:55,073 - src.data_io.tdms_reader_time - INFO -   已写入 1400000/1600000 行数据
2025-09-12 16:02:55,469 - src.data_io.tdms_reader_time - INFO -   已写入 1500000/1600000 行数据
2025-09-12 16:02:55,863 - src.data_io.tdms_reader_time - INFO -   已写入 1600000/1600000 行数据
2025-09-12 16:02:55,864 - src.data_io.tdms_reader_time - INFO - 已转换: 20250724170405.630652-20.tdms -> D:/Lab/results/data/time\BG\20250724170405.630652.csv
2025-09-12 16:02:55,896 - src.data_io.tdms_reader_time - INFO - 开始处理文件: D:/Lab/test/2025.7.22\BG\20250724170408.831898-21.tdms
2025-09-12 16:02:55,943 - src.data_io.tdms_reader_time - INFO - 处理文件: 20250724170408.831898-21.tdms, 数据长度: 1250000, 通道数: 8
2025-09-12 16:03:00,059 - src.data_io.tdms_reader_time - INFO -   已写入 100000/1250000 行数据
2025-09-12 16:03:00,468 - src.data_io.tdms_reader_time - INFO -   已写入 200000/1250000 行数据
2025-09-12 16:03:00,903 - src.data_io.tdms_reader_time - INFO -   已写入 300000/1250000 行数据
2025-09-12 16:03:01,317 - src.data_io.tdms_reader_time - INFO -   已写入 400000/1250000 行数据
2025-09-12 16:03:01,735 - src.data_io.tdms_reader_time - INFO -   已写入 500000/1250000 行数据
2025-09-12 16:03:02,147 - src.data_io.tdms_reader_time - INFO -   已写入 600000/1250000 行数据
2025-09-12 16:03:02,553 - src.data_io.tdms_reader_time - INFO -   已写入 700000/1250000 行数据
2025-09-12 16:03:02,959 - src.data_io.tdms_reader_time - INFO -   已写入 800000/1250000 行数据
2025-09-12 16:03:03,366 - src.data_io.tdms_reader_time - INFO -   已写入 900000/1250000 行数据
2025-09-12 16:03:03,761 - src.data_io.tdms_reader_time - INFO -   已写入 1000000/1250000 行数据
2025-09-12 16:03:04,157 - src.data_io.tdms_reader_time - INFO -   已写入 1100000/1250000 行数据
2025-09-12 16:03:04,550 - src.data_io.tdms_reader_time - INFO -   已写入 1200000/1250000 行数据
2025-09-12 16:03:04,748 - src.data_io.tdms_reader_time - INFO -   已写入 1250000/1250000 行数据
2025-09-12 16:03:04,748 - src.data_io.tdms_reader_time - INFO - 已转换: 20250724170408.831898-21.tdms -> D:/Lab/results/data/time\BG\20250724170408.831898.csv
2025-09-12 16:03:04,774 - src.data_io.tdms_reader_time - INFO - 开始处理文件: D:/Lab/test/2025.7.22\GROUP2\20250724170135.631506-1.tdms
2025-09-12 16:03:04,834 - src.data_io.tdms_reader_time - INFO - 处理文件: 20250724170135.631506-1.tdms, 数据长度: 1600000, 通道数: 8
2025-09-12 16:03:10,005 - src.data_io.tdms_reader_time - INFO -   已写入 100000/1600000 行数据
2025-09-12 16:03:10,399 - src.data_io.tdms_reader_time - INFO -   已写入 200000/1600000 行数据
2025-09-12 16:03:10,796 - src.data_io.tdms_reader_time - INFO -   已写入 300000/1600000 行数据
2025-09-12 16:03:11,186 - src.data_io.tdms_reader_time - INFO -   已写入 400000/1600000 行数据
2025-09-12 16:03:11,580 - src.data_io.tdms_reader_time - INFO -   已写入 500000/1600000 行数据
2025-09-12 16:03:11,975 - src.data_io.tdms_reader_time - INFO -   已写入 600000/1600000 行数据
2025-09-12 16:03:12,369 - src.data_io.tdms_reader_time - INFO -   已写入 700000/1600000 行数据
2025-09-12 16:03:12,758 - src.data_io.tdms_reader_time - INFO -   已写入 800000/1600000 行数据
2025-09-12 16:03:13,147 - src.data_io.tdms_reader_time - INFO -   已写入 900000/1600000 行数据
2025-09-12 16:03:13,539 - src.data_io.tdms_reader_time - INFO -   已写入 1000000/1600000 行数据
2025-09-12 16:03:13,924 - src.data_io.tdms_reader_time - INFO -   已写入 1100000/1600000 行数据
2025-09-12 16:03:14,315 - src.data_io.tdms_reader_time - INFO -   已写入 1200000/1600000 行数据
2025-09-12 16:03:14,700 - src.data_io.tdms_reader_time - INFO -   已写入 1300000/1600000 行数据
2025-09-12 16:03:15,090 - src.data_io.tdms_reader_time - INFO -   已写入 1400000/1600000 行数据
2025-09-12 16:03:15,481 - src.data_io.tdms_reader_time - INFO -   已写入 1500000/1600000 行数据
2025-09-12 16:03:15,868 - src.data_io.tdms_reader_time - INFO -   已写入 1600000/1600000 行数据
2025-09-12 16:03:15,869 - src.data_io.tdms_reader_time - INFO - 已转换: 20250724170135.631506-1.tdms -> D:/Lab/results/data/time\GROUP2\20250724170135.631506.csv
2025-09-12 16:03:15,907 - src.data_io.tdms_reader_time - INFO - 开始处理文件: D:/Lab/test/2025.7.22\GROUP2\20250724170138.834241-2.tdms
2025-09-12 16:03:15,970 - src.data_io.tdms_reader_time - INFO - 处理文件: 20250724170138.834241-2.tdms, 数据长度: 1600000, 通道数: 8
2025-09-12 16:03:20,972 - src.data_io.tdms_reader_time - INFO -   已写入 100000/1600000 行数据
2025-09-12 16:03:21,359 - src.data_io.tdms_reader_time - INFO -   已写入 200000/1600000 行数据
2025-09-12 16:03:21,748 - src.data_io.tdms_reader_time - INFO -   已写入 300000/1600000 行数据
2025-09-12 16:03:22,138 - src.data_io.tdms_reader_time - INFO -   已写入 400000/1600000 行数据
2025-09-12 16:03:22,528 - src.data_io.tdms_reader_time - INFO -   已写入 500000/1600000 行数据
2025-09-12 16:03:22,915 - src.data_io.tdms_reader_time - INFO -   已写入 600000/1600000 行数据
2025-09-12 16:03:23,305 - src.data_io.tdms_reader_time - INFO -   已写入 700000/1600000 行数据
2025-09-12 16:03:23,693 - src.data_io.tdms_reader_time - INFO -   已写入 800000/1600000 行数据
2025-09-12 16:03:24,080 - src.data_io.tdms_reader_time - INFO -   已写入 900000/1600000 行数据
2025-09-12 16:03:24,474 - src.data_io.tdms_reader_time - INFO -   已写入 1000000/1600000 行数据
2025-09-12 16:03:24,861 - src.data_io.tdms_reader_time - INFO -   已写入 1100000/1600000 行数据
2025-09-12 16:03:25,254 - src.data_io.tdms_reader_time - INFO -   已写入 1200000/1600000 行数据
2025-09-12 16:03:25,647 - src.data_io.tdms_reader_time - INFO -   已写入 1300000/1600000 行数据
2025-09-12 16:03:26,054 - src.data_io.tdms_reader_time - INFO -   已写入 1400000/1600000 行数据
2025-09-12 16:03:26,468 - src.data_io.tdms_reader_time - INFO -   已写入 1500000/1600000 行数据
2025-09-12 16:03:26,870 - src.data_io.tdms_reader_time - INFO -   已写入 1600000/1600000 行数据
2025-09-12 16:03:26,870 - src.data_io.tdms_reader_time - INFO - 已转换: 20250724170138.834241-2.tdms -> D:/Lab/results/data/time\GROUP2\20250724170138.834241.csv
2025-09-12 16:03:26,902 - src.data_io.tdms_reader_time - INFO - 开始处理文件: D:/Lab/test/2025.7.22\GROUP2\20250724170142.033521-3.tdms
2025-09-12 16:03:26,963 - src.data_io.tdms_reader_time - INFO - 处理文件: 20250724170142.033521-3.tdms, 数据长度: 1600000, 通道数: 8
2025-09-12 16:03:32,129 - src.data_io.tdms_reader_time - INFO -   已写入 100000/1600000 行数据
2025-09-12 16:03:32,533 - src.data_io.tdms_reader_time - INFO -   已写入 200000/1600000 行数据
2025-09-12 16:03:32,932 - src.data_io.tdms_reader_time - INFO -   已写入 300000/1600000 行数据
2025-09-12 16:03:33,329 - src.data_io.tdms_reader_time - INFO -   已写入 400000/1600000 行数据
2025-09-12 16:03:33,743 - src.data_io.tdms_reader_time - INFO -   已写入 500000/1600000 行数据
2025-09-12 16:03:34,153 - src.data_io.tdms_reader_time - INFO -   已写入 600000/1600000 行数据
2025-09-12 16:03:34,553 - src.data_io.tdms_reader_time - INFO -   已写入 700000/1600000 行数据
2025-09-12 16:03:34,954 - src.data_io.tdms_reader_time - INFO -   已写入 800000/1600000 行数据
2025-09-12 16:03:35,356 - src.data_io.tdms_reader_time - INFO -   已写入 900000/1600000 行数据
2025-09-12 16:03:35,751 - src.data_io.tdms_reader_time - INFO -   已写入 1000000/1600000 行数据
2025-09-12 16:03:36,153 - src.data_io.tdms_reader_time - INFO -   已写入 1100000/1600000 行数据
2025-09-12 16:03:36,551 - src.data_io.tdms_reader_time - INFO -   已写入 1200000/1600000 行数据
2025-09-12 16:03:36,952 - src.data_io.tdms_reader_time - INFO -   已写入 1300000/1600000 行数据
2025-09-12 16:03:37,345 - src.data_io.tdms_reader_time - INFO -   已写入 1400000/1600000 行数据
2025-09-12 16:03:37,737 - src.data_io.tdms_reader_time - INFO -   已写入 1500000/1600000 行数据
2025-09-12 16:03:38,127 - src.data_io.tdms_reader_time - INFO -   已写入 1600000/1600000 行数据
2025-09-12 16:03:38,127 - src.data_io.tdms_reader_time - INFO - 已转换: 20250724170142.033521-3.tdms -> D:/Lab/results/data/time\GROUP2\20250724170142.033521.csv
2025-09-12 16:03:38,163 - src.data_io.tdms_reader_time - INFO - 开始处理文件: D:/Lab/test/2025.7.22\GROUP2\20250724170145.233921-4.tdms
2025-09-12 16:03:38,224 - src.data_io.tdms_reader_time - INFO - 处理文件: 20250724170145.233921-4.tdms, 数据长度: 1600000, 通道数: 8
2025-09-12 16:03:43,413 - src.data_io.tdms_reader_time - INFO -   已写入 100000/1600000 行数据
2025-09-12 16:03:43,815 - src.data_io.tdms_reader_time - INFO -   已写入 200000/1600000 行数据
2025-09-12 16:03:44,209 - src.data_io.tdms_reader_time - INFO -   已写入 300000/1600000 行数据
2025-09-12 16:03:44,602 - src.data_io.tdms_reader_time - INFO -   已写入 400000/1600000 行数据
2025-09-12 16:03:45,011 - src.data_io.tdms_reader_time - INFO -   已写入 500000/1600000 行数据
2025-09-12 16:03:45,411 - src.data_io.tdms_reader_time - INFO -   已写入 600000/1600000 行数据
2025-09-12 16:03:45,799 - src.data_io.tdms_reader_time - INFO -   已写入 700000/1600000 行数据
2025-09-12 16:03:46,193 - src.data_io.tdms_reader_time - INFO -   已写入 800000/1600000 行数据
2025-09-12 16:03:46,581 - src.data_io.tdms_reader_time - INFO -   已写入 900000/1600000 行数据
2025-09-12 16:03:46,974 - src.data_io.tdms_reader_time - INFO -   已写入 1000000/1600000 行数据
2025-09-12 16:03:47,362 - src.data_io.tdms_reader_time - INFO -   已写入 1100000/1600000 行数据
2025-09-12 16:03:47,755 - src.data_io.tdms_reader_time - INFO -   已写入 1200000/1600000 行数据
2025-09-12 16:03:48,147 - src.data_io.tdms_reader_time - INFO -   已写入 1300000/1600000 行数据
2025-09-12 16:03:48,549 - src.data_io.tdms_reader_time - INFO -   已写入 1400000/1600000 行数据
2025-09-12 16:03:48,948 - src.data_io.tdms_reader_time - INFO -   已写入 1500000/1600000 行数据
2025-09-12 16:03:49,343 - src.data_io.tdms_reader_time - INFO -   已写入 1600000/1600000 行数据
2025-09-12 16:03:49,345 - src.data_io.tdms_reader_time - INFO - 已转换: 20250724170145.233921-4.tdms -> D:/Lab/results/data/time\GROUP2\20250724170145.233921.csv
2025-09-12 16:03:49,378 - src.data_io.tdms_reader_time - INFO - 开始处理文件: D:/Lab/test/2025.7.22\GROUP2\20250724170148.433407-5.tdms
2025-09-12 16:03:49,435 - src.data_io.tdms_reader_time - INFO - 处理文件: 20250724170148.433407-5.tdms, 数据长度: 1600000, 通道数: 8
2025-09-12 16:03:54,514 - src.data_io.tdms_reader_time - INFO -   已写入 100000/1600000 行数据
2025-09-12 16:03:54,907 - src.data_io.tdms_reader_time - INFO -   已写入 200000/1600000 行数据
2025-09-12 16:03:55,304 - src.data_io.tdms_reader_time - INFO -   已写入 300000/1600000 行数据
2025-09-12 16:03:55,756 - src.data_io.tdms_reader_time - INFO -   已写入 400000/1600000 行数据
2025-09-12 16:03:56,156 - src.data_io.tdms_reader_time - INFO -   已写入 500000/1600000 行数据
2025-09-12 16:03:56,563 - src.data_io.tdms_reader_time - INFO -   已写入 600000/1600000 行数据
2025-09-12 16:03:56,966 - src.data_io.tdms_reader_time - INFO -   已写入 700000/1600000 行数据
2025-09-12 16:03:57,366 - src.data_io.tdms_reader_time - INFO -   已写入 800000/1600000 行数据
2025-09-12 16:03:57,766 - src.data_io.tdms_reader_time - INFO -   已写入 900000/1600000 行数据
2025-09-12 16:03:58,175 - src.data_io.tdms_reader_time - INFO -   已写入 1000000/1600000 行数据
2025-09-12 16:03:58,573 - src.data_io.tdms_reader_time - INFO -   已写入 1100000/1600000 行数据
2025-09-12 16:03:58,975 - src.data_io.tdms_reader_time - INFO -   已写入 1200000/1600000 行数据
2025-09-12 16:03:59,375 - src.data_io.tdms_reader_time - INFO -   已写入 1300000/1600000 行数据
2025-09-12 16:03:59,793 - src.data_io.tdms_reader_time - INFO -   已写入 1400000/1600000 行数据
2025-09-12 16:04:00,192 - src.data_io.tdms_reader_time - INFO -   已写入 1500000/1600000 行数据
2025-09-12 16:04:00,584 - src.data_io.tdms_reader_time - INFO -   已写入 1600000/1600000 行数据
2025-09-12 16:04:00,585 - src.data_io.tdms_reader_time - INFO - 已转换: 20250724170148.433407-5.tdms -> D:/Lab/results/data/time\GROUP2\20250724170148.433407.csv
2025-09-12 16:04:00,619 - src.data_io.tdms_reader_time - INFO - 开始处理文件: D:/Lab/test/2025.7.22\GROUP2\20250724170151.631074-6.tdms
2025-09-12 16:04:00,678 - src.data_io.tdms_reader_time - INFO - 处理文件: 20250724170151.631074-6.tdms, 数据长度: 1600000, 通道数: 8
2025-09-12 16:04:05,813 - src.data_io.tdms_reader_time - INFO -   已写入 100000/1600000 行数据
2025-09-12 16:04:06,232 - src.data_io.tdms_reader_time - INFO -   已写入 200000/1600000 行数据
2025-09-12 16:04:06,639 - src.data_io.tdms_reader_time - INFO -   已写入 300000/1600000 行数据
2025-09-12 16:04:07,044 - src.data_io.tdms_reader_time - INFO -   已写入 400000/1600000 行数据
2025-09-12 16:04:07,447 - src.data_io.tdms_reader_time - INFO -   已写入 500000/1600000 行数据
2025-09-12 16:04:07,837 - src.data_io.tdms_reader_time - INFO -   已写入 600000/1600000 行数据
2025-09-12 16:04:08,229 - src.data_io.tdms_reader_time - INFO -   已写入 700000/1600000 行数据
2025-09-12 16:04:08,625 - src.data_io.tdms_reader_time - INFO -   已写入 800000/1600000 行数据
2025-09-12 16:04:09,030 - src.data_io.tdms_reader_time - INFO -   已写入 900000/1600000 行数据
2025-09-12 16:04:09,443 - src.data_io.tdms_reader_time - INFO -   已写入 1000000/1600000 行数据
2025-09-12 16:04:09,846 - src.data_io.tdms_reader_time - INFO -   已写入 1100000/1600000 行数据
2025-09-12 16:04:10,251 - src.data_io.tdms_reader_time - INFO -   已写入 1200000/1600000 行数据
2025-09-12 16:04:10,643 - src.data_io.tdms_reader_time - INFO -   已写入 1300000/1600000 行数据
2025-09-12 16:04:11,041 - src.data_io.tdms_reader_time - INFO -   已写入 1400000/1600000 行数据
2025-09-12 16:04:11,441 - src.data_io.tdms_reader_time - INFO -   已写入 1500000/1600000 行数据
2025-09-12 16:04:11,835 - src.data_io.tdms_reader_time - INFO -   已写入 1600000/1600000 行数据
2025-09-12 16:04:11,836 - src.data_io.tdms_reader_time - INFO - 已转换: 20250724170151.631074-6.tdms -> D:/Lab/results/data/time\GROUP2\20250724170151.631074.csv
2025-09-12 16:04:11,869 - src.data_io.tdms_reader_time - INFO - 开始处理文件: D:/Lab/test/2025.7.22\GROUP2\20250724170154.832529-7.tdms
2025-09-12 16:04:11,928 - src.data_io.tdms_reader_time - INFO - 处理文件: 20250724170154.832529-7.tdms, 数据长度: 1600000, 通道数: 8
2025-09-12 16:04:17,049 - src.data_io.tdms_reader_time - INFO -   已写入 100000/1600000 行数据
2025-09-12 16:04:17,452 - src.data_io.tdms_reader_time - INFO -   已写入 200000/1600000 行数据
2025-09-12 16:04:17,852 - src.data_io.tdms_reader_time - INFO -   已写入 300000/1600000 行数据
2025-09-12 16:04:18,254 - src.data_io.tdms_reader_time - INFO -   已写入 400000/1600000 行数据
2025-09-12 16:04:18,658 - src.data_io.tdms_reader_time - INFO -   已写入 500000/1600000 行数据
2025-09-12 16:04:19,058 - src.data_io.tdms_reader_time - INFO -   已写入 600000/1600000 行数据
2025-09-12 16:04:19,475 - src.data_io.tdms_reader_time - INFO -   已写入 700000/1600000 行数据
2025-09-12 16:04:19,876 - src.data_io.tdms_reader_time - INFO -   已写入 800000/1600000 行数据
2025-09-12 16:04:20,287 - src.data_io.tdms_reader_time - INFO -   已写入 900000/1600000 行数据
2025-09-12 16:04:20,694 - src.data_io.tdms_reader_time - INFO -   已写入 1000000/1600000 行数据
2025-09-12 16:04:21,095 - src.data_io.tdms_reader_time - INFO -   已写入 1100000/1600000 行数据
2025-09-12 16:04:21,503 - src.data_io.tdms_reader_time - INFO -   已写入 1200000/1600000 行数据
2025-09-12 16:04:21,906 - src.data_io.tdms_reader_time - INFO -   已写入 1300000/1600000 行数据
2025-09-12 16:04:22,317 - src.data_io.tdms_reader_time - INFO -   已写入 1400000/1600000 行数据
2025-09-12 16:04:22,735 - src.data_io.tdms_reader_time - INFO -   已写入 1500000/1600000 行数据
2025-09-12 16:04:23,138 - src.data_io.tdms_reader_time - INFO -   已写入 1600000/1600000 行数据
2025-09-12 16:04:23,138 - src.data_io.tdms_reader_time - INFO - 已转换: 20250724170154.832529-7.tdms -> D:/Lab/results/data/time\GROUP2\20250724170154.832529.csv
2025-09-12 16:04:23,171 - src.data_io.tdms_reader_time - INFO - 开始处理文件: D:/Lab/test/2025.7.22\GROUP2\20250724170158.034426-8.tdms
2025-09-12 16:04:23,231 - src.data_io.tdms_reader_time - INFO - 处理文件: 20250724170158.034426-8.tdms, 数据长度: 1600000, 通道数: 8
2025-09-12 16:04:32,570 - src.data_io.tdms_reader_time - INFO -   已写入 100000/1600000 行数据
2025-09-12 16:04:33,270 - src.data_io.tdms_reader_time - INFO -   已写入 200000/1600000 行数据
2025-09-12 16:04:34,009 - src.data_io.tdms_reader_time - INFO -   已写入 300000/1600000 行数据
2025-09-12 16:04:34,745 - src.data_io.tdms_reader_time - INFO -   已写入 400000/1600000 行数据
2025-09-12 16:04:35,471 - src.data_io.tdms_reader_time - INFO -   已写入 500000/1600000 行数据
2025-09-12 16:04:36,204 - src.data_io.tdms_reader_time - INFO -   已写入 600000/1600000 行数据
2025-09-12 16:04:36,882 - src.data_io.tdms_reader_time - INFO -   已写入 700000/1600000 行数据
2025-09-12 16:04:37,510 - src.data_io.tdms_reader_time - INFO -   已写入 800000/1600000 行数据
2025-09-12 16:04:38,235 - src.data_io.tdms_reader_time - INFO -   已写入 900000/1600000 行数据
2025-09-12 16:04:38,950 - src.data_io.tdms_reader_time - INFO -   已写入 1000000/1600000 行数据
2025-09-12 16:04:39,695 - src.data_io.tdms_reader_time - INFO -   已写入 1100000/1600000 行数据
2025-09-12 16:04:40,378 - src.data_io.tdms_reader_time - INFO -   已写入 1200000/1600000 行数据
2025-09-12 16:04:41,136 - src.data_io.tdms_reader_time - INFO -   已写入 1300000/1600000 行数据
2025-09-12 16:04:41,875 - src.data_io.tdms_reader_time - INFO -   已写入 1400000/1600000 行数据
2025-09-12 16:04:42,541 - src.data_io.tdms_reader_time - INFO -   已写入 1500000/1600000 行数据
2025-09-12 16:04:43,267 - src.data_io.tdms_reader_time - INFO -   已写入 1600000/1600000 行数据
2025-09-12 16:04:43,268 - src.data_io.tdms_reader_time - INFO - 已转换: 20250724170158.034426-8.tdms -> D:/Lab/results/data/time\GROUP2\20250724170158.034426.csv
2025-09-12 16:04:43,324 - src.data_io.tdms_reader_time - INFO - 开始处理文件: D:/Lab/test/2025.7.22\GROUP2\20250724170201.231975-9.tdms
2025-09-12 16:04:43,404 - src.data_io.tdms_reader_time - INFO - 处理文件: 20250724170201.231975-9.tdms, 数据长度: 1600000, 通道数: 8
2025-09-12 16:04:53,365 - src.data_io.tdms_reader_time - INFO -   已写入 100000/1600000 行数据
2025-09-12 16:04:54,026 - src.data_io.tdms_reader_time - INFO -   已写入 200000/1600000 行数据
2025-09-12 16:04:54,666 - src.data_io.tdms_reader_time - INFO -   已写入 300000/1600000 行数据
2025-09-12 16:04:55,384 - src.data_io.tdms_reader_time - INFO -   已写入 400000/1600000 行数据
2025-09-12 16:04:56,103 - src.data_io.tdms_reader_time - INFO -   已写入 500000/1600000 行数据
2025-09-12 16:04:56,883 - src.data_io.tdms_reader_time - INFO -   已写入 600000/1600000 行数据
2025-09-12 16:04:57,585 - src.data_io.tdms_reader_time - INFO -   已写入 700000/1600000 行数据
2025-09-12 16:04:58,275 - src.data_io.tdms_reader_time - INFO -   已写入 800000/1600000 行数据
2025-09-12 16:04:58,960 - src.data_io.tdms_reader_time - INFO -   已写入 900000/1600000 行数据
2025-09-12 16:04:59,736 - src.data_io.tdms_reader_time - INFO -   已写入 1000000/1600000 行数据
2025-09-12 16:05:00,263 - src.data_io.tdms_reader_time - INFO -   已写入 1100000/1600000 行数据
2025-09-12 16:05:00,662 - src.data_io.tdms_reader_time - INFO -   已写入 1200000/1600000 行数据
2025-09-12 16:05:01,061 - src.data_io.tdms_reader_time - INFO -   已写入 1300000/1600000 行数据
2025-09-12 16:05:01,458 - src.data_io.tdms_reader_time - INFO -   已写入 1400000/1600000 行数据
2025-09-12 16:05:01,854 - src.data_io.tdms_reader_time - INFO -   已写入 1500000/1600000 行数据
2025-09-12 16:05:02,265 - src.data_io.tdms_reader_time - INFO -   已写入 1600000/1600000 行数据
2025-09-12 16:05:02,265 - src.data_io.tdms_reader_time - INFO - 已转换: 20250724170201.231975-9.tdms -> D:/Lab/results/data/time\GROUP2\20250724170201.231975.csv
2025-09-12 16:05:02,302 - src.data_io.tdms_reader_time - INFO - 开始处理文件: D:/Lab/test/2025.7.22\GROUP2\20250724170204.430399-10.tdms
2025-09-12 16:05:02,362 - src.data_io.tdms_reader_time - INFO - 处理文件: 20250724170204.430399-10.tdms, 数据长度: 1600000, 通道数: 8
2025-09-12 16:05:07,636 - src.data_io.tdms_reader_time - INFO -   已写入 100000/1600000 行数据
2025-09-12 16:05:08,053 - src.data_io.tdms_reader_time - INFO -   已写入 200000/1600000 行数据
2025-09-12 16:05:08,468 - src.data_io.tdms_reader_time - INFO -   已写入 300000/1600000 行数据
2025-09-12 16:05:08,901 - src.data_io.tdms_reader_time - INFO -   已写入 400000/1600000 行数据
2025-09-12 16:05:09,319 - src.data_io.tdms_reader_time - INFO -   已写入 500000/1600000 行数据
2025-09-12 16:05:09,735 - src.data_io.tdms_reader_time - INFO -   已写入 600000/1600000 行数据
2025-09-12 16:05:10,146 - src.data_io.tdms_reader_time - INFO -   已写入 700000/1600000 行数据
2025-09-12 16:05:10,555 - src.data_io.tdms_reader_time - INFO -   已写入 800000/1600000 行数据
2025-09-12 16:05:10,962 - src.data_io.tdms_reader_time - INFO -   已写入 900000/1600000 行数据
2025-09-12 16:05:11,365 - src.data_io.tdms_reader_time - INFO -   已写入 1000000/1600000 行数据
2025-09-12 16:05:11,761 - src.data_io.tdms_reader_time - INFO -   已写入 1100000/1600000 行数据
2025-09-12 16:05:12,164 - src.data_io.tdms_reader_time - INFO -   已写入 1200000/1600000 行数据
2025-09-12 16:05:12,564 - src.data_io.tdms_reader_time - INFO -   已写入 1300000/1600000 行数据
2025-09-12 16:05:12,962 - src.data_io.tdms_reader_time - INFO -   已写入 1400000/1600000 行数据
2025-09-12 16:05:13,359 - src.data_io.tdms_reader_time - INFO -   已写入 1500000/1600000 行数据
2025-09-12 16:05:13,761 - src.data_io.tdms_reader_time - INFO -   已写入 1600000/1600000 行数据
2025-09-12 16:05:13,761 - src.data_io.tdms_reader_time - INFO - 已转换: 20250724170204.430399-10.tdms -> D:/Lab/results/data/time\GROUP2\20250724170204.430399.csv
2025-09-12 16:05:13,799 - src.data_io.tdms_reader_time - INFO - 开始处理文件: D:/Lab/test/2025.7.22\GROUP2\20250724170207.633163-11.tdms
2025-09-12 16:05:13,856 - src.data_io.tdms_reader_time - INFO - 处理文件: 20250724170207.633163-11.tdms, 数据长度: 1600000, 通道数: 8
2025-09-12 16:05:19,070 - src.data_io.tdms_reader_time - INFO -   已写入 100000/1600000 行数据
2025-09-12 16:05:19,471 - src.data_io.tdms_reader_time - INFO -   已写入 200000/1600000 行数据
2025-09-12 16:05:19,860 - src.data_io.tdms_reader_time - INFO -   已写入 300000/1600000 行数据
2025-09-12 16:05:20,531 - src.data_io.tdms_reader_time - INFO -   已写入 400000/1600000 行数据
2025-09-12 16:05:21,245 - src.data_io.tdms_reader_time - INFO -   已写入 500000/1600000 行数据
2025-09-12 16:05:21,924 - src.data_io.tdms_reader_time - INFO -   已写入 600000/1600000 行数据
2025-09-12 16:05:22,663 - src.data_io.tdms_reader_time - INFO -   已写入 700000/1600000 行数据
2025-09-12 16:05:23,411 - src.data_io.tdms_reader_time - INFO -   已写入 800000/1600000 行数据
2025-09-12 16:05:24,107 - src.data_io.tdms_reader_time - INFO -   已写入 900000/1600000 行数据
2025-09-12 16:05:24,859 - src.data_io.tdms_reader_time - INFO -   已写入 1000000/1600000 行数据
2025-09-12 16:05:25,486 - src.data_io.tdms_reader_time - INFO -   已写入 1100000/1600000 行数据
2025-09-12 16:05:26,206 - src.data_io.tdms_reader_time - INFO -   已写入 1200000/1600000 行数据
2025-09-12 16:05:26,892 - src.data_io.tdms_reader_time - INFO -   已写入 1300000/1600000 行数据
2025-09-12 16:05:27,606 - src.data_io.tdms_reader_time - INFO -   已写入 1400000/1600000 行数据
2025-09-12 16:05:28,344 - src.data_io.tdms_reader_time - INFO -   已写入 1500000/1600000 行数据
2025-09-12 16:05:29,002 - src.data_io.tdms_reader_time - INFO -   已写入 1600000/1600000 行数据
2025-09-12 16:05:29,002 - src.data_io.tdms_reader_time - INFO - 已转换: 20250724170207.633163-11.tdms -> D:/Lab/results/data/time\GROUP2\20250724170207.633163.csv
2025-09-12 16:05:29,054 - src.data_io.tdms_reader_time - INFO - 开始处理文件: D:/Lab/test/2025.7.22\GROUP2\20250724170210.831696-12.tdms
2025-09-12 16:05:29,113 - src.data_io.tdms_reader_time - INFO - 处理文件: 20250724170210.831696-12.tdms, 数据长度: 1600000, 通道数: 8
2025-09-12 16:05:39,289 - src.data_io.tdms_reader_time - INFO -   已写入 100000/1600000 行数据
2025-09-12 16:05:40,072 - src.data_io.tdms_reader_time - INFO -   已写入 200000/1600000 行数据
2025-09-12 16:05:40,816 - src.data_io.tdms_reader_time - INFO -   已写入 300000/1600000 行数据
2025-09-12 16:05:41,572 - src.data_io.tdms_reader_time - INFO -   已写入 400000/1600000 行数据
2025-09-12 16:05:42,339 - src.data_io.tdms_reader_time - INFO -   已写入 500000/1600000 行数据
2025-09-12 16:05:43,063 - src.data_io.tdms_reader_time - INFO -   已写入 600000/1600000 行数据
2025-09-12 16:05:43,773 - src.data_io.tdms_reader_time - INFO -   已写入 700000/1600000 行数据
2025-09-12 16:05:44,456 - src.data_io.tdms_reader_time - INFO -   已写入 800000/1600000 行数据
2025-09-12 16:05:45,196 - src.data_io.tdms_reader_time - INFO -   已写入 900000/1600000 行数据
2025-09-12 16:05:45,950 - src.data_io.tdms_reader_time - INFO -   已写入 1000000/1600000 行数据
2025-09-12 16:05:46,695 - src.data_io.tdms_reader_time - INFO -   已写入 1100000/1600000 行数据
2025-09-12 16:05:47,449 - src.data_io.tdms_reader_time - INFO -   已写入 1200000/1600000 行数据
2025-09-12 16:05:48,171 - src.data_io.tdms_reader_time - INFO -   已写入 1300000/1600000 行数据
2025-09-12 16:05:48,922 - src.data_io.tdms_reader_time - INFO -   已写入 1400000/1600000 行数据
2025-09-12 16:05:49,670 - src.data_io.tdms_reader_time - INFO -   已写入 1500000/1600000 行数据
2025-09-12 16:05:50,439 - src.data_io.tdms_reader_time - INFO -   已写入 1600000/1600000 行数据
2025-09-12 16:05:50,439 - src.data_io.tdms_reader_time - INFO - 已转换: 20250724170210.831696-12.tdms -> D:/Lab/results/data/time\GROUP2\20250724170210.831696.csv
2025-09-12 16:05:50,489 - src.data_io.tdms_reader_time - INFO - 开始处理文件: D:/Lab/test/2025.7.22\GROUP2\20250724170214.032718-13.tdms
2025-09-12 16:05:50,569 - src.data_io.tdms_reader_time - INFO - 处理文件: 20250724170214.032718-13.tdms, 数据长度: 1600000, 通道数: 8
2025-09-12 16:06:01,157 - src.data_io.tdms_reader_time - INFO -   已写入 100000/1600000 行数据
2025-09-12 16:06:01,838 - src.data_io.tdms_reader_time - INFO -   已写入 200000/1600000 行数据
2025-09-12 16:06:02,567 - src.data_io.tdms_reader_time - INFO -   已写入 300000/1600000 行数据
2025-09-12 16:06:03,260 - src.data_io.tdms_reader_time - INFO -   已写入 400000/1600000 行数据
2025-09-12 16:06:03,979 - src.data_io.tdms_reader_time - INFO -   已写入 500000/1600000 行数据
2025-09-12 16:06:04,710 - src.data_io.tdms_reader_time - INFO -   已写入 600000/1600000 行数据
2025-09-12 16:06:05,440 - src.data_io.tdms_reader_time - INFO -   已写入 700000/1600000 行数据
2025-09-12 16:06:06,201 - src.data_io.tdms_reader_time - INFO -   已写入 800000/1600000 行数据
2025-09-12 16:06:06,939 - src.data_io.tdms_reader_time - INFO -   已写入 900000/1600000 行数据
2025-09-12 16:06:07,675 - src.data_io.tdms_reader_time - INFO -   已写入 1000000/1600000 行数据
2025-09-12 16:06:08,411 - src.data_io.tdms_reader_time - INFO -   已写入 1100000/1600000 行数据
2025-09-12 16:06:09,151 - src.data_io.tdms_reader_time - INFO -   已写入 1200000/1600000 行数据
2025-09-12 16:06:09,859 - src.data_io.tdms_reader_time - INFO -   已写入 1300000/1600000 行数据
2025-09-12 16:06:10,591 - src.data_io.tdms_reader_time - INFO -   已写入 1400000/1600000 行数据
2025-09-12 16:06:11,324 - src.data_io.tdms_reader_time - INFO -   已写入 1500000/1600000 行数据
2025-09-12 16:06:12,077 - src.data_io.tdms_reader_time - INFO -   已写入 1600000/1600000 行数据
2025-09-12 16:06:12,078 - src.data_io.tdms_reader_time - INFO - 已转换: 20250724170214.032718-13.tdms -> D:/Lab/results/data/time\GROUP2\20250724170214.032718.csv
2025-09-12 16:06:12,130 - src.data_io.tdms_reader_time - INFO - 开始处理文件: D:/Lab/test/2025.7.22\GROUP2\20250724170217.231299-14.tdms
2025-09-12 16:06:12,204 - src.data_io.tdms_reader_time - INFO - 处理文件: 20250724170217.231299-14.tdms, 数据长度: 1600000, 通道数: 8
2025-09-12 16:06:23,012 - src.data_io.tdms_reader_time - INFO -   已写入 100000/1600000 行数据
2025-09-12 16:06:23,725 - src.data_io.tdms_reader_time - INFO -   已写入 200000/1600000 行数据
2025-09-12 16:06:24,428 - src.data_io.tdms_reader_time - INFO -   已写入 300000/1600000 行数据
2025-09-12 16:06:25,163 - src.data_io.tdms_reader_time - INFO -   已写入 400000/1600000 行数据
2025-09-12 16:06:25,860 - src.data_io.tdms_reader_time - INFO -   已写入 500000/1600000 行数据
2025-09-12 16:06:26,532 - src.data_io.tdms_reader_time - INFO -   已写入 600000/1600000 行数据
2025-09-12 16:06:27,271 - src.data_io.tdms_reader_time - INFO -   已写入 700000/1600000 行数据
2025-09-12 16:06:27,992 - src.data_io.tdms_reader_time - INFO -   已写入 800000/1600000 行数据
2025-09-12 16:06:28,723 - src.data_io.tdms_reader_time - INFO -   已写入 900000/1600000 行数据
2025-09-12 16:06:29,480 - src.data_io.tdms_reader_time - INFO -   已写入 1000000/1600000 行数据
2025-09-12 16:06:30,202 - src.data_io.tdms_reader_time - INFO -   已写入 1100000/1600000 行数据
2025-09-12 16:06:30,950 - src.data_io.tdms_reader_time - INFO -   已写入 1200000/1600000 行数据
2025-09-12 16:06:31,678 - src.data_io.tdms_reader_time - INFO -   已写入 1300000/1600000 行数据
2025-09-12 16:06:32,426 - src.data_io.tdms_reader_time - INFO -   已写入 1400000/1600000 行数据
2025-09-12 16:06:33,153 - src.data_io.tdms_reader_time - INFO -   已写入 1500000/1600000 行数据
2025-09-12 16:06:33,883 - src.data_io.tdms_reader_time - INFO -   已写入 1600000/1600000 行数据
2025-09-12 16:06:33,884 - src.data_io.tdms_reader_time - INFO - 已转换: 20250724170217.231299-14.tdms -> D:/Lab/results/data/time\GROUP2\20250724170217.231299.csv
2025-09-12 16:06:33,932 - src.data_io.tdms_reader_time - INFO - 开始处理文件: D:/Lab/test/2025.7.22\GROUP2\20250724170220.430082-15.tdms
2025-09-12 16:06:34,004 - src.data_io.tdms_reader_time - INFO - 处理文件: 20250724170220.430082-15.tdms, 数据长度: 1600000, 通道数: 8
2025-09-12 16:06:43,265 - src.data_io.tdms_reader_time - INFO -   已写入 100000/1600000 行数据
2025-09-12 16:06:43,669 - src.data_io.tdms_reader_time - INFO -   已写入 200000/1600000 行数据
2025-09-12 16:06:44,070 - src.data_io.tdms_reader_time - INFO -   已写入 300000/1600000 行数据
2025-09-12 16:06:44,494 - src.data_io.tdms_reader_time - INFO -   已写入 400000/1600000 行数据
2025-09-12 16:06:44,901 - src.data_io.tdms_reader_time - INFO -   已写入 500000/1600000 行数据
2025-09-12 16:06:45,324 - src.data_io.tdms_reader_time - INFO -   已写入 600000/1600000 行数据
2025-09-12 16:06:45,741 - src.data_io.tdms_reader_time - INFO -   已写入 700000/1600000 行数据
2025-09-12 16:06:46,161 - src.data_io.tdms_reader_time - INFO -   已写入 800000/1600000 行数据
2025-09-12 16:06:46,591 - src.data_io.tdms_reader_time - INFO -   已写入 900000/1600000 行数据
2025-09-12 16:06:47,006 - src.data_io.tdms_reader_time - INFO -   已写入 1000000/1600000 行数据
2025-09-12 16:06:47,419 - src.data_io.tdms_reader_time - INFO -   已写入 1100000/1600000 行数据
2025-09-12 16:06:47,834 - src.data_io.tdms_reader_time - INFO -   已写入 1200000/1600000 行数据
2025-09-12 16:06:48,245 - src.data_io.tdms_reader_time - INFO -   已写入 1300000/1600000 行数据
2025-09-12 16:06:48,653 - src.data_io.tdms_reader_time - INFO -   已写入 1400000/1600000 行数据
2025-09-12 16:06:49,060 - src.data_io.tdms_reader_time - INFO -   已写入 1500000/1600000 行数据
2025-09-12 16:06:49,472 - src.data_io.tdms_reader_time - INFO -   已写入 1600000/1600000 行数据
2025-09-12 16:06:49,473 - src.data_io.tdms_reader_time - INFO - 已转换: 20250724170220.430082-15.tdms -> D:/Lab/results/data/time\GROUP2\20250724170220.430082.csv
2025-09-12 16:06:49,507 - src.data_io.tdms_reader_time - INFO - 开始处理文件: D:/Lab/test/2025.7.22\GROUP2\20250724170223.634280-16.tdms
2025-09-12 16:06:49,569 - src.data_io.tdms_reader_time - INFO - 处理文件: 20250724170223.634280-16.tdms, 数据长度: 1600000, 通道数: 8
2025-09-12 16:06:54,959 - src.data_io.tdms_reader_time - INFO -   已写入 100000/1600000 行数据
2025-09-12 16:06:55,365 - src.data_io.tdms_reader_time - INFO -   已写入 200000/1600000 行数据
2025-09-12 16:06:55,782 - src.data_io.tdms_reader_time - INFO -   已写入 300000/1600000 行数据
2025-09-12 16:06:56,193 - src.data_io.tdms_reader_time - INFO -   已写入 400000/1600000 行数据
2025-09-12 16:06:56,606 - src.data_io.tdms_reader_time - INFO -   已写入 500000/1600000 行数据
2025-09-12 16:06:57,018 - src.data_io.tdms_reader_time - INFO -   已写入 600000/1600000 行数据
2025-09-12 16:06:57,429 - src.data_io.tdms_reader_time - INFO -   已写入 700000/1600000 行数据
2025-09-12 16:06:57,853 - src.data_io.tdms_reader_time - INFO -   已写入 800000/1600000 行数据
2025-09-12 16:06:58,268 - src.data_io.tdms_reader_time - INFO -   已写入 900000/1600000 行数据
2025-09-12 16:06:58,686 - src.data_io.tdms_reader_time - INFO -   已写入 1000000/1600000 行数据
2025-09-12 16:06:59,092 - src.data_io.tdms_reader_time - INFO -   已写入 1100000/1600000 行数据
2025-09-12 16:06:59,508 - src.data_io.tdms_reader_time - INFO -   已写入 1200000/1600000 行数据
2025-09-12 16:06:59,916 - src.data_io.tdms_reader_time - INFO -   已写入 1300000/1600000 行数据
2025-09-12 16:07:00,331 - src.data_io.tdms_reader_time - INFO -   已写入 1400000/1600000 行数据
2025-09-12 16:07:00,746 - src.data_io.tdms_reader_time - INFO -   已写入 1500000/1600000 行数据
2025-09-12 16:07:01,157 - src.data_io.tdms_reader_time - INFO -   已写入 1600000/1600000 行数据
2025-09-12 16:07:01,157 - src.data_io.tdms_reader_time - INFO - 已转换: 20250724170223.634280-16.tdms -> D:/Lab/results/data/time\GROUP2\20250724170223.634280.csv
2025-09-12 16:07:01,192 - src.data_io.tdms_reader_time - INFO - 开始处理文件: D:/Lab/test/2025.7.22\GROUP2\20250724170226.833237-17.tdms
2025-09-12 16:07:01,254 - src.data_io.tdms_reader_time - INFO - 处理文件: 20250724170226.833237-17.tdms, 数据长度: 1600000, 通道数: 8
2025-09-12 16:07:06,518 - src.data_io.tdms_reader_time - INFO -   已写入 100000/1600000 行数据
2025-09-12 16:07:06,918 - src.data_io.tdms_reader_time - INFO -   已写入 200000/1600000 行数据
2025-09-12 16:07:07,323 - src.data_io.tdms_reader_time - INFO -   已写入 300000/1600000 行数据
2025-09-12 16:07:07,736 - src.data_io.tdms_reader_time - INFO -   已写入 400000/1600000 行数据
2025-09-12 16:07:08,140 - src.data_io.tdms_reader_time - INFO -   已写入 500000/1600000 行数据
2025-09-12 16:07:08,550 - src.data_io.tdms_reader_time - INFO -   已写入 600000/1600000 行数据
2025-09-12 16:07:08,961 - src.data_io.tdms_reader_time - INFO -   已写入 700000/1600000 行数据
2025-09-12 16:07:09,373 - src.data_io.tdms_reader_time - INFO -   已写入 800000/1600000 行数据
2025-09-12 16:07:09,772 - src.data_io.tdms_reader_time - INFO -   已写入 900000/1600000 行数据
2025-09-12 16:07:10,174 - src.data_io.tdms_reader_time - INFO -   已写入 1000000/1600000 行数据
2025-09-12 16:07:10,579 - src.data_io.tdms_reader_time - INFO -   已写入 1100000/1600000 行数据
2025-09-12 16:07:10,988 - src.data_io.tdms_reader_time - INFO -   已写入 1200000/1600000 行数据
2025-09-12 16:07:11,395 - src.data_io.tdms_reader_time - INFO -   已写入 1300000/1600000 行数据
2025-09-12 16:07:11,805 - src.data_io.tdms_reader_time - INFO -   已写入 1400000/1600000 行数据
2025-09-12 16:07:12,223 - src.data_io.tdms_reader_time - INFO -   已写入 1500000/1600000 行数据
2025-09-12 16:07:12,636 - src.data_io.tdms_reader_time - INFO -   已写入 1600000/1600000 行数据
2025-09-12 16:07:12,637 - src.data_io.tdms_reader_time - INFO - 已转换: 20250724170226.833237-17.tdms -> D:/Lab/results/data/time\GROUP2\20250724170226.833237.csv
2025-09-12 16:07:12,673 - src.data_io.tdms_reader_time - INFO - 开始处理文件: D:/Lab/test/2025.7.22\GROUP2\20250724170230.032449-18.tdms
2025-09-12 16:07:12,731 - src.data_io.tdms_reader_time - INFO - 处理文件: 20250724170230.032449-18.tdms, 数据长度: 1600000, 通道数: 8
2025-09-12 16:07:18,096 - src.data_io.tdms_reader_time - INFO -   已写入 100000/1600000 行数据
2025-09-12 16:07:18,515 - src.data_io.tdms_reader_time - INFO -   已写入 200000/1600000 行数据
2025-09-12 16:07:19,024 - src.data_io.tdms_reader_time - INFO -   已写入 300000/1600000 行数据
2025-09-12 16:07:19,720 - src.data_io.tdms_reader_time - INFO -   已写入 400000/1600000 行数据
2025-09-12 16:07:20,430 - src.data_io.tdms_reader_time - INFO -   已写入 500000/1600000 行数据
2025-09-12 16:07:21,146 - src.data_io.tdms_reader_time - INFO -   已写入 600000/1600000 行数据
2025-09-12 16:07:21,857 - src.data_io.tdms_reader_time - INFO -   已写入 700000/1600000 行数据
2025-09-12 16:07:22,590 - src.data_io.tdms_reader_time - INFO -   已写入 800000/1600000 行数据
2025-09-12 16:07:23,293 - src.data_io.tdms_reader_time - INFO -   已写入 900000/1600000 行数据
2025-09-12 16:07:24,024 - src.data_io.tdms_reader_time - INFO -   已写入 1000000/1600000 行数据
2025-09-12 16:07:24,759 - src.data_io.tdms_reader_time - INFO -   已写入 1100000/1600000 行数据
2025-09-12 16:07:25,493 - src.data_io.tdms_reader_time - INFO -   已写入 1200000/1600000 行数据
2025-09-12 16:07:26,192 - src.data_io.tdms_reader_time - INFO -   已写入 1300000/1600000 行数据
2025-09-12 16:07:26,909 - src.data_io.tdms_reader_time - INFO -   已写入 1400000/1600000 行数据
2025-09-12 16:07:27,653 - src.data_io.tdms_reader_time - INFO -   已写入 1500000/1600000 行数据
2025-09-12 16:07:28,312 - src.data_io.tdms_reader_time - INFO -   已写入 1600000/1600000 行数据
2025-09-12 16:07:28,312 - src.data_io.tdms_reader_time - INFO - 已转换: 20250724170230.032449-18.tdms -> D:/Lab/results/data/time\GROUP2\20250724170230.032449.csv
2025-09-12 16:07:28,367 - src.data_io.tdms_reader_time - INFO - 开始处理文件: D:/Lab/test/2025.7.22\GROUP2\20250724170233.233226-19.tdms
2025-09-12 16:07:28,439 - src.data_io.tdms_reader_time - INFO - 处理文件: 20250724170233.233226-19.tdms, 数据长度: 1600000, 通道数: 8
2025-09-12 16:07:39,362 - src.data_io.tdms_reader_time - INFO -   已写入 100000/1600000 行数据
2025-09-12 16:07:40,096 - src.data_io.tdms_reader_time - INFO -   已写入 200000/1600000 行数据
2025-09-12 16:07:40,814 - src.data_io.tdms_reader_time - INFO -   已写入 300000/1600000 行数据
2025-09-12 16:07:41,550 - src.data_io.tdms_reader_time - INFO -   已写入 400000/1600000 行数据
2025-09-12 16:07:42,282 - src.data_io.tdms_reader_time - INFO -   已写入 500000/1600000 行数据
2025-09-12 16:07:43,008 - src.data_io.tdms_reader_time - INFO -   已写入 600000/1600000 行数据
2025-09-12 16:07:43,562 - src.data_io.tdms_reader_time - INFO -   已写入 700000/1600000 行数据
2025-09-12 16:07:43,962 - src.data_io.tdms_reader_time - INFO -   已写入 800000/1600000 行数据
2025-09-12 16:07:44,377 - src.data_io.tdms_reader_time - INFO -   已写入 900000/1600000 行数据
2025-09-12 16:07:44,783 - src.data_io.tdms_reader_time - INFO -   已写入 1000000/1600000 行数据
2025-09-12 16:07:45,189 - src.data_io.tdms_reader_time - INFO -   已写入 1100000/1600000 行数据
2025-09-12 16:07:45,596 - src.data_io.tdms_reader_time - INFO -   已写入 1200000/1600000 行数据
2025-09-12 16:07:46,003 - src.data_io.tdms_reader_time - INFO -   已写入 1300000/1600000 行数据
2025-09-12 16:07:46,412 - src.data_io.tdms_reader_time - INFO -   已写入 1400000/1600000 行数据
2025-09-12 16:07:46,827 - src.data_io.tdms_reader_time - INFO -   已写入 1500000/1600000 行数据
2025-09-12 16:07:47,240 - src.data_io.tdms_reader_time - INFO -   已写入 1600000/1600000 行数据
2025-09-12 16:07:47,241 - src.data_io.tdms_reader_time - INFO - 已转换: 20250724170233.233226-19.tdms -> D:/Lab/results/data/time\GROUP2\20250724170233.233226.csv
2025-09-12 16:07:47,277 - src.data_io.tdms_reader_time - INFO - 开始处理文件: D:/Lab/test/2025.7.22\GROUP2\20250724170236.431223-20.tdms
2025-09-12 16:07:47,346 - src.data_io.tdms_reader_time - INFO - 处理文件: 20250724170236.431223-20.tdms, 数据长度: 1550000, 通道数: 8
2025-09-12 16:07:52,413 - src.data_io.tdms_reader_time - INFO -   已写入 100000/1550000 行数据
2025-09-12 16:07:52,806 - src.data_io.tdms_reader_time - INFO -   已写入 200000/1550000 行数据
2025-09-12 16:07:53,196 - src.data_io.tdms_reader_time - INFO -   已写入 300000/1550000 行数据
2025-09-12 16:07:53,595 - src.data_io.tdms_reader_time - INFO -   已写入 400000/1550000 行数据
2025-09-12 16:07:54,002 - src.data_io.tdms_reader_time - INFO -   已写入 500000/1550000 行数据
2025-09-12 16:07:54,408 - src.data_io.tdms_reader_time - INFO -   已写入 600000/1550000 行数据
2025-09-12 16:07:55,296 - src.data_io.tdms_reader_time - INFO -   已写入 700000/1550000 行数据
2025-09-12 16:07:55,702 - src.data_io.tdms_reader_time - INFO -   已写入 800000/1550000 行数据
2025-09-12 16:07:56,112 - src.data_io.tdms_reader_time - INFO -   已写入 900000/1550000 行数据
2025-09-12 16:07:56,512 - src.data_io.tdms_reader_time - INFO -   已写入 1000000/1550000 行数据
2025-09-12 16:07:56,929 - src.data_io.tdms_reader_time - INFO -   已写入 1100000/1550000 行数据
2025-09-12 16:07:57,342 - src.data_io.tdms_reader_time - INFO -   已写入 1200000/1550000 行数据
2025-09-12 16:07:57,755 - src.data_io.tdms_reader_time - INFO -   已写入 1300000/1550000 行数据
2025-09-12 16:07:58,163 - src.data_io.tdms_reader_time - INFO -   已写入 1400000/1550000 行数据
2025-09-12 16:07:58,578 - src.data_io.tdms_reader_time - INFO -   已写入 1500000/1550000 行数据
2025-09-12 16:07:58,787 - src.data_io.tdms_reader_time - INFO -   已写入 1550000/1550000 行数据
2025-09-12 16:07:58,787 - src.data_io.tdms_reader_time - INFO - 已转换: 20250724170236.431223-20.tdms -> D:/Lab/results/data/time\GROUP2\20250724170236.431223.csv
2025-09-12 16:07:58,818 - src.data_io.tdms_reader_time - INFO - 所有文件处理完成
2025-09-12 16:07:58,818 - src.utils.logging_utils - INFO - 模块执行完成
2025-09-12 16:13:07,712 - src.utils.logging_utils - INFO - 启动水下目标电荷探测数据分析系统
2025-09-12 16:13:07,721 - src.utils.logging_utils - INFO - 启动时域分析模块
2025-09-12 16:13:07,871 - numexpr.utils - INFO - Note: NumExpr detected 28 cores but "NUMEXPR_MAX_THREADS" not set, so enforcing safe limit of 16.
2025-09-12 16:13:07,871 - numexpr.utils - INFO - NumExpr defaulting to 16 threads.
2025-09-12 16:13:08,286 - src.analysis.time_domain - INFO - 开始时域分析
2025-09-12 16:13:08,289 - src.analysis.time_domain - ERROR - 时域分析过程中发生错误: expected str, bytes or os.PathLike object, not NoneType
Traceback (most recent call last):
  File "C:\Users\17584\Documents\ALearning\Project\tools\DataProcess\src\analysis\time_domain.py", line 236, in main
    analyzer = TimeDomainAnalyzer()
  File "C:\Users\17584\Documents\ALearning\Project\tools\DataProcess\src\analysis\time_domain.py", line 56, in __init__
    os.makedirs(self.output_dir, exist_ok=True)
  File "C:\Users\17584\.conda\envs\dataprocess\lib\os.py", line 210, in makedirs
    head, tail = path.split(name)
  File "C:\Users\17584\.conda\envs\dataprocess\lib\ntpath.py", line 186, in split
    p = os.fspath(p)
TypeError: expected str, bytes or os.PathLike object, not NoneType
2025-09-12 16:13:08,291 - src.utils.logging_utils - INFO - 模块执行完成
2025-09-12 16:19:21,611 - src.utils.logging_utils - INFO - 启动水下目标电荷探测数据分析系统
2025-09-12 16:19:21,620 - src.utils.logging_utils - INFO - 生成频域csv文件
2025-09-12 16:19:21,767 - numexpr.utils - INFO - Note: NumExpr detected 28 cores but "NUMEXPR_MAX_THREADS" not set, so enforcing safe limit of 16.
2025-09-12 16:19:21,767 - numexpr.utils - INFO - NumExpr defaulting to 16 threads.
2025-09-12 16:19:21,909 - src.data_io.tdms_reader_frequency - INFO - 尝试加载配置文件: C:\Users\17584\Documents\ALearning\Project\tools\DataProcess\config\paths.yaml
2025-09-12 16:19:21,910 - src.data_io.tdms_reader_frequency - INFO - 配置文件加载成功: {'raw_data_dir': 'D:/Lab/test/2025.7.22', 'tdms_reader_time_output_dir': 'D:/Lab/results/data/time', 'tdms_reader_frequency_output_dir': 'D:/Lab/results/data/frequency', 'time__output_dir': 'D:/Lab/results/time'}
2025-09-12 16:19:21,910 - src.data_io.tdms_reader_frequency - INFO - 输入数据目录: D:/Lab/results/data/time
2025-09-12 16:19:21,910 - src.data_io.tdms_reader_frequency - INFO - 输出目录: D:/Lab/results/data/frequency
2025-09-12 16:19:21,911 - src.data_io.tdms_reader_frequency - INFO - 找到 41 个CSV文件
2025-09-12 16:19:21,911 - src.data_io.tdms_reader_frequency - INFO - 开始并行处理文件...
2025-09-12 16:19:21,911 - src.data_io.tdms_reader_frequency - INFO - 使用 28 个进程并行处理
2025-09-12 16:19:22,564 - src.utils.logging_utils - ERROR - 执行模块 freqdata 时发生错误: Can't pickle local object 'process_csv_files_parallel.<locals>.<lambda>'
concurrent.futures.process._RemoteTraceback: 
"""
Traceback (most recent call last):
  File "C:\Users\17584\.conda\envs\dataprocess\lib\multiprocessing\queues.py", line 244, in _feed
    obj = _ForkingPickler.dumps(obj)
  File "C:\Users\17584\.conda\envs\dataprocess\lib\multiprocessing\reduction.py", line 51, in dumps
    cls(buf, protocol).dump(obj)
AttributeError: Can't pickle local object 'process_csv_files_parallel.<locals>.<lambda>'
"""

The above exception was the direct cause of the following exception:

Traceback (most recent call last):
  File "C:\Users\17584\Documents\ALearning\Project\tools\DataProcess\src\main.py", line 50, in main
    load_main()
  File "C:\Users\17584\Documents\ALearning\Project\tools\DataProcess\src\data_io\tdms_reader_frequency.py", line 231, in main
    process_csv_files_parallel(csv_files, output_base_dir, input_folder)
  File "C:\Users\17584\Documents\ALearning\Project\tools\DataProcess\src\data_io\tdms_reader_frequency.py", line 192, in process_csv_files_parallel
    list(executor.map(lambda args: process_csv_file(*args), params))
  File "C:\Users\17584\.conda\envs\dataprocess\lib\concurrent\futures\process.py", line 562, in _chain_from_iterable_of_lists
    for element in iterable:
  File "C:\Users\17584\.conda\envs\dataprocess\lib\concurrent\futures\_base.py", line 609, in result_iterator
    yield fs.pop().result()
  File "C:\Users\17584\.conda\envs\dataprocess\lib\concurrent\futures\_base.py", line 439, in result
    return self.__get_result()
  File "C:\Users\17584\.conda\envs\dataprocess\lib\concurrent\futures\_base.py", line 391, in __get_result
    raise self._exception
  File "C:\Users\17584\.conda\envs\dataprocess\lib\multiprocessing\queues.py", line 244, in _feed
    obj = _ForkingPickler.dumps(obj)
  File "C:\Users\17584\.conda\envs\dataprocess\lib\multiprocessing\reduction.py", line 51, in dumps
    cls(buf, protocol).dump(obj)
AttributeError: Can't pickle local object 'process_csv_files_parallel.<locals>.<lambda>'
2025-09-12 16:20:09,464 - src.utils.logging_utils - INFO - 启动水下目标电荷探测数据分析系统
2025-09-12 16:20:09,472 - src.utils.logging_utils - INFO - 启动时域分析模块
2025-09-12 16:20:09,611 - numexpr.utils - INFO - Note: NumExpr detected 28 cores but "NUMEXPR_MAX_THREADS" not set, so enforcing safe limit of 16.
2025-09-12 16:20:09,612 - numexpr.utils - INFO - NumExpr defaulting to 16 threads.
2025-09-12 16:20:10,000 - src.analysis.time_domain - INFO - 开始时域分析
2025-09-12 16:20:10,003 - src.analysis.time_domain - INFO - 时域分析模块初始化完成
2025-09-12 16:20:10,003 - src.analysis.time_domain - INFO - 找到 2 个子文件夹
2025-09-12 16:20:10,003 - src.analysis.time_domain - INFO - 开始分析文件夹: BG
2025-09-12 16:20:10,004 - src.analysis.time_domain - INFO - 处理文件夹: BG，找到 21 个CSV文件
2025-09-12 16:20:18,309 - src.analysis.time_domain - INFO - 开始分析文件夹: GROUP2
2025-09-12 16:20:18,309 - src.analysis.time_domain - INFO - 处理文件夹: GROUP2，找到 20 个CSV文件
2025-09-12 16:20:26,804 - src.analysis.time_domain - INFO - 时域分析结果已保存到: D:/Lab/results/time\time_domain_features.csv
2025-09-12 16:20:26,804 - src.analysis.time_domain - INFO - 时域分析完成
2025-09-12 16:20:26,804 - src.utils.logging_utils - INFO - 模块执行完成
2025-09-12 16:27:21,805 - src.utils.logging_utils - INFO - 启动水下目标电荷探测数据分析系统
2025-09-12 16:27:21,814 - src.utils.logging_utils - INFO - 生成频域csv文件
2025-09-12 16:27:21,962 - numexpr.utils - INFO - Note: NumExpr detected 28 cores but "NUMEXPR_MAX_THREADS" not set, so enforcing safe limit of 16.
2025-09-12 16:27:21,962 - numexpr.utils - INFO - NumExpr defaulting to 16 threads.
2025-09-12 16:27:22,100 - src.data_io.tdms_reader_frequency - INFO - 尝试加载配置文件: C:\Users\17584\Documents\ALearning\Project\tools\DataProcess\config\paths.yaml
2025-09-12 16:27:22,101 - src.data_io.tdms_reader_frequency - INFO - 配置文件加载成功: {'raw_data_dir': 'D:/Lab/test/2025.7.22', 'tdms_reader_time_output_dir': 'D:/Lab/results/data/time', 'tdms_reader_frequency_output_dir': 'D:/Lab/results/data/frequency', 'time_output_dir': 'D:/Lab/results/time'}
2025-09-12 16:27:22,102 - src.data_io.tdms_reader_frequency - INFO - 输入数据目录: D:/Lab/results/data/time
2025-09-12 16:27:22,102 - src.data_io.tdms_reader_frequency - INFO - 输出目录: D:/Lab/results/data/frequency
2025-09-12 16:27:22,103 - src.data_io.tdms_reader_frequency - INFO - 找到 41 个CSV文件
2025-09-12 16:27:22,103 - src.data_io.tdms_reader_frequency - INFO - 开始并行处理文件...
2025-09-12 16:27:22,103 - src.data_io.tdms_reader_frequency - INFO - 使用 28 个进程并行处理
2025-09-12 16:39:56,446 - src.utils.logging_utils - INFO - 启动水下目标电荷探测数据分析系统
2025-09-12 16:39:56,455 - src.utils.logging_utils - INFO - 生成频域csv文件
2025-09-12 16:39:56,599 - numexpr.utils - INFO - Note: NumExpr detected 28 cores but "NUMEXPR_MAX_THREADS" not set, so enforcing safe limit of 16.
2025-09-12 16:39:56,599 - numexpr.utils - INFO - NumExpr defaulting to 16 threads.
2025-09-12 16:39:56,735 - src.data_io.tdms_reader_frequency - INFO - 尝试加载配置文件: C:\Users\17584\Documents\ALearning\Project\tools\DataProcess\config\paths.yaml
2025-09-12 16:39:56,735 - src.data_io.tdms_reader_frequency - INFO - 配置文件加载成功: {'raw_data_dir': 'D:/Lab/test/2025.7.22', 'tdms_reader_time_output_dir': 'D:/Lab/results/data/time', 'tdms_reader_frequency_output_dir': 'D:/Lab/results/data/frequency', 'time_output_dir': 'D:/Lab/results/time'}
2025-09-12 16:39:56,736 - src.data_io.tdms_reader_frequency - INFO - 输入数据目录: D:/Lab/results/data/time
2025-09-12 16:39:56,736 - src.data_io.tdms_reader_frequency - INFO - 输出目录: D:/Lab/results/data/frequency
2025-09-12 16:39:56,736 - src.data_io.tdms_reader_frequency - INFO - 找到 41 个CSV文件
2025-09-12 16:39:56,736 - src.data_io.tdms_reader_frequency - INFO - 开始处理文件...
2025-09-12 16:39:56,737 - src.data_io.tdms_reader_frequency - INFO - 开始处理文件: D:/Lab/results/data/time\BG\20250724170304.831875.csv
2025-09-12 16:39:57,755 - src.data_io.tdms_reader_frequency - INFO - 成功读取文件: 20250724170304.831875.csv, 数据长度: 1600000
2025-09-12 16:39:57,756 - src.data_io.tdms_reader_frequency - INFO - 处理文件: 20250724170304.831875.csv, 通道数: 8
2025-09-12 16:39:59,626 - src.data_io.tdms_reader_frequency - INFO -   已写入 100000/799999 行FFT数据
2025-09-12 16:40:00,715 - src.data_io.tdms_reader_frequency - INFO -   已写入 200000/799999 行FFT数据
2025-09-12 16:40:01,793 - src.data_io.tdms_reader_frequency - INFO -   已写入 300000/799999 行FFT数据
2025-09-12 16:40:02,873 - src.data_io.tdms_reader_frequency - INFO -   已写入 400000/799999 行FFT数据
2025-09-12 16:40:03,950 - src.data_io.tdms_reader_frequency - INFO -   已写入 500000/799999 行FFT数据
2025-09-12 16:40:05,050 - src.data_io.tdms_reader_frequency - INFO -   已写入 600000/799999 行FFT数据
2025-09-12 16:40:06,193 - src.data_io.tdms_reader_frequency - INFO -   已写入 700000/799999 行FFT数据
2025-09-12 16:40:07,311 - src.data_io.tdms_reader_frequency - INFO -   已写入 799999/799999 行FFT数据
2025-09-12 16:40:07,311 - src.data_io.tdms_reader_frequency - INFO - 已处理: 20250724170304.831875.csv -> D:/Lab/results/data/frequency\BG\FFT_20250724170304.831875.csv
2025-09-12 16:40:07,340 - src.data_io.tdms_reader_frequency - INFO - 开始处理文件: D:/Lab/results/data/time\BG\20250724170308.032031.csv
2025-09-12 16:40:08,338 - src.data_io.tdms_reader_frequency - INFO - 成功读取文件: 20250724170308.032031.csv, 数据长度: 1600000
2025-09-12 16:40:08,338 - src.data_io.tdms_reader_frequency - INFO - 处理文件: 20250724170308.032031.csv, 通道数: 8
2025-09-12 16:40:10,188 - src.data_io.tdms_reader_frequency - INFO -   已写入 100000/799999 行FFT数据
2025-09-12 16:40:11,293 - src.data_io.tdms_reader_frequency - INFO -   已写入 200000/799999 行FFT数据
2025-09-12 16:40:12,386 - src.data_io.tdms_reader_frequency - INFO -   已写入 300000/799999 行FFT数据
2025-09-12 16:40:13,472 - src.data_io.tdms_reader_frequency - INFO -   已写入 400000/799999 行FFT数据
2025-09-12 16:40:14,568 - src.data_io.tdms_reader_frequency - INFO -   已写入 500000/799999 行FFT数据
2025-09-12 16:40:15,648 - src.data_io.tdms_reader_frequency - INFO -   已写入 600000/799999 行FFT数据
2025-09-12 16:40:16,711 - src.data_io.tdms_reader_frequency - INFO -   已写入 700000/799999 行FFT数据
2025-09-12 16:40:17,789 - src.data_io.tdms_reader_frequency - INFO -   已写入 799999/799999 行FFT数据
2025-09-12 16:40:17,789 - src.data_io.tdms_reader_frequency - INFO - 已处理: 20250724170308.032031.csv -> D:/Lab/results/data/frequency\BG\FFT_20250724170308.032031.csv
2025-09-12 16:40:17,807 - src.data_io.tdms_reader_frequency - INFO - 开始处理文件: D:/Lab/results/data/time\BG\20250724170311.231005.csv
2025-09-12 16:40:18,806 - src.data_io.tdms_reader_frequency - INFO - 成功读取文件: 20250724170311.231005.csv, 数据长度: 1600000
2025-09-12 16:40:18,807 - src.data_io.tdms_reader_frequency - INFO - 处理文件: 20250724170311.231005.csv, 通道数: 8
2025-09-12 16:40:20,596 - src.data_io.tdms_reader_frequency - INFO -   已写入 100000/799999 行FFT数据
2025-09-12 16:40:21,698 - src.data_io.tdms_reader_frequency - INFO -   已写入 200000/799999 行FFT数据
2025-09-12 16:40:22,804 - src.data_io.tdms_reader_frequency - INFO -   已写入 300000/799999 行FFT数据
2025-09-12 16:40:23,906 - src.data_io.tdms_reader_frequency - INFO -   已写入 400000/799999 行FFT数据
2025-09-12 16:40:25,005 - src.data_io.tdms_reader_frequency - INFO -   已写入 500000/799999 行FFT数据
2025-09-12 16:40:26,090 - src.data_io.tdms_reader_frequency - INFO -   已写入 600000/799999 行FFT数据
2025-09-12 16:40:27,188 - src.data_io.tdms_reader_frequency - INFO -   已写入 700000/799999 行FFT数据
2025-09-12 16:40:28,288 - src.data_io.tdms_reader_frequency - INFO -   已写入 799999/799999 行FFT数据
2025-09-12 16:40:28,288 - src.data_io.tdms_reader_frequency - INFO - 已处理: 20250724170311.231005.csv -> D:/Lab/results/data/frequency\BG\FFT_20250724170311.231005.csv
2025-09-12 16:40:28,306 - src.data_io.tdms_reader_frequency - INFO - 开始处理文件: D:/Lab/results/data/time\BG\20250724170314.433703.csv
2025-09-12 16:40:29,368 - src.data_io.tdms_reader_frequency - INFO - 成功读取文件: 20250724170314.433703.csv, 数据长度: 1600000
2025-09-12 16:40:29,368 - src.data_io.tdms_reader_frequency - INFO - 处理文件: 20250724170314.433703.csv, 通道数: 8
2025-09-12 16:40:31,182 - src.data_io.tdms_reader_frequency - INFO -   已写入 100000/799999 行FFT数据
2025-09-12 16:40:32,284 - src.data_io.tdms_reader_frequency - INFO -   已写入 200000/799999 行FFT数据
2025-09-12 16:40:33,371 - src.data_io.tdms_reader_frequency - INFO -   已写入 300000/799999 行FFT数据
2025-09-12 16:40:34,457 - src.data_io.tdms_reader_frequency - INFO -   已写入 400000/799999 行FFT数据
2025-09-12 16:40:35,556 - src.data_io.tdms_reader_frequency - INFO -   已写入 500000/799999 行FFT数据
2025-09-12 16:40:36,655 - src.data_io.tdms_reader_frequency - INFO -   已写入 600000/799999 行FFT数据
2025-09-12 16:40:37,746 - src.data_io.tdms_reader_frequency - INFO -   已写入 700000/799999 行FFT数据
2025-09-12 16:40:38,850 - src.data_io.tdms_reader_frequency - INFO -   已写入 799999/799999 行FFT数据
2025-09-12 16:40:38,850 - src.data_io.tdms_reader_frequency - INFO - 已处理: 20250724170314.433703.csv -> D:/Lab/results/data/frequency\BG\FFT_20250724170314.433703.csv
2025-09-12 16:40:38,869 - src.data_io.tdms_reader_frequency - INFO - 开始处理文件: D:/Lab/results/data/time\BG\20250724170317.632207.csv
2025-09-12 16:40:39,914 - src.data_io.tdms_reader_frequency - INFO - 成功读取文件: 20250724170317.632207.csv, 数据长度: 1600000
2025-09-12 16:40:39,914 - src.data_io.tdms_reader_frequency - INFO - 处理文件: 20250724170317.632207.csv, 通道数: 8
2025-09-12 16:40:41,718 - src.data_io.tdms_reader_frequency - INFO -   已写入 100000/799999 行FFT数据
2025-09-12 16:40:42,871 - src.data_io.tdms_reader_frequency - INFO -   已写入 200000/799999 行FFT数据
2025-09-12 16:40:44,029 - src.data_io.tdms_reader_frequency - INFO -   已写入 300000/799999 行FFT数据
2025-09-12 16:40:45,199 - src.data_io.tdms_reader_frequency - INFO -   已写入 400000/799999 行FFT数据
2025-09-12 16:40:46,331 - src.data_io.tdms_reader_frequency - INFO -   已写入 500000/799999 行FFT数据
2025-09-12 16:40:47,471 - src.data_io.tdms_reader_frequency - INFO -   已写入 600000/799999 行FFT数据
2025-09-12 16:40:48,624 - src.data_io.tdms_reader_frequency - INFO -   已写入 700000/799999 行FFT数据
2025-09-12 16:40:49,732 - src.data_io.tdms_reader_frequency - INFO -   已写入 799999/799999 行FFT数据
2025-09-12 16:40:49,732 - src.data_io.tdms_reader_frequency - INFO - 已处理: 20250724170317.632207.csv -> D:/Lab/results/data/frequency\BG\FFT_20250724170317.632207.csv
2025-09-12 16:40:49,754 - src.data_io.tdms_reader_frequency - INFO - 开始处理文件: D:/Lab/results/data/time\BG\20250724170320.831241.csv
2025-09-12 16:40:50,825 - src.data_io.tdms_reader_frequency - INFO - 成功读取文件: 20250724170320.831241.csv, 数据长度: 1600000
2025-09-12 16:40:50,826 - src.data_io.tdms_reader_frequency - INFO - 处理文件: 20250724170320.831241.csv, 通道数: 8
2025-09-12 16:40:52,710 - src.data_io.tdms_reader_frequency - INFO -   已写入 100000/799999 行FFT数据
2025-09-12 16:40:53,846 - src.data_io.tdms_reader_frequency - INFO -   已写入 200000/799999 行FFT数据
2025-09-12 16:40:54,932 - src.data_io.tdms_reader_frequency - INFO -   已写入 300000/799999 行FFT数据
2025-09-12 16:40:56,022 - src.data_io.tdms_reader_frequency - INFO -   已写入 400000/799999 行FFT数据
2025-09-12 16:40:57,147 - src.data_io.tdms_reader_frequency - INFO -   已写入 500000/799999 行FFT数据
2025-09-12 16:40:58,297 - src.data_io.tdms_reader_frequency - INFO -   已写入 600000/799999 行FFT数据
2025-09-12 16:40:59,412 - src.data_io.tdms_reader_frequency - INFO -   已写入 700000/799999 行FFT数据
2025-09-12 16:41:00,516 - src.data_io.tdms_reader_frequency - INFO -   已写入 799999/799999 行FFT数据
2025-09-12 16:41:00,516 - src.data_io.tdms_reader_frequency - INFO - 已处理: 20250724170320.831241.csv -> D:/Lab/results/data/frequency\BG\FFT_20250724170320.831241.csv
2025-09-12 16:41:00,538 - src.data_io.tdms_reader_frequency - INFO - 开始处理文件: D:/Lab/results/data/time\BG\20250724170324.031474.csv
2025-09-12 16:41:01,592 - src.data_io.tdms_reader_frequency - INFO - 成功读取文件: 20250724170324.031474.csv, 数据长度: 1600000
2025-09-12 16:41:01,592 - src.data_io.tdms_reader_frequency - INFO - 处理文件: 20250724170324.031474.csv, 通道数: 8
2025-09-12 16:41:04,601 - src.data_io.tdms_reader_frequency - INFO -   已写入 100000/799999 行FFT数据
2025-09-12 16:41:06,486 - src.data_io.tdms_reader_frequency - INFO -   已写入 200000/799999 行FFT数据
2025-09-12 16:41:08,445 - src.data_io.tdms_reader_frequency - INFO -   已写入 300000/799999 行FFT数据
2025-09-12 16:41:10,353 - src.data_io.tdms_reader_frequency - INFO -   已写入 400000/799999 行FFT数据
2025-09-12 16:41:12,405 - src.data_io.tdms_reader_frequency - INFO -   已写入 500000/799999 行FFT数据
2025-09-12 16:41:14,363 - src.data_io.tdms_reader_frequency - INFO -   已写入 600000/799999 行FFT数据
2025-09-12 16:41:16,167 - src.data_io.tdms_reader_frequency - INFO -   已写入 700000/799999 行FFT数据
2025-09-12 16:41:17,304 - src.data_io.tdms_reader_frequency - INFO -   已写入 799999/799999 行FFT数据
2025-09-12 16:41:17,304 - src.data_io.tdms_reader_frequency - INFO - 已处理: 20250724170324.031474.csv -> D:/Lab/results/data/frequency\BG\FFT_20250724170324.031474.csv
2025-09-12 16:41:17,320 - src.data_io.tdms_reader_frequency - INFO - 开始处理文件: D:/Lab/results/data/time\BG\20250724170327.232004.csv
2025-09-12 16:41:18,342 - src.data_io.tdms_reader_frequency - INFO - 成功读取文件: 20250724170327.232004.csv, 数据长度: 1600000
2025-09-12 16:41:18,343 - src.data_io.tdms_reader_frequency - INFO - 处理文件: 20250724170327.232004.csv, 通道数: 8
2025-09-12 16:41:20,519 - src.data_io.tdms_reader_frequency - INFO -   已写入 100000/799999 行FFT数据
2025-09-12 16:41:21,784 - src.data_io.tdms_reader_frequency - INFO -   已写入 200000/799999 行FFT数据
2025-09-12 16:41:23,031 - src.data_io.tdms_reader_frequency - INFO -   已写入 300000/799999 行FFT数据
2025-09-12 16:41:24,231 - src.data_io.tdms_reader_frequency - INFO -   已写入 400000/799999 行FFT数据
2025-09-12 16:41:25,526 - src.data_io.tdms_reader_frequency - INFO -   已写入 500000/799999 行FFT数据
2025-09-12 16:41:26,825 - src.data_io.tdms_reader_frequency - INFO -   已写入 600000/799999 行FFT数据
2025-09-12 16:41:28,112 - src.data_io.tdms_reader_frequency - INFO -   已写入 700000/799999 行FFT数据
2025-09-12 16:41:29,345 - src.data_io.tdms_reader_frequency - INFO -   已写入 799999/799999 行FFT数据
2025-09-12 16:41:29,345 - src.data_io.tdms_reader_frequency - INFO - 已处理: 20250724170327.232004.csv -> D:/Lab/results/data/frequency\BG\FFT_20250724170327.232004.csv
2025-09-12 16:41:29,363 - src.data_io.tdms_reader_frequency - INFO - 开始处理文件: D:/Lab/results/data/time\BG\20250724170330.429985.csv
2025-09-12 16:41:30,548 - src.data_io.tdms_reader_frequency - INFO - 成功读取文件: 20250724170330.429985.csv, 数据长度: 1600000
2025-09-12 16:41:30,548 - src.data_io.tdms_reader_frequency - INFO - 处理文件: 20250724170330.429985.csv, 通道数: 8
2025-09-12 16:41:32,467 - src.data_io.tdms_reader_frequency - INFO -   已写入 100000/799999 行FFT数据
2025-09-12 16:41:33,635 - src.data_io.tdms_reader_frequency - INFO -   已写入 200000/799999 行FFT数据
2025-09-12 16:41:34,717 - src.data_io.tdms_reader_frequency - INFO -   已写入 300000/799999 行FFT数据
2025-09-12 16:41:35,809 - src.data_io.tdms_reader_frequency - INFO -   已写入 400000/799999 行FFT数据
2025-09-12 16:41:36,885 - src.data_io.tdms_reader_frequency - INFO -   已写入 500000/799999 行FFT数据
2025-09-12 16:41:37,977 - src.data_io.tdms_reader_frequency - INFO -   已写入 600000/799999 行FFT数据
2025-09-12 16:41:39,064 - src.data_io.tdms_reader_frequency - INFO -   已写入 700000/799999 行FFT数据
2025-09-12 16:41:40,132 - src.data_io.tdms_reader_frequency - INFO -   已写入 799999/799999 行FFT数据
2025-09-12 16:41:40,132 - src.data_io.tdms_reader_frequency - INFO - 已处理: 20250724170330.429985.csv -> D:/Lab/results/data/frequency\BG\FFT_20250724170330.429985.csv
2025-09-12 16:41:40,151 - src.data_io.tdms_reader_frequency - INFO - 开始处理文件: D:/Lab/results/data/time\BG\20250724170333.634081.csv
2025-09-12 16:41:41,588 - src.data_io.tdms_reader_frequency - INFO - 成功读取文件: 20250724170333.634081.csv, 数据长度: 1600000
2025-09-12 16:41:41,590 - src.data_io.tdms_reader_frequency - INFO - 处理文件: 20250724170333.634081.csv, 通道数: 8
2025-09-12 16:41:44,681 - src.data_io.tdms_reader_frequency - INFO -   已写入 100000/799999 行FFT数据
2025-09-12 16:41:46,586 - src.data_io.tdms_reader_frequency - INFO -   已写入 200000/799999 行FFT数据
2025-09-12 16:41:48,533 - src.data_io.tdms_reader_frequency - INFO -   已写入 300000/799999 行FFT数据
2025-09-12 16:41:50,460 - src.data_io.tdms_reader_frequency - INFO -   已写入 400000/799999 行FFT数据
2025-09-12 16:41:52,511 - src.data_io.tdms_reader_frequency - INFO -   已写入 500000/799999 行FFT数据
2025-09-12 16:41:54,653 - src.data_io.tdms_reader_frequency - INFO -   已写入 600000/799999 行FFT数据
2025-09-12 16:41:55,845 - src.data_io.tdms_reader_frequency - INFO -   已写入 700000/799999 行FFT数据
2025-09-12 16:41:56,922 - src.data_io.tdms_reader_frequency - INFO -   已写入 799999/799999 行FFT数据
2025-09-12 16:41:56,922 - src.data_io.tdms_reader_frequency - INFO - 已处理: 20250724170333.634081.csv -> D:/Lab/results/data/frequency\BG\FFT_20250724170333.634081.csv
2025-09-12 16:41:56,946 - src.data_io.tdms_reader_frequency - INFO - 开始处理文件: D:/Lab/results/data/time\BG\20250724170336.834196.csv
2025-09-12 16:41:57,987 - src.data_io.tdms_reader_frequency - INFO - 成功读取文件: 20250724170336.834196.csv, 数据长度: 1600000
2025-09-12 16:41:57,987 - src.data_io.tdms_reader_frequency - INFO - 处理文件: 20250724170336.834196.csv, 通道数: 8
2025-09-12 16:41:59,770 - src.data_io.tdms_reader_frequency - INFO -   已写入 100000/799999 行FFT数据
2025-09-12 16:42:03,177 - src.utils.logging_utils - INFO - 启动水下目标电荷探测数据分析系统
2025-09-12 16:42:03,186 - src.utils.logging_utils - INFO - 启动时域分析模块
2025-09-12 16:42:03,341 - numexpr.utils - INFO - Note: NumExpr detected 28 cores but "NUMEXPR_MAX_THREADS" not set, so enforcing safe limit of 16.
2025-09-12 16:42:03,341 - numexpr.utils - INFO - NumExpr defaulting to 16 threads.
2025-09-12 16:42:03,974 - src.analysis.time_domain - INFO - 开始时域分析
2025-09-12 16:42:03,977 - src.analysis.time_domain - INFO - 时域分析模块初始化完成
2025-09-12 16:42:03,977 - src.analysis.time_domain - INFO - 找到 2 个子文件夹
2025-09-12 16:42:03,977 - src.analysis.time_domain - INFO - 开始分析文件夹: BG
2025-09-12 16:42:03,978 - src.analysis.time_domain - INFO - 处理文件夹: BG，找到 21 个CSV文件
2025-09-12 16:42:12,682 - src.analysis.time_domain - INFO - 时域分析结果已保存到: D:/Lab/results/time\time_feature_BG.csv
2025-09-12 16:42:12,683 - src.analysis.time_domain - INFO - 开始分析文件夹: GROUP2
2025-09-12 16:42:12,683 - src.analysis.time_domain - INFO - 处理文件夹: GROUP2，找到 20 个CSV文件
2025-09-12 16:42:21,176 - src.analysis.time_domain - INFO - 时域分析结果已保存到: D:/Lab/results/time\time_feature_GROUP2.csv
2025-09-12 16:42:21,177 - src.analysis.time_domain - INFO - 时域分析完成
2025-09-12 16:42:21,177 - src.utils.logging_utils - INFO - 模块执行完成
2025-09-12 16:51:34,672 - src.utils.logging_utils - INFO - 启动水下目标电荷探测数据分析系统
2025-09-12 16:51:34,679 - src.utils.logging_utils - INFO - 生成频域csv文件
2025-09-12 16:51:34,822 - numexpr.utils - INFO - Note: NumExpr detected 28 cores but "NUMEXPR_MAX_THREADS" not set, so enforcing safe limit of 16.
2025-09-12 16:51:34,824 - numexpr.utils - INFO - NumExpr defaulting to 16 threads.
2025-09-12 16:51:34,964 - src.data_io.tdms_reader_frequency_one - INFO - 尝试加载配置文件: C:\Users\17584\Documents\ALearning\Project\tools\DataProcess\config\paths.yaml
2025-09-12 16:51:34,965 - src.data_io.tdms_reader_frequency_one - INFO - 配置文件加载成功: {'raw_data_dir': 'D:/Lab/test/2025.7.22', 'tdms_reader_time_output_dir': 'D:/Lab/results/data/time', 'tdms_reader_frequency_output_dir': 'D:/Lab/results/data/frequency', 'tdms_reader_frequency_one_output_dir': 'D:/Lab/results/data/frequency_one', 'time_output_dir': 'D:/Lab/results/time'}
2025-09-12 16:51:34,965 - src.data_io.tdms_reader_frequency_one - INFO - 输入数据目录: D:/Lab/results/data/time
2025-09-12 16:51:34,965 - src.data_io.tdms_reader_frequency_one - INFO - 输出目录: D:/Lab/results/data/frequency_one
2025-09-12 16:51:34,966 - src.data_io.tdms_reader_frequency_one - INFO - 找到 2 个包含CSV文件的文件夹
2025-09-12 16:51:34,966 - src.data_io.tdms_reader_frequency_one - INFO - 开始处理文件夹: D:/Lab/results/data/time\BG
2025-09-12 16:51:34,966 - src.data_io.tdms_reader_frequency_one - INFO - 在文件夹 BG 中找到 21 个CSV文件
2025-09-12 16:51:56,691 - src.data_io.tdms_reader_frequency_one - INFO - 合并后数据长度: 33250000 行
2025-09-12 16:51:56,754 - src.data_io.tdms_reader_frequency_one - INFO - 处理文件夹: BG, 通道数: 8
2025-09-12 16:55:46,273 - src.data_io.tdms_reader_frequency_one - INFO - 已处理文件夹: BG -> D:/Lab/results/data/frequency_one\BG\FFT_BG.csv
2025-09-12 16:55:46,625 - src.data_io.tdms_reader_frequency_one - INFO - 开始处理文件夹: D:/Lab/results/data/time\GROUP2
2025-09-12 16:55:46,625 - src.data_io.tdms_reader_frequency_one - INFO - 在文件夹 GROUP2 中找到 20 个CSV文件
2025-09-12 16:56:13,969 - src.data_io.tdms_reader_frequency_one - INFO - 合并后数据长度: 31950000 行
2025-09-12 16:56:14,055 - src.data_io.tdms_reader_frequency_one - INFO - 处理文件夹: GROUP2, 通道数: 8
2025-09-12 17:01:10,052 - src.data_io.tdms_reader_frequency_one - INFO - 已处理文件夹: GROUP2 -> D:/Lab/results/data/frequency_one\GROUP2\FFT_GROUP2.csv
2025-09-12 17:01:10,363 - src.data_io.tdms_reader_frequency_one - INFO - 所有文件夹处理完成
2025-09-12 17:01:10,364 - src.utils.logging_utils - INFO - 模块执行完成
