"distance_m","frequency_hz","time_s","Ex_V_per_m","Ey_V_per_m","Ez_V_per_m","E_norm_instant_V_per_m","E_sensor_V_per_m"
"2","30","0","-0.0482531512578048","-0.0419125001963687","-0.0201657964638469","0.0670200240677404","-0.0419125001963687"
"2","30","0.001","-0.0495699624329252","-0.0398457633556491","-0.0209935093446493","0.0669745732916596","-0.0398457633556491"
"2","30","0.002","-0.0491307329761202","-0.0363674704832442","-0.0210775166907583","0.0646582055269837","-0.0363674704832442"
"2","30","0.003","-0.0469510228098716","-0.0316008418382363","-0.0204148425000568","0.060164587109698","-0.0316008418382363"
"2","30","0.004","-0.0431080492534973","-0.0257147376167423","-0.0190289623361216","0.0536810306228316","-0.0257147376167423"
"2","30","0.005","-0.0377379515611179","-0.0189176759952825","-0.0169689716946805","0.0454970048845706","-0.0189176759952825"
"2","30","0.006","-0.0310309681207086","-0.011450446270422","-0.0143078467711998","0.0360381489747793","-0.011450446270422"
"2","30","0.007","-0.0232246971643629","-0.00357757877789628","-0.0111398592427778","0.0260054242848934","-0.00357757877789628"
"2","30","0.008","-0.0145956797324683","0.00442202622641193","-0.00757723664698576","0.0170294655818755","0.00442202622641193"
"2","30","0.009","-0.00544960306948245","0.0122649787470809","-0.00374618666539882","0.0139341950543715","0.0122649787470809"
"2","30","0.01","0.00388952849909916","0.0196734382810199","0.000217573846443579","0.020055421813591","0.0196734382810199"
"2","30","0.011","0.0130908715815045","0.0263849564558063","0.00417362669630589","0.0297482101266337","0.0263849564558063"
"2","30","0.012","0.0218284640117775","0.0321617743941203","0.00798182673972076","0.0396808660615501","0.0321617743941203"
"2","30","0.013","0.0297927722220136","0.0367992454405073","0.0115072665916002","0.0487258753238322","0.0367992454405073"
"2","30","0.014","0.0367016566233181","0.0401330848711719","0.0146250557876093","0.0563166792075254","0.0401330848711719"
"2","30","0.015","0.0423103665414015","0.0420451897622219","0.0172247450911287","0.0620858836005686","0.0420451897622219"
"2","30","0.016","0.0464202106312345","0.042467822844626","0.0192142392125253","0.0657840324146131","0.042467822844626"
"2","30","0.017","0.0488855956170026","0.0413860121307395","0.0205230593307009","0.0672591958263425","0.0413860121307395"
"2","30","0.018","0.0496191840064852","0.0388380813044305","0.0211048398404667","0.066452044705718","0.0388380813044305"
"2","30","0.019","0.04859498806526","0.0349142920854731","0.0209389708772217","0.0633949616159647","0.0349142920854731"
"2","30","0.02","0.0458492904451502","0.0297536466631251","0.0200313284316817","0.0582124646687952","0.0297536466631251"
"2","30","0.021","0.0414793588531954","0.0235389634742749","0.0184140661899783","0.0511243371200479","0.0235389634742749"
"2","30","0.022","0.0356400002946378","0.0164904007691718","0.0161444764732981","0.0424592399734918","0.0164904007691718"
"2","30","0.023","0.0285380769575835","0.00885765739565326","0.0133029606288417","0.0327085415827157","0.00885765739565326"
"2","30","0.024","0.020425178016859","0.000911127092973888","0.00999018077201569","0.0227556973406108","0.000911127092973888"
"2","30","0.025","0.0115887069620655","-0.00706768034120974","0.0063234937808101","0.0149745386591405","-0.00706768034120974"
"2","30","0.026","0.00234170018567646","-0.0147961116757661","0.00243279386988814","0.0151765268258157","-0.0147961116757661"
"2","30","0.027","-0.00698826248722752","-0.0220003833777162","-0.00154408897672605","0.0231351873155358","-0.0220003833777162"
"2","30","0.028","-0.0160706624775748","-0.0284252805303818","-0.00546627170154555","0.0331080487497247","-0.0284252805303818"
"2","30","0.029","-0.0245837512377437","-0.0338431979490448","-0.00919480902616839","0.0428283479177659","-0.0338431979490448"
"2","30","0.03","-0.0322259483542677","-0.0380622032080861","-0.012597615657035","0.0514387303559093","-0.0380622032080861"
"2","30","0.031","-0.0387265251843331","-0.0409328359428504","-0.0155541454728028","0.0584565843388596","-0.0409328359428504"
"2","30","0.032","-0.0438551955529199","-0.0423534025575759","-0.017959661930792","0.0635581492954072","-0.0423534025575759"
"2","30","0.033","-0.0474302737553604","-0.0422735787717228","-0.019728948411226","0.0665275712474934","-0.0422735787717228"
"2","30","0.034","-0.0493251108640042","-0.0406961923827007","-0.0207993270584707","0.0672440230970851","-0.0406961923827007"
"2","30","0.035","-0.0494725813296205","-0.0376771230897348","-0.0211328791753179","0.0656787674212415","-0.0376771230897348"
"2","30","0.036","-0.0478674609374445","-0.0333233229276634","-0.0207177885117385","0.0618947851467007","-0.0333233229276634"
"2","30","0.037","-0.0445666118775901","-0.0277890274377827","-0.0195687598614302","0.0560477412809822","-0.0277890274377827"
"2","30","0.038","-0.0396869683736164","-0.0212702917969039","-0.0177264981371698","0.0483912131282215","-0.0212702917969039"
"2","30","0.039","-0.0334013942293621","-0.0139980454649727","-0.0152562663789853","0.0392982452169466","-0.0139980454649727"
"2","30","0.04","-0.025932559042514","-0.00622991139382258","-0.0122455737784262","0.0293472910441702","-0.00622991139382258"
"2","30","0.041","-0.0175450500230988","0.00175892039433007","-0.00880107562182592","0.0197073974275582","0.00175892039433007"
"2","30","0.042","-0.00853599885966008","0.00968544155061679","-0.0050447949736111","0.0138607723770468","0.00968544155061679"
"2","30","0.043","0.000775444318941391","0.0172688511113675","-0.00110979994841078","0.0173218413722055","0.0172688511113675"
"2","30","0.044","0.0100594169959522","0.0242405030122397","0.00286451029324454","0.026400743849463","0.0242405030122397"
"2","30","0.045","0.0189870298108333","0.0303534230089793","0.00673734382968119","0.0364311596202873","0.0303534230089793"
"2","30","0.046","0.0272420176288221","0.0353910578631507","0.0103715036020984","0.0458500009610717","0.0353910578631507"
"2","30","0.047","0.0345319433910029","0.0391749468485693","0.0136382476887746","0.053973450649074","0.0391749468485693"
"2","30","0.048","0.0405985578429119","0.0415710438114965","0.0164218500518282","0.0603827106184076","0.0415710438114965"
"2","30","0.049","0.0452269481431241","0.0424944658224642","0.0186237001898036","0.0647927362644695","0.0424944658224642"
"2","30","0.05","0.0482531512578048","0.0419125001963687","0.0201657964638469","0.0670200240677404","0.0419125001963687"
"2","30","0.051","0.0495699624329252","0.0398457633556491","0.0209935093446493","0.0669745732916596","0.0398457633556491"
"2","30","0.052","0.0491307329761202","0.0363674704832442","0.0210775166907583","0.0646582055269837","0.0363674704832442"
"2","30","0.053","0.0469510228098717","0.0316008418382364","0.0204148425000568","0.0601645871096981","0.0316008418382364"
"2","30","0.054","0.0431080492534974","0.0257147376167424","0.0190289623361216","0.0536810306228317","0.0257147376167424"
"2","30","0.055","0.0377379515611179","0.0189176759952825","0.0169689716946806","0.0454970048845706","0.0189176759952825"
"2","30","0.056","0.0310309681207086","0.0114504462704221","0.0143078467711998","0.0360381489747794","0.0114504462704221"
"2","30","0.057","0.023224697164363","0.0035775787778963","0.0111398592427778","0.0260054242848934","0.0035775787778963"
"2","30","0.058","0.0145956797324683","-0.00442202622641193","0.00757723664698576","0.0170294655818755","-0.00442202622641193"
"2","30","0.059","0.00544960306948251","-0.0122649787470809","0.00374618666539885","0.0139341950543715","-0.0122649787470809"
"2","30","0.06","-0.00388952849909906","-0.0196734382810199","-0.000217573846443535","0.0200554218135909","-0.0196734382810199"
"2","30","0.061","-0.0130908715815044","-0.0263849564558062","-0.00417362669630586","0.0297482101266336","-0.0263849564558062"
"2","30","0.062","-0.0218284640117775","-0.0321617743941203","-0.00798182673972075","0.0396808660615501","-0.0321617743941203"
"2","30","0.063","-0.0297927722220136","-0.0367992454405072","-0.0115072665916002","0.0487258753238321","-0.0367992454405072"
"2","30","0.064","-0.0367016566233181","-0.0401330848711719","-0.0146250557876093","0.0563166792075254","-0.0401330848711719"
"2","30","0.065","-0.0423103665414015","-0.0420451897622219","-0.0172247450911287","0.0620858836005686","-0.0420451897622219"
"2","30","0.066","-0.0464202106312345","-0.042467822844626","-0.0192142392125253","0.0657840324146131","-0.042467822844626"
"2","30","0.067","-0.0488855956170025","-0.0413860121307395","-0.0205230593307009","0.0672591958263425","-0.0413860121307395"
"2","30","0.068","-0.0496191840064852","-0.0388380813044305","-0.0211048398404667","0.066452044705718","-0.0388380813044305"
"2","30","0.069","-0.04859498806526","-0.0349142920854731","-0.0209389708772217","0.0633949616159647","-0.0349142920854731"
"2","30","0.07","-0.0458492904451502","-0.0297536466631251","-0.0200313284316817","0.0582124646687952","-0.0297536466631251"
"2","30","0.071","-0.0414793588531954","-0.0235389634742748","-0.0184140661899783","0.0511243371200479","-0.0235389634742748"
"2","30","0.072","-0.0356400002946378","-0.0164904007691718","-0.0161444764732981","0.0424592399734917","-0.0164904007691718"
"2","30","0.073","-0.0285380769575835","-0.00885765739565332","-0.0133029606288417","0.0327085415827158","-0.00885765739565332"
"2","30","0.074","-0.0204251780168591","-0.000911127092974018","-0.00999018077201575","0.022755697340611","-0.000911127092974018"
"2","30","0.075","-0.0115887069620656","0.00706768034120965","-0.00632349378081014","0.0149745386591405","0.00706768034120965"
"2","30","0.076","-0.00234170018567652","0.0147961116757661","-0.00243279386988816","0.0151765268258157","0.0147961116757661"
"2","30","0.077","0.00698826248722741","0.0220003833777161","0.00154408897672601","0.0231351873155357","0.0220003833777161"
"2","30","0.078","0.0160706624775747","0.0284252805303817","0.00546627170154552","0.0331080487497247","0.0284252805303817"
"2","30","0.079","0.0245837512377437","0.0338431979490447","0.00919480902616836","0.0428283479177658","0.0338431979490447"
"2","30","0.08","0.0322259483542678","0.0380622032080861","0.012597615657035","0.0514387303559093","0.0380622032080861"
"2","30","0.081","0.038726525184333","0.0409328359428504","0.0155541454728027","0.0584565843388595","0.0409328359428504"
"2","30","0.082","0.0438551955529199","0.0423534025575759","0.017959661930792","0.0635581492954072","0.0423534025575759"
"2","30","0.083","0.0474302737553604","0.0422735787717228","0.019728948411226","0.0665275712474934","0.0422735787717228"
"2","30","0.084","0.0493251108640042","0.0406961923827007","0.0207993270584707","0.0672440230970851","0.0406961923827007"
"2","30","0.085","0.0494725813296205","0.0376771230897349","0.0211328791753179","0.0656787674212415","0.0376771230897349"
"2","30","0.086","0.0478674609374445","0.0333233229276634","0.0207177885117385","0.0618947851467007","0.0333233229276634"
"2","30","0.087","0.0445666118775901","0.0277890274377827","0.0195687598614302","0.0560477412809822","0.0277890274377827"
"2","30","0.088","0.0396869683736165","0.0212702917969039","0.0177264981371698","0.0483912131282215","0.0212702917969039"
"2","30","0.089","0.0334013942293622","0.0139980454649728","0.0152562663789854","0.0392982452169467","0.0139980454649728"
"2","30","0.09","0.0259325590425141","0.00622991139382275","0.0122455737784263","0.0293472910441704","0.00622991139382275"
"2","30","0.091","0.0175450500230988","-0.00175892039433001","0.00880107562182594","0.0197073974275583","-0.00175892039433001"
"2","30","0.092","0.00853599885966018","-0.0096854415506167","0.00504479497361114","0.0138607723770468","-0.0096854415506167"
"2","30","0.093","-0.000775444318941197","-0.0172688511113674","0.00110979994841086","0.0173218413722053","-0.0172688511113674"
"2","30","0.094","-0.0100594169959522","-0.0242405030122396","-0.00286451029324453","0.0264007438494629","-0.0242405030122396"
"2","30","0.095","-0.0189870298108333","-0.0303534230089793","-0.00673734382968118","0.0364311596202872","-0.0303534230089793"
"2","30","0.096","-0.0272420176288222","-0.0353910578631508","-0.0103715036020984","0.0458500009610718","-0.0353910578631508"
"2","30","0.097","-0.0345319433910029","-0.0391749468485693","-0.0136382476887746","0.053973450649074","-0.0391749468485693"
"2","30","0.098","-0.0405985578429118","-0.0415710438114965","-0.0164218500518282","0.0603827106184075","-0.0415710438114965"
"2","30","0.099","-0.0452269481431241","-0.0424944658224642","-0.0186237001898036","0.0647927362644695","-0.0424944658224642"
"2","30","0.1","-0.0482531512578048","-0.0419125001963687","-0.0201657964638469","0.0670200240677404","-0.0419125001963687"
"2","30","0.101","-0.0495699624329252","-0.0398457633556491","-0.0209935093446493","0.0669745732916596","-0.0398457633556491"
"2","30","0.102","-0.0491307329761202","-0.0363674704832442","-0.0210775166907583","0.0646582055269836","-0.0363674704832442"
"2","30","0.103","-0.0469510228098716","-0.0316008418382363","-0.0204148425000568","0.060164587109698","-0.0316008418382363"
"2","30","0.104","-0.0431080492534974","-0.0257147376167424","-0.0190289623361216","0.0536810306228317","-0.0257147376167424"
"2","30","0.105","-0.037737951561118","-0.0189176759952826","-0.0169689716946806","0.0454970048845707","-0.0189176759952826"
"2","30","0.106","-0.0310309681207087","-0.0114504462704221","-0.0143078467711998","0.0360381489747795","-0.0114504462704221"
"2","30","0.107","-0.023224697164363","-0.00357757877789632","-0.0111398592427778","0.0260054242848934","-0.00357757877789632"
"2","30","0.108","-0.0145956797324684","0.00442202622641184","-0.0075772366469858","0.0170294655818756","0.00442202622641184"
"2","30","0.109","-0.00544960306948262","0.0122649787470808","-0.0037461866653989","0.0139341950543715","0.0122649787470808"
"2","30","0.11","0.00388952849909913","0.0196734382810199","0.000217573846443564","0.020055421813591","0.0196734382810199"
"2","30","0.111","0.0130908715815044","0.0263849564558062","0.00417362669630585","0.0297482101266336","0.0263849564558062"
"2","30","0.112","0.0218284640117774","0.0321617743941202","0.00798182673972071","0.03968086606155","0.0321617743941202"
"2","30","0.113","0.0297927722220136","0.0367992454405072","0.0115072665916002","0.0487258753238322","0.0367992454405072"
"2","30","0.114","0.0367016566233181","0.0401330848711719","0.0146250557876093","0.0563166792075254","0.0401330848711719"
"2","30","0.115","0.0423103665414014","0.0420451897622219","0.0172247450911287","0.0620858836005686","0.0420451897622219"
"2","30","0.116","0.0464202106312345","0.042467822844626","0.0192142392125253","0.0657840324146131","0.042467822844626"
"2","30","0.117","0.0488855956170025","0.0413860121307395","0.0205230593307009","0.0672591958263425","0.0413860121307395"
"2","30","0.118","0.0496191840064852","0.0388380813044305","0.0211048398404667","0.066452044705718","0.0388380813044305"
"2","30","0.119","0.04859498806526","0.0349142920854731","0.0209389708772217","0.0633949616159646","0.0349142920854731"
"2","30","0.12","0.0458492904451503","0.0297536466631252","0.0200313284316817","0.0582124646687954","0.0297536466631252"
"2","30","0.121","0.0414793588531954","0.0235389634742749","0.0184140661899783","0.051124337120048","0.0235389634742749"
"2","30","0.122","0.0356400002946379","0.0164904007691719","0.0161444764732982","0.0424592399734919","0.0164904007691719"
"2","30","0.123","0.0285380769575836","0.0088576573956534","0.0133029606288418","0.0327085415827159","0.0088576573956534"
"2","30","0.124","0.0204251780168591","0.000911127092973957","0.00999018077201572","0.0227556973406109","0.000911127092973957"
"2","30","0.125","0.0115887069620656","-0.00706768034120963","0.00632349378081015","0.0149745386591405","-0.00706768034120963"
"2","30","0.126","0.00234170018567663","-0.014796111675766","0.00243279386988821","0.0151765268258157","-0.014796111675766"
"2","30","0.127","-0.00698826248722748","-0.0220003833777161","-0.00154408897672604","0.0231351873155358","-0.0220003833777161"
"2","30","0.128","-0.0160706624775747","-0.0284252805303817","-0.00546627170154552","0.0331080487497246","-0.0284252805303817"
"2","30","0.129","-0.0245837512377436","-0.0338431979490447","-0.00919480902616832","0.0428283479177657","-0.0338431979490447"
"2","30","0.13","-0.0322259483542677","-0.0380622032080861","-0.012597615657035","0.0514387303559093","-0.0380622032080861"
"2","30","0.131","-0.038726525184333","-0.0409328359428504","-0.0155541454728027","0.0584565843388595","-0.0409328359428504"
"2","30","0.132","-0.0438551955529199","-0.0423534025575759","-0.017959661930792","0.0635581492954071","-0.0423534025575759"
"2","30","0.133","-0.0474302737553604","-0.0422735787717228","-0.019728948411226","0.0665275712474934","-0.0422735787717228"
"2","30","0.134","-0.0493251108640042","-0.0406961923827007","-0.0207993270584707","0.0672440230970851","-0.0406961923827007"
"2","30","0.135","-0.0494725813296205","-0.0376771230897349","-0.0211328791753179","0.0656787674212415","-0.0376771230897349"
"2","30","0.136","-0.0478674609374445","-0.0333233229276634","-0.0207177885117385","0.0618947851467007","-0.0333233229276634"
"2","30","0.137","-0.0445666118775901","-0.0277890274377827","-0.0195687598614302","0.0560477412809822","-0.0277890274377827"
"2","30","0.138","-0.0396869683736165","-0.021270291796904","-0.0177264981371698","0.0483912131282215","-0.021270291796904"
"2","30","0.139","-0.0334013942293621","-0.0139980454649727","-0.0152562663789853","0.0392982452169466","-0.0139980454649727"
"2","30","0.14","-0.025932559042514","-0.00622991139382261","-0.0122455737784262","0.0293472910441703","-0.00622991139382261"
"2","30","0.141","-0.0175450500230989","0.00175892039433","-0.00880107562182595","0.0197073974275583","0.00175892039433"
"2","30","0.142","-0.00853599885966003","0.00968544155061683","-0.00504479497361108","0.0138607723770468","0.00968544155061683"
"2","30","0.143","0.000775444318941353","0.0172688511113675","-0.00110979994841079","0.0173218413722055","0.0172688511113675"
"2","30","0.144","0.0100594169959524","0.0242405030122398","0.0028645102932446","0.0264007438494631","0.0242405030122398"
"2","30","0.145","0.0189870298108331","0.0303534230089791","0.00673734382968111","0.036431159620287","0.0303534230089791"
"2","30","0.146","0.027242017628822","0.0353910578631507","0.0103715036020983","0.0458500009610716","0.0353910578631507"
"2","30","0.147","0.0345319433910028","0.0391749468485692","0.0136382476887745","0.0539734506490738","0.0391749468485692"
"2","30","0.148","0.0405985578429117","0.0415710438114964","0.0164218500518281","0.0603827106184074","0.0415710438114964"
"2","30","0.149","0.045226948143124","0.0424944658224642","0.0186237001898036","0.0647927362644695","0.0424944658224642"
"2","30","0.15","0.0482531512578048","0.0419125001963688","0.0201657964638468","0.0670200240677403","0.0419125001963688"
"2","30","0.151","0.0495699624329252","0.0398457633556492","0.0209935093446493","0.0669745732916596","0.0398457633556492"
"2","30","0.152","0.0491307329761202","0.0363674704832443","0.0210775166907583","0.0646582055269837","0.0363674704832443"
"2","30","0.153","0.0469510228098717","0.0316008418382364","0.0204148425000568","0.0601645871096981","0.0316008418382364"
"2","30","0.154","0.0431080492534975","0.0257147376167425","0.0190289623361217","0.0536810306228319","0.0257147376167425"
"2","30","0.155","0.037737951561118","0.0189176759952826","0.0169689716946806","0.0454970048845707","0.0189176759952826"
"2","30","0.156","0.0310309681207087","0.0114504462704222","0.0143078467711998","0.0360381489747795","0.0114504462704222"
"2","30","0.157","0.023224697164363","0.00357757877789633","0.0111398592427778","0.0260054242848935","0.00357757877789633"
"2","30","0.158","0.0145956797324684","-0.00442202622641182","0.00757723664698581","0.0170294655818756","-0.00442202622641182"
"2","30","0.159","0.00544960306948264","-0.0122649787470808","0.0037461866653989","0.0139341950543715","-0.0122649787470808"
"2","30","0.16","-0.00388952849909911","-0.0196734382810199","-0.000217573846443555","0.0200554218135909","-0.0196734382810199"
"2","30","0.161","-0.0130908715815044","-0.0263849564558062","-0.00417362669630584","0.0297482101266336","-0.0263849564558062"
"2","30","0.162","-0.0218284640117774","-0.0321617743941202","-0.0079818267397207","0.03968086606155","-0.0321617743941202"
"2","30","0.163","-0.0297927722220136","-0.0367992454405072","-0.0115072665916002","0.0487258753238322","-0.0367992454405072"
"2","30","0.164","-0.0367016566233181","-0.0401330848711719","-0.0146250557876093","0.0563166792075254","-0.0401330848711719"
"2","30","0.165","-0.0423103665414014","-0.0420451897622219","-0.0172247450911287","0.0620858836005686","-0.0420451897622219"
"2","30","0.166","-0.0464202106312345","-0.042467822844626","-0.0192142392125253","0.0657840324146131","-0.042467822844626"
"2","30","0.167","-0.0488855956170025","-0.0413860121307395","-0.0205230593307009","0.0672591958263425","-0.0413860121307395"
"2","30","0.168","-0.0496191840064852","-0.0388380813044305","-0.0211048398404667","0.066452044705718","-0.0388380813044305"
"2","30","0.169","-0.04859498806526","-0.0349142920854731","-0.0209389708772217","0.0633949616159647","-0.0349142920854731"
"2","30","0.17","-0.0458492904451503","-0.0297536466631252","-0.0200313284316817","0.0582124646687954","-0.0297536466631252"
"2","30","0.171","-0.0414793588531955","-0.0235389634742749","-0.0184140661899783","0.051124337120048","-0.0235389634742749"
"2","30","0.172","-0.0356400002946378","-0.0164904007691718","-0.0161444764732981","0.0424592399734918","-0.0164904007691718"
"2","30","0.173","-0.0285380769575837","-0.00885765739565342","-0.0133029606288418","0.0327085415827159","-0.00885765739565342"
"2","30","0.174","-0.0204251780168591","-0.000911127092973973","-0.00999018077201573","0.0227556973406109","-0.000911127092973973"
"2","30","0.175","-0.0115887069620655","0.00706768034120977","-0.00632349378081009","0.0149745386591404","0.00706768034120977"
"2","30","0.176","-0.00234170018567665","0.014796111675766","-0.00243279386988822","0.0151765268258156","0.014796111675766"
"2","30","0.177","0.00698826248722711","0.0220003833777159","0.00154408897672588","0.0231351873155354","0.0220003833777159"
"2","30","0.178","0.0160706624775745","0.0284252805303816","0.00546627170154544","0.0331080487497244","0.0284252805303816"
"2","30","0.179","0.0245837512377436","0.0338431979490447","0.00919480902616832","0.0428283479177657","0.0338431979490447"
"2","30","0.18","0.0322259483542675","0.038062203208086","0.0125976156570348","0.051438730355909","0.038062203208086"
"2","30","0.181","0.0387265251843329","0.0409328359428504","0.0155541454728027","0.0584565843388594","0.0409328359428504"
"2","30","0.182","0.0438551955529199","0.0423534025575759","0.017959661930792","0.0635581492954071","0.0423534025575759"
"2","30","0.183","0.0474302737553603","0.0422735787717229","0.019728948411226","0.0665275712474933","0.0422735787717229"
"2","30","0.184","0.0493251108640042","0.0406961923827007","0.0207993270584707","0.0672440230970851","0.0406961923827007"
"2","30","0.185","0.0494725813296205","0.0376771230897349","0.0211328791753179","0.0656787674212415","0.0376771230897349"
"2","30","0.186","0.0478674609374446","0.0333233229276636","0.0207177885117386","0.0618947851467009","0.0333233229276636"
"2","30","0.187","0.0445666118775902","0.0277890274377828","0.0195687598614302","0.0560477412809823","0.0277890274377828"
"2","30","0.188","0.0396869683736165","0.021270291796904","0.0177264981371698","0.0483912131282215","0.021270291796904"
"2","30","0.189","0.0334013942293621","0.0139980454649727","0.0152562663789853","0.0392982452169466","0.0139980454649727"
"2","30","0.19","0.0259325590425142","0.00622991139382278","0.0122455737784263","0.0293472910441705","0.00622991139382278"
"2","30","0.191","0.0175450500230989","-0.00175892039432998","0.00880107562182595","0.0197073974275583","-0.00175892039432998"
"2","30","0.192","0.00853599885966005","-0.00968544155061682","0.00504479497361109","0.0138607723770468","-0.00968544155061682"
"2","30","0.193","-0.000775444318941158","-0.0172688511113673","0.00110979994841088","0.0173218413722053","-0.0172688511113673"
"2","30","0.194","-0.0100594169959522","-0.0242405030122396","-0.00286451029324451","0.0264007438494629","-0.0242405030122396"
"2","30","0.195","-0.0189870298108334","-0.0303534230089793","-0.00673734382968124","0.0364311596202874","-0.0303534230089793"
"2","30","0.196","-0.027242017628822","-0.0353910578631507","-0.0103715036020983","0.0458500009610716","-0.0353910578631507"
"2","30","0.197","-0.0345319433910029","-0.0391749468485693","-0.0136382476887746","0.0539734506490739","-0.0391749468485693"
"2","30","0.198","-0.0405985578429119","-0.0415710438114965","-0.0164218500518282","0.0603827106184076","-0.0415710438114965"
"2","30","0.199","-0.045226948143124","-0.0424944658224642","-0.0186237001898036","0.0647927362644695","-0.0424944658224642"
"2","30","0.2","-0.0482531512578048","-0.0419125001963687","-0.0201657964638469","0.0670200240677404","-0.0419125001963687"
"2","30","0.201","-0.0495699624329252","-0.0398457633556491","-0.0209935093446493","0.0669745732916596","-0.0398457633556491"
"2","30","0.202","-0.0491307329761202","-0.0363674704832443","-0.0210775166907583","0.0646582055269837","-0.0363674704832443"
"2","30","0.203","-0.0469510228098717","-0.0316008418382364","-0.0204148425000568","0.060164587109698","-0.0316008418382364"
"2","30","0.204","-0.0431080492534973","-0.0257147376167423","-0.0190289623361216","0.0536810306228316","-0.0257147376167423"
"2","30","0.205","-0.037737951561118","-0.0189176759952826","-0.0169689716946806","0.0454970048845708","-0.0189176759952826"
"2","30","0.206","-0.0310309681207086","-0.011450446270422","-0.0143078467711998","0.0360381489747793","-0.011450446270422"
"2","30","0.207","-0.0232246971643628","-0.0035775787778962","-0.0111398592427778","0.0260054242848933","-0.0035775787778962"
"2","30","0.208","-0.0145956797324684","0.00442202622641181","-0.00757723664698581","0.0170294655818757","0.00442202622641181"
"2","30","0.209","-0.00544960306948283","0.0122649787470806","-0.00374618666539898","0.0139341950543714","0.0122649787470806"
"2","30","0.21","0.00388952849909891","0.0196734382810197","0.000217573846443473","0.0200554218135908","0.0196734382810197"
"2","30","0.211","0.0130908715815043","0.0263849564558062","0.00417362669630584","0.0297482101266336","0.0263849564558062"
"2","30","0.212","0.0218284640117772","0.0321617743941201","0.00798182673972062","0.0396808660615497","0.0321617743941201"
"2","30","0.213","0.0297927722220135","0.0367992454405072","0.0115072665916001","0.048725875323832","0.0367992454405072"
"2","30","0.214","0.0367016566233181","0.0401330848711719","0.0146250557876093","0.0563166792075253","0.0401330848711719"
"2","30","0.215","0.0423103665414013","0.0420451897622219","0.0172247450911286","0.0620858836005685","0.0420451897622219"
"2","30","0.216","0.0464202106312345","0.042467822844626","0.0192142392125252","0.065784032414613","0.042467822844626"
"2","30","0.217","0.0488855956170025","0.0413860121307395","0.0205230593307009","0.0672591958263425","0.0413860121307395"
"2","30","0.218","0.0496191840064852","0.0388380813044306","0.0211048398404667","0.066452044705718","0.0388380813044306"
"2","30","0.219","0.0485949880652601","0.0349142920854732","0.0209389708772217","0.0633949616159647","0.0349142920854732"
"2","30","0.22","0.0458492904451502","0.0297536466631251","0.0200313284316817","0.0582124646687953","0.0297536466631251"
"2","30","0.221","0.0414793588531956","0.0235389634742751","0.0184140661899784","0.0511243371200482","0.0235389634742751"
"2","30","0.222","0.0356400002946379","0.016490400769172","0.0161444764732982","0.042459239973492","0.016490400769172"
"2","30","0.223","0.0285380769575835","0.00885765739565329","0.0133029606288417","0.0327085415827157","0.00885765739565329"
"2","30","0.224","0.0204251780168593","0.000911127092974139","0.0099901807720158","0.0227556973406111","0.000911127092974139"
"2","30","0.225","0.0115887069620657","-0.0070676803412096","0.00632349378081017","0.0149745386591405","-0.0070676803412096"
"2","30","0.226","0.00234170018567649","-0.0147961116757661","0.00243279386988815","0.0151765268258157","-0.0147961116757661"
"2","30","0.227","-0.00698826248722727","-0.022000383377716","-0.00154408897672594","0.0231351873155355","-0.022000383377716"
"2","30","0.228","-0.0160706624775746","-0.0284252805303817","-0.0054662717015455","0.0331080487497246","-0.0284252805303817"
"2","30","0.229","-0.0245837512377437","-0.0338431979490448","-0.00919480902616837","0.0428283479177659","-0.0338431979490448"
"2","30","0.23","-0.0322259483542676","-0.038062203208086","-0.0125976156570349","0.0514387303559091","-0.038062203208086"
"2","30","0.231","-0.038726525184333","-0.0409328359428504","-0.0155541454728027","0.0584565843388595","-0.0409328359428504"
"2","30","0.232","-0.0438551955529199","-0.0423534025575759","-0.017959661930792","0.0635581492954072","-0.0423534025575759"
"2","30","0.233","-0.0474302737553604","-0.0422735787717229","-0.019728948411226","0.0665275712474933","-0.0422735787717229"
"2","30","0.234","-0.0493251108640042","-0.0406961923827007","-0.0207993270584707","0.0672440230970851","-0.0406961923827007"
"2","30","0.235","-0.0494725813296205","-0.0376771230897348","-0.0211328791753179","0.0656787674212414","-0.0376771230897348"
"2","30","0.236","-0.0478674609374446","-0.0333233229276635","-0.0207177885117386","0.0618947851467008","-0.0333233229276635"
"2","30","0.237","-0.0445666118775901","-0.0277890274377827","-0.0195687598614302","0.0560477412809822","-0.0277890274377827"
"2","30","0.238","-0.0396869683736164","-0.0212702917969039","-0.0177264981371698","0.0483912131282214","-0.0212702917969039"
"2","30","0.239","-0.0334013942293623","-0.0139980454649729","-0.0152562663789854","0.0392982452169468","-0.0139980454649729"
"2","30","0.24","-0.0259325590425143","-0.00622991139382294","-0.0122455737784264","0.0293472910441707","-0.00622991139382294"
"2","30","0.241","-0.0175450500230991","0.00175892039432982","-0.00880107562182603","0.0197073974275585","0.00175892039432982"
"2","30","0.242","-0.00853599885966023","0.00968544155061665","-0.00504479497361117","0.0138607723770468","0.00968544155061665"
"2","30","0.243","0.000775444318940964","0.0172688511113672","-0.00110979994841096","0.0173218413722052","0.0172688511113672"
"2","30","0.244","0.010059416995952","0.0242405030122395","0.00286451029324443","0.0264007438494627","0.0242405030122395"
"2","30","0.245","0.0189870298108333","0.0303534230089792","0.00673734382968116","0.0364311596202872","0.0303534230089792"
"2","30","0.246","0.0272420176288218","0.0353910578631506","0.0103715036020982","0.0458500009610714","0.0353910578631506"
"2","30","0.247","0.0345319433910028","0.0391749468485692","0.0136382476887745","0.0539734506490738","0.0391749468485692"
"2","30","0.248","0.0405985578429118","0.0415710438114965","0.0164218500518282","0.0603827106184075","0.0415710438114965"
"2","30","0.249","0.0452269481431239","0.0424944658224642","0.0186237001898035","0.0647927362644694","0.0424944658224642"
"2","30","0.25","0.0482531512578048","0.0419125001963688","0.0201657964638468","0.0670200240677403","0.0419125001963688"
"2","30","0.251","0.0495699624329252","0.0398457633556491","0.0209935093446493","0.0669745732916596","0.0398457633556491"
"2","30","0.252","0.0491307329761203","0.0363674704832444","0.0210775166907583","0.0646582055269838","0.0363674704832444"
"2","30","0.253","0.0469510228098717","0.0316008418382365","0.0204148425000568","0.0601645871096981","0.0316008418382365"
"2","30","0.254","0.0431080492534974","0.0257147376167424","0.0190289623361216","0.0536810306228317","0.0257147376167424"
"2","30","0.255","0.0377379515611182","0.0189176759952828","0.0169689716946806","0.0454970048845709","0.0189176759952828"
"2","30","0.256","0.0310309681207088","0.0114504462704222","0.0143078467711998","0.0360381489747795","0.0114504462704222"
"2","30","0.257","0.023224697164363","0.00357757877789637","0.0111398592427778","0.0260054242848935","0.00357757877789637"
"2","30","0.258","0.0145956797324686","-0.00442202622641164","0.00757723664698589","0.0170294655818758","-0.00442202622641164"
"2","30","0.259","0.00544960306948267","-0.0122649787470808","0.00374618666539892","0.0139341950543715","-0.0122649787470808"
"2","30","0.26","-0.00388952849909907","-0.0196734382810199","-0.000217573846443541","0.0200554218135909","-0.0196734382810199"
"2","30","0.261","-0.0130908715815042","-0.0263849564558061","-0.00417362669630575","0.0297482101266334","-0.0263849564558061"
"2","30","0.262","-0.0218284640117773","-0.0321617743941202","-0.00798182673972068","0.0396808660615499","-0.0321617743941202"
"2","30","0.263","-0.0297927722220136","-0.0367992454405072","-0.0115072665916002","0.0487258753238321","-0.0367992454405072"
"2","30","0.264","-0.0367016566233179","-0.0401330848711718","-0.0146250557876092","0.0563166792075252","-0.0401330848711718"
"2","30","0.265","-0.0423103665414014","-0.0420451897622219","-0.0172247450911287","0.0620858836005685","-0.0420451897622219"
"2","30","0.266","-0.0464202106312345","-0.042467822844626","-0.0192142392125253","0.0657840324146131","-0.042467822844626"
"2","30","0.267","-0.0488855956170025","-0.0413860121307395","-0.0205230593307009","0.0672591958263425","-0.0413860121307395"
"2","30","0.268","-0.0496191840064852","-0.0388380813044305","-0.0211048398404667","0.066452044705718","-0.0388380813044305"
"2","30","0.269","-0.04859498806526","-0.0349142920854731","-0.0209389708772217","0.0633949616159647","-0.0349142920854731"
"2","30","0.27","-0.0458492904451503","-0.0297536466631253","-0.0200313284316817","0.0582124646687954","-0.0297536466631253"
"2","30","0.271","-0.0414793588531955","-0.0235389634742749","-0.0184140661899784","0.051124337120048","-0.0235389634742749"
"2","30","0.272","-0.0356400002946378","-0.0164904007691718","-0.0161444764732981","0.0424592399734918","-0.0164904007691718"
"2","30","0.273","-0.0285380769575837","-0.00885765739565345","-0.0133029606288418","0.0327085415827159","-0.00885765739565345"
"2","30","0.274","-0.0204251780168591","-0.000911127092974004","-0.00999018077201574","0.022755697340611","-0.000911127092974004"
"2","30","0.275","-0.0115887069620655","0.00706768034120974","-0.0063234937808101","0.0149745386591405","0.00706768034120974"
"2","30","0.276","-0.00234170018567668","0.0147961116757659","-0.00243279386988823","0.0151765268258156","0.0147961116757659"
"2","30","0.277","0.00698826248722743","0.0220003833777161","0.00154408897672601","0.0231351873155357","0.0220003833777161"
"2","30","0.278","0.0160706624775748","0.0284252805303818","0.00546627170154557","0.0331080487497248","0.0284252805303818"
"2","30","0.279","0.0245837512377435","0.0338431979490447","0.0091948090261683","0.0428283479177657","0.0338431979490447"
"2","30","0.28","0.0322259483542677","0.0380622032080861","0.012597615657035","0.0514387303559093","0.0380622032080861"
"2","30","0.281","0.0387265251843331","0.0409328359428505","0.0155541454728028","0.0584565843388596","0.0409328359428505"
"2","30","0.282","0.0438551955529198","0.0423534025575759","0.017959661930792","0.0635581492954071","0.0423534025575759"
"2","30","0.283","0.0474302737553604","0.0422735787717228","0.019728948411226","0.0665275712474934","0.0422735787717228"
"2","30","0.284","0.0493251108640042","0.0406961923827006","0.0207993270584707","0.0672440230970851","0.0406961923827006"
"2","30","0.285","0.0494725813296205","0.0376771230897348","0.0211328791753179","0.0656787674212414","0.0376771230897348"
"2","30","0.286","0.0478674609374445","0.0333233229276634","0.0207177885117385","0.0618947851467007","0.0333233229276634"
"2","30","0.287","0.04456661187759","0.0277890274377826","0.0195687598614302","0.0560477412809821","0.0277890274377826"
"2","30","0.288","0.0396869683736163","0.0212702917969037","0.0177264981371698","0.0483912131282213","0.0212702917969037"
"2","30","0.289","0.0334013942293624","0.013998045464973","0.0152562663789854","0.039298245216947","0.013998045464973"
"2","30","0.29","0.0259325590425145","0.00622991139382311","0.0122455737784264","0.0293472910441709","0.00622991139382311"
"2","30","0.291","0.0175450500230992","-0.00175892039432965","0.0088010756218261","0.0197073974275586","-0.00175892039432965"
"2","30","0.292","0.00853599885966043","-0.00968544155061649","0.00504479497361125","0.0138607723770469","-0.00968544155061649"
"2","30","0.293","-0.000775444318940771","-0.017268851111367","0.00110979994841104","0.017321841372205","-0.017268851111367"
"2","30","0.294","-0.0100594169959518","-0.0242405030122393","-0.00286451029324435","0.0264007438494625","-0.0242405030122393"
"2","30","0.295","-0.0189870298108331","-0.0303534230089791","-0.00673734382968108","0.036431159620287","-0.0303534230089791"
"2","30","0.296","-0.0272420176288217","-0.0353910578631505","-0.0103715036020982","0.0458500009610712","-0.0353910578631505"
"2","30","0.297","-0.0345319433910026","-0.0391749468485691","-0.0136382476887744","0.0539734506490736","-0.0391749468485691"
"2","30","0.298","-0.0405985578429117","-0.0415710438114964","-0.0164218500518281","0.0603827106184074","-0.0415710438114964"
"2","30","0.299","-0.0452269481431239","-0.0424944658224642","-0.0186237001898035","0.0647927362644693","-0.0424944658224642"
"2","30","0.3","-0.0482531512578047","-0.0419125001963688","-0.0201657964638468","0.0670200240677403","-0.0419125001963688"
"2","30","0.301","-0.0495699624329252","-0.0398457633556492","-0.0209935093446493","0.0669745732916597","-0.0398457633556492"
"2","30","0.302","-0.0491307329761203","-0.0363674704832445","-0.0210775166907583","0.0646582055269839","-0.0363674704832445"
"2","30","0.303","-0.0469510228098718","-0.0316008418382366","-0.0204148425000568","0.0601645871096982","-0.0316008418382366"
"2","30","0.304","-0.0431080492534975","-0.0257147376167425","-0.0190289623361217","0.0536810306228319","-0.0257147376167425"
"2","30","0.305","-0.0377379515611183","-0.0189176759952829","-0.0169689716946807","0.0454970048845711","-0.0189176759952829"
"2","30","0.306","-0.0310309681207089","-0.0114504462704223","-0.0143078467711999","0.0360381489747797","-0.0114504462704223"
"2","30","0.307","-0.0232246971643632","-0.00357757877789653","-0.0111398592427779","0.0260054242848937","-0.00357757877789653"
"2","30","0.308","-0.0145956797324688","0.00442202622641148","-0.00757723664698597","0.017029465581876","0.00442202622641148"
"2","30","0.309","-0.00544960306948287","0.0122649787470806","-0.003746186665399","0.0139341950543714","0.0122649787470806"
"2","30","0.31","0.00388952849909888","0.0196734382810197","0.000217573846443457","0.0200554218135907","0.0196734382810197"
"2","30","0.311","0.013090871581504","0.0263849564558059","0.00417362669630567","0.0297482101266331","0.0263849564558059"
"2","30","0.312","0.0218284640117772","0.0321617743941201","0.00798182673972061","0.0396808660615497","0.0321617743941201"
"2","30","0.313","0.0297927722220134","0.0367992454405071","0.0115072665916001","0.048725875323832","0.0367992454405071"
"2","30","0.314","0.0367016566233181","0.0401330848711719","0.0146250557876093","0.0563166792075253","0.0401330848711719"
"2","30","0.315","0.0423103665414013","0.0420451897622219","0.0172247450911286","0.0620858836005684","0.0420451897622219"
"2","30","0.316","0.0464202106312344","0.042467822844626","0.0192142392125252","0.065784032414613","0.042467822844626"
"2","30","0.317","0.0488855956170025","0.0413860121307395","0.0205230593307009","0.0672591958263425","0.0413860121307395"
"2","30","0.318","0.0496191840064852","0.0388380813044306","0.0211048398404667","0.066452044705718","0.0388380813044306"
"2","30","0.319","0.0485949880652601","0.0349142920854732","0.0209389708772217","0.0633949616159648","0.0349142920854732"
"2","30","0.32","0.0458492904451502","0.0297536466631252","0.0200313284316817","0.0582124646687953","0.0297536466631252"
"2","30","0.321","0.0414793588531956","0.0235389634742751","0.0184140661899784","0.0511243371200482","0.0235389634742751"
"2","30","0.322","0.035640000294638","0.016490400769172","0.0161444764732982","0.042459239973492","0.016490400769172"
"2","30","0.323","0.0285380769575836","0.00885765739565332","0.0133029606288417","0.0327085415827158","0.00885765739565332"
"2","30","0.324","0.0204251780168593","0.00091112709297417","0.00999018077201582","0.0227556973406112","0.00091112709297417"
"2","30","0.325","0.0115887069620657","-0.00706768034120957","0.00632349378081018","0.0149745386591406","-0.00706768034120957"
"2","30","0.326","0.00234170018567652","-0.0147961116757661","0.00243279386988816","0.0151765268258157","-0.0147961116757661"
"2","30","0.327","-0.00698826248722724","-0.022000383377716","-0.00154408897672593","0.0231351873155355","-0.022000383377716"
"2","30","0.328","-0.0160706624775746","-0.0284252805303817","-0.00546627170154549","0.0331080487497246","-0.0284252805303817"
"2","30","0.329","-0.0245837512377437","-0.0338431979490447","-0.00919480902616836","0.0428283479177658","-0.0338431979490447"
"2","30","0.33","-0.0322259483542675","-0.038062203208086","-0.0125976156570349","0.0514387303559091","-0.038062203208086"
"2","30","0.331","-0.038726525184333","-0.0409328359428504","-0.0155541454728027","0.0584565843388595","-0.0409328359428504"
"2","30","0.332","-0.0438551955529199","-0.0423534025575759","-0.017959661930792","0.0635581492954072","-0.0423534025575759"
"2","30","0.333","-0.0474302737553603","-0.0422735787717229","-0.019728948411226","0.0665275712474933","-0.0422735787717229"
"2","30","0.334","-0.0493251108640042","-0.0406961923827007","-0.0207993270584707","0.0672440230970851","-0.0406961923827007"
"2","30","0.335","-0.0494725813296205","-0.0376771230897348","-0.0211328791753179","0.0656787674212415","-0.0376771230897348"
"2","30","0.336","-0.0478674609374446","-0.0333233229276635","-0.0207177885117386","0.0618947851467008","-0.0333233229276635"
"2","30","0.337","-0.0445666118775901","-0.0277890274377828","-0.0195687598614302","0.0560477412809822","-0.0277890274377828"
"2","30","0.338","-0.0396869683736164","-0.0212702917969039","-0.0177264981371698","0.0483912131282214","-0.0212702917969039"
"2","30","0.339","-0.0334013942293623","-0.0139980454649729","-0.0152562663789854","0.0392982452169468","-0.0139980454649729"
"2","30","0.34","-0.0259325590425144","-0.00622991139382297","-0.0122455737784264","0.0293472910441707","-0.00622991139382297"
"2","30","0.341","-0.0175450500230988","0.00175892039433009","-0.00880107562182591","0.0197073974275582","0.00175892039433009"
"2","30","0.342","-0.00853599885966027","0.00968544155061662","-0.00504479497361118","0.0138607723770469","0.00968544155061662"
"2","30","0.343","0.000775444318940928","0.0172688511113671","-0.00110979994841097","0.0173218413722051","0.0172688511113671"
"2","30","0.344","0.0100594169959523","0.0242405030122397","0.00286451029324457","0.026400743849463","0.0242405030122397"
"2","30","0.345","0.0189870298108332","0.0303534230089792","0.00673734382968115","0.0364311596202871","0.0303534230089792"
"2","30","0.346","0.0272420176288218","0.0353910578631506","0.0103715036020982","0.0458500009610714","0.0353910578631506"
"2","30","0.347","0.034531943391003","0.0391749468485693","0.0136382476887746","0.053973450649074","0.0391749468485693"
"2","30","0.348","0.0405985578429117","0.0415710438114964","0.0164218500518281","0.0603827106184074","0.0415710438114964"
"2","30","0.349","0.0452269481431242","0.0424944658224642","0.0186237001898037","0.0647927362644696","0.0424944658224642"
"2","30","0.35","0.0482531512578048","0.0419125001963687","0.0201657964638469","0.0670200240677404","0.0419125001963687"
"2","30","0.351","0.0495699624329252","0.0398457633556491","0.0209935093446493","0.0669745732916596","0.0398457633556491"
"2","30","0.352","0.0491307329761203","0.0363674704832444","0.0210775166907583","0.0646582055269838","0.0363674704832444"
"2","30","0.353","0.0469510228098718","0.0316008418382367","0.0204148425000569","0.0601645871096984","0.0316008418382367"
"2","30","0.354","0.0431080492534978","0.0257147376167429","0.0190289623361218","0.0536810306228323","0.0257147376167429"
"2","30","0.355","0.0377379515611182","0.0189176759952828","0.0169689716946806","0.045497004884571","0.0189176759952828"
"2","30","0.356","0.0310309681207091","0.0114504462704225","0.0143078467712","0.0360381489747799","0.0114504462704225"
"2","30","0.357","0.0232246971643637","0.003577578777897","0.0111398592427781","0.0260054242848943","0.003577578777897"
"2","30","0.358","0.0145956797324686","-0.00442202622641161","0.00757723664698591","0.0170294655818758","-0.00442202622641161"
"2","30","0.359","0.00544960306948306","-0.0122649787470804","0.00374618666539908","0.0139341950543714","-0.0122649787470804"
"2","30","0.36","-0.00388952849909834","-0.0196734382810193","-0.000217573846443225","0.0200554218135902","-0.0196734382810193"
"2","30","0.361","-0.0130908715815041","-0.026384956455806","-0.00417362669630574","0.0297482101266333","-0.026384956455806"
"2","30","0.362","-0.021828464011777","-0.03216177439412","-0.00798182673972053","0.0396808660615495","-0.03216177439412"
"2","30","0.363","-0.029792772222013","-0.0367992454405069","-0.0115072665915999","0.0487258753238315","-0.0367992454405069"
"2","30","0.364","-0.0367016566233179","-0.0401330848711718","-0.0146250557876092","0.0563166792075252","-0.0401330848711718"
"2","30","0.365","-0.0423103665414012","-0.0420451897622218","-0.0172247450911286","0.0620858836005683","-0.0420451897622218"
"2","30","0.366","-0.0464202106312342","-0.0424678228446261","-0.0192142392125251","0.0657840324146129","-0.0424678228446261"
"2","30","0.367","-0.0488855956170025","-0.0413860121307396","-0.0205230593307009","0.0672591958263425","-0.0413860121307396"
"2","30","0.368","-0.0496191840064852","-0.0388380813044307","-0.0211048398404667","0.0664520447057181","-0.0388380813044307"
"2","30","0.369","-0.0485949880652602","-0.0349142920854735","-0.0209389708772217","0.063394961615965","-0.0349142920854735"
"2","30","0.37","-0.0458492904451503","-0.0297536466631253","-0.0200313284316817","0.0582124646687954","-0.0297536466631253"
"2","30","0.371","-0.0414793588531957","-0.0235389634742752","-0.0184140661899784","0.0511243371200484","-0.0235389634742752"
"2","30","0.372","-0.0356400002946383","-0.0164904007691724","-0.0161444764732983","0.0424592399734926","-0.0164904007691724"
"2","30","0.373","-0.0285380769575837","-0.00885765739565348","-0.0133029606288418","0.032708541582716","-0.00885765739565348"
"2","30","0.374","-0.0204251780168595","-0.000911127092974339","-0.00999018077201589","0.0227556973406114","-0.000911127092974339"
"2","30","0.375","-0.0115887069620662","0.00706768034120911","-0.0063234937808104","0.0149745386591408","0.00706768034120911"
"2","30","0.376","-0.00234170018567672","0.0147961116757659","-0.00243279386988825","0.0151765268258156","0.0147961116757659"
"2","30","0.377","0.00698826248722704","0.0220003833777158","0.00154408897672585","0.0231351873155353","0.0220003833777158"
"2","30","0.378","0.0160706624775748","0.0284252805303818","0.00546627170154555","0.0331080487497247","0.0284252805303818"
"2","30","0.379","0.0245837512377435","0.0338431979490446","0.00919480902616829","0.0428283479177656","0.0338431979490446"
"2","30","0.38","0.0322259483542674","0.038062203208086","0.0125976156570348","0.0514387303559089","0.038062203208086"
"2","30","0.381","0.0387265251843331","0.0409328359428504","0.0155541454728028","0.0584565843388596","0.0409328359428504"
"2","30","0.382","0.0438551955529198","0.0423534025575759","0.017959661930792","0.0635581492954071","0.0423534025575759"
"2","30","0.383","0.0474302737553603","0.0422735787717229","0.019728948411226","0.0665275712474933","0.0422735787717229"
"2","30","0.384","0.0493251108640042","0.0406961923827007","0.0207993270584707","0.0672440230970851","0.0406961923827007"
"2","30","0.385","0.0494725813296205","0.0376771230897349","0.0211328791753179","0.0656787674212415","0.0376771230897349"
"2","30","0.386","0.0478674609374446","0.0333233229276636","0.0207177885117386","0.0618947851467009","0.0333233229276636"
"2","30","0.387","0.04456661187759","0.0277890274377827","0.0195687598614302","0.0560477412809821","0.0277890274377827"
"2","30","0.388","0.0396869683736165","0.021270291796904","0.0177264981371699","0.0483912131282216","0.021270291796904"
"2","30","0.389","0.0334013942293624","0.0139980454649731","0.0152562663789854","0.039298245216947","0.0139980454649731"
"2","30","0.39","0.0259325590425139","0.00622991139382254","0.0122455737784262","0.0293472910441702","0.00622991139382254"
"2","30","0.391","0.0175450500230989","-0.00175892039432992","0.00880107562182598","0.0197073974275584","-0.00175892039432992"
"2","30","0.392","0.00853599885966047","-0.00968544155061646","0.00504479497361126","0.0138607723770469","-0.00968544155061646"
"2","30","0.393","-0.000775444318941439","-0.0172688511113675","0.00110979994841076","0.0173218413722055","-0.0172688511113675"
"2","30","0.394","-0.0100594169959521","-0.0242405030122396","-0.00286451029324448","0.0264007438494628","-0.0242405030122396"
"2","30","0.395","-0.0189870298108331","-0.0303534230089791","-0.00673734382968107","0.0364311596202869","-0.0303534230089791"
"2","30","0.396","-0.0272420176288222","-0.0353910578631508","-0.0103715036020984","0.0458500009610718","-0.0353910578631508"
"2","30","0.397","-0.0345319433910029","-0.0391749468485692","-0.0136382476887745","0.0539734506490739","-0.0391749468485692"
"2","30","0.398","-0.0405985578429116","-0.0415710438114964","-0.0164218500518281","0.0603827106184073","-0.0415710438114964"
"2","30","0.399","-0.0452269481431241","-0.0424944658224642","-0.0186237001898036","0.0647927362644696","-0.0424944658224642"
"2","30","0.4","-0.0482531512578048","-0.0419125001963687","-0.0201657964638468","0.0670200240677404","-0.0419125001963687"
"2","30","0.401","-0.0495699624329252","-0.0398457633556492","-0.0209935093446493","0.0669745732916597","-0.0398457633556492"
"2","30","0.402","-0.0491307329761202","-0.0363674704832442","-0.0210775166907583","0.0646582055269836","-0.0363674704832442"
"2","30","0.403","-0.0469510228098717","-0.0316008418382364","-0.0204148425000568","0.0601645871096981","-0.0316008418382364"
"2","30","0.404","-0.0431080492534975","-0.0257147376167426","-0.0190289623361217","0.0536810306228319","-0.0257147376167426"
"2","30","0.405","-0.0377379515611179","-0.0189176759952824","-0.0169689716946805","0.0454970048845705","-0.0189176759952824"
"2","30","0.406","-0.0310309681207087","-0.0114504462704221","-0.0143078467711998","0.0360381489747794","-0.0114504462704221"
"2","30","0.407","-0.0232246971643632","-0.00357757877789656","-0.0111398592427779","0.0260054242848937","-0.00357757877789656"
"2","30","0.408","-0.0145956797324681","0.00442202622641205","-0.0075772366469857","0.0170294655818754","0.00442202622641205"
"2","30","0.409","-0.00544960306948255","0.0122649787470809","-0.00374618666539887","0.0139341950543715","0.0122649787470809"
"2","30","0.41","0.00388952849909884","0.0196734382810197","0.000217573846443442","0.0200554218135907","0.0196734382810197"
"2","30","0.411","0.0130908715815046","0.0263849564558064","0.00417362669630595","0.0297482101266339","0.0263849564558064"
"2","30","0.412","0.0218284640117774","0.0321617743941203","0.00798182673972073","0.03968086606155","0.0321617743941203"
"2","30","0.413","0.0297927722220134","0.0367992454405071","0.0115072665916001","0.0487258753238319","0.0367992454405071"
"2","30","0.414","0.0367016566233183","0.040133084871172","0.0146250557876094","0.0563166792075255","0.040133084871172"
"2","30","0.415","0.0423103665414014","0.0420451897622219","0.0172247450911287","0.0620858836005686","0.0420451897622219"
"2","30","0.416","0.0464202106312344","0.042467822844626","0.0192142392125252","0.065784032414613","0.042467822844626"
"2","30","0.417","0.0488855956170025","0.0413860121307396","0.0205230593307009","0.0672591958263425","0.0413860121307396"
"2","30","0.418","0.0496191840064852","0.0388380813044307","0.0211048398404667","0.0664520447057181","0.0388380813044307"
"2","30","0.419","0.0485949880652601","0.0349142920854732","0.0209389708772217","0.0633949616159648","0.0349142920854732"
"2","30","0.42","0.0458492904451504","0.0297536466631254","0.0200313284316818","0.0582124646687956","0.0297536466631254"
"2","30","0.421","0.0414793588531958","0.0235389634742754","0.0184140661899785","0.0511243371200485","0.0235389634742754"
"2","30","0.422","0.035640000294638","0.016490400769172","0.0161444764732982","0.042459239973492","0.016490400769172"
"2","30","0.423","0.0285380769575839","0.00885765739565364","0.0133029606288419","0.0327085415827162","0.00885765739565364"
"2","30","0.424","0.0204251780168597","0.000911127092974505","0.00999018077201596","0.0227556973406116","0.000911127092974505"
"2","30","0.425","0.0115887069620657","-0.00706768034120954","0.0063234937808102","0.0149745386591406","-0.00706768034120954"
"2","30","0.426","0.00234170018567691","-0.0147961116757658","0.00243279386988833","0.0151765268258155","-0.0147961116757658"
"2","30","0.427","-0.00698826248722685","-0.0220003833777157","-0.00154408897672577","0.0231351873155351","-0.0220003833777157"
"2","30","0.428","-0.0160706624775746","-0.0284252805303817","-0.00546627170154547","0.0331080487497245","-0.0284252805303817"
"2","30","0.429","-0.0245837512377433","-0.0338431979490445","-0.00919480902616821","0.0428283479177654","-0.0338431979490445"
"2","30","0.43","-0.0322259483542673","-0.0380622032080859","-0.0125976156570348","0.0514387303559088","-0.0380622032080859"
"2","30","0.431","-0.0387265251843329","-0.0409328359428504","-0.0155541454728027","0.0584565843388595","-0.0409328359428504"
"2","30","0.432","-0.0438551955529198","-0.0423534025575759","-0.0179596619307919","0.063558149295407","-0.0423534025575759"
"2","30","0.433","-0.0474302737553602","-0.0422735787717229","-0.0197289484112259","0.0665275712474932","-0.0422735787717229"
"2","30","0.434","-0.0493251108640042","-0.0406961923827007","-0.0207993270584707","0.0672440230970851","-0.0406961923827007"
"2","30","0.435","-0.0494725813296205","-0.037677123089735","-0.0211328791753179","0.0656787674212416","-0.037677123089735"
"2","30","0.436","-0.0478674609374447","-0.0333233229276637","-0.0207177885117386","0.061894785146701","-0.0333233229276637"
"2","30","0.437","-0.0445666118775901","-0.0277890274377828","-0.0195687598614302","0.0560477412809823","-0.0277890274377828"
"2","30","0.438","-0.0396869683736166","-0.0212702917969042","-0.0177264981371699","0.0483912131282218","-0.0212702917969042"
"2","30","0.439","-0.0334013942293626","-0.0139980454649732","-0.0152562663789855","0.0392982452169472","-0.0139980454649732"
"2","30","0.44","-0.0259325590425141","-0.00622991139382271","-0.0122455737784263","0.0293472910441704","-0.00622991139382271"
"2","30","0.441","-0.0175450500230991","0.00175892039432975","-0.00880107562182606","0.0197073974275585","0.00175892039432975"
"2","30","0.442","-0.00853599885966066","0.0096854415506163","-0.00504479497361134","0.0138607723770469","0.0096854415506163"
"2","30","0.443","0.000775444318941245","0.0172688511113674","-0.00110979994841084","0.0173218413722054","0.0172688511113674"
"2","30","0.444","0.0100594169959519","0.0242405030122394","0.0028645102932444","0.0264007438494626","0.0242405030122394"
"2","30","0.445","0.0189870298108329","0.030353423008979","0.00673734382968099","0.0364311596202867","0.030353423008979"
"2","30","0.446","0.0272420176288221","0.0353910578631507","0.0103715036020983","0.0458500009610717","0.0353910578631507"
"2","30","0.447","0.0345319433910027","0.0391749468485692","0.0136382476887745","0.0539734506490737","0.0391749468485692"
"2","30","0.448","0.0405985578429115","0.0415710438114964","0.016421850051828","0.0603827106184072","0.0415710438114964"
"2","30","0.449","0.0452269481431241","0.0424944658224642","0.0186237001898036","0.0647927362644695","0.0424944658224642"
"2","30","0.45","0.0482531512578048","0.0419125001963688","0.0201657964638468","0.0670200240677403","0.0419125001963688"
"2","30","0.451","0.0495699624329252","0.0398457633556493","0.0209935093446493","0.0669745732916597","0.0398457633556493"
"2","30","0.452","0.0491307329761202","0.0363674704832443","0.0210775166907583","0.0646582055269837","0.0363674704832443"
"2","30","0.453","0.0469510228098717","0.0316008418382365","0.0204148425000568","0.0601645871096982","0.0316008418382365"
"2","30","0.454","0.0431080492534976","0.0257147376167427","0.0190289623361217","0.0536810306228321","0.0257147376167427"
"2","30","0.455","0.037737951561118","0.0189176759952826","0.0169689716946806","0.0454970048845707","0.0189176759952826"
"2","30","0.456","0.0310309681207088","0.0114504462704222","0.0143078467711999","0.0360381489747796","0.0114504462704222"
"2","30","0.457","0.0232246971643634","0.00357757877789673","0.011139859242778","0.026005424284894","0.00357757877789673"
"2","30","0.458","0.0145956797324683","-0.00442202622641188","0.00757723664698578","0.0170294655818756","-0.00442202622641188"
"2","30","0.459","0.00544960306948275","-0.0122649787470807","0.00374618666539895","0.0139341950543715","-0.0122649787470807"
"2","30","0.46","-0.00388952849909865","-0.0196734382810195","-0.000217573846443359","0.0200554218135905","-0.0196734382810195"
"2","30","0.461","-0.0130908715815044","-0.0263849564558063","-0.00417362669630587","0.0297482101266337","-0.0263849564558063"
"2","30","0.462","-0.0218284640117773","-0.0321617743941202","-0.00798182673972065","0.0396808660615498","-0.0321617743941202"
"2","30","0.463","-0.0297927722220132","-0.036799245440507","-0.0115072665916","0.0487258753238318","-0.036799245440507"
"2","30","0.464","-0.0367016566233181","-0.0401330848711719","-0.0146250557876093","0.0563166792075254","-0.0401330848711719"
"2","30","0.465","-0.0423103665414013","-0.0420451897622219","-0.0172247450911287","0.0620858836005685","-0.0420451897622219"
"2","30","0.466","-0.0464202106312344","-0.0424678228446261","-0.0192142392125252","0.0657840324146129","-0.0424678228446261"
"2","30","0.467","-0.0488855956170025","-0.0413860121307395","-0.0205230593307009","0.0672591958263425","-0.0413860121307395"
"2","30","0.468","-0.0496191840064852","-0.0388380813044306","-0.0211048398404667","0.066452044705718","-0.0388380813044306"
"2","30","0.469","-0.0485949880652601","-0.0349142920854733","-0.0209389708772217","0.0633949616159649","-0.0349142920854733"
"2","30","0.47","-0.0458492904451502","-0.0297536466631251","-0.0200313284316817","0.0582124646687952","-0.0297536466631251"
"2","30","0.471","-0.0414793588531955","-0.023538963474275","-0.0184140661899784","0.0511243371200481","-0.023538963474275"
"2","30","0.472","-0.0356400002946381","-0.0164904007691722","-0.0161444764732983","0.0424592399734922","-0.0164904007691722"
"2","30","0.473","-0.0285380769575835","-0.00885765739565321","-0.0133029606288417","0.0327085415827156","-0.00885765739565321"
"2","30","0.474","-0.0204251780168592","-0.000911127092974066","-0.00999018077201577","0.0227556973406111","-0.000911127092974066"
"2","30","0.475","-0.0115887069620659","0.00706768034120938","-0.00632349378081027","0.0149745386591407","0.00706768034120938"
"2","30","0.476","-0.0023417001856764","0.0147961116757662","-0.00243279386988811","0.0151765268258158","0.0147961116757662"
"2","30","0.477","0.00698826248722736","0.022000383377716","0.00154408897672598","0.0231351873155356","0.022000383377716"
"2","30","0.478","0.0160706624775744","0.0284252805303815","0.00546627170154539","0.0331080487497243","0.0284252805303815"
"2","30","0.479","0.0245837512377438","0.0338431979490448","0.00919480902616841","0.0428283479177659","0.0338431979490448"
"2","30","0.48","0.0322259483542671","0.0380622032080858","0.0125976156570347","0.0514387303559086","0.0380622032080858"
"2","30","0.481","0.0387265251843328","0.0409328359428504","0.0155541454728027","0.0584565843388593","0.0409328359428504"
"2","30","0.482","0.0438551955529197","0.0423534025575759","0.0179596619307919","0.0635581492954069","0.0423534025575759"
"2","30","0.483","0.0474302737553602","0.0422735787717229","0.0197289484112259","0.0665275712474932","0.0422735787717229"
"2","30","0.484","0.0493251108640041","0.0406961923827008","0.0207993270584707","0.0672440230970851","0.0406961923827008"
"2","30","0.485","0.0494725813296205","0.0376771230897351","0.0211328791753179","0.0656787674212416","0.0376771230897351"
"2","30","0.486","0.0478674609374447","0.0333233229276638","0.0207177885117386","0.0618947851467011","0.0333233229276638"
"2","30","0.487","0.0445666118775902","0.0277890274377829","0.0195687598614302","0.0560477412809824","0.0277890274377829"
"2","30","0.488","0.0396869683736168","0.0212702917969043","0.0177264981371699","0.048391213128222","0.0212702917969043"
"2","30","0.489","0.0334013942293627","0.0139980454649734","0.0152562663789856","0.0392982452169474","0.0139980454649734"
"2","30","0.49","0.0259325590425143","0.00622991139382287","0.0122455737784263","0.0293472910441706","0.00622991139382287"
"2","30","0.491","0.0175450500230993","-0.00175892039432959","0.00880107562182613","0.0197073974275587","-0.00175892039432959"
"2","30","0.492","0.00853599885966085","-0.00968544155061614","0.00504479497361142","0.013860772377047","-0.00968544155061614"
"2","30","0.493","-0.000775444318941051","-0.0172688511113672","0.00110979994841092","0.0173218413722052","-0.0172688511113672"
"2","30","0.494","-0.0100594169959517","-0.0242405030122393","-0.00286451029324432","0.0264007438494624","-0.0242405030122393"
"2","30","0.495","-0.0189870298108327","-0.0303534230089788","-0.00673734382968091","0.0364311596202865","-0.0303534230089788"
"2","30","0.496","-0.0272420176288219","-0.0353910578631506","-0.0103715036020983","0.0458500009610715","-0.0353910578631506"
"2","30","0.497","-0.0345319433910026","-0.0391749468485691","-0.0136382476887744","0.0539734506490736","-0.0391749468485691"
"2","30","0.498","-0.0405985578429114","-0.0415710438114963","-0.016421850051828","0.0603827106184071","-0.0415710438114963"
"2","30","0.499","-0.045226948143124","-0.0424944658224642","-0.0186237001898035","0.0647927362644694","-0.0424944658224642"
"2","30","0.5","-0.0482531512578047","-0.0419125001963688","-0.0201657964638468","0.0670200240677403","-0.0419125001963688"
"2","30","0.501","-0.0495699624329252","-0.0398457633556493","-0.0209935093446493","0.0669745732916597","-0.0398457633556493"
"2","30","0.502","-0.0491307329761202","-0.0363674704832444","-0.0210775166907583","0.0646582055269838","-0.0363674704832444"
"2","30","0.503","-0.0469510228098718","-0.0316008418382366","-0.0204148425000568","0.0601645871096983","-0.0316008418382366"
"2","30","0.504","-0.0431080492534977","-0.0257147376167428","-0.0190289623361218","0.0536810306228322","-0.0257147376167428"
"2","30","0.505","-0.0377379515611181","-0.0189176759952827","-0.0169689716946806","0.0454970048845708","-0.0189176759952827"
"2","30","0.506","-0.031030968120709","-0.0114504462704224","-0.0143078467711999","0.0360381489747798","-0.0114504462704224"
"2","30","0.507","-0.0232246971643636","-0.00357757877789689","-0.011139859242778","0.0260054242848942","-0.00357757877789689"
"2","30","0.508","-0.0145956797324685","0.00442202622641171","-0.00757723664698586","0.0170294655818757","0.00442202622641171"
"2","30","0.509","-0.00544960306948294","0.0122649787470805","-0.00374618666539903","0.0139341950543714","0.0122649787470805"
"2","30","0.51","0.00388952849909846","0.0196734382810194","0.000217573846443277","0.0200554218135903","0.0196734382810194"
"2","30","0.511","0.0130908715815042","0.0263849564558061","0.00417362669630579","0.0297482101266334","0.0263849564558061"
"2","30","0.512","0.0218284640117771","0.03216177439412","0.00798182673972058","0.0396808660615496","0.03216177439412"
"2","30","0.513","0.0297927722220131","0.036799245440507","0.0115072665915999","0.0487258753238316","0.036799245440507"
"2","30","0.514","0.036701656623318","0.0401330848711718","0.0146250557876093","0.0563166792075253","0.0401330848711718"
"2","30","0.515","0.0423103665414012","0.0420451897622219","0.0172247450911286","0.0620858836005684","0.0420451897622219"
"2","30","0.516","0.0464202106312343","0.0424678228446261","0.0192142392125252","0.0657840324146129","0.0424678228446261"
"2","30","0.517","0.0488855956170025","0.0413860121307395","0.0205230593307009","0.0672591958263425","0.0413860121307395"
"2","30","0.518","0.0496191840064852","0.0388380813044306","0.0211048398404667","0.0664520447057181","0.0388380813044306"
"2","30","0.519","0.0485949880652602","0.0349142920854734","0.0209389708772217","0.0633949616159649","0.0349142920854734"
"2","30","0.52","0.0458492904451503","0.0297536466631252","0.0200313284316817","0.0582124646687954","0.0297536466631252"
"2","30","0.521","0.0414793588531956","0.0235389634742751","0.0184140661899784","0.0511243371200482","0.0235389634742751"
"2","30","0.522","0.0356400002946383","0.0164904007691723","0.0161444764732983","0.0424592399734924","0.0164904007691723"
"2","30","0.523","0.0285380769575836","0.00885765739565338","0.0133029606288418","0.0327085415827158","0.00885765739565338"
"2","30","0.524","0.0204251780168594","0.000911127092974233","0.00999018077201584","0.0227556973406113","0.000911127092974233"
"2","30","0.525","0.0115887069620661","-0.00706768034120921","0.00632349378081035","0.0149745386591408","-0.00706768034120921"
"2","30","0.526","0.0023417001856766","-0.014796111675766","0.00243279386988819","0.0151765268258157","-0.014796111675766"
"2","30","0.527","-0.00698826248722716","-0.0220003833777159","-0.0015440889767259","0.0231351873155354","-0.0220003833777159"
"2","30","0.528","-0.0160706624775742","-0.0284252805303814","-0.00546627170154531","0.0331080487497241","-0.0284252805303814"
"2","30","0.529","-0.0245837512377436","-0.0338431979490447","-0.00919480902616833","0.0428283479177657","-0.0338431979490447"
"2","30","0.53","-0.0322259483542675","-0.038062203208086","-0.0125976156570349","0.051438730355909","-0.038062203208086"
"2","30","0.531","-0.0387265251843327","-0.0409328359428503","-0.0155541454728026","0.0584565843388592","-0.0409328359428503"
"2","30","0.532","-0.0438551955529199","-0.0423534025575759","-0.017959661930792","0.0635581492954071","-0.0423534025575759"
"2","30","0.533","-0.0474302737553603","-0.0422735787717229","-0.019728948411226","0.0665275712474933","-0.0422735787717229"
"2","30","0.534","-0.0493251108640041","-0.0406961923827008","-0.0207993270584706","0.0672440230970852","-0.0406961923827008"
"2","30","0.535","-0.0494725813296205","-0.0376771230897349","-0.0211328791753179","0.0656787674212415","-0.0376771230897349"
"2","30","0.536","-0.0478674609374446","-0.0333233229276636","-0.0207177885117386","0.0618947851467008","-0.0333233229276636"
"2","30","0.537","-0.0445666118775903","-0.027789027437783","-0.0195687598614303","0.0560477412809826","-0.027789027437783"
"2","30","0.538","-0.0396869683736165","-0.0212702917969039","-0.0177264981371698","0.0483912131282215","-0.0212702917969039"
"2","30","0.539","-0.0334013942293623","-0.013998045464973","-0.0152562663789854","0.0392982452169469","-0.013998045464973"
"2","30","0.54","-0.0259325590425144","-0.00622991139382304","-0.0122455737784264","0.0293472910441708","-0.00622991139382304"
"2","30","0.541","-0.0175450500230988","0.00175892039433002","-0.00880107562182594","0.0197073974275582","0.00175892039433002"
"2","30","0.542","-0.00853599885966034","0.00968544155061656","-0.00504479497361121","0.0138607723770469","0.00968544155061656"
"2","30","0.543","0.000775444318940856","0.0172688511113671","-0.001109799948411","0.0173218413722051","0.0172688511113671"
"2","30","0.544","0.0100594169959522","0.0242405030122397","0.00286451029324453","0.026400743849463","0.0242405030122397"
"2","30","0.545","0.0189870298108332","0.0303534230089792","0.00673734382968112","0.0364311596202871","0.0303534230089792"
"2","30","0.546","0.0272420176288217","0.0353910578631505","0.0103715036020982","0.0458500009610713","0.0353910578631505"
"2","30","0.547","0.0345319433910029","0.0391749468485693","0.0136382476887746","0.053973450649074","0.0391749468485693"
"2","30","0.548","0.0405985578429117","0.0415710438114964","0.0164218500518281","0.0603827106184074","0.0415710438114964"
"2","30","0.549","0.0452269481431239","0.0424944658224642","0.0186237001898035","0.0647927362644694","0.0424944658224642"
"2","30","0.55","0.0482531512578048","0.0419125001963687","0.0201657964638469","0.0670200240677404","0.0419125001963687"
"2","30","0.551","0.0495699624329252","0.0398457633556492","0.0209935093446493","0.0669745732916596","0.0398457633556492"
"2","30","0.552","0.0491307329761203","0.0363674704832444","0.0210775166907583","0.0646582055269838","0.0363674704832444"
"2","30","0.553","0.0469510228098716","0.0316008418382363","0.0204148425000568","0.060164587109698","0.0316008418382363"
"2","30","0.554","0.0431080492534974","0.0257147376167425","0.0190289623361217","0.0536810306228318","0.0257147376167425"
"2","30","0.555","0.0377379515611182","0.0189176759952829","0.0169689716946807","0.045497004884571","0.0189176759952829"
"2","30","0.556","0.0310309681207086","0.011450446270422","0.0143078467711998","0.0360381489747793","0.011450446270422"
"2","30","0.557","0.0232246971643631","0.00357757877789646","0.0111398592427779","0.0260054242848936","0.00357757877789646"
"2","30","0.558","0.0145956797324687","-0.00442202622641155","0.00757723664698594","0.0170294655818759","-0.00442202622641155"
"2","30","0.559","0.00544960306948243","-0.012264978747081","0.00374618666539882","0.0139341950543715","-0.012264978747081"
"2","30","0.56","-0.00388952849909896","-0.0196734382810198","-0.000217573846443494","0.0200554218135908","-0.0196734382810198"
"2","30","0.561","-0.013090871581504","-0.026384956455806","-0.00417362669630571","0.0297482101266332","-0.026384956455806"
"2","30","0.562","-0.0218284640117776","-0.0321617743941203","-0.00798182673972078","0.0396808660615502","-0.0321617743941203"
"2","30","0.563","-0.0297927722220135","-0.0367992454405072","-0.0115072665916001","0.048725875323832","-0.0367992454405072"
"2","30","0.564","-0.0367016566233179","-0.0401330848711718","-0.0146250557876092","0.0563166792075251","-0.0401330848711718"
"2","30","0.565","-0.0423103665414015","-0.0420451897622219","-0.0172247450911287","0.0620858836005687","-0.0420451897622219"
"2","30","0.566","-0.0464202106312345","-0.042467822844626","-0.0192142392125253","0.065784032414613","-0.042467822844626"
"2","30","0.567","-0.0488855956170025","-0.0413860121307396","-0.0205230593307009","0.0672591958263425","-0.0413860121307396"
"2","30","0.568","-0.0496191840064852","-0.0388380813044304","-0.0211048398404667","0.066452044705718","-0.0388380813044304"
"2","30","0.569","-0.04859498806526","-0.0349142920854732","-0.0209389708772217","0.0633949616159647","-0.0349142920854732"
"2","30","0.57","-0.0458492904451501","-0.0297536466631249","-0.0200313284316816","0.058212464668795","-0.0297536466631249"
"2","30","0.571","-0.0414793588531953","-0.0235389634742748","-0.0184140661899783","0.0511243371200478","-0.0235389634742748"
"2","30","0.572","-0.0356400002946379","-0.0164904007691719","-0.0161444764732982","0.0424592399734919","-0.0164904007691719"
"2","30","0.573","-0.0285380769575832","-0.00885765739565295","-0.0133029606288416","0.0327085415827153","-0.00885765739565295"
"2","30","0.574","-0.0204251780168589","-0.000911127092973796","-0.00999018077201565","0.0227556973406107","-0.000911127092973796"
"2","30","0.575","-0.0115887069620656","0.00706768034120965","-0.00632349378081015","0.0149745386591405","0.00706768034120965"
"2","30","0.576","-0.00234170018567609","0.0147961116757664","-0.00243279386988798","0.015176526825816","0.0147961116757664"
"2","30","0.577","0.00698826248722628","0.0220003833777152","0.00154408897672552","0.0231351873155345","0.0220003833777152"
"2","30","0.578","0.016070662477574","0.0284252805303813","0.00546627170154523","0.0331080487497239","0.0284252805303813"
"2","30","0.579","0.0245837512377428","0.0338431979490442","0.00919480902616799","0.0428283479177649","0.0338431979490442"
"2","30","0.58","0.0322259483542668","0.0380622032080856","0.0125976156570345","0.0514387303559083","0.0380622032080856"
"2","30","0.581","0.0387265251843326","0.0409328359428503","0.0155541454728025","0.0584565843388591","0.0409328359428503"
"2","30","0.582","0.0438551955529195","0.0423534025575758","0.0179596619307918","0.0635581492954067","0.0423534025575758"
"2","30","0.583","0.0474302737553601","0.0422735787717229","0.0197289484112259","0.0665275712474931","0.0422735787717229"
"2","30","0.584","0.0493251108640041","0.0406961923827008","0.0207993270584706","0.0672440230970852","0.0406961923827008"
"2","30","0.585","0.0494725813296205","0.0376771230897352","0.0211328791753179","0.0656787674212417","0.0376771230897352"
"2","30","0.586","0.0478674609374448","0.033323322927664","0.0207177885117386","0.0618947851467013","0.033323322927664"
"2","30","0.587","0.0445666118775904","0.0277890274377832","0.0195687598614303","0.0560477412809827","0.0277890274377832"
"2","30","0.588","0.039686968373617","0.0212702917969046","0.01772649813717","0.0483912131282223","0.0212702917969046"
"2","30","0.589","0.033401394229363","0.0139980454649737","0.0152562663789857","0.0392982452169478","0.0139980454649737"
"2","30","0.59","0.0259325590425146","0.0062299113938232","0.0122455737784265","0.029347291044171","0.0062299113938232"
"2","30","0.591","0.0175450500230997","-0.00175892039432925","0.00880107562182628","0.0197073974275591","-0.00175892039432925"
"2","30","0.592","0.00853599885966123","-0.00968544155061581","0.00504479497361159","0.013860772377047","-0.00968544155061581"
"2","30","0.593","-0.00077544431894066","-0.0172688511113669","0.00110979994841109","0.0173218413722049","-0.0172688511113669"
"2","30","0.594","-0.0100594169959513","-0.024240503012239","-0.00286451029324415","0.026400743849462","-0.024240503012239"
"2","30","0.595","-0.0189870298108323","-0.0303534230089786","-0.00673734382968076","0.0364311596202861","-0.0303534230089786"
"2","30","0.596","-0.0272420176288216","-0.0353910578631504","-0.0103715036020981","0.0458500009610711","-0.0353910578631504"
"2","30","0.597","-0.0345319433910023","-0.039174946848569","-0.0136382476887743","0.0539734506490733","-0.039174946848569"
"2","30","0.598","-0.0405985578429112","-0.0415710438114963","-0.0164218500518279","0.0603827106184069","-0.0415710438114963"
"2","30","0.599","-0.0452269481431238","-0.0424944658224642","-0.0186237001898035","0.0647927362644693","-0.0424944658224642"
"2","30","0.6","-0.0482531512578046","-0.0419125001963689","-0.0201657964638467","0.0670200240677403","-0.0419125001963689"
"2","30","0.601","-0.0495699624329252","-0.0398457633556494","-0.0209935093446492","0.0669745732916597","-0.0398457633556494"
"2","30","0.602","-0.0491307329761203","-0.0363674704832445","-0.0210775166907583","0.0646582055269839","-0.0363674704832445"
"2","30","0.603","-0.0469510228098719","-0.0316008418382368","-0.0204148425000569","0.0601645871096985","-0.0316008418382368"
"2","30","0.604","-0.0431080492534979","-0.0257147376167431","-0.0190289623361218","0.0536810306228325","-0.0257147376167431"
"2","30","0.605","-0.0377379515611184","-0.018917675995283","-0.0169689716946807","0.0454970048845712","-0.018917675995283"
"2","30","0.606","-0.0310309681207093","-0.0114504462704227","-0.0143078467712","0.0360381489747802","-0.0114504462704227"
"2","30","0.607","-0.0232246971643639","-0.00357757877789723","-0.0111398592427782","0.0260054242848946","-0.00357757877789723"
"2","30","0.608","-0.0145956797324689","0.00442202622641139","-0.00757723664698601","0.017029465581876","0.00442202622641139"
"2","30","0.609","-0.00544960306948332","0.0122649787470802","-0.00374618666539919","0.0139341950543713","0.0122649787470802"
"2","30","0.61","0.00388952849909807","0.0196734382810191","0.00021757384644311","0.02005542181359","0.0196734382810191"
"2","30","0.611","0.0130908715815039","0.0263849564558059","0.00417362669630563","0.029748210126633","0.0263849564558059"
"2","30","0.612","0.0218284640117767","0.0321617743941198","0.00798182673972042","0.0396808660615492","0.0321617743941198"
"2","30","0.613","0.0297927722220128","0.0367992454405068","0.0115072665915998","0.0487258753238312","0.0367992454405068"
"2","30","0.614","0.0367016566233177","0.0401330848711717","0.0146250557876091","0.056316679207525","0.0401330848711717"
"2","30","0.615","0.042310366541401","0.0420451897622218","0.0172247450911285","0.0620858836005682","0.0420451897622218"
"2","30","0.616","0.0464202106312341","0.0424678228446261","0.0192142392125251","0.0657840324146128","0.0424678228446261"
"2","30","0.617","0.0488855956170025","0.0413860121307396","0.0205230593307009","0.0672591958263425","0.0413860121307396"
"2","30","0.618","0.0496191840064852","0.0388380813044308","0.0211048398404667","0.0664520447057182","0.0388380813044308"
"2","30","0.619","0.0485949880652602","0.0349142920854736","0.0209389708772218","0.0633949616159651","0.0349142920854736"
"2","30","0.62","0.0458492904451504","0.0297536466631254","0.0200313284316818","0.0582124646687956","0.0297536466631254"
"2","30","0.621","0.0414793588531958","0.0235389634742754","0.0184140661899785","0.0511243371200486","0.0235389634742754"
"2","30","0.622","0.0356400002946385","0.0164904007691726","0.0161444764732984","0.0424592399734928","0.0164904007691726"
"2","30","0.623","0.0285380769575839","0.00885765739565371","0.0133029606288419","0.0327085415827163","0.00885765739565371"
"2","30","0.624","0.0204251780168597","0.000911127092974568","0.00999018077201599","0.0227556973406116","0.000911127092974568"
"2","30","0.625","0.0115887069620658","-0.00706768034120948","0.00632349378081022","0.0149745386591406","-0.00706768034120948"
"2","30","0.626","0.00234170018567698","-0.0147961116757657","0.00243279386988836","0.0151765268258155","-0.0147961116757657"
"2","30","0.627","-0.00698826248722678","-0.0220003833777156","-0.00154408897672573","0.023135187315535","-0.0220003833777156"
"2","30","0.628","-0.0160706624775745","-0.0284252805303816","-0.00546627170154544","0.0331080487497245","-0.0284252805303816"
"2","30","0.629","-0.0245837512377433","-0.0338431979490445","-0.00919480902616818","0.0428283479177654","-0.0338431979490445"
"2","30","0.63","-0.0322259483542672","-0.0380622032080858","-0.0125976156570347","0.0514387303559087","-0.0380622032080858"
"2","30","0.631","-0.0387265251843329","-0.0409328359428504","-0.0155541454728027","0.0584565843388594","-0.0409328359428504"
"2","30","0.632","-0.0438551955529197","-0.0423534025575759","-0.0179596619307919","0.0635581492954069","-0.0423534025575759"
"2","30","0.633","-0.0474302737553602","-0.0422735787717229","-0.0197289484112259","0.0665275712474932","-0.0422735787717229"
"2","30","0.634","-0.0493251108640042","-0.0406961923827007","-0.0207993270584707","0.0672440230970851","-0.0406961923827007"
"2","30","0.635","-0.0494725813296205","-0.037677123089735","-0.0211328791753179","0.0656787674212416","-0.037677123089735"
"2","30","0.636","-0.0478674609374447","-0.0333233229276638","-0.0207177885117386","0.061894785146701","-0.0333233229276638"
"2","30","0.637","-0.0445666118775902","-0.0277890274377828","-0.0195687598614302","0.0560477412809823","-0.0277890274377828"
"2","30","0.638","-0.0396869683736167","-0.0212702917969042","-0.0177264981371699","0.0483912131282219","-0.0212702917969042"
"2","30","0.639","-0.0334013942293626","-0.0139980454649733","-0.0152562663789855","0.0392982452169473","-0.0139980454649733"
"2","30","0.64","-0.0259325590425142","-0.00622991139382277","-0.0122455737784263","0.0293472910441704","-0.00622991139382277"
"2","30","0.641","-0.0175450500230992","0.00175892039432969","-0.00880107562182609","0.0197073974275586","0.00175892039432969"
"2","30","0.642","-0.00853599885966073","0.00968544155061624","-0.00504479497361137","0.0138607723770469","0.00968544155061624"
"2","30","0.643","0.00077544431894117","0.0172688511113673","-0.00110979994841087","0.0173218413722053","0.0172688511113673"
"2","30","0.644","0.0100594169959518","0.0242405030122394","0.00286451029324437","0.0264007438494625","0.0242405030122394"
"2","30","0.645","0.0189870298108328","0.0303534230089789","0.00673734382968096","0.0364311596202867","0.0303534230089789"
"2","30","0.646","0.027242017628822","0.0353910578631507","0.0103715036020983","0.0458500009610716","0.0353910578631507"
"2","30","0.647","0.0345319433910027","0.0391749468485691","0.0136382476887745","0.0539734506490737","0.0391749468485691"
"2","30","0.648","0.0405985578429115","0.0415710438114964","0.016421850051828","0.0603827106184072","0.0415710438114964"
"2","30","0.649","0.045226948143124","0.0424944658224642","0.0186237001898036","0.0647927362644695","0.0424944658224642"
"2","30","0.65","0.0482531512578047","0.0419125001963688","0.0201657964638468","0.0670200240677403","0.0419125001963688"
"2","30","0.651","0.0495699624329252","0.0398457633556493","0.0209935093446493","0.0669745732916597","0.0398457633556493"
"2","30","0.652","0.0491307329761202","0.0363674704832443","0.0210775166907583","0.0646582055269837","0.0363674704832443"
"2","30","0.653","0.0469510228098718","0.0316008418382365","0.0204148425000568","0.0601645871096982","0.0316008418382365"
"2","30","0.654","0.0431080492534976","0.0257147376167428","0.0190289623361217","0.0536810306228321","0.0257147376167428"
"2","30","0.655","0.037737951561118","0.0189176759952826","0.0169689716946806","0.0454970048845707","0.0189176759952826"
"2","30","0.656","0.0310309681207089","0.0114504462704223","0.0143078467711999","0.0360381489747797","0.0114504462704223"
"2","30","0.657","0.0232246971643635","0.00357757877789679","0.011139859242778","0.026005424284894","0.00357757877789679"
"2","30","0.658","0.0145956797324684","-0.00442202622641182","0.00757723664698581","0.0170294655818756","-0.00442202622641182"
"2","30","0.659","0.00544960306948282","-0.0122649787470806","0.00374618666539898","0.0139341950543714","-0.0122649787470806"
"2","30","0.66","-0.00388952849909857","-0.0196734382810195","-0.000217573846443329","0.0200554218135904","-0.0196734382810195"
"2","30","0.661","-0.0130908715815044","-0.0263849564558062","-0.00417362669630584","0.0297482101266336","-0.0263849564558062"
"2","30","0.662","-0.0218284640117772","-0.0321617743941201","-0.00798182673972063","0.0396808660615498","-0.0321617743941201"
"2","30","0.663","-0.0297927722220132","-0.036799245440507","-0.0115072665916","0.0487258753238317","-0.036799245440507"
"2","30","0.664","-0.0367016566233181","-0.0401330848711719","-0.0146250557876093","0.0563166792075253","-0.0401330848711719"
"2","30","0.665","-0.0423103665414013","-0.0420451897622219","-0.0172247450911286","0.0620858836005685","-0.0420451897622219"
"2","30","0.666","-0.0464202106312343","-0.042467822844626","-0.0192142392125252","0.0657840324146129","-0.042467822844626"
"2","30","0.667","-0.0488855956170025","-0.0413860121307395","-0.0205230593307009","0.0672591958263425","-0.0413860121307395"
"2","30","0.668","-0.0496191840064852","-0.0388380813044306","-0.0211048398404667","0.066452044705718","-0.0388380813044306"
"2","30","0.669","-0.0485949880652601","-0.0349142920854734","-0.0209389708772217","0.0633949616159649","-0.0349142920854734"
"2","30","0.67","-0.0458492904451502","-0.0297536466631251","-0.0200313284316817","0.0582124646687953","-0.0297536466631251"
"2","30","0.671","-0.0414793588531956","-0.0235389634742751","-0.0184140661899784","0.0511243371200482","-0.0235389634742751"
"2","30","0.672","-0.0356400002946382","-0.0164904007691722","-0.0161444764732983","0.0424592399734923","-0.0164904007691722"
"2","30","0.673","-0.0285380769575835","-0.00885765739565328","-0.0133029606288417","0.0327085415827157","-0.00885765739565328"
"2","30","0.674","-0.0204251780168593","-0.000911127092974129","-0.0099901807720158","0.0227556973406111","-0.000911127092974129"
"2","30","0.675","-0.011588706962066","0.00706768034120932","-0.0063234937808103","0.0149745386591407","0.00706768034120932"
"2","30","0.676","-0.00234170018567647","0.0147961116757661","-0.00243279386988814","0.0151765268258157","0.0147961116757661"
"2","30","0.677","0.00698826248722728","0.022000383377716","0.00154408897672595","0.0231351873155355","0.022000383377716"
"2","30","0.678","0.0160706624775743","0.0284252805303815","0.00546627170154536","0.0331080487497242","0.0284252805303815"
"2","30","0.679","0.0245837512377437","0.0338431979490448","0.00919480902616838","0.0428283479177659","0.0338431979490448"
"2","30","0.68","0.032225948354267","0.0380622032080858","0.0125976156570347","0.0514387303559085","0.0380622032080858"
"2","30","0.681","0.0387265251843328","0.0409328359428503","0.0155541454728026","0.0584565843388593","0.0409328359428503"
"2","30","0.682","0.0438551955529199","0.0423534025575759","0.017959661930792","0.0635581492954072","0.0423534025575759"
"2","30","0.683","0.0474302737553602","0.0422735787717229","0.0197289484112259","0.0665275712474932","0.0422735787717229"
"2","30","0.684","0.0493251108640041","0.0406961923827008","0.0207993270584706","0.0672440230970852","0.0406961923827008"
"2","30","0.685","0.0494725813296205","0.0376771230897348","0.0211328791753179","0.0656787674212415","0.0376771230897348"
"2","30","0.686","0.0478674609374447","0.0333233229276639","0.0207177885117386","0.0618947851467011","0.0333233229276639"
"2","30","0.687","0.0445666118775902","0.0277890274377829","0.0195687598614303","0.0560477412809825","0.0277890274377829"
"2","30","0.688","0.0396869683736164","0.0212702917969038","0.0177264981371698","0.0483912131282214","0.0212702917969038"
"2","30","0.689","0.0334013942293628","0.0139980454649734","0.0152562663789856","0.0392982452169475","0.0139980454649734"
"2","30","0.69","0.0259325590425143","0.00622991139382293","0.0122455737784264","0.0293472910441707","0.00622991139382293"
"2","30","0.691","0.0175450500230987","-0.00175892039433013","0.00880107562182589","0.0197073974275581","-0.00175892039433013"
"2","30","0.692","0.00853599885966092","-0.00968544155061608","0.00504479497361145","0.013860772377047","-0.00968544155061608"
"2","30","0.693","-0.000775444318940978","-0.0172688511113672","0.00110979994841095","0.0173218413722052","-0.0172688511113672"
"2","30","0.694","-0.0100594169959523","-0.0242405030122397","-0.00286451029324459","0.0264007438494631","-0.0242405030122397"
"2","30","0.695","-0.0189870298108339","-0.0303534230089797","-0.00673734382968145","0.0364311596202879","-0.0303534230089797"
"2","30","0.696","-0.0272420176288218","-0.0353910578631506","-0.0103715036020982","0.0458500009610714","-0.0353910578631506"
"2","30","0.697","-0.034531943391003","-0.0391749468485693","-0.0136382476887746","0.0539734506490741","-0.0391749468485693"
"2","30","0.698","-0.0405985578429122","-0.0415710438114966","-0.0164218500518284","0.0603827106184079","-0.0415710438114966"
"2","30","0.699","-0.0452269481431239","-0.0424944658224642","-0.0186237001898035","0.0647927362644694","-0.0424944658224642"
"2","30","0.7","-0.0482531512578048","-0.0419125001963687","-0.0201657964638469","0.0670200240677404","-0.0419125001963687"
"2","30","0.701","-0.0495699624329253","-0.0398457633556489","-0.0209935093446493","0.0669745732916595","-0.0398457633556489"
"2","30","0.702","-0.0491307329761203","-0.0363674704832444","-0.0210775166907583","0.0646582055269838","-0.0363674704832444"
"2","30","0.703","-0.0469510228098716","-0.0316008418382363","-0.0204148425000568","0.0601645871096979","-0.0316008418382363"
"2","30","0.704","-0.0431080492534977","-0.0257147376167429","-0.0190289623361218","0.0536810306228323","-0.0257147376167429"
"2","30","0.705","-0.0377379515611191","-0.0189176759952839","-0.016968971694681","0.0454970048845723","-0.0189176759952839"
"2","30","0.706","-0.0310309681207096","-0.011450446270423","-0.0143078467712002","0.0360381489747806","-0.011450446270423"
"2","30","0.707","-0.0232246971643636","-0.00357757877789696","-0.0111398592427781","0.0260054242848942","-0.00357757877789696"
"2","30","0.708","-0.0145956797324699","0.00442202622641045","-0.00757723664698645","0.0170294655818769","0.00442202622641045"
"2","30","0.709","-0.00544960306948371","0.0122649787470799","-0.00374618666539936","0.0139341950543712","0.0122649787470799"
"2","30","0.71","0.00388952849909838","0.0196734382810193","0.000217573846443246","0.0200554218135903","0.0196734382810193"
"2","30","0.711","0.0130908715815028","0.0263849564558051","0.00417362669630517","0.0297482101266319","0.0263849564558051"
"2","30","0.712","0.0218284640117764","0.0321617743941196","0.00798182673972027","0.0396808660615488","0.0321617743941196"
"2","30","0.713","0.029792772222013","0.0367992454405069","0.0115072665915999","0.0487258753238315","0.0367992454405069"
"2","30","0.714","0.036701656623317","0.0401330848711714","0.0146250557876088","0.0563166792075242","0.0401330848711714"
"2","30","0.715","0.0423103665414008","0.0420451897622218","0.0172247450911284","0.062085883600568","0.0420451897622218"
"2","30","0.716","0.0464202106312343","0.0424678228446261","0.0192142392125252","0.0657840324146129","0.0424678228446261"
"2","30","0.717","0.0488855956170023","0.0413860121307398","0.0205230593307008","0.0672591958263424","0.0413860121307398"
"2","30","0.718","0.0496191840064852","0.0388380813044309","0.0211048398404667","0.0664520447057182","0.0388380813044309"
"2","30","0.719","0.0485949880652602","0.0349142920854735","0.0209389708772217","0.063394961615965","0.0349142920854735"
"2","30","0.72","0.0458492904451508","0.0297536466631261","0.0200313284316819","0.0582124646687963","0.0297536466631261"
"2","30","0.721","0.041479358853196","0.0235389634742757","0.0184140661899786","0.0511243371200489","0.0235389634742757"
"2","30","0.722","0.0356400002946383","0.0164904007691724","0.0161444764732983","0.0424592399734925","0.0164904007691724"
"2","30","0.723","0.0285380769575848","0.00885765739565462","0.0133029606288423","0.0327085415827174","0.00885765739565462"
"2","30","0.724","0.0204251780168601","0.000911127092974899","0.00999018077201614","0.022755697340612","0.000911127092974899"
"2","30","0.725","0.0115887069620662","-0.00706768034120915","0.00632349378081038","0.0149745386591408","-0.00706768034120915"
"2","30","0.726","0.00234170018567808","-0.0147961116757648","0.00243279386988882","0.0151765268258148","-0.0147961116757648"
"2","30","0.727","-0.00698826248722639","-0.0220003833777153","-0.00154408897672557","0.0231351873155346","-0.0220003833777153"
"2","30","0.728","-0.0160706624775741","-0.0284252805303814","-0.00546627170154528","0.033108048749724","-0.0284252805303814"
"2","30","0.729","-0.0245837512377423","-0.0338431979490439","-0.00919480902616776","0.0428283479177643","-0.0338431979490439"
"2","30","0.73","-0.0322259483542669","-0.0380622032080857","-0.0125976156570346","0.0514387303559084","-0.0380622032080857"
"2","30","0.731","-0.0387265251843327","-0.0409328359428503","-0.0155541454728026","0.0584565843388592","-0.0409328359428503"
"2","30","0.732","-0.0438551955529192","-0.0423534025575758","-0.0179596619307917","0.0635581492954065","-0.0423534025575758"
"2","30","0.733","-0.0474302737553601","-0.0422735787717229","-0.0197289484112259","0.0665275712474931","-0.0422735787717229"
"2","30","0.734","-0.0493251108640041","-0.0406961923827008","-0.0207993270584706","0.0672440230970852","-0.0406961923827008"
"2","30","0.735","-0.0494725813296206","-0.0376771230897355","-0.0211328791753179","0.0656787674212419","-0.0376771230897355"
"2","30","0.736","-0.0478674609374448","-0.033323322927664","-0.0207177885117386","0.0618947851467012","-0.033323322927664"
"2","30","0.737","-0.0445666118775903","-0.0277890274377831","-0.0195687598614303","0.0560477412809826","-0.0277890274377831"
"2","30","0.738","-0.0396869683736173","-0.021270291796905","-0.0177264981371702","0.0483912131282228","-0.021270291796905"
"2","30","0.739","-0.0334013942293629","-0.0139980454649736","-0.0152562663789856","0.0392982452169477","-0.0139980454649736"
"2","30","0.74","-0.0259325590425145","-0.0062299113938231","-0.0122455737784264","0.0293472910441709","-0.0062299113938231"
"2","30","0.741","-0.0175450500231002","0.00175892039432876","-0.00880107562182651","0.0197073974275596","0.00175892039432876"
"2","30","0.742","-0.00853599885966111","0.00968544155061591","-0.00504479497361153","0.013860772377047","0.00968544155061591"
"2","30","0.743","0.000775444318940784","0.017268851111367","-0.00110979994841104","0.017321841372205","0.017268851111367"
"2","30","0.744","0.0100594169959508","0.0242405030122386","0.00286451029324391","0.0264007438494614","0.0242405030122386"
"2","30","0.745","0.0189870298108324","0.0303534230089787","0.00673734382968081","0.0364311596202863","0.0303534230089787"
"2","30","0.746","0.0272420176288217","0.0353910578631505","0.0103715036020982","0.0458500009610712","0.0353910578631505"
"2","30","0.747","0.0345319433910019","0.0391749468485688","0.0136382476887741","0.0539734506490728","0.0391749468485688"
"2","30","0.748","0.0405985578429113","0.0415710438114963","0.0164218500518279","0.060382710618407","0.0415710438114963"
"2","30","0.749","0.0452269481431239","0.0424944658224642","0.0186237001898035","0.0647927362644693","0.0424944658224642"
"2","30","0.75","0.0482531512578045","0.0419125001963689","0.0201657964638467","0.0670200240677402","0.0419125001963689"
"2","30","0.751","0.0495699624329252","0.0398457633556494","0.0209935093446492","0.0669745732916597","0.0398457633556494"
"2","30","0.752","0.0491307329761203","0.0363674704832445","0.0210775166907583","0.0646582055269839","0.0363674704832445"
"2","30","0.753","0.0469510228098717","0.0316008418382364","0.0204148425000568","0.060164587109698","0.0316008418382364"
"2","30","0.754","0.0431080492534978","0.025714737616743","0.0190289623361218","0.0536810306228324","0.025714737616743"
"2","30","0.755","0.0377379515611183","0.0189176759952829","0.0169689716946807","0.0454970048845711","0.0189176759952829"
"2","30","0.756","0.0310309681207086","0.011450446270422","0.0143078467711998","0.0360381489747794","0.011450446270422"
"2","30","0.757","0.0232246971643638","0.00357757877789712","0.0111398592427781","0.0260054242848944","0.00357757877789712"
"2","30","0.758","0.0145956797324688","-0.00442202622641149","0.00757723664698597","0.0170294655818759","-0.00442202622641149"
"2","30","0.759","0.0054496030694825","-0.0122649787470809","0.00374618666539885","0.0139341950543715","-0.0122649787470809"
"2","30","0.76","-0.00388952849909819","-0.0196734382810192","-0.000217573846443163","0.0200554218135901","-0.0196734382810192"
"2","30","0.761","-0.013090871581504","-0.0263849564558059","-0.00417362669630568","0.0297482101266332","-0.0263849564558059"
"2","30","0.762","-0.0218284640117775","-0.0321617743941203","-0.00798182673972075","0.0396808660615501","-0.0321617743941203"
"2","30","0.763","-0.0297927722220129","-0.0367992454405068","-0.0115072665915998","0.0487258753238313","-0.0367992454405068"
"2","30","0.764","-0.0367016566233178","-0.0401330848711718","-0.0146250557876092","0.0563166792075251","-0.0401330848711718"
"2","30","0.765","-0.0423103665414015","-0.0420451897622219","-0.0172247450911287","0.0620858836005686","-0.0420451897622219"
"2","30","0.766","-0.0464202106312342","-0.0424678228446261","-0.0192142392125251","0.0657840324146128","-0.0424678228446261"
"2","30","0.767","-0.0488855956170025","-0.0413860121307396","-0.0205230593307009","0.0672591958263425","-0.0413860121307396"
"2","30","0.768","-0.0496191840064852","-0.0388380813044305","-0.0211048398404667","0.066452044705718","-0.0388380813044305"
"2","30","0.769","-0.0485949880652602","-0.0349142920854736","-0.0209389708772218","0.0633949616159651","-0.0349142920854736"
"2","30","0.77","-0.0458492904451504","-0.0297536466631254","-0.0200313284316817","0.0582124646687955","-0.0297536466631254"
"2","30","0.771","-0.0414793588531954","-0.0235389634742748","-0.0184140661899783","0.0511243371200479","-0.0235389634742748"
"2","30","0.772","-0.0356400002946385","-0.0164904007691725","-0.0161444764732984","0.0424592399734927","-0.0164904007691725"
"2","30","0.773","-0.0285380769575838","-0.0088576573956536","-0.0133029606288419","0.0327085415827161","-0.0088576573956536"
"2","30","0.774","-0.020425178016859","-0.000911127092973858","-0.00999018077201568","0.0227556973406108","-0.000911127092973858"
"2","30","0.775","-0.0115887069620664","0.00706768034120899","-0.00632349378081046","0.0149745386591409","0.00706768034120899"
"2","30","0.776","-0.00234170018567686","0.0147961116757658","-0.00243279386988831","0.0151765268258155","0.0147961116757658"
"2","30","0.777","0.0069882624872276","0.0220003833777162","0.00154408897672608","0.0231351873155359","0.0220003833777162"
"2","30","0.778","0.016070662477574","0.0284252805303813","0.0054662717015452","0.0331080487497238","0.0284252805303813"
"2","30","0.779","0.0245837512377434","0.0338431979490446","0.00919480902616823","0.0428283479177655","0.0338431979490446"
"2","30","0.78","0.0322259483542678","0.0380622032080862","0.012597615657035","0.0514387303559094","0.0380622032080862"
"2","30","0.781","0.0387265251843325","0.0409328359428503","0.0155541454728025","0.058456584338859","0.0409328359428503"
"2","30","0.782","0.0438551955529198","0.0423534025575759","0.017959661930792","0.063558149295407","0.0423534025575759"
"2","30","0.783","0.0474302737553604","0.0422735787717228","0.0197289484112261","0.0665275712474934","0.0422735787717228"
"2","30","0.784","0.0493251108640041","0.0406961923827009","0.0207993270584706","0.0672440230970852","0.0406961923827009"
"2","30","0.785","0.0494725813296205","0.037677123089735","0.0211328791753179","0.0656787674212416","0.037677123089735"
"2","30","0.786","0.0478674609374445","0.0333233229276633","0.0207177885117385","0.0618947851467006","0.0333233229276633"
"2","30","0.787","0.0445666118775904","0.0277890274377832","0.0195687598614303","0.0560477412809827","0.0277890274377832"
"2","30","0.788","0.0396869683736166","0.0212702917969041","0.0177264981371699","0.0483912131282217","0.0212702917969041"
"2","30","0.789","0.033401394229362","0.0139980454649726","0.0152562663789853","0.0392982452169464","0.0139980454649726"
"2","30","0.79","0.0259325590425147","0.00622991139382326","0.0122455737784265","0.0293472910441711","0.00622991139382326"
"2","30","0.791","0.0175450500230991","-0.0017589203943298","0.00880107562182604","0.0197073974275585","-0.0017589203943298"
"2","30","0.792","0.00853599885965991","-0.00968544155061693","0.00504479497361103","0.0138607723770468","-0.00968544155061693"
"2","30","0.793","-0.000775444318940588","-0.0172688511113669","0.00110979994841112","0.0173218413722049","-0.0172688511113669"
"2","30","0.794","-0.010059416995952","-0.0242405030122395","-0.00286451029324442","0.0264007438494627","-0.0242405030122395"
"2","30","0.795","-0.0189870298108336","-0.0303534230089794","-0.0067373438296813","0.0364311596202875","-0.0303534230089794"
"2","30","0.796","-0.0272420176288215","-0.0353910578631504","-0.0103715036020981","0.045850000961071","-0.0353910578631504"
"2","30","0.797","-0.0345319433910027","-0.0391749468485692","-0.0136382476887745","0.0539734506490738","-0.0391749468485692"
"2","30","0.798","-0.040598557842912","-0.0415710438114965","-0.0164218500518282","0.0603827106184077","-0.0415710438114965"
"2","30","0.799","-0.0452269481431238","-0.0424944658224642","-0.0186237001898034","0.0647927362644693","-0.0424944658224642"
"2","30","0.8","-0.0482531512578048","-0.0419125001963688","-0.0201657964638468","0.0670200240677403","-0.0419125001963688"
"2","30","0.801","-0.0495699624329252","-0.039845763355649","-0.0209935093446493","0.0669745732916596","-0.039845763355649"
"2","30","0.802","-0.0491307329761203","-0.0363674704832446","-0.0210775166907583","0.0646582055269839","-0.0363674704832446"
"2","30","0.803","-0.0469510228098717","-0.0316008418382365","-0.0204148425000568","0.0601645871096982","-0.0316008418382365"
"2","30","0.804","-0.0431080492534972","-0.0257147376167422","-0.0190289623361216","0.0536810306228315","-0.0257147376167422"
"2","30","0.805","-0.0377379515611184","-0.0189176759952831","-0.0169689716946807","0.0454970048845713","-0.0189176759952831"
"2","30","0.806","-0.0310309681207088","-0.0114504462704222","-0.0143078467711999","0.0360381489747796","-0.0114504462704222"
"2","30","0.807","-0.0232246971643627","-0.00357757877789609","-0.0111398592427777","0.0260054242848932","-0.00357757877789609"
"2","30","0.808","-0.0145956797324689","0.00442202622641132","-0.00757723664698604","0.0170294655818761","0.00442202622641132"
"2","30","0.809","-0.0054496030694827","0.0122649787470807","-0.00374618666539893","0.0139341950543715","0.0122649787470807"
"2","30","0.81","0.0038895284990994","0.0196734382810201","0.00021757384644368","0.0200554218135912","0.0196734382810201"
"2","30","0.811","0.0130908715815038","0.0263849564558058","0.0041736266963056","0.029748210126633","0.0263849564558058"
"2","30","0.812","0.0218284640117773","0.0321617743941202","0.00798182673972067","0.0396808660615499","0.0321617743941202"
"2","30","0.813","0.0297927722220139","0.0367992454405074","0.0115072665916003","0.0487258753238324","0.0367992454405074"
"2","30","0.814","0.0367016566233177","0.0401330848711717","0.0146250557876091","0.0563166792075249","0.0401330848711717"
"2","30","0.815","0.0423103665414014","0.0420451897622219","0.0172247450911287","0.0620858836005685","0.0420451897622219"
"2","30","0.816","0.0464202106312346","0.042467822844626","0.0192142392125253","0.0657840324146131","0.042467822844626"
"2","30","0.817","0.0488855956170024","0.0413860121307396","0.0205230593307009","0.0672591958263425","0.0413860121307396"
"2","30","0.818","0.0496191840064852","0.0388380813044305","0.0211048398404667","0.066452044705718","0.0388380813044305"
"2","30","0.819","0.04859498806526","0.034914292085473","0.0209389708772217","0.0633949616159645","0.034914292085473"
"2","30","0.82","0.0458492904451504","0.0297536466631255","0.0200313284316818","0.0582124646687957","0.0297536466631255"
"2","30","0.821","0.0414793588531955","0.023538963474275","0.0184140661899784","0.051124337120048","0.023538963474275"
"2","30","0.822","0.0356400002946376","0.0164904007691716","0.0161444764732981","0.0424592399734915","0.0164904007691716"
"2","30","0.823","0.028538076957584","0.00885765739565377","0.0133029606288419","0.0327085415827163","0.00885765739565377"
"2","30","0.824","0.0204251780168591","0.000911127092974025","0.00999018077201575","0.022755697340611","0.000911127092974025"
"2","30","0.825","0.0115887069620652","-0.00706768034121001","0.00632349378080997","0.0149745386591403","-0.00706768034121001"
"2","30","0.826","0.00234170018567706","-0.0147961116757656","0.00243279386988839","0.0151765268258154","-0.0147961116757656"
"2","30","0.827","-0.0069882624872274","-0.0220003833777161","-0.001544088976726","0.0231351873155357","-0.0220003833777161"
"2","30","0.828","-0.0160706624775751","-0.028425280530382","-0.0054662717015457","0.0331080487497251","-0.028425280530382"
"2","30","0.829","-0.0245837512377432","-0.0338431979490445","-0.00919480902616816","0.0428283479177653","-0.0338431979490445"
"2","30","0.83","-0.0322259483542677","-0.0380622032080861","-0.0125976156570349","0.0514387303559092","-0.0380622032080861"
"2","30","0.831","-0.0387265251843333","-0.0409328359428505","-0.0155541454728029","0.0584565843388598","-0.0409328359428505"
"2","30","0.832","-0.0438551955529197","-0.0423534025575759","-0.0179596619307919","0.0635581492954069","-0.0423534025575759"
"2","30","0.833","-0.04743027375536","-0.042273578771723","-0.0197289484112258","0.0665275712474931","-0.042273578771723"
"2","30","0.834","-0.0493251108640041","-0.0406961923827009","-0.0207993270584706","0.0672440230970852","-0.0406961923827009"
"2","30","0.835","-0.0494725813296205","-0.0376771230897351","-0.0211328791753179","0.0656787674212416","-0.0376771230897351"
"2","30","0.836","-0.0478674609374449","-0.0333233229276642","-0.0207177885117387","0.0618947851467015","-0.0333233229276642"
"2","30","0.837","-0.0445666118775905","-0.0277890274377833","-0.0195687598614304","0.0560477412809829","-0.0277890274377833"
"2","30","0.838","-0.0396869683736167","-0.0212702917969043","-0.0177264981371699","0.0483912131282219","-0.0212702917969043"
"2","30","0.839","-0.0334013942293632","-0.0139980454649739","-0.0152562663789858","0.0392982452169481","-0.0139980454649739"
"2","30","0.84","-0.0259325590425148","-0.00622991139382343","-0.0122455737784266","0.0293472910441713","-0.00622991139382343"
"2","30","0.841","-0.0175450500230993","0.00175892039432963","-0.00880107562182611","0.0197073974275587","0.00175892039432963"
"2","30","0.842","-0.00853599885966149","0.00968544155061559","-0.0050447949736117","0.0138607723770471","0.00968544155061559"
"2","30","0.843","0.000775444318940393","0.0172688511113667","-0.0011097999484112","0.0173218413722047","0.0172688511113667"
"2","30","0.844","0.0100594169959518","0.0242405030122393","0.00286451029324434","0.0264007438494625","0.0242405030122393"
"2","30","0.845","0.0189870298108321","0.0303534230089785","0.00673734382968065","0.0364311596202858","0.0303534230089785"
"2","30","0.846","0.0272420176288213","0.0353910578631503","0.010371503602098","0.0458500009610708","0.0353910578631503"
"2","30","0.847","0.0345319433910026","0.0391749468485691","0.0136382476887744","0.0539734506490736","0.0391749468485691"
"2","30","0.848","0.040598557842911","0.0415710438114962","0.0164218500518278","0.0603827106184067","0.0415710438114962"
"2","30","0.849","0.0452269481431237","0.0424944658224642","0.0186237001898034","0.0647927362644692","0.0424944658224642"
"2","30","0.85","0.0482531512578047","0.0419125001963688","0.0201657964638468","0.0670200240677403","0.0419125001963688"
"2","30","0.851","0.0495699624329252","0.0398457633556495","0.0209935093446492","0.0669745732916598","0.0398457633556495"
"2","30","0.852","0.0491307329761203","0.0363674704832446","0.0210775166907584","0.064658205526984","0.0363674704832446"
"2","30","0.853","0.0469510228098718","0.0316008418382366","0.0204148425000568","0.0601645871096983","0.0316008418382366"
"2","30","0.854","0.043108049253498","0.0257147376167433","0.0190289623361219","0.0536810306228328","0.0257147376167433"
"2","30","0.855","0.0377379515611185","0.0189176759952832","0.0169689716946808","0.0454970048845715","0.0189176759952832"
"2","30","0.856","0.0310309681207089","0.0114504462704224","0.0143078467711999","0.0360381489747798","0.0114504462704224"
"2","30","0.857","0.0232246971643641","0.00357757877789746","0.0111398592427783","0.0260054242848949","0.00357757877789746"
"2","30","0.858","0.0145956797324691","-0.00442202622641116","0.00757723664698612","0.0170294655818762","-0.00442202622641116"
"2","30","0.859","0.00544960306948289","-0.0122649787470806","0.00374618666539901","0.0139341950543714","-0.0122649787470806"
"2","30","0.86","-0.0038895284990978","-0.0196734382810189","-0.000217573846442997","0.0200554218135897","-0.0196734382810189"
"2","30","0.861","-0.0130908715815036","-0.0263849564558057","-0.00417362669630552","0.0297482101266327","-0.0263849564558057"
"2","30","0.862","-0.0218284640117771","-0.0321617743941201","-0.0079818267397206","0.0396808660615497","-0.0321617743941201"
"2","30","0.863","-0.0297927722220126","-0.0367992454405067","-0.0115072665915997","0.048725875323831","-0.0367992454405067"
"2","30","0.864","-0.0367016566233176","-0.0401330848711717","-0.014625055787609","0.0563166792075248","-0.0401330848711717"
"2","30","0.865","-0.0423103665414013","-0.0420451897622219","-0.0172247450911286","0.0620858836005684","-0.0420451897622219"
"2","30","0.866","-0.046420210631234","-0.0424678228446261","-0.019214239212525","0.0657840324146127","-0.0424678228446261"
"2","30","0.867","-0.0488855956170024","-0.0413860121307397","-0.0205230593307009","0.0672591958263424","-0.0413860121307397"
"2","30","0.868","-0.0496191840064852","-0.0388380813044306","-0.0211048398404667","0.066452044705718","-0.0388380813044306"
"2","30","0.869","-0.0485949880652603","-0.0349142920854737","-0.0209389708772218","0.0633949616159652","-0.0349142920854737"
"2","30","0.87","-0.0458492904451505","-0.0297536466631256","-0.0200313284316818","0.0582124646687958","-0.0297536466631256"
"2","30","0.871","-0.0414793588531956","-0.0235389634742751","-0.0184140661899784","0.0511243371200482","-0.0235389634742751"
"2","30","0.872","-0.0356400002946387","-0.0164904007691728","-0.0161444764732985","0.0424592399734931","-0.0164904007691728"
"2","30","0.873","-0.0285380769575841","-0.00885765739565393","-0.013302960628842","0.0327085415827166","-0.00885765739565393"
"2","30","0.874","-0.0204251780168593","-0.000911127092974191","-0.00999018077201583","0.0227556973406112","-0.000911127092974191"
"2","30","0.875","-0.0115887069620667","0.00706768034120866","-0.00632349378081062","0.0149745386591411","0.00706768034120866"
"2","30","0.876","-0.00234170018567725","0.0147961116757655","-0.00243279386988847","0.0151765268258153","0.0147961116757655"
"2","30","0.877","0.00698826248722721","0.0220003833777159","0.00154408897672592","0.0231351873155355","0.0220003833777159"
"2","30","0.878","0.0160706624775736","0.028425280530381","0.00546627170154504","0.0331080487497234","0.028425280530381"
"2","30","0.879","0.024583751237743","0.0338431979490444","0.00919480902616808","0.0428283479177651","0.0338431979490444"
"2","30","0.88","0.0322259483542675","0.038062203208086","0.0125976156570349","0.0514387303559091","0.038062203208086"
"2","30","0.881","0.0387265251843323","0.0409328359428502","0.0155541454728024","0.0584565843388588","0.0409328359428502"
"2","30","0.882","0.0438551955529196","0.0423534025575758","0.0179596619307919","0.0635581492954068","0.0423534025575758"
"2","30","0.883","0.0474302737553603","0.0422735787717229","0.019728948411226","0.0665275712474933","0.0422735787717229"
"2","30","0.884","0.0493251108640041","0.040696192382701","0.0207993270584706","0.0672440230970852","0.040696192382701"
"2","30","0.885","0.0494725813296205","0.0376771230897351","0.0211328791753179","0.0656787674212417","0.0376771230897351"
"2","30","0.886","0.0478674609374446","0.0333233229276635","0.0207177885117386","0.0618947851467008","0.0333233229276635"
"2","30","0.887","0.0445666118775906","0.0277890274377835","0.0195687598614304","0.056047741280983","0.0277890274377835"
"2","30","0.888","0.0396869683736168","0.0212702917969044","0.01772649813717","0.0483912131282221","0.0212702917969044"
"2","30","0.889","0.0334013942293623","0.0139980454649729","0.0152562663789854","0.0392982452169469","0.0139980454649729"
"2","30","0.89","0.025932559042515","0.00622991139382359","0.0122455737784266","0.0293472910441715","0.00622991139382359"
"2","30","0.891","0.0175450500230994","-0.00175892039432946","0.00880107562182619","0.0197073974275589","-0.00175892039432946"
"2","30","0.892","0.0085359988596603","-0.0096854415506166","0.00504479497361119","0.0138607723770469","-0.0096854415506166"
"2","30","0.893","-0.000775444318940199","-0.0172688511113666","0.00110979994841128","0.0173218413722045","-0.0172688511113666"
"2","30","0.894","-0.0100594169959516","-0.0242405030122392","-0.00286451029324426","0.0264007438494622","-0.0242405030122392"
"2","30","0.895","-0.0189870298108332","-0.0303534230089792","-0.00673734382968114","0.0364311596202871","-0.0303534230089792"
"2","30","0.896","-0.0272420176288212","-0.0353910578631502","-0.010371503602098","0.0458500009610707","-0.0353910578631502"
"2","30","0.897","-0.0345319433910025","-0.0391749468485691","-0.0136382476887744","0.0539734506490735","-0.0391749468485691"
"2","30","0.898","-0.0405985578429117","-0.0415710438114964","-0.0164218500518281","0.0603827106184074","-0.0415710438114964"
"2","30","0.899","-0.0452269481431236","-0.0424944658224642","-0.0186237001898034","0.0647927362644691","-0.0424944658224642"
"2","30","0.9","-0.0482531512578047","-0.0419125001963688","-0.0201657964638468","0.0670200240677403","-0.0419125001963688"
"2","30","0.901","-0.0495699624329252","-0.0398457633556491","-0.0209935093446493","0.0669745732916596","-0.0398457633556491"
"2","30","0.902","-0.0491307329761204","-0.0363674704832447","-0.0210775166907584","0.0646582055269841","-0.0363674704832447"
"2","30","0.903","-0.0469510228098719","-0.0316008418382367","-0.0204148425000569","0.0601645871096984","-0.0316008418382367"
"2","30","0.904","-0.0431080492534974","-0.0257147376167425","-0.0190289623361217","0.0536810306228318","-0.0257147376167425"
"2","30","0.905","-0.0377379515611187","-0.0189176759952834","-0.0169689716946808","0.0454970048845717","-0.0189176759952834"
"2","30","0.906","-0.0310309681207091","-0.0114504462704225","-0.0143078467712","0.03603814897478","-0.0114504462704225"
"2","30","0.907","-0.0232246971643631","-0.00357757877789642","-0.0111398592427778","0.0260054242848936","-0.00357757877789642"
"2","30","0.908","-0.0145956797324693","0.00442202622641099","-0.0075772366469862","0.0170294655818764","0.00442202622641099"
"2","30","0.909","-0.00544960306948308","0.0122649787470804","-0.00374618666539909","0.0139341950543714","0.0122649787470804"
"2","30","0.91","0.00388952849909901","0.0196734382810198","0.000217573846443515","0.0200554218135909","0.0196734382810198"
"2","30","0.911","0.0130908715815034","0.0263849564558056","0.00417362669630543","0.0297482101266325","0.0263849564558056"
"2","30","0.912","0.021828464011777","0.03216177439412","0.00798182673972052","0.0396808660615495","0.03216177439412"
"2","30","0.913","0.0297927722220135","0.0367992454405072","0.0115072665916001","0.0487258753238321","0.0367992454405072"
"2","30","0.914","0.0367016566233174","0.0401330848711716","0.014625055787609","0.0563166792075246","0.0401330848711716"
"2","30","0.915","0.0423103665414011","0.0420451897622218","0.0172247450911286","0.0620858836005683","0.0420451897622218"
"2","30","0.916","0.0464202106312345","0.042467822844626","0.0192142392125253","0.065784032414613","0.042467822844626"
"2","30","0.917","0.0488855956170024","0.0413860121307397","0.0205230593307008","0.0672591958263424","0.0413860121307397"
"2","30","0.918","0.0496191840064852","0.0388380813044307","0.0211048398404667","0.0664520447057181","0.0388380813044307"
"2","30","0.919","0.04859498806526","0.0349142920854731","0.0209389708772217","0.0633949616159647","0.0349142920854731"
"2","30","0.92","0.0458492904451506","0.0297536466631257","0.0200313284316818","0.0582124646687959","0.0297536466631257"
"2","30","0.921","0.0414793588531957","0.0235389634742752","0.0184140661899784","0.0511243371200484","0.0235389634742752"
"2","30","0.922","0.0356400002946379","0.0164904007691719","0.0161444764732982","0.0424592399734919","0.0164904007691719"
"2","30","0.923","0.0285380769575843","0.00885765739565409","0.0133029606288421","0.0327085415827168","0.00885765739565409"
"2","30","0.924","0.0204251780168595","0.000911127092974358","0.0099901807720159","0.0227556973406114","0.000911127092974358"
"2","30","0.925","0.0115887069620656","-0.00706768034120969","0.00632349378081013","0.0149745386591405","-0.00706768034120969"
"2","30","0.926","0.00234170018567745","-0.0147961116757653","0.00243279386988856","0.0151765268258152","-0.0147961116757653"
"2","30","0.927","-0.00698826248722702","-0.0220003833777158","-0.00154408897672584","0.0231351873155353","-0.0220003833777158"
"2","30","0.928","-0.0160706624775747","-0.0284252805303818","-0.00546627170154554","0.0331080487497247","-0.0284252805303818"
"2","30","0.929","-0.0245837512377429","-0.0338431979490443","-0.00919480902616801","0.0428283479177649","-0.0338431979490443"
"2","30","0.93","-0.0322259483542674","-0.0380622032080859","-0.0125976156570348","0.0514387303559089","-0.0380622032080859"
"2","30","0.931","-0.038726525184333","-0.0409328359428504","-0.0155541454728028","0.0584565843388596","-0.0409328359428504"
"2","30","0.932","-0.0438551955529195","-0.0423534025575758","-0.0179596619307918","0.0635581492954067","-0.0423534025575758"
"2","30","0.933","-0.0474302737553603","-0.0422735787717229","-0.019728948411226","0.0665275712474933","-0.0422735787717229"
"2","30","0.934","-0.0493251108640042","-0.0406961923827007","-0.0207993270584707","0.0672440230970851","-0.0406961923827007"
"2","30","0.935","-0.0494725813296205","-0.0376771230897352","-0.0211328791753179","0.0656787674212417","-0.0376771230897352"
"2","30","0.936","-0.0478674609374446","-0.0333233229276636","-0.0207177885117386","0.0618947851467009","-0.0333233229276636"
"2","30","0.937","-0.0445666118775901","-0.0277890274377827","-0.0195687598614302","0.0560477412809821","-0.0277890274377827"
"2","30","0.938","-0.039686968373617","-0.0212702917969046","-0.01772649813717","0.0483912131282223","-0.0212702917969046"
"2","30","0.939","-0.0334013942293624","-0.0139980454649731","-0.0152562663789855","0.039298245216947","-0.0139980454649731"
"2","30","0.94","-0.0259325590425139","-0.00622991139382256","-0.0122455737784262","0.0293472910441702","-0.00622991139382256"
"2","30","0.941","-0.0175450500230996","0.0017589203943293","-0.00880107562182627","0.019707397427559","0.0017589203943293"
"2","30","0.942","-0.00853599885966049","0.00968544155061644","-0.00504479497361127","0.0138607723770469","0.00968544155061644"
"2","30","0.943","0.000775444318941413","0.0172688511113675","-0.00110979994841077","0.0173218413722055","0.0172688511113675"
"2","30","0.944","0.0100594169959514","0.024240503012239","0.00286451029324418","0.026400743849462","0.024240503012239"
"2","30","0.945","0.018987029810833","0.0303534230089791","0.00673734382968106","0.0364311596202869","0.0303534230089791"
"2","30","0.946","0.0272420176288222","0.0353910578631508","0.0103715036020984","0.0458500009610718","0.0353910578631508"
"2","30","0.947","0.0345319433910023","0.039174946848569","0.0136382476887743","0.0539734506490733","0.039174946848569"
"2","30","0.948","0.0405985578429116","0.0415710438114964","0.0164218500518281","0.0603827106184073","0.0415710438114964"
"2","30","0.949","0.0452269481431241","0.0424944658224642","0.0186237001898036","0.0647927362644696","0.0424944658224642"
"2","30","0.95","0.0482531512578046","0.0419125001963688","0.0201657964638468","0.0670200240677403","0.0419125001963688"
"2","30","0.951","0.0495699624329252","0.0398457633556492","0.0209935093446493","0.0669745732916597","0.0398457633556492"
"2","30","0.952","0.0491307329761202","0.0363674704832442","0.0210775166907583","0.0646582055269836","0.0363674704832442"
"2","30","0.953","0.0469510228098719","0.0316008418382368","0.0204148425000569","0.0601645871096985","0.0316008418382368"
"2","30","0.954","0.0431080492534975","0.0257147376167426","0.0190289623361217","0.0536810306228319","0.0257147376167426"
"2","30","0.955","0.0377379515611179","0.0189176759952824","0.0169689716946805","0.0454970048845705","0.0189176759952824"
"2","30","0.956","0.0310309681207092","0.0114504462704227","0.0143078467712","0.0360381489747802","0.0114504462704227"
"2","30","0.957","0.0232246971643632","0.00357757877789658","0.0111398592427779","0.0260054242848938","0.00357757877789658"
"2","30","0.958","0.0145956797324682","-0.00442202622641203","0.00757723664698571","0.0170294655818755","-0.00442202622641203"
"2","30","0.959","0.00544960306948328","-0.0122649787470803","0.00374618666539917","0.0139341950543713","-0.0122649787470803"
"2","30","0.96","-0.00388952849909741","-0.0196734382810186","-0.000217573846442831","0.0200554218135893","-0.0196734382810186"
"2","30","0.961","-0.0130908715815032","-0.0263849564558054","-0.00417362669630535","0.0297482101266323","-0.0263849564558054"
"2","30","0.962","-0.0218284640117768","-0.0321617743941199","-0.00798182673972045","0.0396808660615493","-0.0321617743941199"
"2","30","0.963","-0.0297927722220123","-0.0367992454405065","-0.0115072665915996","0.0487258753238306","-0.0367992454405065"
"2","30","0.964","-0.0367016566233173","-0.0401330848711716","-0.0146250557876089","0.0563166792075245","-0.0401330848711716"
"2","30","0.965","-0.042310366541401","-0.0420451897622218","-0.0172247450911285","0.0620858836005682","-0.0420451897622218"
"2","30","0.966","-0.0464202106312339","-0.0424678228446261","-0.019214239212525","0.0657840324146126","-0.0424678228446261"
"2","30","0.967","-0.0488855956170023","-0.0413860121307397","-0.0205230593307008","0.0672591958263424","-0.0413860121307397"
"2","30","0.968","-0.0496191840064852","-0.0388380813044307","-0.0211048398404667","0.0664520447057181","-0.0388380813044307"
"2","30","0.969","-0.0485949880652604","-0.0349142920854739","-0.0209389708772218","0.0633949616159654","-0.0349142920854739"
"2","30","0.97","-0.0458492904451507","-0.0297536466631258","-0.0200313284316818","0.0582124646687961","-0.0297536466631258"
"2","30","0.971","-0.0414793588531958","-0.0235389634742754","-0.0184140661899785","0.0511243371200485","-0.0235389634742754"
"2","30","0.972","-0.035640000294639","-0.0164904007691732","-0.0161444764732986","0.0424592399734935","-0.0164904007691732"
"2","30","0.973","-0.0285380769575845","-0.00885765739565425","-0.0133029606288421","0.032708541582717","-0.00885765739565425"
"2","30","0.974","-0.0204251780168597","-0.000911127092974525","-0.00999018077201597","0.0227556973406116","-0.000911127092974525"
"2","30","0.975","-0.0115887069620671","0.00706768034120833","-0.00632349378081078","0.0149745386591413","0.00706768034120833"
"2","30","0.976","-0.00234170018567764","0.0147961116757652","-0.00243279386988864","0.0151765268258151","0.0147961116757652"
"2","30","0.977","0.00698826248722683","0.0220003833777157","0.00154408897672575","0.0231351873155351","0.0220003833777157"
"2","30","0.978","0.0160706624775732","0.0284252805303808","0.00546627170154488","0.033108048749723","0.0284252805303808"
"2","30","0.979","0.0245837512377427","0.0338431979490442","0.00919480902616793","0.0428283479177647","0.0338431979490442"
"2","30","0.98","0.0322259483542672","0.0380622032080859","0.0125976156570347","0.0514387303559087","0.0380622032080859"
"2","30","0.981","0.038726525184332","0.0409328359428501","0.0155541454728023","0.0584565843388585","0.0409328359428501"
"2","30","0.982","0.0438551955529194","0.0423534025575758","0.0179596619307918","0.0635581492954067","0.0423534025575758"
"2","30","0.983","0.0474302737553602","0.0422735787717229","0.0197289484112259","0.0665275712474932","0.0422735787717229"
"2","30","0.984","0.049325110864004","0.0406961923827011","0.0207993270584706","0.0672440230970852","0.0406961923827011"
"2","30","0.985","0.0494725813296206","0.0376771230897353","0.0211328791753179","0.0656787674212418","0.0376771230897353"
"2","30","0.986","0.0478674609374447","0.0333233229276638","0.0207177885117386","0.061894785146701","0.0333233229276638"
"2","30","0.987","0.0445666118775908","0.0277890274377837","0.0195687598614304","0.0560477412809833","0.0277890274377837"
"2","30","0.988","0.0396869683736171","0.0212702917969047","0.0177264981371701","0.0483912131282224","0.0212702917969047"
"2","30","0.989","0.0334013942293626","0.0139980454649732","0.0152562663789855","0.0392982452169473","0.0139980454649732"
"2","30","0.99","0.0259325590425153","0.00622991139382392","0.0122455737784268","0.0293472910441719","0.00622991139382392"
"2","30","0.991","0.0175450500230998","-0.00175892039432913","0.00880107562182634","0.0197073974275592","-0.00175892039432913"
"2","30","0.992","0.00853599885966068","-0.00968544155061628","0.00504479497361135","0.0138607723770469","-0.00968544155061628"
"2","30","0.993","-0.00077544431893981","-0.0172688511113663","0.00110979994841145","0.0173218413722042","-0.0172688511113663"
"2","30","0.994","-0.0100594169959512","-0.0242405030122389","-0.00286451029324409","0.0264007438494618","-0.0242405030122389"
"2","30","0.995","-0.0189870298108328","-0.030353423008979","-0.00673734382968098","0.0364311596202867","-0.030353423008979"
"2","30","0.996","-0.0272420176288209","-0.03539105786315","-0.0103715036020978","0.0458500009610703","-0.03539105786315"
"2","30","0.997","-0.0345319433910022","-0.0391749468485689","-0.0136382476887742","0.0539734506490732","-0.0391749468485689"
"2","30","0.998","-0.0405985578429115","-0.0415710438114964","-0.016421850051828","0.0603827106184072","-0.0415710438114964"
"2","30","0.999","-0.0452269481431235","-0.0424944658224642","-0.0186237001898033","0.064792736264469","-0.0424944658224642"
"2","30","1","-0.0482531512578046","-0.0419125001963689","-0.0201657964638467","0.0670200240677402","-0.0419125001963689"
"2","50","0","-0.0804413227278049","-0.0698489557048023","-0.033580338361908","0.111701934359932","-0.0698489557048023"
"2","50","0.001","-0.082449692570131","-0.0628111394192052","-0.0352143641775321","0.109467997535699","-0.0628111394192052"
"2","50","0.002","-0.0763873120429055","-0.0496249311763147","-0.0334013626745571","0.0970221946974582","-0.0496249311763147"
"2","50","0.003","-0.0628476091912221","-0.03158108891266","-0.0283188030720183","0.0758230951979255","-0.03158108891266"
"2","50","0.004","-0.0431559444668604","-0.0104458696278492","-0.0204642017160874","0.0488910552860692","-0.0104458696278492"
"2","50","0.005","-0.0192398752129366","0.0117118641567888","-0.0106064217137085","0.0248965206767025","0.0117118641567888"
"2","50","0.006","0.0065595270789225","0.0327231590764045","0.000289588745293666","0.0333753860963464","0.0327231590764045"
"2","50","0.007","0.0317168371573841","0.050531283189966","0.0111572522402231","0.060694749506399","0.050531283189966"
"2","50","0.008","0.0537694822306822","0.0633930532327413","0.020932766148732","0.0857205758039593","0.0633930532327413"
"2","50","0.009","0.0705587957492296","0.0700494695397224","0.0286592350594453","0.103473782160364","0.0700494695397224"
"2","50","0.01","0.0804413227278049","0.0698489557048023","0.033580338361908","0.111701934359932","0.0698489557048023"
"2","50","0.011","0.082449692570131","0.0628111394192052","0.0352143641775321","0.109467997535699","0.0628111394192052"
"2","50","0.012","0.0763873120429055","0.0496249311763147","0.0334013626745571","0.0970221946974582","0.0496249311763147"
"2","50","0.013","0.062847609191222","0.03158108891266","0.0283188030720183","0.0758230951979255","0.03158108891266"
"2","50","0.014","0.0431559444668604","0.0104458696278492","0.0204642017160874","0.0488910552860692","0.0104458696278492"
"2","50","0.015","0.0192398752129366","-0.0117118641567888","0.0106064217137085","0.0248965206767025","-0.0117118641567888"
"2","50","0.016","-0.00655952707892247","-0.0327231590764045","-0.000289588745293655","0.0333753860963464","-0.0327231590764045"
"2","50","0.017","-0.0317168371573841","-0.050531283189966","-0.0111572522402231","0.060694749506399","-0.050531283189966"
"2","50","0.018","-0.0537694822306823","-0.0633930532327413","-0.020932766148732","0.0857205758039593","-0.0633930532327413"
"2","50","0.019","-0.0705587957492296","-0.0700494695397223","-0.0286592350594453","0.103473782160364","-0.0700494695397223"
"2","50","0.02","-0.0804413227278049","-0.0698489557048023","-0.033580338361908","0.111701934359932","-0.0698489557048023"
"2","50","0.021","-0.082449692570131","-0.0628111394192052","-0.0352143641775321","0.109467997535699","-0.0628111394192052"
"2","50","0.022","-0.0763873120429055","-0.0496249311763147","-0.0334013626745571","0.0970221946974582","-0.0496249311763147"
"2","50","0.023","-0.0628476091912221","-0.0315810889126601","-0.0283188030720183","0.0758230951979255","-0.0315810889126601"
"2","50","0.024","-0.0431559444668603","-0.0104458696278492","-0.0204642017160874","0.0488910552860691","-0.0104458696278492"
"2","50","0.025","-0.0192398752129365","0.0117118641567889","-0.0106064217137085","0.0248965206767024","0.0117118641567889"
"2","50","0.026","0.00655952707892261","0.0327231590764046","0.000289588745293713","0.0333753860963465","0.0327231590764046"
"2","50","0.027","0.031716837157384","0.050531283189966","0.0111572522402231","0.060694749506399","0.050531283189966"
"2","50","0.028","0.0537694822306822","0.0633930532327413","0.020932766148732","0.0857205758039593","0.0633930532327413"
"2","50","0.029","0.0705587957492296","0.0700494695397223","0.0286592350594453","0.103473782160364","0.0700494695397223"
"2","50","0.03","0.0804413227278049","0.0698489557048023","0.033580338361908","0.111701934359932","0.0698489557048023"
"2","50","0.031","0.082449692570131","0.0628111394192052","0.0352143641775321","0.109467997535699","0.0628111394192052"
"2","50","0.032","0.0763873120429055","0.0496249311763147","0.0334013626745571","0.0970221946974582","0.0496249311763147"
"2","50","0.033","0.062847609191222","0.03158108891266","0.0283188030720183","0.0758230951979254","0.03158108891266"
"2","50","0.034","0.0431559444668603","0.0104458696278491","0.0204642017160874","0.0488910552860691","0.0104458696278491"
"2","50","0.035","0.0192398752129365","-0.0117118641567889","0.0106064217137085","0.0248965206767024","-0.0117118641567889"
"2","50","0.036","-0.00655952707892259","-0.0327231590764046","-0.000289588745293706","0.0333753860963465","-0.0327231590764046"
"2","50","0.037","-0.031716837157384","-0.050531283189966","-0.011157252240223","0.0606947495063989","-0.050531283189966"
"2","50","0.038","-0.0537694822306822","-0.0633930532327413","-0.020932766148732","0.0857205758039592","-0.0633930532327413"
"2","50","0.039","-0.0705587957492296","-0.0700494695397223","-0.0286592350594453","0.103473782160364","-0.0700494695397223"
"2","50","0.04","-0.0804413227278049","-0.0698489557048023","-0.033580338361908","0.111701934359932","-0.0698489557048023"
"2","50","0.041","-0.082449692570131","-0.0628111394192052","-0.0352143641775321","0.109467997535699","-0.0628111394192052"
"2","50","0.042","-0.0763873120429055","-0.0496249311763147","-0.0334013626745571","0.0970221946974581","-0.0496249311763147"
"2","50","0.043","-0.062847609191222","-0.03158108891266","-0.0283188030720183","0.0758230951979254","-0.03158108891266"
"2","50","0.044","-0.0431559444668604","-0.0104458696278492","-0.0204642017160875","0.0488910552860692","-0.0104458696278492"
"2","50","0.045","-0.0192398752129366","0.0117118641567888","-0.0106064217137085","0.0248965206767025","0.0117118641567888"
"2","50","0.046","0.00655952707892244","0.0327231590764045","0.000289588745293641","0.0333753860963464","0.0327231590764045"
"2","50","0.047","0.031716837157384","0.050531283189966","0.011157252240223","0.0606947495063989","0.050531283189966"
"2","50","0.048","0.0537694822306823","0.0633930532327413","0.0209327661487321","0.0857205758039594","0.0633930532327413"
"2","50","0.049","0.0705587957492296","0.0700494695397224","0.0286592350594454","0.103473782160364","0.0700494695397224"
"2","50","0.05","0.0804413227278049","0.0698489557048023","0.033580338361908","0.111701934359932","0.0698489557048023"
"2","50","0.051","0.082449692570131","0.0628111394192052","0.0352143641775321","0.109467997535699","0.0628111394192052"
"2","50","0.052","0.0763873120429054","0.0496249311763146","0.033401362674557","0.097022194697458","0.0496249311763146"
"2","50","0.053","0.062847609191222","0.03158108891266","0.0283188030720183","0.0758230951979254","0.03158108891266"
"2","50","0.054","0.0431559444668604","0.0104458696278492","0.0204642017160875","0.0488910552860692","0.0104458696278492"
"2","50","0.055","0.0192398752129365","-0.0117118641567889","0.0106064217137085","0.0248965206767024","-0.0117118641567889"
"2","50","0.056","-0.00655952707892243","-0.0327231590764045","-0.000289588745293638","0.0333753860963463","-0.0327231590764045"
"2","50","0.057","-0.0317168371573841","-0.050531283189966","-0.0111572522402231","0.0606947495063991","-0.050531283189966"
"2","50","0.058","-0.0537694822306822","-0.0633930532327413","-0.020932766148732","0.0857205758039592","-0.0633930532327413"
"2","50","0.059","-0.0705587957492296","-0.0700494695397224","-0.0286592350594454","0.103473782160364","-0.0700494695397224"
"2","50","0.06","-0.0804413227278049","-0.0698489557048023","-0.033580338361908","0.111701934359932","-0.0698489557048023"
"2","50","0.061","-0.082449692570131","-0.0628111394192052","-0.0352143641775321","0.109467997535699","-0.0628111394192052"
"2","50","0.062","-0.0763873120429055","-0.0496249311763148","-0.0334013626745571","0.0970221946974582","-0.0496249311763148"
"2","50","0.063","-0.062847609191222","-0.03158108891266","-0.0283188030720183","0.0758230951979254","-0.03158108891266"
"2","50","0.064","-0.0431559444668604","-0.0104458696278493","-0.0204642017160875","0.0488910552860693","-0.0104458696278493"
"2","50","0.065","-0.0192398752129365","0.0117118641567889","-0.0106064217137085","0.0248965206767024","0.0117118641567889"
"2","50","0.066","0.00655952707892271","0.0327231590764047","0.000289588745293758","0.0333753860963466","0.0327231590764047"
"2","50","0.067","0.0317168371573841","0.050531283189966","0.0111572522402231","0.0606947495063991","0.050531283189966"
"2","50","0.068","0.0537694822306824","0.0633930532327414","0.0209327661487321","0.0857205758039595","0.0633930532327414"
"2","50","0.069","0.0705587957492296","0.0700494695397224","0.0286592350594454","0.103473782160364","0.0700494695397224"
"2","50","0.07","0.080441322727805","0.0698489557048023","0.033580338361908","0.111701934359932","0.0698489557048023"
"2","50","0.071","0.082449692570131","0.0628111394192052","0.0352143641775321","0.109467997535699","0.0628111394192052"
"2","50","0.072","0.0763873120429054","0.0496249311763146","0.033401362674557","0.097022194697458","0.0496249311763146"
"2","50","0.073","0.0628476091912222","0.0315810889126602","0.0283188030720184","0.0758230951979257","0.0315810889126602"
"2","50","0.074","0.0431559444668604","0.0104458696278493","0.0204642017160875","0.0488910552860693","0.0104458696278493"
"2","50","0.075","0.0192398752129365","-0.0117118641567889","0.0106064217137085","0.0248965206767024","-0.0117118641567889"
"2","50","0.076","-0.00655952707892241","-0.0327231590764044","-0.000289588745293629","0.0333753860963463","-0.0327231590764044"
"2","50","0.077","-0.0317168371573841","-0.050531283189966","-0.0111572522402231","0.0606947495063991","-0.050531283189966"
"2","50","0.078","-0.0537694822306822","-0.0633930532327413","-0.020932766148732","0.0857205758039592","-0.0633930532327413"
"2","50","0.079","-0.0705587957492296","-0.0700494695397224","-0.0286592350594453","0.103473782160364","-0.0700494695397224"
"2","50","0.08","-0.0804413227278049","-0.0698489557048023","-0.033580338361908","0.111701934359932","-0.0698489557048023"
"2","50","0.081","-0.082449692570131","-0.0628111394192052","-0.0352143641775321","0.109467997535699","-0.0628111394192052"
"2","50","0.082","-0.0763873120429054","-0.0496249311763146","-0.033401362674557","0.097022194697458","-0.0496249311763146"
"2","50","0.083","-0.062847609191222","-0.03158108891266","-0.0283188030720183","0.0758230951979254","-0.03158108891266"
"2","50","0.084","-0.0431559444668602","-0.010445869627849","-0.0204642017160874","0.048891055286069","-0.010445869627849"
"2","50","0.085","-0.0192398752129365","0.0117118641567889","-0.0106064217137085","0.0248965206767024","0.0117118641567889"
"2","50","0.086","0.00655952707892269","0.0327231590764047","0.000289588745293749","0.0333753860963466","0.0327231590764047"
"2","50","0.087","0.0317168371573844","0.0505312831899662","0.0111572522402232","0.0606947495063994","0.0505312831899662"
"2","50","0.088","0.0537694822306822","0.0633930532327413","0.020932766148732","0.0857205758039592","0.0633930532327413"
"2","50","0.089","0.0705587957492295","0.0700494695397223","0.0286592350594453","0.103473782160364","0.0700494695397223"
"2","50","0.09","0.0804413227278049","0.0698489557048023","0.033580338361908","0.111701934359932","0.0698489557048023"
"2","50","0.091","0.082449692570131","0.0628111394192052","0.0352143641775321","0.109467997535699","0.0628111394192052"
"2","50","0.092","0.0763873120429055","0.0496249311763148","0.0334013626745571","0.0970221946974582","0.0496249311763148"
"2","50","0.093","0.062847609191222","0.03158108891266","0.0283188030720183","0.0758230951979255","0.03158108891266"
"2","50","0.094","0.0431559444668604","0.0104458696278493","0.0204642017160875","0.0488910552860693","0.0104458696278493"
"2","50","0.095","0.0192398752129365","-0.0117118641567889","0.0106064217137085","0.0248965206767024","-0.0117118641567889"
"2","50","0.096","-0.00655952707892268","-0.0327231590764046","-0.000289588745293744","0.0333753860963466","-0.0327231590764046"
"2","50","0.097","-0.0317168371573841","-0.050531283189966","-0.0111572522402231","0.060694749506399","-0.050531283189966"
"2","50","0.098","-0.0537694822306824","-0.0633930532327414","-0.0209327661487321","0.0857205758039594","-0.0633930532327414"
"2","50","0.099","-0.0705587957492296","-0.0700494695397224","-0.0286592350594453","0.103473782160364","-0.0700494695397224"
"2","50","0.1","-0.080441322727805","-0.0698489557048023","-0.033580338361908","0.111701934359932","-0.0698489557048023"
"2","50","0.101","-0.082449692570131","-0.0628111394192052","-0.0352143641775321","0.109467997535699","-0.0628111394192052"
"2","50","0.102","-0.0763873120429054","-0.0496249311763146","-0.033401362674557","0.0970221946974581","-0.0496249311763146"
"2","50","0.103","-0.0628476091912218","-0.0315810889126598","-0.0283188030720183","0.0758230951979252","-0.0315810889126598"
"2","50","0.104","-0.0431559444668599","-0.0104458696278488","-0.0204642017160873","0.0488910552860687","-0.0104458696278488"
"2","50","0.105","-0.0192398752129365","0.0117118641567889","-0.0106064217137085","0.0248965206767024","0.0117118641567889"
"2","50","0.106","0.00655952707892267","0.0327231590764046","0.00028958874529374","0.0333753860963466","0.0327231590764046"
"2","50","0.107","0.0317168371573838","0.0505312831899658","0.011157252240223","0.0606947495063987","0.0505312831899658"
"2","50","0.108","0.0537694822306822","0.0633930532327413","0.020932766148732","0.0857205758039592","0.0633930532327413"
"2","50","0.109","0.0705587957492296","0.0700494695397224","0.0286592350594453","0.103473782160364","0.0700494695397224"
"2","50","0.11","0.080441322727805","0.0698489557048023","0.033580338361908","0.111701934359932","0.0698489557048023"
"2","50","0.111","0.082449692570131","0.0628111394192051","0.0352143641775321","0.109467997535699","0.0628111394192051"
"2","50","0.112","0.0763873120429055","0.0496249311763148","0.0334013626745571","0.0970221946974582","0.0496249311763148"
"2","50","0.113","0.062847609191222","0.03158108891266","0.0283188030720183","0.0758230951979255","0.03158108891266"
"2","50","0.114","0.0431559444668602","0.0104458696278491","0.0204642017160874","0.048891055286069","0.0104458696278491"
"2","50","0.115","0.0192398752129363","-0.0117118641567891","0.0106064217137084","0.0248965206767023","-0.0117118641567891"
"2","50","0.116","-0.00655952707892237","-0.0327231590764044","-0.000289588745293612","0.0333753860963463","-0.0327231590764044"
"2","50","0.117","-0.0317168371573841","-0.050531283189966","-0.0111572522402231","0.060694749506399","-0.050531283189966"
"2","50","0.118","-0.0537694822306824","-0.0633930532327414","-0.0209327661487321","0.0857205758039594","-0.0633930532327414"
"2","50","0.119","-0.0705587957492298","-0.0700494695397224","-0.0286592350594454","0.103473782160364","-0.0700494695397224"
"2","50","0.12","-0.0804413227278049","-0.0698489557048023","-0.033580338361908","0.111701934359932","-0.0698489557048023"
"2","50","0.121","-0.082449692570131","-0.0628111394192052","-0.0352143641775321","0.109467997535699","-0.0628111394192052"
"2","50","0.122","-0.0763873120429054","-0.0496249311763146","-0.0334013626745571","0.0970221946974581","-0.0496249311763146"
"2","50","0.123","-0.0628476091912222","-0.0315810889126603","-0.0283188030720184","0.0758230951979258","-0.0315810889126603"
"2","50","0.124","-0.0431559444668605","-0.0104458696278493","-0.0204642017160875","0.0488910552860693","-0.0104458696278493"
"2","50","0.125","-0.0192398752129366","0.0117118641567888","-0.0106064217137085","0.0248965206767025","0.0117118641567888"
"2","50","0.126","0.00655952707892265","0.0327231590764046","0.000289588745293732","0.0333753860963466","0.0327231590764046"
"2","50","0.127","0.0317168371573844","0.0505312831899662","0.0111572522402232","0.0606947495063993","0.0505312831899662"
"2","50","0.128","0.0537694822306821","0.0633930532327412","0.020932766148732","0.0857205758039592","0.0633930532327412"
"2","50","0.129","0.0705587957492296","0.0700494695397224","0.0286592350594453","0.103473782160364","0.0700494695397224"
"2","50","0.13","0.080441322727805","0.0698489557048023","0.033580338361908","0.111701934359932","0.0698489557048023"
"2","50","0.131","0.082449692570131","0.0628111394192051","0.0352143641775321","0.109467997535699","0.0628111394192051"
"2","50","0.132","0.0763873120429053","0.0496249311763144","0.033401362674557","0.0970221946974579","0.0496249311763144"
"2","50","0.133","0.0628476091912221","0.03158108891266","0.0283188030720183","0.0758230951979255","0.03158108891266"
"2","50","0.134","0.0431559444668602","0.0104458696278491","0.0204642017160874","0.048891055286069","0.0104458696278491"
"2","50","0.135","0.0192398752129363","-0.0117118641567891","0.0106064217137084","0.0248965206767023","-0.0117118641567891"
"2","50","0.136","-0.00655952707892293","-0.0327231590764048","-0.000289588745293853","0.0333753860963468","-0.0327231590764048"
"2","50","0.137","-0.0317168371573841","-0.050531283189966","-0.0111572522402231","0.060694749506399","-0.050531283189966"
"2","50","0.138","-0.0537694822306824","-0.0633930532327414","-0.0209327661487321","0.0857205758039594","-0.0633930532327414"
"2","50","0.139","-0.0705587957492297","-0.0700494695397224","-0.0286592350594454","0.103473782160364","-0.0700494695397224"
"2","50","0.14","-0.080441322727805","-0.0698489557048022","-0.033580338361908","0.111701934359932","-0.0698489557048022"
"2","50","0.141","-0.082449692570131","-0.062811139419205","-0.0352143641775321","0.109467997535699","-0.062811139419205"
"2","50","0.142","-0.0763873120429054","-0.0496249311763146","-0.0334013626745571","0.0970221946974581","-0.0496249311763146"
"2","50","0.143","-0.0628476091912219","-0.0315810889126598","-0.0283188030720183","0.0758230951979252","-0.0315810889126598"
"2","50","0.144","-0.04315594446686","-0.0104458696278488","-0.0204642017160873","0.0488910552860687","-0.0104458696278488"
"2","50","0.145","-0.0192398752129366","0.0117118641567888","-0.0106064217137085","0.0248965206767025","0.0117118641567888"
"2","50","0.146","0.00655952707892205","0.0327231590764042","0.000289588745293473","0.033375386096346","0.0327231590764042"
"2","50","0.147","0.0317168371573838","0.0505312831899658","0.0111572522402229","0.0606947495063987","0.0505312831899658"
"2","50","0.148","0.0537694822306821","0.0633930532327412","0.020932766148732","0.0857205758039591","0.0633930532327412"
"2","50","0.149","0.0705587957492296","0.0700494695397223","0.0286592350594453","0.103473782160364","0.0700494695397223"
"2","50","0.15","0.0804413227278049","0.0698489557048023","0.033580338361908","0.111701934359932","0.0698489557048023"
"2","50","0.151","0.082449692570131","0.0628111394192054","0.0352143641775321","0.109467997535699","0.0628111394192054"
"2","50","0.152","0.0763873120429056","0.0496249311763148","0.0334013626745571","0.0970221946974583","0.0496249311763148"
"2","50","0.153","0.0628476091912221","0.0315810889126601","0.0283188030720183","0.0758230951979255","0.0315810889126601"
"2","50","0.154","0.0431559444668602","0.0104458696278491","0.0204642017160874","0.048891055286069","0.0104458696278491"
"2","50","0.155","0.0192398752129363","-0.0117118641567891","0.0106064217137084","0.0248965206767023","-0.0117118641567891"
"2","50","0.156","-0.00655952707892233","-0.0327231590764044","-0.000289588745293593","0.0333753860963463","-0.0327231590764044"
"2","50","0.157","-0.0317168371573841","-0.050531283189966","-0.0111572522402231","0.060694749506399","-0.050531283189966"
"2","50","0.158","-0.0537694822306823","-0.0633930532327413","-0.0209327661487321","0.0857205758039594","-0.0633930532327413"
"2","50","0.159","-0.0705587957492297","-0.0700494695397224","-0.0286592350594454","0.103473782160364","-0.0700494695397224"
"2","50","0.16","-0.0804413227278049","-0.0698489557048023","-0.033580338361908","0.111701934359932","-0.0698489557048023"
"2","50","0.161","-0.082449692570131","-0.0628111394192052","-0.0352143641775321","0.109467997535699","-0.0628111394192052"
"2","50","0.162","-0.0763873120429054","-0.0496249311763146","-0.0334013626745571","0.0970221946974581","-0.0496249311763146"
"2","50","0.163","-0.0628476091912219","-0.0315810889126598","-0.0283188030720183","0.0758230951979253","-0.0315810889126598"
"2","50","0.164","-0.04315594446686","-0.0104458696278488","-0.0204642017160873","0.0488910552860687","-0.0104458696278488"
"2","50","0.165","-0.0192398752129366","0.0117118641567888","-0.0106064217137085","0.0248965206767025","0.0117118641567888"
"2","50","0.166","0.00655952707892261","0.0327231590764046","0.000289588745293716","0.0333753860963465","0.0327231590764046"
"2","50","0.167","0.0317168371573843","0.0505312831899661","0.0111572522402232","0.0606947495063993","0.0505312831899661"
"2","50","0.168","0.0537694822306826","0.0633930532327415","0.0209327661487322","0.0857205758039596","0.0633930532327415"
"2","50","0.169","0.0705587957492299","0.0700494695397224","0.0286592350594455","0.103473782160365","0.0700494695397224"
"2","50","0.17","0.0804413227278049","0.0698489557048023","0.033580338361908","0.111701934359932","0.0698489557048023"
"2","50","0.171","0.082449692570131","0.0628111394192051","0.0352143641775321","0.109467997535699","0.0628111394192051"
"2","50","0.172","0.0763873120429053","0.0496249311763145","0.033401362674557","0.0970221946974579","0.0496249311763145"
"2","50","0.173","0.0628476091912217","0.0315810889126596","0.0283188030720182","0.075823095197925","0.0315810889126596"
"2","50","0.174","0.0431559444668597","0.0104458696278486","0.0204642017160872","0.0488910552860684","0.0104458696278486"
"2","50","0.175","0.0192398752129363","-0.011711864156789","0.0106064217137084","0.0248965206767023","-0.011711864156789"
"2","50","0.176","-0.00655952707892231","-0.0327231590764044","-0.000289588745293586","0.0333753860963462","-0.0327231590764044"
"2","50","0.177","-0.031716837157384","-0.050531283189966","-0.011157252240223","0.0606947495063989","-0.050531283189966"
"2","50","0.178","-0.0537694822306819","-0.0633930532327411","-0.0209327661487319","0.0857205758039589","-0.0633930532327411"
"2","50","0.179","-0.0705587957492294","-0.0700494695397223","-0.0286592350594453","0.103473782160364","-0.0700494695397223"
"2","50","0.18","-0.0804413227278049","-0.0698489557048023","-0.033580338361908","0.111701934359932","-0.0698489557048023"
"2","50","0.181","-0.082449692570131","-0.0628111394192052","-0.0352143641775321","0.109467997535699","-0.0628111394192052"
"2","50","0.182","-0.0763873120429055","-0.0496249311763147","-0.0334013626745571","0.0970221946974581","-0.0496249311763147"
"2","50","0.183","-0.0628476091912223","-0.0315810889126603","-0.0283188030720184","0.0758230951979258","-0.0315810889126603"
"2","50","0.184","-0.0431559444668605","-0.0104458696278494","-0.0204642017160875","0.0488910552860694","-0.0104458696278494"
"2","50","0.185","-0.0192398752129366","0.0117118641567888","-0.0106064217137085","0.0248965206767025","0.0117118641567888"
"2","50","0.186","0.00655952707892259","0.0327231590764046","0.000289588745293704","0.0333753860963465","0.0327231590764046"
"2","50","0.187","0.0317168371573843","0.0505312831899661","0.0111572522402232","0.0606947495063992","0.0505312831899661"
"2","50","0.188","0.0537694822306821","0.0633930532327412","0.020932766148732","0.0857205758039591","0.0633930532327412"
"2","50","0.189","0.0705587957492296","0.0700494695397223","0.0286592350594453","0.103473782160364","0.0700494695397223"
"2","50","0.19","0.0804413227278049","0.0698489557048023","0.033580338361908","0.111701934359932","0.0698489557048023"
"2","50","0.191","0.082449692570131","0.0628111394192051","0.0352143641775321","0.109467997535699","0.0628111394192051"
"2","50","0.192","0.0763873120429054","0.0496249311763145","0.033401362674557","0.0970221946974579","0.0496249311763145"
"2","50","0.193","0.0628476091912221","0.0315810889126601","0.0283188030720184","0.0758230951979256","0.0315810889126601"
"2","50","0.194","0.0431559444668603","0.0104458696278491","0.0204642017160874","0.0488910552860691","0.0104458696278491"
"2","50","0.195","0.0192398752129363","-0.011711864156789","0.0106064217137084","0.0248965206767023","-0.011711864156789"
"2","50","0.196","-0.00655952707892287","-0.0327231590764048","-0.000289588745293827","0.0333753860963468","-0.0327231590764048"
"2","50","0.197","-0.0317168371573846","-0.0505312831899663","-0.0111572522402233","0.0606947495063995","-0.0505312831899663"
"2","50","0.198","-0.0537694822306823","-0.0633930532327413","-0.0209327661487321","0.0857205758039594","-0.0633930532327413"
"2","50","0.199","-0.0705587957492297","-0.0700494695397224","-0.0286592350594454","0.103473782160364","-0.0700494695397224"
"2","50","0.2","-0.080441322727805","-0.0698489557048023","-0.033580338361908","0.111701934359932","-0.0698489557048023"
"2","50","0.201","-0.082449692570131","-0.062811139419205","-0.0352143641775321","0.109467997535699","-0.062811139419205"
"2","50","0.202","-0.0763873120429055","-0.0496249311763147","-0.0334013626745571","0.0970221946974581","-0.0496249311763147"
"2","50","0.203","-0.0628476091912219","-0.0315810889126599","-0.0283188030720183","0.0758230951979253","-0.0315810889126599"
"2","50","0.204","-0.04315594446686","-0.0104458696278489","-0.0204642017160873","0.0488910552860688","-0.0104458696278489"
"2","50","0.205","-0.0192398752129361","0.0117118641567893","-0.0106064217137083","0.0248965206767022","0.0117118641567893"
"2","50","0.206","0.00655952707892316","0.032723159076405","0.000289588745293947","0.033375386096347","0.032723159076405"
"2","50","0.207","0.0317168371573848","0.0505312831899665","0.0111572522402234","0.0606947495063998","0.0505312831899665"
"2","50","0.208","0.053769482230683","0.0633930532327417","0.0209327661487324","0.0857205758039601","0.0633930532327417"
"2","50","0.209","0.0705587957492296","0.0700494695397223","0.0286592350594453","0.103473782160364","0.0700494695397223"
"2","50","0.21","0.0804413227278049","0.0698489557048023","0.033580338361908","0.111701934359932","0.0698489557048023"
"2","50","0.211","0.082449692570131","0.0628111394192051","0.0352143641775321","0.109467997535699","0.0628111394192051"
"2","50","0.212","0.0763873120429054","0.0496249311763145","0.033401362674557","0.0970221946974579","0.0496249311763145"
"2","50","0.213","0.0628476091912225","0.0315810889126605","0.0283188030720185","0.0758230951979261","0.0315810889126605"
"2","50","0.214","0.0431559444668608","0.0104458696278496","0.0204642017160876","0.0488910552860697","0.0104458696278496"
"2","50","0.215","0.0192398752129369","-0.0117118641567885","0.0106064217137087","0.0248965206767027","-0.0117118641567885"
"2","50","0.216","-0.00655952707892226","-0.0327231590764043","-0.000289588745293567","0.0333753860963462","-0.0327231590764043"
"2","50","0.217","-0.031716837157384","-0.0505312831899659","-0.011157252240223","0.0606947495063989","-0.0505312831899659"
"2","50","0.218","-0.0537694822306823","-0.0633930532327413","-0.020932766148732","0.0857205758039593","-0.0633930532327413"
"2","50","0.219","-0.0705587957492297","-0.0700494695397224","-0.0286592350594454","0.103473782160364","-0.0700494695397224"
"2","50","0.22","-0.080441322727805","-0.0698489557048023","-0.033580338361908","0.111701934359932","-0.0698489557048023"
"2","50","0.221","-0.082449692570131","-0.062811139419205","-0.0352143641775321","0.109467997535699","-0.062811139419205"
"2","50","0.222","-0.0763873120429052","-0.0496249311763143","-0.033401362674557","0.0970221946974578","-0.0496249311763143"
"2","50","0.223","-0.0628476091912223","-0.0315810889126603","-0.0283188030720184","0.0758230951979259","-0.0315810889126603"
"2","50","0.224","-0.0431559444668606","-0.0104458696278494","-0.0204642017160875","0.0488910552860694","-0.0104458696278494"
"2","50","0.225","-0.0192398752129367","0.0117118641567888","-0.0106064217137085","0.0248965206767025","0.0117118641567888"
"2","50","0.226","0.00655952707892255","0.0327231590764046","0.00028958874529369","0.0333753860963465","0.0327231590764046"
"2","50","0.227","0.0317168371573843","0.0505312831899661","0.0111572522402231","0.0606947495063992","0.0505312831899661"
"2","50","0.228","0.0537694822306825","0.0633930532327414","0.0209327661487322","0.0857205758039596","0.0633930532327414"
"2","50","0.229","0.0705587957492299","0.0700494695397224","0.0286592350594455","0.103473782160365","0.0700494695397224"
"2","50","0.23","0.0804413227278051","0.0698489557048022","0.0335803383619081","0.111701934359932","0.0698489557048022"
"2","50","0.231","0.0824496925701309","0.0628111394192049","0.0352143641775321","0.109467997535699","0.0628111394192049"
"2","50","0.232","0.0763873120429056","0.0496249311763149","0.0334013626745571","0.0970221946974583","0.0496249311763149"
"2","50","0.233","0.0628476091912221","0.0315810889126601","0.0283188030720184","0.0758230951979256","0.0315810889126601"
"2","50","0.234","0.0431559444668603","0.0104458696278492","0.0204642017160874","0.0488910552860691","0.0104458696278492"
"2","50","0.235","0.0192398752129364","-0.011711864156789","0.0106064217137084","0.0248965206767024","-0.011711864156789"
"2","50","0.236","-0.00655952707892283","-0.0327231590764048","-0.00028958874529381","0.0333753860963467","-0.0327231590764048"
"2","50","0.237","-0.0317168371573845","-0.0505312831899663","-0.0111572522402233","0.0606947495063995","-0.0505312831899663"
"2","50","0.238","-0.0537694822306827","-0.0633930532327415","-0.0209327661487322","0.0857205758039598","-0.0633930532327415"
"2","50","0.239","-0.07055879574923","-0.0700494695397225","-0.0286592350594455","0.103473782160365","-0.0700494695397225"
"2","50","0.24","-0.0804413227278049","-0.0698489557048023","-0.033580338361908","0.111701934359932","-0.0698489557048023"
"2","50","0.241","-0.082449692570131","-0.0628111394192053","-0.0352143641775321","0.109467997535699","-0.0628111394192053"
"2","50","0.242","-0.0763873120429055","-0.0496249311763147","-0.0334013626745571","0.0970221946974582","-0.0496249311763147"
"2","50","0.243","-0.0628476091912219","-0.0315810889126599","-0.0283188030720183","0.0758230951979253","-0.0315810889126599"
"2","50","0.244","-0.0431559444668601","-0.0104458696278489","-0.0204642017160873","0.0488910552860688","-0.0104458696278489"
"2","50","0.245","-0.0192398752129361","0.0117118641567892","-0.0106064217137083","0.0248965206767022","0.0117118641567892"
"2","50","0.246","0.00655952707892194","0.0327231590764041","0.000289588745293428","0.0333753860963459","0.0327231590764041"
"2","50","0.247","0.0317168371573837","0.0505312831899657","0.0111572522402229","0.0606947495063986","0.0505312831899657"
"2","50","0.248","0.0537694822306821","0.0633930532327412","0.0209327661487319","0.0857205758039591","0.0633930532327412"
"2","50","0.249","0.0705587957492295","0.0700494695397223","0.0286592350594453","0.103473782160364","0.0700494695397223"
"2","50","0.25","0.0804413227278049","0.0698489557048023","0.033580338361908","0.111701934359932","0.0698489557048023"
"2","50","0.251","0.082449692570131","0.0628111394192052","0.0352143641775321","0.109467997535699","0.0628111394192052"
"2","50","0.252","0.0763873120429054","0.0496249311763145","0.033401362674557","0.097022194697458","0.0496249311763145"
"2","50","0.253","0.0628476091912218","0.0315810889126597","0.0283188030720182","0.0758230951979251","0.0315810889126597"
"2","50","0.254","0.0431559444668598","0.0104458696278487","0.0204642017160872","0.0488910552860685","0.0104458696278487"
"2","50","0.255","0.019239875212937","-0.0117118641567885","0.0106064217137087","0.0248965206767027","-0.0117118641567885"
"2","50","0.256","-0.00655952707892223","-0.0327231590764043","-0.000289588745293551","0.0333753860963462","-0.0327231590764043"
"2","50","0.257","-0.031716837157384","-0.0505312831899659","-0.011157252240223","0.0606947495063989","-0.0505312831899659"
"2","50","0.258","-0.0537694822306823","-0.0633930532327413","-0.020932766148732","0.0857205758039593","-0.0633930532327413"
"2","50","0.259","-0.0705587957492297","-0.0700494695397224","-0.0286592350594454","0.103473782160364","-0.0700494695397224"
"2","50","0.26","-0.080441322727805","-0.0698489557048023","-0.033580338361908","0.111701934359932","-0.0698489557048023"
"2","50","0.261","-0.082449692570131","-0.062811139419205","-0.0352143641775321","0.109467997535699","-0.062811139419205"
"2","50","0.262","-0.0763873120429053","-0.0496249311763143","-0.033401362674557","0.0970221946974578","-0.0496249311763143"
"2","50","0.263","-0.0628476091912216","-0.0315810889126595","-0.0283188030720182","0.0758230951979248","-0.0315810889126595"
"2","50","0.264","-0.0431559444668596","-0.0104458696278484","-0.0204642017160871","0.0488910552860682","-0.0104458696278484"
"2","50","0.265","-0.0192398752129367","0.0117118641567887","-0.0106064217137086","0.0248965206767025","0.0117118641567887"
"2","50","0.266","0.00655952707892251","0.0327231590764045","0.000289588745293671","0.0333753860963464","0.0327231590764045"
"2","50","0.267","0.0317168371573842","0.0505312831899661","0.0111572522402231","0.0606947495063992","0.0505312831899661"
"2","50","0.268","0.0537694822306825","0.0633930532327414","0.0209327661487321","0.0857205758039595","0.0633930532327414"
"2","50","0.269","0.0705587957492298","0.0700494695397224","0.0286592350594454","0.103473782160365","0.0700494695397224"
"2","50","0.27","0.080441322727805","0.0698489557048022","0.0335803383619081","0.111701934359932","0.0698489557048022"
"2","50","0.271","0.0824496925701309","0.0628111394192049","0.0352143641775321","0.109467997535699","0.0628111394192049"
"2","50","0.272","0.0763873120429052","0.0496249311763142","0.0334013626745569","0.0970221946974576","0.0496249311763142"
"2","50","0.273","0.0628476091912214","0.0315810889126592","0.0283188030720181","0.0758230951979245","0.0315810889126592"
"2","50","0.274","0.0431559444668603","0.0104458696278492","0.0204642017160874","0.0488910552860692","0.0104458696278492"
"2","50","0.275","0.0192398752129364","-0.011711864156789","0.0106064217137084","0.0248965206767024","-0.011711864156789"
"2","50","0.276","-0.00655952707892279","-0.0327231590764047","-0.000289588745293792","0.0333753860963467","-0.0327231590764047"
"2","50","0.277","-0.0317168371573845","-0.0505312831899663","-0.0111572522402232","0.0606947495063995","-0.0505312831899663"
"2","50","0.278","-0.0537694822306827","-0.0633930532327415","-0.0209327661487322","0.0857205758039598","-0.0633930532327415"
"2","50","0.279","-0.07055879574923","-0.0700494695397224","-0.0286592350594455","0.103473782160365","-0.0700494695397224"
"2","50","0.28","-0.0804413227278051","-0.0698489557048022","-0.0335803383619081","0.111701934359932","-0.0698489557048022"
"2","50","0.281","-0.0824496925701309","-0.0628111394192048","-0.0352143641775321","0.109467997535699","-0.0628111394192048"
"2","50","0.282","-0.076387312042905","-0.049624931176314","-0.0334013626745569","0.0970221946974574","-0.049624931176314"
"2","50","0.283","-0.0628476091912212","-0.031581088912659","-0.028318803072018","0.0758230951979243","-0.031581088912659"
"2","50","0.284","-0.0431559444668601","-0.0104458696278489","-0.0204642017160873","0.0488910552860689","-0.0104458696278489"
"2","50","0.285","-0.0192398752129361","0.0117118641567892","-0.0106064217137083","0.0248965206767022","0.0117118641567892"
"2","50","0.286","0.00655952707892308","0.0327231590764049","0.000289588745293914","0.033375386096347","0.0327231590764049"
"2","50","0.287","0.0317168371573847","0.0505312831899664","0.0111572522402234","0.0606947495063998","0.0505312831899664"
"2","50","0.288","0.0537694822306829","0.0633930532327416","0.0209327661487323","0.08572057580396","0.0633930532327416"
"2","50","0.289","0.0705587957492295","0.0700494695397223","0.0286592350594453","0.103473782160364","0.0700494695397223"
"2","50","0.29","0.0804413227278049","0.0698489557048023","0.033580338361908","0.111701934359932","0.0698489557048023"
"2","50","0.291","0.0824496925701311","0.0628111394192056","0.0352143641775321","0.109467997535699","0.0628111394192056"
"2","50","0.292","0.0763873120429058","0.0496249311763153","0.0334013626745572","0.0970221946974587","0.0496249311763153"
"2","50","0.293","0.0628476091912225","0.0315810889126606","0.0283188030720185","0.0758230951979262","0.0315810889126606"
"2","50","0.294","0.0431559444668609","0.0104458696278497","0.0204642017160876","0.0488910552860698","0.0104458696278497"
"2","50","0.295","0.019239875212937","-0.0117118641567884","0.0106064217137087","0.0248965206767027","-0.0117118641567884"
"2","50","0.296","-0.00655952707892219","-0.0327231590764043","-0.000289588745293534","0.0333753860963461","-0.0327231590764043"
"2","50","0.297","-0.0317168371573839","-0.0505312831899659","-0.011157252240223","0.0606947495063988","-0.0505312831899659"
"2","50","0.298","-0.0537694822306822","-0.0633930532327413","-0.020932766148732","0.0857205758039593","-0.0633930532327413"
"2","50","0.299","-0.0705587957492297","-0.0700494695397224","-0.0286592350594454","0.103473782160364","-0.0700494695397224"
"2","50","0.3","-0.080441322727805","-0.0698489557048023","-0.033580338361908","0.111701934359932","-0.0698489557048023"
"2","50","0.301","-0.0824496925701311","-0.0628111394192055","-0.0352143641775321","0.109467997535699","-0.0628111394192055"
"2","50","0.302","-0.0763873120429057","-0.0496249311763151","-0.0334013626745572","0.0970221946974586","-0.0496249311763151"
"2","50","0.303","-0.0628476091912224","-0.0315810889126604","-0.0283188030720185","0.0758230951979259","-0.0315810889126604"
"2","50","0.304","-0.0431559444668606","-0.0104458696278495","-0.0204642017160876","0.0488910552860695","-0.0104458696278495"
"2","50","0.305","-0.0192398752129367","0.0117118641567887","-0.0106064217137086","0.0248965206767026","0.0117118641567887"
"2","50","0.306","0.00655952707892247","0.0327231590764045","0.000289588745293655","0.0333753860963464","0.0327231590764045"
"2","50","0.307","0.0317168371573842","0.0505312831899661","0.0111572522402231","0.0606947495063991","0.0505312831899661"
"2","50","0.308","0.0537694822306825","0.0633930532327414","0.0209327661487321","0.0857205758039595","0.0633930532327414"
"2","50","0.309","0.0705587957492298","0.0700494695397224","0.0286592350594454","0.103473782160365","0.0700494695397224"
"2","50","0.31","0.080441322727805","0.0698489557048022","0.0335803383619081","0.111701934359932","0.0698489557048022"
"2","50","0.311","0.082449692570131","0.0628111394192054","0.0352143641775321","0.109467997535699","0.0628111394192054"
"2","50","0.312","0.0763873120429056","0.0496249311763149","0.0334013626745571","0.0970221946974584","0.0496249311763149"
"2","50","0.313","0.0628476091912222","0.0315810889126602","0.0283188030720184","0.0758230951979257","0.0315810889126602"
"2","50","0.314","0.0431559444668604","0.0104458696278492","0.0204642017160875","0.0488910552860692","0.0104458696278492"
"2","50","0.315","0.0192398752129365","-0.0117118641567889","0.0106064217137085","0.0248965206767024","-0.0117118641567889"
"2","50","0.316","-0.00655952707892275","-0.0327231590764047","-0.000289588745293775","0.0333753860963467","-0.0327231590764047"
"2","50","0.317","-0.0317168371573844","-0.0505312831899662","-0.0111572522402232","0.0606947495063994","-0.0505312831899662"
"2","50","0.318","-0.0537694822306827","-0.0633930532327415","-0.0209327661487322","0.0857205758039597","-0.0633930532327415"
"2","50","0.319","-0.0705587957492299","-0.0700494695397224","-0.0286592350594455","0.103473782160365","-0.0700494695397224"
"2","50","0.32","-0.0804413227278048","-0.0698489557048024","-0.0335803383619079","0.111701934359932","-0.0698489557048024"
"2","50","0.321","-0.082449692570131","-0.0628111394192053","-0.0352143641775321","0.109467997535699","-0.0628111394192053"
"2","50","0.322","-0.0763873120429055","-0.0496249311763147","-0.0334013626745571","0.0970221946974582","-0.0496249311763147"
"2","50","0.323","-0.062847609191222","-0.03158108891266","-0.0283188030720183","0.0758230951979254","-0.03158108891266"
"2","50","0.324","-0.0431559444668601","-0.010445869627849","-0.0204642017160874","0.0488910552860689","-0.010445869627849"
"2","50","0.325","-0.0192398752129362","0.0117118641567892","-0.0106064217137083","0.0248965206767022","0.0117118641567892"
"2","50","0.326","0.00655952707892303","0.0327231590764049","0.000289588745293896","0.0333753860963469","0.0327231590764049"
"2","50","0.327","0.0317168371573847","0.0505312831899664","0.0111572522402233","0.0606947495063997","0.0505312831899664"
"2","50","0.328","0.0537694822306829","0.0633930532327416","0.0209327661487323","0.08572057580396","0.0633930532327416"
"2","50","0.329","0.0705587957492301","0.0700494695397225","0.0286592350594456","0.103473782160365","0.0700494695397225"
"2","50","0.33","0.0804413227278049","0.0698489557048023","0.033580338361908","0.111701934359932","0.0698489557048023"
"2","50","0.331","0.082449692570131","0.0628111394192052","0.0352143641775321","0.109467997535699","0.0628111394192052"
"2","50","0.332","0.0763873120429054","0.0496249311763146","0.033401362674557","0.097022194697458","0.0496249311763146"
"2","50","0.333","0.0628476091912218","0.0315810889126597","0.0283188030720182","0.0758230951979251","0.0315810889126597"
"2","50","0.334","0.0431559444668599","0.0104458696278487","0.0204642017160873","0.0488910552860686","0.0104458696278487"
"2","50","0.335","0.0192398752129359","-0.0117118641567894","0.0106064217137082","0.0248965206767021","-0.0117118641567894"
"2","50","0.336","-0.00655952707892331","-0.0327231590764051","-0.000289588745294016","0.0333753860963472","-0.0327231590764051"
"2","50","0.337","-0.031716837157385","-0.0505312831899666","-0.0111572522402235","0.0606947495064","-0.0505312831899666"
"2","50","0.338","-0.0537694822306831","-0.0633930532327417","-0.0209327661487324","0.0857205758039602","-0.0633930532327417"
"2","50","0.339","-0.0705587957492296","-0.0700494695397224","-0.0286592350594454","0.103473782160364","-0.0700494695397224"
"2","50","0.34","-0.080441322727805","-0.0698489557048023","-0.033580338361908","0.111701934359932","-0.0698489557048023"
"2","50","0.341","-0.082449692570131","-0.0628111394192051","-0.0352143641775321","0.109467997535699","-0.0628111394192051"
"2","50","0.342","-0.0763873120429053","-0.0496249311763144","-0.033401362674557","0.0970221946974578","-0.0496249311763144"
"2","50","0.343","-0.0628476091912216","-0.0315810889126595","-0.0283188030720182","0.0758230951979249","-0.0315810889126595"
"2","50","0.344","-0.0431559444668596","-0.0104458696278485","-0.0204642017160872","0.0488910552860683","-0.0104458696278485"
"2","50","0.345","-0.0192398752129356","0.0117118641567896","-0.0106064217137081","0.024896520676702","0.0117118641567896"
"2","50","0.346","0.0065595270789236","0.0327231590764053","0.000289588745294136","0.0333753860963475","0.0327231590764053"
"2","50","0.347","0.0317168371573852","0.0505312831899667","0.0111572522402236","0.0606947495064003","0.0505312831899667"
"2","50","0.348","0.0537694822306833","0.0633930532327418","0.0209327661487325","0.0857205758039605","0.0633930532327418"
"2","50","0.349","0.0705587957492298","0.0700494695397224","0.0286592350594454","0.103473782160365","0.0700494695397224"
"2","50","0.35","0.080441322727805","0.0698489557048022","0.0335803383619081","0.111701934359932","0.0698489557048022"
"2","50","0.351","0.082449692570131","0.062811139419205","0.0352143641775321","0.109467997535699","0.062811139419205"
"2","50","0.352","0.0763873120429057","0.0496249311763149","0.0334013626745571","0.0970221946974584","0.0496249311763149"
"2","50","0.353","0.0628476091912222","0.0315810889126602","0.0283188030720184","0.0758230951979257","0.0315810889126602"
"2","50","0.354","0.0431559444668604","0.0104458696278493","0.0204642017160875","0.0488910552860693","0.0104458696278493"
"2","50","0.355","0.0192398752129365","-0.0117118641567889","0.0106064217137085","0.0248965206767024","-0.0117118641567889"
"2","50","0.356","-0.00655952707892154","-0.0327231590764038","-0.000289588745293258","0.0333753860963455","-0.0327231590764038"
"2","50","0.357","-0.0317168371573833","-0.0505312831899655","-0.0111572522402227","0.0606947495063981","-0.0505312831899655"
"2","50","0.358","-0.0537694822306818","-0.0633930532327411","-0.0209327661487318","0.0857205758039587","-0.0633930532327411"
"2","50","0.359","-0.0705587957492293","-0.0700494695397223","-0.0286592350594452","0.103473782160364","-0.0700494695397223"
"2","50","0.36","-0.0804413227278048","-0.0698489557048024","-0.0335803383619079","0.111701934359932","-0.0698489557048024"
"2","50","0.361","-0.082449692570131","-0.0628111394192053","-0.0352143641775321","0.109467997535699","-0.0628111394192053"
"2","50","0.362","-0.0763873120429055","-0.0496249311763148","-0.0334013626745571","0.0970221946974582","-0.0496249311763148"
"2","50","0.363","-0.062847609191222","-0.03158108891266","-0.0283188030720183","0.0758230951979254","-0.03158108891266"
"2","50","0.364","-0.0431559444668602","-0.010445869627849","-0.0204642017160874","0.0488910552860689","-0.010445869627849"
"2","50","0.365","-0.0192398752129362","0.0117118641567891","-0.0106064217137084","0.0248965206767023","0.0117118641567891"
"2","50","0.366","0.00655952707892182","0.032723159076404","0.000289588745293379","0.0333753860963458","0.032723159076404"
"2","50","0.367","0.0317168371573836","0.0505312831899657","0.0111572522402229","0.0606947495063984","0.0505312831899657"
"2","50","0.368","0.053769482230682","0.0633930532327412","0.0209327661487319","0.085720575803959","0.0633930532327412"
"2","50","0.369","0.0705587957492295","0.0700494695397223","0.0286592350594453","0.103473782160364","0.0700494695397223"
"2","50","0.37","0.0804413227278049","0.0698489557048023","0.033580338361908","0.111701934359932","0.0698489557048023"
"2","50","0.371","0.082449692570131","0.0628111394192052","0.0352143641775321","0.109467997535699","0.0628111394192052"
"2","50","0.372","0.0763873120429054","0.0496249311763146","0.033401362674557","0.097022194697458","0.0496249311763146"
"2","50","0.373","0.0628476091912218","0.0315810889126598","0.0283188030720182","0.0758230951979252","0.0315810889126598"
"2","50","0.374","0.0431559444668599","0.0104458696278488","0.0204642017160873","0.0488910552860686","0.0104458696278488"
"2","50","0.375","0.0192398752129371","-0.0117118641567884","0.0106064217137087","0.0248965206767027","-0.0117118641567884"
"2","50","0.376","-0.00655952707892211","-0.0327231590764042","-0.000289588745293499","0.033375386096346","-0.0327231590764042"
"2","50","0.377","-0.0317168371573838","-0.0505312831899658","-0.011157252240223","0.0606947495063987","-0.0505312831899658"
"2","50","0.378","-0.0537694822306822","-0.0633930532327413","-0.020932766148732","0.0857205758039592","-0.0633930532327413"
"2","50","0.379","-0.0705587957492296","-0.0700494695397224","-0.0286592350594453","0.103473782160364","-0.0700494695397224"
"2","50","0.38","-0.080441322727805","-0.0698489557048023","-0.033580338361908","0.111701934359932","-0.0698489557048023"
"2","50","0.381","-0.082449692570131","-0.0628111394192051","-0.0352143641775321","0.109467997535699","-0.0628111394192051"
"2","50","0.382","-0.0763873120429053","-0.0496249311763144","-0.033401362674557","0.0970221946974578","-0.0496249311763144"
"2","50","0.383","-0.0628476091912216","-0.0315810889126595","-0.0283188030720182","0.0758230951979249","-0.0315810889126595"
"2","50","0.384","-0.0431559444668597","-0.0104458696278485","-0.0204642017160872","0.0488910552860683","-0.0104458696278485"
"2","50","0.385","-0.0192398752129368","0.0117118641567886","-0.0106064217137086","0.0248965206767026","0.0117118641567886"
"2","50","0.386","0.00655952707892239","0.0327231590764044","0.000289588745293619","0.0333753860963463","0.0327231590764044"
"2","50","0.387","0.0317168371573841","0.050531283189966","0.0111572522402231","0.060694749506399","0.050531283189966"
"2","50","0.388","0.0537694822306824","0.0633930532327414","0.0209327661487321","0.0857205758039594","0.0633930532327414"
"2","50","0.389","0.0705587957492298","0.0700494695397224","0.0286592350594454","0.103473782160364","0.0700494695397224"
"2","50","0.39","0.080441322727805","0.0698489557048022","0.0335803383619081","0.111701934359932","0.0698489557048022"
"2","50","0.391","0.0824496925701309","0.062811139419205","0.0352143641775321","0.109467997535699","0.062811139419205"
"2","50","0.392","0.0763873120429052","0.0496249311763142","0.033401362674557","0.0970221946974577","0.0496249311763142"
"2","50","0.393","0.0628476091912215","0.0315810889126593","0.0283188030720181","0.0758230951979246","0.0315810889126593"
"2","50","0.394","0.0431559444668594","0.0104458696278483","0.0204642017160871","0.048891055286068","0.0104458696278483"
"2","50","0.395","0.0192398752129365","-0.0117118641567889","0.0106064217137085","0.0248965206767024","-0.0117118641567889"
"2","50","0.396","-0.00655952707892267","-0.0327231590764046","-0.00028958874529374","0.0333753860963466","-0.0327231590764046"
"2","50","0.397","-0.0317168371573844","-0.0505312831899662","-0.0111572522402232","0.0606947495063993","-0.0505312831899662"
"2","50","0.398","-0.0537694822306826","-0.0633930532327415","-0.0209327661487322","0.0857205758039597","-0.0633930532327415"
"2","50","0.399","-0.0705587957492299","-0.0700494695397224","-0.0286592350594455","0.103473782160365","-0.0700494695397224"
"2","50","0.4","-0.0804413227278051","-0.0698489557048022","-0.0335803383619081","0.111701934359932","-0.0698489557048022"
"2","50","0.401","-0.0824496925701309","-0.0628111394192049","-0.0352143641775321","0.109467997535699","-0.0628111394192049"
"2","50","0.402","-0.0763873120429051","-0.0496249311763141","-0.0334013626745569","0.0970221946974575","-0.0496249311763141"
"2","50","0.403","-0.0628476091912213","-0.0315810889126591","-0.028318803072018","0.0758230951979244","-0.0315810889126591"
"2","50","0.404","-0.0431559444668602","-0.0104458696278491","-0.0204642017160874","0.048891055286069","-0.0104458696278491"
"2","50","0.405","-0.0192398752129363","0.0117118641567891","-0.0106064217137084","0.0248965206767023","0.0117118641567891"
"2","50","0.406","0.00655952707892295","0.0327231590764049","0.00028958874529386","0.0333753860963468","0.0327231590764049"
"2","50","0.407","0.0317168371573846","0.0505312831899663","0.0111572522402233","0.0606947495063996","0.0505312831899663"
"2","50","0.408","0.0537694822306828","0.0633930532327416","0.0209327661487323","0.0857205758039599","0.0633930532327416"
"2","50","0.409","0.0705587957492294","0.0700494695397223","0.0286592350594453","0.103473782160364","0.0700494695397223"
"2","50","0.41","0.0804413227278052","0.0698489557048022","0.0335803383619081","0.111701934359932","0.0698489557048022"
"2","50","0.411","0.082449692570131","0.0628111394192052","0.0352143641775321","0.109467997535699","0.0628111394192052"
"2","50","0.412","0.076387312042905","0.0496249311763139","0.0334013626745569","0.0970221946974573","0.0496249311763139"
"2","50","0.413","0.0628476091912219","0.0315810889126598","0.0283188030720183","0.0758230951979252","0.0315810889126598"
"2","50","0.414","0.043155944466859","0.0104458696278478","0.0204642017160869","0.0488910552860674","0.0104458696278478"
"2","50","0.415","0.019239875212936","-0.0117118641567893","0.0106064217137083","0.0248965206767021","-0.0117118641567893"
"2","50","0.416","-0.00655952707892441","-0.032723159076406","-0.000289588745294483","0.0333753860963482","-0.032723159076406"
"2","50","0.417","-0.0317168371573827","-0.0505312831899651","-0.0111572522402225","0.0606947495063974","-0.0505312831899651"
"2","50","0.418","-0.0537694822306821","-0.0633930532327412","-0.020932766148732","0.0857205758039592","-0.0633930532327412"
"2","50","0.419","-0.070558795749229","-0.0700494695397222","-0.028659235059445","0.103473782160364","-0.0700494695397222"
"2","50","0.42","-0.080441322727805","-0.0698489557048023","-0.033580338361908","0.111701934359932","-0.0698489557048023"
"2","50","0.421","-0.0824496925701311","-0.0628111394192056","-0.0352143641775321","0.109467997535699","-0.0628111394192056"
"2","50","0.422","-0.0763873120429053","-0.0496249311763144","-0.033401362674557","0.0970221946974579","-0.0496249311763144"
"2","50","0.423","-0.0628476091912224","-0.0315810889126605","-0.0283188030720185","0.0758230951979261","-0.0315810889126605"
"2","50","0.424","-0.0431559444668597","-0.0104458696278486","-0.0204642017160872","0.0488910552860684","-0.0104458696278486"
"2","50","0.425","-0.0192398752129368","0.0117118641567886","-0.0106064217137086","0.0248965206767026","0.0117118641567886"
"2","50","0.426","0.00655952707892118","0.0327231590764035","0.000289588745293104","0.0333753860963452","0.0327231590764035"
"2","50","0.427","0.0317168371573841","0.050531283189966","0.0111572522402231","0.060694749506399","0.050531283189966"
"2","50","0.428","0.0537694822306815","0.0633930532327409","0.0209327661487317","0.0857205758039584","0.0633930532327409"
"2","50","0.429","0.0705587957492297","0.0700494695397224","0.0286592350594454","0.103473782160364","0.0700494695397224"
"2","50","0.43","0.0804413227278047","0.0698489557048024","0.0335803383619079","0.111701934359932","0.0698489557048024"
"2","50","0.431","0.082449692570131","0.062811139419205","0.0352143641775321","0.109467997535699","0.062811139419205"
"2","50","0.432","0.0763873120429057","0.049624931176315","0.0334013626745571","0.0970221946974585","0.049624931176315"
"2","50","0.433","0.0628476091912215","0.0315810889126594","0.0283188030720181","0.0758230951979247","0.0315810889126594"
"2","50","0.434","0.0431559444668605","0.0104458696278493","0.0204642017160875","0.0488910552860694","0.0104458696278493"
"2","50","0.435","0.0192398752129354","-0.0117118641567898","0.010606421713708","0.0248965206767018","-0.0117118641567898"
"2","50","0.436","-0.00655952707892263","-0.0327231590764046","-0.000289588745293725","0.0333753860963465","-0.0327231590764046"
"2","50","0.437","-0.0317168371573832","-0.0505312831899654","-0.0111572522402227","0.060694749506398","-0.0505312831899654"
"2","50","0.438","-0.0537694822306826","-0.0633930532327415","-0.0209327661487322","0.0857205758039596","-0.0633930532327415"
"2","50","0.439","-0.0705587957492293","-0.0700494695397223","-0.0286592350594452","0.103473782160364","-0.0700494695397223"
"2","50","0.44","-0.0804413227278051","-0.0698489557048022","-0.0335803383619081","0.111701934359932","-0.0698489557048022"
"2","50","0.441","-0.082449692570131","-0.0628111394192054","-0.0352143641775321","0.109467997535699","-0.0628111394192054"
"2","50","0.442","-0.0763873120429051","-0.0496249311763141","-0.0334013626745569","0.0970221946974575","-0.0496249311763141"
"2","50","0.443","-0.0628476091912221","-0.0315810889126601","-0.0283188030720183","0.0758230951979255","-0.0315810889126601"
"2","50","0.444","-0.0431559444668592","-0.0104458696278481","-0.020464201716087","0.0488910552860678","-0.0104458696278481"
"2","50","0.445","-0.0192398752129363","0.0117118641567891","-0.0106064217137084","0.0248965206767023","0.0117118641567891"
"2","50","0.446","0.00655952707892174","0.0327231590764039","0.000289588745293343","0.0333753860963457","0.0327231590764039"
"2","50","0.447","0.0317168371573846","0.0505312831899663","0.0111572522402233","0.0606947495063996","0.0505312831899663"
"2","50","0.448","0.0537694822306819","0.0633930532327411","0.0209327661487319","0.0857205758039589","0.0633930532327411"
"2","50","0.449","0.07055879574923","0.0700494695397225","0.0286592350594456","0.103473782160365","0.0700494695397225"
"2","50","0.45","0.0804413227278049","0.0698489557048023","0.033580338361908","0.111701934359932","0.0698489557048023"
"2","50","0.451","0.0824496925701309","0.0628111394192048","0.0352143641775321","0.109467997535699","0.0628111394192048"
"2","50","0.452","0.0763873120429054","0.0496249311763146","0.0334013626745571","0.0970221946974581","0.0496249311763146"
"2","50","0.453","0.0628476091912211","0.0315810889126589","0.028318803072018","0.0758230951979241","0.0315810889126589"
"2","50","0.454","0.04315594446686","0.0104458696278488","0.0204642017160873","0.0488910552860687","0.0104458696278488"
"2","50","0.455","0.0192398752129372","-0.0117118641567883","0.0106064217137088","0.0248965206767028","-0.0117118641567883"
"2","50","0.456","-0.0065595270789232","-0.032723159076405","-0.000289588745293966","0.0333753860963471","-0.032723159076405"
"2","50","0.457","-0.0317168371573838","-0.0505312831899658","-0.0111572522402229","0.0606947495063986","-0.0505312831899658"
"2","50","0.458","-0.053769482230683","-0.0633930532327417","-0.0209327661487324","0.0857205758039601","-0.0633930532327417"
"2","50","0.459","-0.0705587957492296","-0.0700494695397224","-0.0286592350594453","0.103473782160364","-0.0700494695397224"
"2","50","0.46","-0.0804413227278052","-0.0698489557048021","-0.0335803383619082","0.111701934359932","-0.0698489557048021"
"2","50","0.461","-0.082449692570131","-0.0628111394192051","-0.0352143641775321","0.109467997535699","-0.0628111394192051"
"2","50","0.462","-0.0763873120429049","-0.0496249311763138","-0.0334013626745569","0.0970221946974571","-0.0496249311763138"
"2","50","0.463","-0.0628476091912217","-0.0315810889126596","-0.0283188030720182","0.075823095197925","-0.0315810889126596"
"2","50","0.464","-0.0431559444668608","-0.0104458696278496","-0.0204642017160876","0.0488910552860697","-0.0104458696278496"
"2","50","0.465","-0.0192398752129357","0.0117118641567895","-0.0106064217137082","0.024896520676702","0.0117118641567895"
"2","50","0.466","0.00655952707892231","0.0327231590764044","0.000289588745293586","0.0333753860963462","0.0327231590764044"
"2","50","0.467","0.0317168371573851","0.0505312831899667","0.0111572522402235","0.0606947495064002","0.0505312831899667"
"2","50","0.468","0.0537694822306823","0.0633930532327413","0.0209327661487321","0.0857205758039594","0.0633930532327413"
"2","50","0.469","0.0705587957492303","0.0700494695397225","0.0286592350594457","0.103473782160365","0.0700494695397225"
"2","50","0.47","0.080441322727805","0.0698489557048023","0.033580338361908","0.111701934359932","0.0698489557048023"
"2","50","0.471","0.0824496925701309","0.0628111394192045","0.0352143641775321","0.109467997535699","0.0628111394192045"
"2","50","0.472","0.0763873120429052","0.0496249311763143","0.033401362674557","0.0970221946974577","0.0496249311763143"
"2","50","0.473","0.0628476091912207","0.0315810889126585","0.0283188030720178","0.0758230951979236","0.0315810889126585"
"2","50","0.474","0.0431559444668595","0.0104458696278484","0.0204642017160871","0.0488910552860681","0.0104458696278484"
"2","50","0.475","0.0192398752129366","-0.0117118641567888","0.0106064217137085","0.0248965206767025","-0.0117118641567888"
"2","50","0.476","-0.00655952707892377","-0.0327231590764055","-0.000289588745294207","0.0333753860963476","-0.0327231590764055"
"2","50","0.477","-0.0317168371573843","-0.0505312831899661","-0.0111572522402232","0.0606947495063992","-0.0505312831899661"
"2","50","0.478","-0.0537694822306834","-0.0633930532327419","-0.0209327661487326","0.0857205758039606","-0.0633930532327419"
"2","50","0.479","-0.0705587957492299","-0.0700494695397224","-0.0286592350594455","0.103473782160365","-0.0700494695397224"
"2","50","0.48","-0.0804413227278048","-0.0698489557048024","-0.0335803383619079","0.111701934359932","-0.0698489557048024"
"2","50","0.481","-0.0824496925701311","-0.0628111394192058","-0.0352143641775321","0.109467997535699","-0.0628111394192058"
"2","50","0.482","-0.0763873120429056","-0.0496249311763148","-0.0334013626745571","0.0970221946974583","-0.0496249311763148"
"2","50","0.483","-0.0628476091912229","-0.031581088912661","-0.0283188030720187","0.0758230951979267","-0.031581088912661"
"2","50","0.484","-0.0431559444668603","-0.0104458696278491","-0.0204642017160874","0.0488910552860691","-0.0104458696278491"
"2","50","0.485","-0.0192398752129375","0.011711864156788","-0.0106064217137089","0.024896520676703","0.011711864156788"
"2","50","0.486","0.00655952707892287","0.0327231590764048","0.000289588745293827","0.0333753860963468","0.0327231590764048"
"2","50","0.487","0.0317168371573835","0.0505312831899656","0.0111572522402228","0.0606947495063983","0.0505312831899656"
"2","50","0.488","0.0537694822306828","0.0633930532327416","0.0209327661487323","0.0857205758039598","0.0633930532327416"
"2","50","0.489","0.0705587957492294","0.0700494695397223","0.0286592350594453","0.103473782160364","0.0700494695397223"
"2","50","0.49","0.0804413227278051","0.0698489557048022","0.0335803383619081","0.111701934359932","0.0698489557048022"
"2","50","0.491","0.082449692570131","0.0628111394192052","0.0352143641775321","0.109467997535699","0.0628111394192052"
"2","50","0.492","0.0763873120429059","0.0496249311763154","0.0334013626745572","0.0970221946974589","0.0496249311763154"
"2","50","0.493","0.0628476091912219","0.0315810889126599","0.0283188030720183","0.0758230951979253","0.0315810889126599"
"2","50","0.494","0.043155944466861","0.0104458696278499","0.0204642017160877","0.0488910552860701","0.0104458696278499"
"2","50","0.495","0.0192398752129361","-0.0117118641567893","0.0106064217137083","0.0248965206767022","-0.0117118641567893"
"2","50","0.496","-0.00655952707892199","-0.0327231590764041","-0.000289588745293447","0.0333753860963459","-0.0327231590764041"
"2","50","0.497","-0.0317168371573848","-0.0505312831899665","-0.0111572522402234","0.0606947495063998","-0.0505312831899665"
"2","50","0.498","-0.0537694822306821","-0.0633930532327412","-0.020932766148732","0.0857205758039591","-0.0633930532327412"
"2","50","0.499","-0.0705587957492302","-0.0700494695397225","-0.0286592350594456","0.103473782160365","-0.0700494695397225"
"2","50","0.5","-0.0804413227278049","-0.0698489557048023","-0.033580338361908","0.111701934359932","-0.0698489557048023"
"2","50","0.501","-0.0824496925701311","-0.0628111394192056","-0.0352143641775321","0.109467997535699","-0.0628111394192056"
"2","50","0.502","-0.0763873120429054","-0.0496249311763145","-0.033401362674557","0.0970221946974579","-0.0496249311763145"
"2","50","0.503","-0.0628476091912225","-0.0315810889126605","-0.0283188030720185","0.0758230951979261","-0.0315810889126605"
"2","50","0.504","-0.0431559444668598","-0.0104458696278486","-0.0204642017160872","0.0488910552860685","-0.0104458696278486"
"2","50","0.505","-0.0192398752129369","0.0117118641567885","-0.0106064217137087","0.0248965206767027","0.0117118641567885"
"2","50","0.506","0.00655952707892344","0.0327231590764052","0.00028958874529407","0.0333753860963473","0.0327231590764052"
"2","50","0.507","0.031716837157384","0.0505312831899659","0.011157252240223","0.0606947495063989","0.0505312831899659"
"2","50","0.508","0.0537694822306832","0.0633930532327418","0.0209327661487325","0.0857205758039603","0.0633930532327418"
"2","50","0.509","0.0705587957492297","0.0700494695397224","0.0286592350594454","0.103473782160364","0.0700494695397224"
"2","50","0.51","0.0804413227278047","0.0698489557048024","0.0335803383619079","0.111701934359932","0.0698489557048024"
"2","50","0.511","0.082449692570131","0.062811139419205","0.0352143641775321","0.109467997535699","0.062811139419205"
"2","50","0.512","0.0763873120429057","0.049624931176315","0.0334013626745571","0.0970221946974585","0.049624931176315"
"2","50","0.513","0.0628476091912215","0.0315810889126594","0.0283188030720181","0.0758230951979247","0.0315810889126594"
"2","50","0.514","0.0431559444668606","0.0104458696278494","0.0204642017160875","0.0488910552860694","0.0104458696278494"
"2","50","0.515","0.0192398752129355","-0.0117118641567897","0.0106064217137081","0.0248965206767019","-0.0117118641567897"
"2","50","0.516","-0.00655952707892255","-0.0327231590764046","-0.00028958874529369","0.0333753860963465","-0.0327231590764046"
"2","50","0.517","-0.0317168371573853","-0.0505312831899668","-0.0111572522402236","0.0606947495064004","-0.0505312831899668"
"2","50","0.518","-0.0537694822306825","-0.0633930532327414","-0.0209327661487322","0.0857205758039596","-0.0633930532327414"
"2","50","0.519","-0.0705587957492305","-0.0700494695397226","-0.0286592350594457","0.103473782160365","-0.0700494695397226"
"2","50","0.52","-0.0804413227278051","-0.0698489557048022","-0.0335803383619081","0.111701934359932","-0.0698489557048022"
"2","50","0.521","-0.082449692570131","-0.0628111394192054","-0.0352143641775321","0.109467997535699","-0.0628111394192054"
"2","50","0.522","-0.0763873120429051","-0.0496249311763141","-0.0334013626745569","0.0970221946974576","-0.0496249311763141"
"2","50","0.523","-0.0628476091912221","-0.0315810889126601","-0.0283188030720184","0.0758230951979256","-0.0315810889126601"
"2","50","0.524","-0.0431559444668593","-0.0104458696278482","-0.020464201716087","0.0488910552860679","-0.0104458696278482"
"2","50","0.525","-0.0192398752129364","0.011711864156789","-0.0106064217137084","0.0248965206767024","0.011711864156789"
"2","50","0.526","0.006559527078924","0.0327231590764057","0.000289588745294309","0.0333753860963478","0.0327231590764057"
"2","50","0.527","0.0317168371573845","0.0505312831899663","0.0111572522402233","0.0606947495063995","0.0505312831899663"
"2","50","0.528","0.0537694822306836","0.063393053232742","0.0209327661487326","0.0857205758039608","0.063393053232742"
"2","50","0.529","0.07055879574923","0.0700494695397225","0.0286592350594455","0.103473782160365","0.0700494695397225"
"2","50","0.53","0.0804413227278049","0.0698489557048023","0.033580338361908","0.111701934359932","0.0698489557048023"
"2","50","0.531","0.0824496925701309","0.0628111394192048","0.0352143641775321","0.109467997535699","0.0628111394192048"
"2","50","0.532","0.0763873120429055","0.0496249311763147","0.0334013626745571","0.0970221946974582","0.0496249311763147"
"2","50","0.533","0.0628476091912212","0.031581088912659","0.028318803072018","0.0758230951979242","0.031581088912659"
"2","50","0.534","0.0431559444668601","0.0104458696278489","0.0204642017160873","0.0488910552860688","0.0104458696278489"
"2","50","0.535","0.019239875212935","-0.0117118641567902","0.0106064217137078","0.0248965206767016","-0.0117118641567902"
"2","50","0.536","-0.00655952707892312","-0.032723159076405","-0.000289588745293933","0.033375386096347","-0.032723159076405"
"2","50","0.537","-0.0317168371573859","-0.0505312831899671","-0.0111572522402238","0.060694749506401","-0.0505312831899671"
"2","50","0.538","-0.053769482230683","-0.0633930532327417","-0.0209327661487323","0.0857205758039601","-0.0633930532327417"
"2","50","0.539","-0.0705587957492295","-0.0700494695397223","-0.0286592350594453","0.103473782160364","-0.0700494695397223"
"2","50","0.54","-0.0804413227278052","-0.0698489557048022","-0.0335803383619081","0.111701934359932","-0.0698489557048022"
"2","50","0.541","-0.082449692570131","-0.0628111394192052","-0.0352143641775321","0.109467997535699","-0.0628111394192052"
"2","50","0.542","-0.0763873120429049","-0.0496249311763138","-0.0334013626745569","0.0970221946974572","-0.0496249311763138"
"2","50","0.543","-0.0628476091912218","-0.0315810889126597","-0.0283188030720182","0.0758230951979251","-0.0315810889126597"
"2","50","0.544","-0.0431559444668588","-0.0104458696278477","-0.0204642017160868","0.0488910552860672","-0.0104458696278477"
"2","50","0.545","-0.0192398752129358","0.0117118641567895","-0.0106064217137082","0.0248965206767021","0.0117118641567895"
"2","50","0.546","0.00655952707892457","0.0327231590764061","0.000289588745294552","0.0333753860963484","0.0327231590764061"
"2","50","0.547","0.031716837157385","0.0505312831899666","0.0111572522402235","0.0606947495064001","0.0505312831899666"
"2","50","0.548","0.0537694822306823","0.0633930532327413","0.020932766148732","0.0857205758039593","0.0633930532327413"
"2","50","0.549","0.0705587957492303","0.0700494695397225","0.0286592350594457","0.103473782160365","0.0700494695397225"
"2","50","0.55","0.080441322727805","0.0698489557048023","0.033580338361908","0.111701934359932","0.0698489557048023"
"2","50","0.551","0.0824496925701309","0.0628111394192046","0.0352143641775321","0.109467997535699","0.0628111394192046"
"2","50","0.552","0.0763873120429053","0.0496249311763143","0.033401362674557","0.0970221946974578","0.0496249311763143"
"2","50","0.553","0.0628476091912208","0.0315810889126586","0.0283188030720179","0.0758230951979237","0.0315810889126586"
"2","50","0.554","0.0431559444668596","0.0104458696278484","0.0204642017160871","0.0488910552860682","0.0104458696278484"
"2","50","0.555","0.0192398752129344","-0.0117118641567907","0.0106064217137076","0.0248965206767013","-0.0117118641567907"
"2","50","0.556","-0.00655952707892368","-0.0327231590764054","-0.00028958874529417","0.0333753860963475","-0.0327231590764054"
"2","50","0.557","-0.0317168371573864","-0.0505312831899675","-0.0111572522402241","0.0606947495064016","-0.0505312831899675"
"2","50","0.558","-0.0537694822306834","-0.0633930532327419","-0.0209327661487325","0.0857205758039605","-0.0633930532327419"
"2","50","0.559","-0.0705587957492298","-0.0700494695397224","-0.0286592350594454","0.103473782160365","-0.0700494695397224"
"2","50","0.56","-0.0804413227278053","-0.0698489557048021","-0.0335803383619082","0.111701934359932","-0.0698489557048021"
"2","50","0.561","-0.0824496925701309","-0.0628111394192049","-0.0352143641775321","0.109467997535699","-0.0628111394192049"
"2","50","0.562","-0.0763873120429047","-0.0496249311763135","-0.0334013626745568","0.0970221946974568","-0.0496249311763135"
"2","50","0.563","-0.0628476091912214","-0.0315810889126592","-0.0283188030720181","0.0758230951979245","-0.0315810889126592"
"2","50","0.564","-0.0431559444668583","-0.0104458696278472","-0.0204642017160866","0.0488910552860666","-0.0104458696278472"
"2","50","0.565","-0.0192398752129353","0.0117118641567899","-0.010606421713708","0.0248965206767018","0.0117118641567899"
"2","50","0.566","0.00655952707892514","0.0327231590764065","0.000289588745294793","0.0333753860963489","0.0327231590764065"
"2","50","0.567","0.0317168371573856","0.050531283189967","0.0111572522402237","0.0606947495064007","0.050531283189967"
"2","50","0.568","0.0537694822306827","0.0633930532327415","0.0209327661487322","0.0857205758039598","0.0633930532327415"
"2","50","0.569","0.0705587957492306","0.0700494695397226","0.0286592350594458","0.103473782160365","0.0700494695397226"
"2","50","0.57","0.0804413227278051","0.0698489557048022","0.0335803383619081","0.111701934359932","0.0698489557048022"
"2","50","0.571","0.0824496925701308","0.0628111394192044","0.0352143641775321","0.109467997535698","0.0628111394192044"
"2","50","0.572","0.076387312042905","0.049624931176314","0.0334013626745569","0.0970221946974574","0.049624931176314"
"2","50","0.573","0.0628476091912204","0.0315810889126581","0.0283188030720177","0.0758230951979231","0.0315810889126581"
"2","50","0.574","0.0431559444668591","0.0104458696278479","0.0204642017160869","0.0488910552860676","0.0104458696278479"
"2","50","0.575","0.0192398752129339","-0.0117118641567912","0.0106064217137074","0.024896520676701","-0.0117118641567912"
"2","50","0.576","-0.00655952707892425","-0.0327231590764058","-0.000289588745294413","0.0333753860963481","-0.0327231590764058"
"2","50","0.577","-0.0317168371573826","-0.050531283189965","-0.0111572522402224","0.0606947495063973","-0.050531283189965"
"2","50","0.578","-0.053769482230682","-0.0633930532327412","-0.0209327661487319","0.085720575803959","-0.0633930532327412"
"2","50","0.579","-0.0705587957492289","-0.0700494695397222","-0.028659235059445","0.103473782160364","-0.0700494695397222"
"2","50","0.58","-0.0804413227278049","-0.0698489557048023","-0.033580338361908","0.111701934359932","-0.0698489557048023"
"2","50","0.581","-0.0824496925701311","-0.0628111394192056","-0.0352143641775321","0.109467997535699","-0.0628111394192056"
"2","50","0.582","-0.0763873120429063","-0.049624931176316","-0.0334013626745574","0.0970221946974596","-0.049624931176316"
"2","50","0.583","-0.0628476091912225","-0.0315810889126606","-0.0283188030720185","0.0758230951979262","-0.0315810889126606"
"2","50","0.584","-0.0431559444668619","-0.0104458696278507","-0.0204642017160881","0.0488910552860711","-0.0104458696278507"
"2","50","0.585","-0.019239875212937","0.0117118641567884","-0.0106064217137087","0.0248965206767027","0.0117118641567884"
"2","50","0.586","0.00655952707892101","0.0327231590764034","0.000289588745293032","0.033375386096345","0.0327231590764034"
"2","50","0.587","0.0317168371573839","0.0505312831899659","0.011157252240223","0.0606947495063988","0.0505312831899659"
"2","50","0.588","0.0537694822306813","0.0633930532327408","0.0209327661487316","0.0857205758039583","0.0633930532327408"
"2","50","0.589","0.0705587957492297","0.0700494695397224","0.0286592350594454","0.103473782160364","0.0700494695397224"
"2","50","0.59","0.0804413227278047","0.0698489557048024","0.0335803383619079","0.111701934359932","0.0698489557048024"
"2","50","0.591","0.082449692570131","0.0628111394192051","0.0352143641775321","0.109467997535699","0.0628111394192051"
"2","50","0.592","0.0763873120429057","0.0496249311763151","0.0334013626745572","0.0970221946974586","0.0496249311763151"
"2","50","0.593","0.0628476091912231","0.0315810889126613","0.0283188030720188","0.0758230951979271","0.0315810889126613"
"2","50","0.594","0.0431559444668606","0.0104458696278495","0.0204642017160876","0.0488910552860695","0.0104458696278495"
"2","50","0.595","0.0192398752129379","-0.0117118641567877","0.0106064217137091","0.0248965206767032","-0.0117118641567877"
"2","50","0.596","-0.00655952707892247","-0.0327231590764045","-0.000289588745293655","0.0333753860963464","-0.0327231590764045"
"2","50","0.597","-0.0317168371573831","-0.0505312831899654","-0.0111572522402226","0.0606947495063979","-0.0505312831899654"
"2","50","0.598","-0.0537694822306825","-0.0633930532327414","-0.0209327661487321","0.0857205758039595","-0.0633930532327414"
"2","50","0.599","-0.0705587957492292","-0.0700494695397223","-0.0286592350594451","0.103473782160364","-0.0700494695397223"
"2","50","0.6","-0.080441322727805","-0.0698489557048022","-0.0335803383619081","0.111701934359932","-0.0698489557048022"
"2","50","0.601","-0.082449692570131","-0.0628111394192054","-0.0352143641775321","0.109467997535699","-0.0628111394192054"
"2","50","0.602","-0.0763873120429061","-0.0496249311763156","-0.0334013626745573","0.0970221946974592","-0.0496249311763156"
"2","50","0.603","-0.0628476091912222","-0.0315810889126602","-0.0283188030720184","0.0758230951979257","-0.0315810889126602"
"2","50","0.604","-0.0431559444668614","-0.0104458696278502","-0.0204642017160879","0.0488910552860705","-0.0104458696278502"
"2","50","0.605","-0.0192398752129365","0.0117118641567889","-0.0106064217137085","0.0248965206767024","0.0117118641567889"
"2","50","0.606","0.00655952707892158","0.0327231590764038","0.000289588745293274","0.0333753860963455","0.0327231590764038"
"2","50","0.607","0.0317168371573844","0.0505312831899662","0.0111572522402232","0.0606947495063994","0.0505312831899662"
"2","50","0.608","0.0537694822306818","0.0633930532327411","0.0209327661487318","0.0857205758039587","0.0633930532327411"
"2","50","0.609","0.0705587957492299","0.0700494695397224","0.0286592350594455","0.103473782160365","0.0700494695397224"
"2","50","0.61","0.0804413227278048","0.0698489557048024","0.0335803383619079","0.111701934359932","0.0698489557048024"
"2","50","0.611","0.0824496925701311","0.0628111394192058","0.0352143641775321","0.109467997535699","0.0628111394192058"
"2","50","0.612","0.0763873120429055","0.0496249311763147","0.0334013626745571","0.0970221946974582","0.0496249311763147"
"2","50","0.613","0.0628476091912227","0.0315810889126608","0.0283188030720186","0.0758230951979265","0.0315810889126608"
"2","50","0.614","0.0431559444668601","0.010445869627849","0.0204642017160874","0.0488910552860689","0.010445869627849"
"2","50","0.615","0.0192398752129373","-0.0117118641567882","0.0106064217137088","0.0248965206767029","-0.0117118641567882"
"2","50","0.616","-0.00655952707892303","-0.0327231590764049","-0.000289588745293896","0.0333753860963469","-0.0327231590764049"
"2","50","0.617","-0.0317168371573836","-0.0505312831899657","-0.0111572522402229","0.0606947495063985","-0.0505312831899657"
"2","50","0.618","-0.0537694822306829","-0.0633930532327416","-0.0209327661487323","0.08572057580396","-0.0633930532327416"
"2","50","0.619","-0.0705587957492295","-0.0700494695397223","-0.0286592350594453","0.103473782160364","-0.0700494695397223"
"2","50","0.62","-0.0804413227278052","-0.0698489557048022","-0.0335803383619081","0.111701934359932","-0.0698489557048022"
"2","50","0.621","-0.082449692570131","-0.0628111394192052","-0.0352143641775321","0.109467997535699","-0.0628111394192052"
"2","50","0.622","-0.0763873120429059","-0.0496249311763153","-0.0334013626745572","0.0970221946974588","-0.0496249311763153"
"2","50","0.623","-0.0628476091912218","-0.0315810889126597","-0.0283188030720182","0.0758230951979251","-0.0315810889126597"
"2","50","0.624","-0.0431559444668609","-0.0104458696278497","-0.0204642017160877","0.0488910552860699","-0.0104458696278497"
"2","50","0.625","-0.0192398752129359","0.0117118641567894","-0.0106064217137082","0.0248965206767021","0.0117118641567894"
"2","50","0.626","0.00655952707892215","0.0327231590764042","0.000289588745293516","0.0333753860963461","0.0327231590764042"
"2","50","0.627","0.031716837157385","0.0505312831899666","0.0111572522402235","0.0606947495064","0.0505312831899666"
"2","50","0.628","0.0537694822306822","0.0633930532327413","0.020932766148732","0.0857205758039592","0.0633930532327413"
"2","50","0.629","0.0705587957492303","0.0700494695397225","0.0286592350594457","0.103473782160365","0.0700494695397225"
"2","50","0.63","0.080441322727805","0.0698489557048023","0.033580338361908","0.111701934359932","0.0698489557048023"
"2","50","0.631","0.0824496925701311","0.0628111394192055","0.0352143641775321","0.109467997535699","0.0628111394192055"
"2","50","0.632","0.0763873120429053","0.0496249311763144","0.033401362674557","0.0970221946974578","0.0496249311763144"
"2","50","0.633","0.0628476091912224","0.0315810889126604","0.0283188030720185","0.075823095197926","0.0315810889126604"
"2","50","0.634","0.0431559444668596","0.0104458696278485","0.0204642017160872","0.0488910552860683","0.0104458696278485"
"2","50","0.635","0.0192398752129368","-0.0117118641567886","0.0106064217137086","0.0248965206767026","-0.0117118641567886"
"2","50","0.636","-0.0065595270789236","-0.0327231590764053","-0.000289588745294136","0.0333753860963475","-0.0327231590764053"
"2","50","0.637","-0.0317168371573841","-0.050531283189966","-0.0111572522402231","0.0606947495063991","-0.050531283189966"
"2","50","0.638","-0.0537694822306833","-0.0633930532327418","-0.0209327661487325","0.0857205758039605","-0.0633930532327418"
"2","50","0.639","-0.0705587957492298","-0.0700494695397224","-0.0286592350594454","0.103473782160365","-0.0700494695397224"
"2","50","0.64","-0.0804413227278048","-0.0698489557048024","-0.0335803383619079","0.111701934359932","-0.0698489557048024"
"2","50","0.641","-0.082449692570131","-0.062811139419205","-0.0352143641775321","0.109467997535699","-0.062811139419205"
"2","50","0.642","-0.0763873120429057","-0.0496249311763149","-0.0334013626745571","0.0970221946974584","-0.0496249311763149"
"2","50","0.643","-0.0628476091912214","-0.0315810889126593","-0.0283188030720181","0.0758230951979246","-0.0315810889126593"
"2","50","0.644","-0.0431559444668604","-0.0104458696278493","-0.0204642017160875","0.0488910552860693","-0.0104458696278493"
"2","50","0.645","-0.0192398752129354","0.0117118641567899","-0.010606421713708","0.0248965206767018","0.0117118641567899"
"2","50","0.646","0.00655952707892271","0.0327231590764047","0.000289588745293758","0.0333753860963466","0.0327231590764047"
"2","50","0.647","0.0317168371573855","0.0505312831899669","0.0111572522402237","0.0606947495064006","0.0505312831899669"
"2","50","0.648","0.0537694822306826","0.0633930532327415","0.0209327661487322","0.0857205758039597","0.0633930532327415"
"2","50","0.649","0.0705587957492293","0.0700494695397223","0.0286592350594452","0.103473782160364","0.0700494695397223"
"2","50","0.65","0.0804413227278051","0.0698489557048022","0.0335803383619081","0.111701934359932","0.0698489557048022"
"2","50","0.651","0.082449692570131","0.0628111394192053","0.0352143641775321","0.109467997535699","0.0628111394192053"
"2","50","0.652","0.0763873120429051","0.049624931176314","0.0334013626745569","0.0970221946974574","0.049624931176314"
"2","50","0.653","0.062847609191222","0.03158108891266","0.0283188030720183","0.0758230951979254","0.03158108891266"
"2","50","0.654","0.0431559444668592","0.010445869627848","0.020464201716087","0.0488910552860677","0.010445869627848"
"2","50","0.655","0.0192398752129362","-0.0117118641567891","0.0106064217137084","0.0248965206767023","-0.0117118641567891"
"2","50","0.656","-0.00655952707892417","-0.0327231590764058","-0.000289588745294379","0.033375386096348","-0.0327231590764058"
"2","50","0.657","-0.0317168371573847","-0.0505312831899664","-0.0111572522402233","0.0606947495063997","-0.0505312831899664"
"2","50","0.658","-0.0537694822306838","-0.0633930532327421","-0.0209327661487327","0.0857205758039609","-0.0633930532327421"
"2","50","0.659","-0.0705587957492301","-0.0700494695397225","-0.0286592350594456","0.103473782160365","-0.0700494695397225"
"2","50","0.66","-0.0804413227278049","-0.0698489557048023","-0.033580338361908","0.111701934359932","-0.0698489557048023"
"2","50","0.661","-0.0824496925701309","-0.0628111394192047","-0.0352143641775321","0.109467997535699","-0.0628111394192047"
"2","50","0.662","-0.0763873120429054","-0.0496249311763146","-0.033401362674557","0.097022194697458","-0.0496249311763146"
"2","50","0.663","-0.0628476091912211","-0.0315810889126589","-0.028318803072018","0.075823095197924","-0.0315810889126589"
"2","50","0.664","-0.0431559444668599","-0.0104458696278488","-0.0204642017160873","0.0488910552860686","-0.0104458696278488"
"2","50","0.665","-0.0192398752129348","0.0117118641567904","-0.0106064217137078","0.0248965206767015","0.0117118641567904"
"2","50","0.666","0.00655952707892328","0.0327231590764051","0.000289588745293999","0.0333753860963471","0.0327231590764051"
"2","50","0.667","0.031716837157386","0.0505312831899672","0.0111572522402239","0.0606947495064012","0.0505312831899672"
"2","50","0.668","0.0537694822306831","0.0633930532327417","0.0209327661487324","0.0857205758039602","0.0633930532327417"
"2","50","0.669","0.0705587957492296","0.0700494695397224","0.0286592350594453","0.103473782160364","0.0700494695397224"
"2","50","0.67","0.0804413227278052","0.0698489557048021","0.0335803383619082","0.111701934359932","0.0698489557048021"
"2","50","0.671","0.082449692570131","0.0628111394192051","0.0352143641775321","0.109467997535699","0.0628111394192051"
"2","50","0.672","0.0763873120429049","0.0496249311763137","0.0334013626745568","0.0970221946974571","0.0496249311763137"
"2","50","0.673","0.0628476091912216","0.0315810889126595","0.0283188030720182","0.0758230951979249","0.0315810889126595"
"2","50","0.674","0.0431559444668587","0.0104458696278475","0.0204642017160868","0.0488910552860671","0.0104458696278475"
"2","50","0.675","0.0192398752129357","-0.0117118641567896","0.0106064217137081","0.024896520676702","-0.0117118641567896"
"2","50","0.676","-0.00655952707892473","-0.0327231590764062","-0.00028958874529462","0.0333753860963485","-0.0327231590764062"
"2","50","0.677","-0.0317168371573852","-0.0505312831899667","-0.0111572522402236","0.0606947495064003","-0.0505312831899667"
"2","50","0.678","-0.0537694822306824","-0.0633930532327414","-0.0209327661487321","0.0857205758039594","-0.0633930532327414"
"2","50","0.679","-0.0705587957492304","-0.0700494695397225","-0.0286592350594457","0.103473782160365","-0.0700494695397225"
"2","50","0.68","-0.080441322727805","-0.0698489557048022","-0.0335803383619081","0.111701934359932","-0.0698489557048022"
"2","50","0.681","-0.0824496925701309","-0.0628111394192045","-0.0352143641775321","0.109467997535699","-0.0628111394192045"
"2","50","0.682","-0.0763873120429052","-0.0496249311763142","-0.033401362674557","0.0970221946974577","-0.0496249311763142"
"2","50","0.683","-0.0628476091912207","-0.0315810889126584","-0.0283188030720178","0.0758230951979235","-0.0315810889126584"
"2","50","0.684","-0.0431559444668594","-0.0104458696278483","-0.0204642017160871","0.048891055286068","-0.0104458696278483"
"2","50","0.685","-0.0192398752129343","0.0117118641567908","-0.0106064217137075","0.0248965206767012","0.0117118641567908"
"2","50","0.686","0.00655952707892385","0.0327231590764055","0.000289588745294242","0.0333753860963477","0.0327231590764055"
"2","50","0.687","0.0317168371573865","0.0505312831899676","0.0111572522402241","0.0606947495064018","0.0505312831899676"
"2","50","0.688","0.0537694822306835","0.0633930532327419","0.0209327661487326","0.0857205758039607","0.0633930532327419"
"2","50","0.689","0.0705587957492299","0.0700494695397224","0.0286592350594455","0.103473782160365","0.0700494695397224"
"2","50","0.69","0.0804413227278054","0.069848955704802","0.0335803383619082","0.111701934359932","0.069848955704802"
"2","50","0.691","0.0824496925701309","0.0628111394192049","0.0352143641775321","0.109467997535699","0.0628111394192049"
"2","50","0.692","0.0763873120429047","0.0496249311763134","0.0334013626745568","0.0970221946974567","0.0496249311763134"
"2","50","0.693","0.0628476091912213","0.0315810889126591","0.028318803072018","0.0758230951979244","0.0315810889126591"
"2","50","0.694","0.0431559444668582","0.0104458696278471","0.0204642017160866","0.0488910552860665","0.0104458696278471"
"2","50","0.695","0.0192398752129351","-0.0117118641567901","0.0106064217137079","0.0248965206767017","-0.0117118641567901"
"2","50","0.696","-0.0065595270789253","-0.0327231590764066","-0.000289588745294863","0.0333753860963491","-0.0327231590764066"
"2","50","0.697","-0.0317168371573857","-0.0505312831899671","-0.0111572522402238","0.0606947495064009","-0.0505312831899671"
"2","50","0.698","-0.0537694822306828","-0.0633930532327416","-0.0209327661487323","0.0857205758039599","-0.0633930532327416"
"2","50","0.699","-0.0705587957492307","-0.0700494695397226","-0.0286592350594458","0.103473782160365","-0.0700494695397226"
"2","50","0.7","-0.0804413227278052","-0.0698489557048022","-0.0335803383619081","0.111701934359932","-0.0698489557048022"
"2","50","0.701","-0.0824496925701308","-0.0628111394192043","-0.0352143641775321","0.109467997535698","-0.0628111394192043"
"2","50","0.702","-0.076387312042905","-0.0496249311763139","-0.0334013626745569","0.0970221946974573","-0.0496249311763139"
"2","50","0.703","-0.0628476091912203","-0.031581088912658","-0.0283188030720177","0.0758230951979229","-0.031581088912658"
"2","50","0.704","-0.043155944466861","-0.0104458696278498","-0.0204642017160877","0.0488910552860699","-0.0104458696278498"
"2","50","0.705","-0.0192398752129383","0.0117118641567873","-0.0106064217137092","0.0248965206767034","0.0117118641567873"
"2","50","0.706","0.00655952707892206","0.0327231590764042","0.00028958874529348","0.033375386096346","0.0327231590764042"
"2","50","0.707","0.0317168371573827","0.0505312831899651","0.0111572522402225","0.0606947495063974","0.0505312831899651"
"2","50","0.708","0.0537694822306821","0.0633930532327412","0.020932766148732","0.0857205758039592","0.0633930532327412"
"2","50","0.709","0.070558795749229","0.0700494695397222","0.028659235059445","0.103473782160364","0.0700494695397222"
"2","50","0.71","0.080441322727805","0.0698489557048023","0.033580338361908","0.111701934359932","0.0698489557048023"
"2","50","0.711","0.0824496925701311","0.0628111394192056","0.0352143641775321","0.109467997535699","0.0628111394192056"
"2","50","0.712","0.0763873120429062","0.0496249311763159","0.0334013626745573","0.0970221946974594","0.0496249311763159"
"2","50","0.713","0.0628476091912224","0.0315810889126605","0.0283188030720185","0.0758230951979261","0.0315810889126605"
"2","50","0.714","0.0431559444668617","0.0104458696278506","0.020464201716088","0.0488910552860709","0.0104458696278506"
"2","50","0.715","0.0192398752129368","-0.0117118641567886","0.0106064217137086","0.0248965206767026","-0.0117118641567886"
"2","50","0.716","-0.00655952707892118","-0.0327231590764035","-0.000289588745293104","0.0333753860963452","-0.0327231590764035"
"2","50","0.717","-0.0317168371573841","-0.050531283189966","-0.0111572522402231","0.060694749506399","-0.050531283189966"
"2","50","0.718","-0.0537694822306815","-0.0633930532327409","-0.0209327661487317","0.0857205758039584","-0.0633930532327409"
"2","50","0.719","-0.0705587957492297","-0.0700494695397224","-0.0286592350594454","0.103473782160364","-0.0700494695397224"
"2","50","0.72","-0.0804413227278047","-0.0698489557048024","-0.0335803383619079","0.111701934359932","-0.0698489557048024"
"2","50","0.721","-0.082449692570131","-0.062811139419205","-0.0352143641775321","0.109467997535699","-0.062811139419205"
"2","50","0.722","-0.0763873120429057","-0.049624931176315","-0.0334013626745571","0.0970221946974585","-0.049624931176315"
"2","50","0.723","-0.062847609191223","-0.0315810889126612","-0.0283188030720187","0.0758230951979269","-0.0315810889126612"
"2","50","0.724","-0.0431559444668605","-0.0104458696278493","-0.0204642017160875","0.0488910552860694","-0.0104458696278493"
"2","50","0.725","-0.0192398752129377","0.0117118641567878","-0.010606421713709","0.0248965206767031","0.0117118641567878"
"2","50","0.726","0.00655952707892263","0.0327231590764046","0.000289588745293725","0.0333753860963465","0.0327231590764046"
"2","50","0.727","0.0317168371573832","0.0505312831899654","0.0111572522402227","0.060694749506398","0.0505312831899654"
"2","50","0.728","0.0537694822306826","0.0633930532327415","0.0209327661487322","0.0857205758039596","0.0633930532327415"
"2","50","0.729","0.0705587957492293","0.0700494695397223","0.0286592350594452","0.103473782160364","0.0700494695397223"
"2","50","0.73","0.0804413227278051","0.0698489557048022","0.0335803383619081","0.111701934359932","0.0698489557048022"
"2","50","0.731","0.082449692570131","0.0628111394192054","0.0352143641775321","0.109467997535699","0.0628111394192054"
"2","50","0.732","0.076387312042906","0.0496249311763155","0.0334013626745573","0.0970221946974591","0.0496249311763155"
"2","50","0.733","0.0628476091912221","0.0315810889126601","0.0283188030720183","0.0758230951979255","0.0315810889126601"
"2","50","0.734","0.0431559444668612","0.0104458696278501","0.0204642017160878","0.0488910552860703","0.0104458696278501"
"2","50","0.735","0.0192398752129363","-0.0117118641567891","0.0106064217137084","0.0248965206767023","-0.0117118641567891"
"2","50","0.736","-0.00655952707892174","-0.0327231590764039","-0.000289588745293343","0.0333753860963457","-0.0327231590764039"
"2","50","0.737","-0.0317168371573846","-0.0505312831899663","-0.0111572522402233","0.0606947495063996","-0.0505312831899663"
"2","50","0.738","-0.0537694822306819","-0.0633930532327411","-0.0209327661487319","0.0857205758039589","-0.0633930532327411"
"2","50","0.739","-0.07055879574923","-0.0700494695397225","-0.0286592350594456","0.103473782160365","-0.0700494695397225"
"2","50","0.74","-0.0804413227278049","-0.0698489557048023","-0.033580338361908","0.111701934359932","-0.0698489557048023"
"2","50","0.741","-0.0824496925701311","-0.0628111394192057","-0.0352143641775321","0.109467997535699","-0.0628111394192057"
"2","50","0.742","-0.0763873120429054","-0.0496249311763146","-0.0334013626745571","0.0970221946974581","-0.0496249311763146"
"2","50","0.743","-0.0628476091912226","-0.0315810889126607","-0.0283188030720186","0.0758230951979264","-0.0315810889126607"
"2","50","0.744","-0.04315594446686","-0.0104458696278488","-0.0204642017160873","0.0488910552860687","-0.0104458696278488"
"2","50","0.745","-0.0192398752129372","0.0117118641567883","-0.0106064217137088","0.0248965206767028","0.0117118641567883"
"2","50","0.746","0.0065595270789232","0.032723159076405","0.000289588745293966","0.0333753860963471","0.032723159076405"
"2","50","0.747","0.0317168371573838","0.0505312831899658","0.0111572522402229","0.0606947495063986","0.0505312831899658"
"2","50","0.748","0.053769482230683","0.0633930532327417","0.0209327661487324","0.0857205758039601","0.0633930532327417"
"2","50","0.749","0.0705587957492296","0.0700494695397223","0.0286592350594453","0.103473782160364","0.0700494695397223"
"2","50","0.75","0.0804413227278047","0.0698489557048025","0.0335803383619079","0.111701934359932","0.0698489557048025"
"2","50","0.751","0.082449692570131","0.0628111394192051","0.0352143641775321","0.109467997535699","0.0628111394192051"
"2","50","0.752","0.0763873120429058","0.0496249311763152","0.0334013626745572","0.0970221946974587","0.0496249311763152"
"2","50","0.753","0.0628476091912217","0.0315810889126596","0.0283188030720182","0.075823095197925","0.0315810889126596"
"2","50","0.754","0.0431559444668608","0.0104458696278496","0.0204642017160876","0.0488910552860697","0.0104458696278496"
"2","50","0.755","0.0192398752129357","-0.0117118641567895","0.0106064217137082","0.024896520676702","-0.0117118641567895"
"2","50","0.756","-0.00655952707892231","-0.0327231590764044","-0.000289588745293586","0.0333753860963462","-0.0327231590764044"
"2","50","0.757","-0.0317168371573851","-0.0505312831899667","-0.0111572522402235","0.0606947495064002","-0.0505312831899667"
"2","50","0.758","-0.0537694822306823","-0.0633930532327413","-0.0209327661487321","0.0857205758039594","-0.0633930532327413"
"2","50","0.759","-0.0705587957492303","-0.0700494695397225","-0.0286592350594457","0.103473782160365","-0.0700494695397225"
"2","50","0.76","-0.080441322727805","-0.0698489557048023","-0.033580338361908","0.111701934359932","-0.0698489557048023"
"2","50","0.761","-0.082449692570131","-0.0628111394192055","-0.0352143641775321","0.109467997535699","-0.0628111394192055"
"2","50","0.762","-0.0763873120429052","-0.0496249311763143","-0.033401362674557","0.0970221946974577","-0.0496249311763143"
"2","50","0.763","-0.0628476091912223","-0.0315810889126603","-0.0283188030720184","0.0758230951979258","-0.0315810889126603"
"2","50","0.764","-0.0431559444668595","-0.0104458696278484","-0.0204642017160871","0.0488910552860681","-0.0104458696278484"
"2","50","0.765","-0.0192398752129366","0.0117118641567888","-0.0106064217137085","0.0248965206767025","0.0117118641567888"
"2","50","0.766","0.00655952707892377","0.0327231590764055","0.000289588745294207","0.0333753860963476","0.0327231590764055"
"2","50","0.767","0.0317168371573843","0.0505312831899661","0.0111572522402232","0.0606947495063992","0.0505312831899661"
"2","50","0.768","0.0537694822306834","0.0633930532327419","0.0209327661487326","0.0857205758039606","0.0633930532327419"
"2","50","0.769","0.0705587957492299","0.0700494695397224","0.0286592350594455","0.103473782160365","0.0700494695397224"
"2","50","0.77","0.0804413227278048","0.0698489557048024","0.0335803383619079","0.111701934359932","0.0698489557048024"
"2","50","0.771","0.0824496925701309","0.0628111394192049","0.0352143641775321","0.109467997535699","0.0628111394192049"
"2","50","0.772","0.0763873120429056","0.0496249311763148","0.0334013626745571","0.0970221946974583","0.0496249311763148"
"2","50","0.773","0.0628476091912213","0.0315810889126592","0.0283188030720181","0.0758230951979244","0.0315810889126592"
"2","50","0.774","0.0431559444668603","0.0104458696278491","0.0204642017160874","0.0488910552860691","0.0104458696278491"
"2","50","0.775","0.0192398752129352","-0.01171186415679","0.0106064217137079","0.0248965206767017","-0.01171186415679"
"2","50","0.776","-0.00655952707892287","-0.0327231590764048","-0.000289588745293827","0.0333753860963468","-0.0327231590764048"
"2","50","0.777","-0.0317168371573856","-0.050531283189967","-0.0111572522402238","0.0606947495064008","-0.050531283189967"
"2","50","0.778","-0.0537694822306828","-0.0633930532327416","-0.0209327661487323","0.0857205758039598","-0.0633930532327416"
"2","50","0.779","-0.0705587957492294","-0.0700494695397223","-0.0286592350594453","0.103473782160364","-0.0700494695397223"
"2","50","0.78","-0.0804413227278051","-0.0698489557048022","-0.0335803383619081","0.111701934359932","-0.0698489557048022"
"2","50","0.781","-0.082449692570131","-0.0628111394192052","-0.0352143641775321","0.109467997535699","-0.0628111394192052"
"2","50","0.782","-0.076387312042905","-0.0496249311763139","-0.0334013626745569","0.0970221946974573","-0.0496249311763139"
"2","50","0.783","-0.0628476091912219","-0.0315810889126599","-0.0283188030720183","0.0758230951979253","-0.0315810889126599"
"2","50","0.784","-0.043155944466859","-0.0104458696278479","-0.0204642017160869","0.0488910552860675","-0.0104458696278479"
"2","50","0.785","-0.0192398752129361","0.0117118641567893","-0.0106064217137083","0.0248965206767022","0.0117118641567893"
"2","50","0.786","0.00655952707892432","0.0327231590764059","0.000289588745294446","0.0333753860963481","0.0327231590764059"
"2","50","0.787","0.0317168371573848","0.0505312831899665","0.0111572522402234","0.0606947495063998","0.0505312831899665"
"2","50","0.788","0.0537694822306839","0.0633930532327421","0.0209327661487328","0.0857205758039611","0.0633930532327421"
"2","50","0.789","0.0705587957492302","0.0700494695397225","0.0286592350594456","0.103473782160365","0.0700494695397225"
"2","50","0.79","0.0804413227278049","0.0698489557048023","0.033580338361908","0.111701934359932","0.0698489557048023"
"2","50","0.791","0.0824496925701309","0.0628111394192047","0.0352143641775321","0.109467997535699","0.0628111394192047"
"2","50","0.792","0.0763873120429054","0.0496249311763145","0.033401362674557","0.0970221946974579","0.0496249311763145"
"2","50","0.793","0.062847609191221","0.0315810889126587","0.0283188030720179","0.0758230951979239","0.0315810889126587"
"2","50","0.794","0.0431559444668598","0.0104458696278486","0.0204642017160872","0.0488910552860685","0.0104458696278486"
"2","50","0.795","0.0192398752129346","-0.0117118641567905","0.0106064217137077","0.0248965206767014","-0.0117118641567905"
"2","50","0.796","-0.00655952707892344","-0.0327231590764052","-0.00028958874529407","0.0333753860963473","-0.0327231590764052"
"2","50","0.797","-0.0317168371573862","-0.0505312831899674","-0.011157252240224","0.0606947495064014","-0.0505312831899674"
"2","50","0.798","-0.0537694822306832","-0.0633930532327418","-0.0209327661487325","0.0857205758039603","-0.0633930532327418"
"2","50","0.799","-0.0705587957492297","-0.0700494695397224","-0.0286592350594454","0.103473782160364","-0.0700494695397224"
"2","50","0.8","-0.0804413227278053","-0.0698489557048021","-0.0335803383619082","0.111701934359932","-0.0698489557048021"
"2","50","0.801","-0.082449692570131","-0.062811139419205","-0.0352143641775321","0.109467997535699","-0.062811139419205"
"2","50","0.802","-0.0763873120429048","-0.0496249311763136","-0.0334013626745568","0.097022194697457","-0.0496249311763136"
"2","50","0.803","-0.0628476091912215","-0.0315810889126594","-0.0283188030720181","0.0758230951979247","-0.0315810889126594"
"2","50","0.804","-0.0431559444668585","-0.0104458696278474","-0.0204642017160867","0.0488910552860669","-0.0104458696278474"
"2","50","0.805","-0.0192398752129355","0.0117118641567897","-0.0106064217137081","0.0248965206767019","0.0117118641567897"
"2","50","0.806","0.00655952707892489","0.0327231590764063","0.000289588745294689","0.0333753860963487","0.0327231590764063"
"2","50","0.807","0.0317168371573853","0.0505312831899668","0.0111572522402236","0.0606947495064004","0.0505312831899668"
"2","50","0.808","0.0537694822306825","0.0633930532327414","0.0209327661487322","0.0857205758039596","0.0633930532327414"
"2","50","0.809","0.0705587957492305","0.0700494695397226","0.0286592350594457","0.103473782160365","0.0700494695397226"
"2","50","0.81","0.0804413227278051","0.0698489557048022","0.0335803383619081","0.111701934359932","0.0698489557048022"
"2","50","0.811","0.0824496925701309","0.0628111394192045","0.0352143641775321","0.109467997535698","0.0628111394192045"
"2","50","0.812","0.0763873120429051","0.0496249311763141","0.0334013626745569","0.0970221946974576","0.0496249311763141"
"2","50","0.813","0.0628476091912206","0.0315810889126583","0.0283188030720178","0.0758230951979234","0.0315810889126583"
"2","50","0.814","0.0431559444668593","0.0104458696278482","0.020464201716087","0.0488910552860679","0.0104458696278482"
"2","50","0.815","0.0192398752129341","-0.011711864156791","0.0106064217137075","0.0248965206767011","-0.011711864156791"
"2","50","0.816","-0.006559527078924","-0.0327231590764057","-0.000289588745294309","0.0333753860963478","-0.0327231590764057"
"2","50","0.817","-0.0317168371573845","-0.0505312831899663","-0.0111572522402233","0.0606947495063995","-0.0505312831899663"
"2","50","0.818","-0.0537694822306818","-0.0633930532327411","-0.0209327661487318","0.0857205758039588","-0.0633930532327411"
"2","50","0.819","-0.0705587957492312","-0.0700494695397227","-0.0286592350594461","0.103473782160366","-0.0700494695397227"
"2","50","0.82","-0.0804413227278054","-0.069848955704802","-0.0335803383619083","0.111701934359932","-0.069848955704802"
"2","50","0.821","-0.0824496925701309","-0.0628111394192048","-0.0352143641775321","0.109467997535699","-0.0628111394192048"
"2","50","0.822","-0.0763873120429055","-0.0496249311763147","-0.0334013626745571","0.0970221946974582","-0.0496249311763147"
"2","50","0.823","-0.0628476091912196","-0.0315810889126572","-0.0283188030720174","0.075823095197922","-0.0315810889126572"
"2","50","0.824","-0.0431559444668581","-0.0104458696278469","-0.0204642017160865","0.0488910552860663","-0.0104458696278469"
"2","50","0.825","-0.019239875212935","0.0117118641567902","-0.0106064217137078","0.0248965206767016","0.0117118641567902"
"2","50","0.826","0.00655952707892312","0.032723159076405","0.000289588745293933","0.033375386096347","0.032723159076405"
"2","50","0.827","0.0317168371573837","0.0505312831899657","0.0111572522402229","0.0606947495063986","0.0505312831899657"
"2","50","0.828","0.0537694822306847","0.0633930532327425","0.0209327661487331","0.085720575803962","0.0633930532327425"
"2","50","0.829","0.0705587957492308","0.0700494695397226","0.0286592350594459","0.103473782160365","0.0700494695397226"
"2","50","0.83","0.0804413227278052","0.0698489557048022","0.0335803383619081","0.111701934359932","0.0698489557048022"
"2","50","0.831","0.082449692570131","0.0628111394192052","0.0352143641775321","0.109467997535699","0.0628111394192052"
"2","50","0.832","0.076387312042904","0.0496249311763124","0.0334013626745566","0.0970221946974556","0.0496249311763124"
"2","50","0.833","0.0628476091912233","0.0315810889126615","0.0283188030720188","0.0758230951979273","0.0315810889126615"
"2","50","0.834","0.0431559444668628","0.0104458696278517","0.0204642017160885","0.0488910552860723","0.0104458696278517"
"2","50","0.835","0.0192398752129358","-0.0117118641567895","0.0106064217137082","0.0248965206767021","-0.0117118641567895"
"2","50","0.836","-0.00655952707892223","-0.0327231590764043","-0.000289588745293551","0.0333753860963462","-0.0327231590764043"
"2","50","0.837","-0.0317168371573829","-0.0505312831899652","-0.0111572522402225","0.0606947495063976","-0.0505312831899652"
"2","50","0.838","-0.0537694822306805","-0.0633930532327404","-0.0209327661487312","0.0857205758039573","-0.0633930532327404"
"2","50","0.839","-0.0705587957492303","-0.0700494695397225","-0.0286592350594457","0.103473782160365","-0.0700494695397225"
"2","50","0.84","-0.080441322727805","-0.0698489557048023","-0.033580338361908","0.111701934359932","-0.0698489557048023"
"2","50","0.841","-0.0824496925701311","-0.0628111394192055","-0.0352143641775321","0.109467997535699","-0.0628111394192055"
"2","50","0.842","-0.0763873120429062","-0.0496249311763158","-0.0334013626745573","0.0970221946974593","-0.0496249311763158"
"2","50","0.843","-0.0628476091912239","-0.0315810889126622","-0.028318803072019","0.0758230951979281","-0.0315810889126622"
"2","50","0.844","-0.0431559444668596","-0.0104458696278484","-0.0204642017160871","0.0488910552860682","-0.0104458696278484"
"2","50","0.845","-0.0192398752129367","0.0117118641567887","-0.0106064217137086","0.0248965206767025","0.0117118641567887"
"2","50","0.846","0.00655952707892134","0.0327231590764036","0.000289588745293171","0.0333753860963453","0.0327231590764036"
"2","50","0.847","0.031716837157382","0.0505312831899647","0.0111572522402222","0.0606947495063967","0.0505312831899647"
"2","50","0.848","0.0537694822306834","0.0633930532327419","0.0209327661487325","0.0857205758039605","0.0633930532327419"
"2","50","0.849","0.0705587957492298","0.0700494695397224","0.0286592350594454","0.103473782160365","0.0700494695397224"
"2","50","0.85","0.0804413227278048","0.0698489557048024","0.0335803383619079","0.111701934359932","0.0698489557048024"
"2","50","0.851","0.0824496925701311","0.0628111394192059","0.0352143641775321","0.109467997535699","0.0628111394192059"
"2","50","0.852","0.0763873120429065","0.0496249311763163","0.0334013626745574","0.0970221946974599","0.0496249311763163"
"2","50","0.853","0.0628476091912214","0.0315810889126592","0.0283188030720181","0.0758230951979245","0.0315810889126592"
"2","50","0.854","0.0431559444668603","0.0104458696278492","0.0204642017160874","0.0488910552860692","0.0104458696278492"
"2","50","0.855","0.0192398752129376","-0.011711864156788","0.0106064217137089","0.024896520676703","-0.011711864156788"
"2","50","0.856","-0.00655952707892045","-0.0327231590764029","-0.00028958874529279","0.0333753860963445","-0.0327231590764029"
"2","50","0.857","-0.0317168371573856","-0.050531283189967","-0.0111572522402237","0.0606947495064007","-0.050531283189967"
"2","50","0.858","-0.0537694822306827","-0.0633930532327415","-0.0209327661487322","0.0857205758039598","-0.0633930532327415"
"2","50","0.859","-0.0705587957492294","-0.0700494695397223","-0.0286592350594452","0.103473782160364","-0.0700494695397223"
"2","50","0.86","-0.0804413227278046","-0.0698489557048025","-0.0335803383619078","0.111701934359932","-0.0698489557048025"
"2","50","0.861","-0.0824496925701312","-0.0628111394192062","-0.0352143641775321","0.1094679975357","-0.0628111394192062"
"2","50","0.862","-0.076387312042905","-0.049624931176314","-0.0334013626745569","0.0970221946974574","-0.049624931176314"
"2","50","0.863","-0.062847609191222","-0.0315810889126599","-0.0283188030720183","0.0758230951979253","-0.0315810889126599"
"2","50","0.864","-0.0431559444668611","-0.0104458696278499","-0.0204642017160877","0.0488910552860701","-0.0104458696278499"
"2","50","0.865","-0.0192398752129384","0.0117118641567872","-0.0106064217137093","0.0248965206767035","0.0117118641567872"
"2","50","0.866","0.00655952707892425","0.0327231590764058","0.000289588745294413","0.0333753860963481","0.0327231590764058"
"2","50","0.867","0.0317168371573847","0.0505312831899664","0.0111572522402234","0.0606947495063998","0.0505312831899664"
"2","50","0.868","0.053769482230682","0.0633930532327412","0.0209327661487319","0.085720575803959","0.0633930532327412"
"2","50","0.869","0.0705587957492289","0.0700494695397222","0.028659235059445","0.103473782160364","0.0700494695397222"
"2","50","0.87","0.0804413227278055","0.069848955704802","0.0335803383619083","0.111701934359932","0.069848955704802"
"2","50","0.871","0.0824496925701309","0.0628111394192047","0.0352143641775321","0.109467997535699","0.0628111394192047"
"2","50","0.872","0.0763873120429054","0.0496249311763145","0.033401362674557","0.097022194697458","0.0496249311763145"
"2","50","0.873","0.0628476091912225","0.0315810889126606","0.0283188030720185","0.0758230951979262","0.0315810889126606"
"2","50","0.874","0.0431559444668619","0.0104458696278507","0.0204642017160881","0.0488910552860711","0.0104458696278507"
"2","50","0.875","0.0192398752129347","-0.0117118641567904","0.0106064217137077","0.0248965206767015","-0.0117118641567904"
"2","50","0.876","-0.00655952707892336","-0.0327231590764052","-0.000289588745294033","0.0333753860963472","-0.0327231590764052"
"2","50","0.877","-0.0317168371573839","-0.0505312831899659","-0.011157252240223","0.0606947495063988","-0.0505312831899659"
"2","50","0.878","-0.0537694822306813","-0.0633930532327408","-0.0209327661487316","0.0857205758039583","-0.0633930532327408"
"2","50","0.879","-0.0705587957492309","-0.0700494695397227","-0.028659235059446","0.103473782160366","-0.0700494695397227"
"2","50","0.88","-0.0804413227278052","-0.0698489557048021","-0.0335803383619082","0.111701934359932","-0.0698489557048021"
"2","50","0.881","-0.082449692570131","-0.0628111394192051","-0.0352143641775321","0.109467997535699","-0.0628111394192051"
"2","50","0.882","-0.0763873120429057","-0.0496249311763151","-0.0334013626745572","0.0970221946974586","-0.0496249311763151"
"2","50","0.883","-0.0628476091912231","-0.0315810889126613","-0.0283188030720188","0.0758230951979271","-0.0315810889126613"
"2","50","0.884","-0.0431559444668586","-0.0104458696278475","-0.0204642017160867","0.048891055286067","-0.0104458696278475"
"2","50","0.885","-0.0192398752129356","0.0117118641567897","-0.0106064217137081","0.0248965206767019","0.0117118641567897"
"2","50","0.886","0.00655952707892247","0.0327231590764045","0.000289588745293655","0.0333753860963464","0.0327231590764045"
"2","50","0.887","0.0317168371573831","0.0505312831899654","0.0111572522402226","0.0606947495063979","0.0505312831899654"
"2","50","0.888","0.0537694822306842","0.0633930532327423","0.0209327661487329","0.0857205758039615","0.0633930532327423"
"2","50","0.889","0.0705587957492304","0.0700494695397225","0.0286592350594457","0.103473782160365","0.0700494695397225"
"2","50","0.89","0.080441322727805","0.0698489557048022","0.0335803383619081","0.111701934359932","0.0698489557048022"
"2","50","0.891","0.082449692570131","0.0628111394192054","0.0352143641775321","0.109467997535699","0.0628111394192054"
"2","50","0.892","0.0763873120429061","0.0496249311763156","0.0334013626745573","0.0970221946974592","0.0496249311763156"
"2","50","0.893","0.0628476091912206","0.0315810889126584","0.0283188030720178","0.0758230951979234","0.0315810889126584"
"2","50","0.894","0.0431559444668594","0.0104458696278482","0.020464201716087","0.0488910552860679","0.0104458696278482"
"2","50","0.895","0.0192398752129365","-0.0117118641567889","0.0106064217137085","0.0248965206767024","-0.0117118641567889"
"2","50","0.896","-0.00655952707892158","-0.0327231590764038","-0.000289588745293275","0.0333753860963455","-0.0327231590764038"
"2","50","0.897","-0.0317168371573866","-0.0505312831899676","-0.0111572522402242","0.0606947495064019","-0.0505312831899676"
"2","50","0.898","-0.0537694822306836","-0.063393053232742","-0.0209327661487326","0.0857205758039607","-0.063393053232742"
"2","50","0.899","-0.0705587957492299","-0.0700494695397224","-0.0286592350594455","0.103473782160365","-0.0700494695397224"
"2","50","0.9","-0.0804413227278048","-0.0698489557048024","-0.0335803383619079","0.111701934359932","-0.0698489557048024"
"2","50","0.901","-0.0824496925701311","-0.0628111394192058","-0.0352143641775321","0.109467997535699","-0.0628111394192058"
"2","50","0.902","-0.0763873120429046","-0.0496249311763133","-0.0334013626745568","0.0970221946974567","-0.0496249311763133"
"2","50","0.903","-0.0628476091912212","-0.0315810889126591","-0.028318803072018","0.0758230951979243","-0.0315810889126591"
"2","50","0.904","-0.0431559444668601","-0.010445869627849","-0.0204642017160874","0.0488910552860689","-0.010445869627849"
"2","50","0.905","-0.0192398752129373","0.0117118641567882","-0.0106064217137088","0.0248965206767029","0.0117118641567882"
"2","50","0.906","0.00655952707892538","0.0327231590764067","0.000289588745294897","0.0333753860963491","0.0327231590764067"
"2","50","0.907","0.0317168371573858","0.0505312831899671","0.0111572522402238","0.060694749506401","0.0505312831899671"
"2","50","0.908","0.0537694822306829","0.0633930532327416","0.0209327661487323","0.08572057580396","0.0633930532327416"
"2","50","0.909","0.0705587957492295","0.0700494695397223","0.0286592350594453","0.103473782160364","0.0700494695397223"
"2","50","0.91","0.0804413227278046","0.0698489557048025","0.0335803383619078","0.111701934359932","0.0698489557048025"
"2","50","0.911","0.0824496925701308","0.0628111394192043","0.0352143641775321","0.109467997535698","0.0628111394192043"
"2","50","0.912","0.076387312042905","0.0496249311763138","0.0334013626745569","0.0970221946974572","0.0496249311763138"
"2","50","0.913","0.0628476091912218","0.0315810889126597","0.0283188030720182","0.0758230951979251","0.0315810889126597"
"2","50","0.914","0.0431559444668609","0.0104458696278497","0.0204642017160877","0.0488910552860699","0.0104458696278497"
"2","50","0.915","0.0192398752129336","-0.0117118641567914","0.0106064217137073","0.0248965206767009","-0.0117118641567914"
"2","50","0.916","-0.00655952707892449","-0.032723159076406","-0.000289588745294517","0.0333753860963483","-0.032723159076406"
"2","50","0.917","-0.031716837157385","-0.0505312831899666","-0.0111572522402235","0.0606947495064","-0.0505312831899666"
"2","50","0.918","-0.0537694822306822","-0.0633930532327413","-0.020932766148732","0.0857205758039592","-0.0633930532327413"
"2","50","0.919","-0.070558795749229","-0.0700494695397222","-0.0286592350594451","0.103473782160364","-0.0700494695397222"
"2","50","0.92","-0.0804413227278055","-0.069848955704802","-0.0335803383619083","0.111701934359932","-0.069848955704802"
"2","50","0.921","-0.0824496925701309","-0.0628111394192046","-0.0352143641775321","0.109467997535699","-0.0628111394192046"
"2","50","0.922","-0.0763873120429053","-0.0496249311763144","-0.033401362674557","0.0970221946974578","-0.0496249311763144"
"2","50","0.923","-0.0628476091912224","-0.0315810889126604","-0.0283188030720185","0.075823095197926","-0.0315810889126604"
"2","50","0.924","-0.0431559444668576","-0.0104458696278465","-0.0204642017160863","0.0488910552860658","-0.0104458696278465"
"2","50","0.925","-0.0192398752129345","0.0117118641567906","-0.0106064217137076","0.0248965206767013","0.0117118641567906"
"2","50","0.926","0.0065595270789236","0.0327231590764053","0.000289588745294136","0.0333753860963475","0.0327231590764053"
"2","50","0.927","0.0317168371573841","0.050531283189966","0.0111572522402231","0.0606947495063991","0.050531283189966"
"2","50","0.928","0.0537694822306815","0.0633930532327409","0.0209327661487317","0.0857205758039585","0.0633930532327409"
"2","50","0.929","0.070558795749231","0.0700494695397227","0.028659235059446","0.103473782160366","0.0700494695397227"
"2","50","0.93","0.0804413227278053","0.0698489557048021","0.0335803383619082","0.111701934359932","0.0698489557048021"
"2","50","0.931","0.082449692570131","0.062811139419205","0.0352143641775321","0.109467997535699","0.062811139419205"
"2","50","0.932","0.0763873120429057","0.0496249311763149","0.0334013626745571","0.0970221946974584","0.0496249311763149"
"2","50","0.933","0.0628476091912199","0.0315810889126575","0.0283188030720175","0.0758230951979223","0.0315810889126575"
"2","50","0.934","0.0431559444668584","0.0104458696278473","0.0204642017160866","0.0488910552860667","0.0104458696278473"
"2","50","0.935","0.0192398752129354","-0.0117118641567899","0.010606421713708","0.0248965206767018","-0.0117118641567899"
"2","50","0.936","-0.00655952707892271","-0.0327231590764047","-0.000289588745293758","0.0333753860963466","-0.0327231590764047"
"2","50","0.937","-0.0317168371573877","-0.0505312831899683","-0.0111572522402246","0.0606947495064031","-0.0505312831899683"
"2","50","0.938","-0.0537694822306844","-0.0633930532327424","-0.020932766148733","0.0857205758039617","-0.0633930532327424"
"2","50","0.939","-0.0705587957492305","-0.0700494695397226","-0.0286592350594458","0.103473782160365","-0.0700494695397226"
"2","50","0.94","-0.0804413227278051","-0.0698489557048022","-0.0335803383619081","0.111701934359932","-0.0698489557048022"
"2","50","0.941","-0.082449692570131","-0.0628111394192053","-0.0352143641775321","0.109467997535699","-0.0628111394192053"
"2","50","0.942","-0.0763873120429042","-0.0496249311763126","-0.0334013626745566","0.0970221946974559","-0.0496249311763126"
"2","50","0.943","-0.0628476091912205","-0.0315810889126582","-0.0283188030720177","0.0758230951979232","-0.0315810889126582"
"2","50","0.944","-0.0431559444668592","-0.010445869627848","-0.020464201716087","0.0488910552860677","-0.010445869627848"
"2","50","0.945","-0.0192398752129362","0.0117118641567891","-0.0106064217137084","0.0248965206767023","0.0117118641567891"
"2","50","0.946","0.00655952707892651","0.0327231590764076","0.00028958874529538","0.0333753860963502","0.0327231590764076"
"2","50","0.947","0.0317168371573868","0.0505312831899678","0.0111572522402243","0.0606947495064022","0.0505312831899678"
"2","50","0.948","0.0537694822306838","0.0633930532327421","0.0209327661487327","0.0857205758039609","0.0633930532327421"
"2","50","0.949","0.0705587957492301","0.0700494695397225","0.0286592350594456","0.103473782160365","0.0700494695397225"
"2","50","0.95","0.0804413227278049","0.0698489557048023","0.033580338361908","0.111701934359932","0.0698489557048023"
"2","50","0.951","0.0824496925701307","0.0628111394192038","0.0352143641775321","0.109467997535698","0.0628111394192038"
"2","50","0.952","0.0763873120429045","0.0496249311763132","0.0334013626745567","0.0970221946974565","0.0496249311763132"
"2","50","0.953","0.0628476091912211","0.0315810889126589","0.028318803072018","0.075823095197924","0.0315810889126589"
"2","50","0.954","0.0431559444668599","0.0104458696278488","0.0204642017160873","0.0488910552860686","0.0104458696278488"
"2","50","0.955","0.0192398752129325","-0.0117118641567923","0.0106064217137068","0.0248965206767003","-0.0117118641567923"
"2","50","0.956","-0.00655952707892562","-0.0327231590764069","-0.000289588745295","0.0333753860963494","-0.0327231590764069"
"2","50","0.957","-0.031716837157386","-0.0505312831899672","-0.0111572522402239","0.0606947495064012","-0.0505312831899672"
"2","50","0.958","-0.0537694822306831","-0.0633930532327417","-0.0209327661487324","0.0857205758039602","-0.0633930532327417"
"2","50","0.959","-0.0705587957492296","-0.0700494695397224","-0.0286592350594453","0.103473782160364","-0.0700494695397224"
"2","50","0.96","-0.0804413227278047","-0.0698489557048025","-0.0335803383619079","0.111701934359932","-0.0698489557048025"
"2","50","0.961","-0.0824496925701312","-0.062811139419206","-0.0352143641775321","0.1094679975357","-0.062811139419206"
"2","50","0.962","-0.0763873120429067","-0.0496249311763166","-0.0334013626745575","0.0970221946974602","-0.0496249311763166"
"2","50","0.963","-0.0628476091912216","-0.0315810889126595","-0.0283188030720182","0.0758230951979249","-0.0315810889126595"
"2","50","0.964","-0.0431559444668607","-0.0104458696278495","-0.0204642017160876","0.0488910552860696","-0.0104458696278495"
"2","50","0.965","-0.019239875212938","0.0117118641567876","-0.0106064217137091","0.0248965206767032","0.0117118641567876"
"2","50","0.966","0.00655952707892004","0.0327231590764026","0.000289588745292618","0.0333753860963441","0.0327231590764026"
"2","50","0.967","0.0317168371573852","0.0505312831899667","0.0111572522402236","0.0606947495064003","0.0505312831899667"
"2","50","0.968","0.0537694822306824","0.0633930532327414","0.0209327661487321","0.0857205758039594","0.0633930532327414"
"2","50","0.969","0.0705587957492291","0.0700494695397222","0.0286592350594451","0.103473782160364","0.0700494695397222"
"2","50","0.97","0.0804413227278045","0.0698489557048026","0.0335803383619078","0.111701934359932","0.0698489557048026"
"2","50","0.971","0.0824496925701309","0.0628111394192045","0.0352143641775321","0.109467997535699","0.0628111394192045"
"2","50","0.972","0.0763873120429052","0.0496249311763142","0.033401362674557","0.0970221946974577","0.0496249311763142"
"2","50","0.973","0.0628476091912222","0.0315810889126602","0.0283188030720184","0.0758230951979257","0.0315810889126602"
"2","50","0.974","0.0431559444668614","0.0104458696278503","0.0204642017160879","0.0488910552860706","0.0104458696278503"
"2","50","0.975","0.0192398752129388","-0.0117118641567869","0.0106064217137095","0.0248965206767037","-0.0117118641567869"
"2","50","0.976","-0.00655952707892385","-0.0327231590764055","-0.000289588745294242","0.0333753860963477","-0.0327231590764055"
"2","50","0.977","-0.0317168371573844","-0.0505312831899662","-0.0111572522402232","0.0606947495063993","-0.0505312831899662"
"2","50","0.978","-0.0537694822306817","-0.063393053232741","-0.0209327661487318","0.0857205758039587","-0.063393053232741"
"2","50","0.979","-0.0705587957492287","-0.0700494695397221","-0.0286592350594449","0.103473782160363","-0.0700494695397221"
"2","50","0.98","-0.0804413227278054","-0.069848955704802","-0.0335803383619082","0.111701934359932","-0.069848955704802"
"2","50","0.981","-0.0824496925701309","-0.0628111394192049","-0.0352143641775321","0.109467997535699","-0.0628111394192049"
"2","50","0.982","-0.0763873120429055","-0.0496249311763148","-0.0334013626745571","0.0970221946974582","-0.0496249311763148"
"2","50","0.983","-0.0628476091912228","-0.0315810889126609","-0.0283188030720186","0.0758230951979266","-0.0315810889126609"
"2","50","0.984","-0.0431559444668622","-0.010445869627851","-0.0204642017160882","0.0488910552860715","-0.010445869627851"
"2","50","0.985","-0.0192398752129351","0.0117118641567901","-0.0106064217137079","0.0248965206767017","0.0117118641567901"
"2","50","0.986","0.00655952707892295","0.0327231590764049","0.00028958874529386","0.0333753860963468","0.0327231590764049"
"2","50","0.987","0.0317168371573835","0.0505312831899656","0.0111572522402228","0.0606947495063984","0.0505312831899656"
"2","50","0.988","0.053769482230681","0.0633930532327407","0.0209327661487315","0.0857205758039579","0.0633930532327407"
"2","50","0.989","0.0705587957492307","0.0700494695397226","0.0286592350594458","0.103473782160365","0.0700494695397226"
"2","50","0.99","0.0804413227278052","0.0698489557048022","0.0335803383619081","0.111701934359932","0.0698489557048022"
"2","50","0.991","0.082449692570131","0.0628111394192052","0.0352143641775321","0.109467997535699","0.0628111394192052"
"2","50","0.992","0.0763873120429059","0.0496249311763153","0.0334013626745572","0.0970221946974588","0.0496249311763153"
"2","50","0.993","0.0628476091912234","0.0315810889126616","0.0283188030720189","0.0758230951979274","0.0315810889126616"
"2","50","0.994","0.043155944466859","0.0104458696278478","0.0204642017160869","0.0488910552860674","0.0104458696278478"
"2","50","0.995","0.019239875212936","-0.0117118641567893","0.0106064217137083","0.0248965206767021","-0.0117118641567893"
"2","50","0.996","-0.00655952707892206","-0.0327231590764042","-0.00028958874529348","0.033375386096346","-0.0327231590764042"
"2","50","0.997","-0.0317168371573827","-0.0505312831899651","-0.0111572522402225","0.0606947495063974","-0.0505312831899651"
"2","50","0.998","-0.0537694822306839","-0.0633930532327421","-0.0209327661487328","0.0857205758039611","-0.0633930532327421"
"2","50","0.999","-0.0705587957492302","-0.0700494695397225","-0.0286592350594456","0.103473782160365","-0.0700494695397225"
"2","50","1","-0.080441322727805","-0.0698489557048023","-0.033580338361908","0.111701934359932","-0.0698489557048023"
"3","30","0","-0.00947685130117826","-0.0162303004416753","-0.0149213152394889","0.0239974792736215","-0.0162303004416753"
"3","30","0.001","-0.0110564396309058","-0.0157885737494559","-0.0166203598290239","0.0254511351259645","-0.0157885737494559"
"3","30","0.002","-0.0122443480746021","-0.0147875289608851","-0.0177306198856579","0.0261336938466555","-0.0147875289608851"
"3","30","0.003","-0.0129984943834262","-0.0132626285866614","-0.0182127638933728","0.0260108235528873","-0.0132626285866614"
"3","30","0.004","-0.013292162548414","-0.0112678929827697","-0.0180497116603259","0.0250886246834201","-0.0112678929827697"
"3","30","0.005","-0.0131149492284146","-0.00887398665243839","-0.0172472393931613","0.023414029961896","-0.00887398665243839"
"3","30","0.006","-0.0124731322936375","-0.00616571492088388","-0.01583377507201","0.0210785080765029","-0.00616571492088388"
"3","30","0.007","-0.0113894484289702","-0.00323901966438538","-0.013859391375121","0.0182289196934768","-0.00323901966438538"
"3","30","0.008","-0.00990228767558106","-0.000197580521486662","-0.0113940318292711","0.0150969632906382","-0.000197580521486662"
"3","30","0.009","-0.00806433344457204","0.00285085800988803","-0.00852503302545867","0.012076301312196","0.00285085800988803"
"3","30","0.01","-0.0059406961808751","0.00579830347498821","-0.00535403067662707","0.0098781495629388","0.00579830347498821"
"3","30","0.011","-0.00360660679328041","0.00854034114878551","-0.00199335912186346","0.00948253763966649","0.00854034114878551"
"3","30","0.012","-0.00114475156198655","0.010979832979663","0.00143792817356665","0.0111326019345121","0.010979832979663"
"3","30","0.013","0.00135765706409812","0.0130303587533212","0.00481827614657967","0.0139588418921001","0.0130303587533212"
"3","30","0.014","0.00381197001183721","0.0146192775719538","0.00802793428498409","0.0171085394169403","0.0146192775719538"
"3","30","0.015","0.00613124202147743","0.0156903011942669","0.0109531988490755","0.0200935374018647","0.0156903011942669"
"3","30","0.016","0.00823331172582135","0.0162054880744892","0.013490440883302","0.0226361936052161","0.0162054880744892"
"3","30","0.017","0.0100437122576212","0.0161465874605463","0.0155497773236777","0.0245638762688408","0.0161465874605463"
"3","30","0.018","0.0114983092754762","0.0155156859360514","0.0170582551501354","0.0257668720458616","0.0155156859360514"
"3","30","0.019","0.0125455729548502","0.0143351335020411","0.0179624357836322","0.0261827529600674","0.0143351335020411"
"3","30","0.02","0.0131484034577958","0.0126467518170459","0.018230288174454","0.02579077842824","0.0126467518170459"
"3","30","0.021","0.0132854452132094","0.0105103526439871","0.0178523235181202","0.0246104860214052","0.0105103526439871"
"3","30","0.022","0.0129518434485843","0.00800161898865632","0.0168419314010127","0.0227030132024954","0.00800161898865632"
"3","30","0.023","0.0121594161727472","0.00520942399150424","0.0152349054676037","0.0201765171571346","0.00520942399150424"
"3","30","0.024","0.0109362355170033","0.0022326825523332","0.0130881754127551","0.0172013503626286","0.0022326825523332"
"3","30","0.025","0.00932563326588998","-0.000823152779341638","0.0104777902188964","0.0140509467360464","-0.000823152779341638"
"3","30","0.026","0.00738466580710685","-0.00384982751343155","0.00749622408290824","0.0112048130938004","-0.00384982751343155"
"3","30","0.027","0.00518209288053631","-0.00674012018855505","0.00424910047159586","0.00950463895139572","-0.00674012018855505"
"3","30","0.028","0.0027959417301786","-0.0093916407457618","0.000851450357719498","0.00983591245221652","-0.0093916407457618"
"3","30","0.029","0.000310742950133168","-0.0117104577474167","-0.00257636280956339","0.0119945415569579","-0.0117104577474167"
"3","30","0.03","-0.00218546405383931","-0.0136144259452071","-0.00591290703989078","0.0150030435782391","-0.0136144259452071"
"3","30","0.031","-0.00460424990415757","-0.0150360963165169","-0.0090399835904939","0.0181384843064658","-0.0150360963165169"
"3","30","0.032","-0.00685992790620622","-0.0159251054796792","-0.0118468142155866","0.0210003476751191","-0.0159251054796792"
"3","30","0.033","-0.00887258954221106","-0.01624995984188","-0.0142339655409504","0.0233535824889508","-0.01624995984188"
"3","30","0.034","-0.010570935270319","-0.0159991512753846","-0.0161168715407874","0.0250493724928222","-0.0159991512753846"
"3","30","0.035","-0.0118948003464141","-0.0151815647986999","-0.0174288293313447","0.0259948124994068","-0.0151815647986999"
"3","30","0.036","-0.0127972861901726","-0.013826163820364","-0.0181233621538248","0.0261417213583845","-0.013826163820364"
"3","30","0.037","-0.0132464217906515","-0.0119809640957599","-0.0181758658367371","0.0254828038063868","-0.0119809640957599"
"3","30","0.038","-0.0132262962952908","-0.00971133274504216","-0.0175844804109393","0.0240511714620818","-0.00971133274504216"
"3","30","0.039","-0.0127376226597969","-0.00709767259031802","-0.0163701559999709","0.0219227278112489","-0.00709767259031802"
"3","30","0.04","-0.0117977123913319","-0.00423257384558955","-0.014575910651483","0.0192238880132759","-0.00423257384558955"
"3","30","0.041","-0.0104398622797416","-0.00121753406226261","-0.0122653064014536","0.0161527352090684","-0.00121753406226261"
"3","30","0.042","-0.008712174842175","0.0018406374722126","-0.00952019755737475","0.0130354937887364","0.0018406374722126"
"3","30","0.043","-0.0066758542674339","0.00483360350659846","-0.00643783096860159","0.0104583182510049","0.00483360350659846"
"3","30","0.044","-0.00440303822707108","0.00765533672700568","-0.00312740100823261","0.00936864787998704","0.00765533672700568"
"3","30","0.045","-0.00197424236241205","0.0102058758273471","0.000293818691995703","0.0103992241889737","0.0102058758273471"
"3","30","0.046","0.000524492022179424","0.0123948666884406","0.00370462971857896","0.0129472813152925","0.0123948666884406"
"3","30","0.047","0.00300464601540356","0.0141447632177268","0.00698420239046574","0.0160586832335165","0.0141447632177268"
"3","30","0.048","0.00537835892558792","0.0153935744582577","0.0100163562107477","0.0191367779700491","0.0153935744582577"
"3","30","0.049","0.00756154078949215","0.0160970606492518","0.0126936756186834","0.0218499808093554","0.0160970606492518"
"3","30","0.05","0.00947685130117825","0.0162303004416753","0.0149213152394889","0.0239974792736215","0.0162303004416753"
"3","30","0.051","0.0110564396309058","0.0157885737494559","0.0166203598290239","0.0254511351259645","0.0157885737494559"
"3","30","0.052","0.0122443480746021","0.0147875289608851","0.0177306198856579","0.0261336938466554","0.0147875289608851"
"3","30","0.053","0.0129984943834262","0.0132626285866615","0.0182127638933728","0.0260108235528873","0.0132626285866615"
"3","30","0.054","0.013292162548414","0.0112678929827697","0.0180497116603259","0.0250886246834201","0.0112678929827697"
"3","30","0.055","0.0131149492284146","0.00887398665243839","0.0172472393931613","0.023414029961896","0.00887398665243839"
"3","30","0.056","0.0124731322936375","0.0061657149208839","0.01583377507201","0.0210785080765029","0.0061657149208839"
"3","30","0.057","0.0113894484289702","0.00323901966438539","0.0138593913751211","0.0182289196934768","0.00323901966438539"
"3","30","0.058","0.00990228767558106","0.00019758052148666","0.0113940318292711","0.0150969632906382","0.00019758052148666"
"3","30","0.059","0.00806433344457205","-0.00285085800988801","0.00852503302545869","0.012076301312196","-0.00285085800988801"
"3","30","0.06","0.00594069618087513","-0.00579830347498818","0.00535403067662711","0.00987814956293882","-0.00579830347498818"
"3","30","0.061","0.00360660679328043","-0.00854034114878549","0.00199335912186349","0.00948253763966648","-0.00854034114878549"
"3","30","0.062","0.00114475156198656","-0.010979832979663","-0.00143792817356664","0.0111326019345121","-0.010979832979663"
"3","30","0.063","-0.0013576570640981","-0.0130303587533212","-0.00481827614657964","0.0139588418921001","-0.0130303587533212"
"3","30","0.064","-0.0038119700118372","-0.0146192775719538","-0.00802793428498407","0.0171085394169403","-0.0146192775719538"
"3","30","0.065","-0.00613124202147744","-0.0156903011942669","-0.0109531988490755","0.0200935374018647","-0.0156903011942669"
"3","30","0.066","-0.00823331172582134","-0.0162054880744892","-0.013490440883302","0.0226361936052161","-0.0162054880744892"
"3","30","0.067","-0.0100437122576212","-0.0161465874605463","-0.0155497773236777","0.0245638762688408","-0.0161465874605463"
"3","30","0.068","-0.0114983092754762","-0.0155156859360514","-0.0170582551501354","0.0257668720458616","-0.0155156859360514"
"3","30","0.069","-0.0125455729548502","-0.0143351335020411","-0.0179624357836322","0.0261827529600674","-0.0143351335020411"
"3","30","0.07","-0.0131484034577958","-0.0126467518170459","-0.018230288174454","0.02579077842824","-0.0126467518170459"
"3","30","0.071","-0.0132854452132094","-0.0105103526439871","-0.0178523235181202","0.0246104860214052","-0.0105103526439871"
"3","30","0.072","-0.0129518434485843","-0.0080016189886563","-0.0168419314010127","0.0227030132024954","-0.0080016189886563"
"3","30","0.073","-0.0121594161727472","-0.00520942399150426","-0.0152349054676037","0.0201765171571346","-0.00520942399150426"
"3","30","0.074","-0.0109362355170033","-0.00223268255233325","-0.0130881754127552","0.0172013503626287","-0.00223268255233325"
"3","30","0.075","-0.00932563326589","0.000823152779341603","-0.0104777902188964","0.0140509467360464","0.000823152779341603"
"3","30","0.076","-0.00738466580710687","0.00384982751343153","-0.00749622408290826","0.0112048130938004","0.00384982751343153"
"3","30","0.077","-0.00518209288053634","0.00674012018855502","-0.0042491004715959","0.00950463895139573","0.00674012018855502"
"3","30","0.078","-0.00279594173017861","0.00939164074576178","-0.000851450357719523","0.0098359124522165","0.00939164074576178"
"3","30","0.079","-0.000310742950133186","0.0117104577474167","0.00257636280956336","0.0119945415569579","0.0117104577474167"
"3","30","0.08","0.00218546405383932","0.0136144259452071","0.00591290703989079","0.0150030435782391","0.0136144259452071"
"3","30","0.081","0.00460424990415755","0.0150360963165169","0.00903998359049388","0.0181384843064658","0.0150360963165169"
"3","30","0.082","0.00685992790620621","0.0159251054796792","0.0118468142155866","0.0210003476751191","0.0159251054796792"
"3","30","0.083","0.00887258954221106","0.01624995984188","0.0142339655409504","0.0233535824889508","0.01624995984188"
"3","30","0.084","0.010570935270319","0.0159991512753846","0.0161168715407874","0.0250493724928222","0.0159991512753846"
"3","30","0.085","0.0118948003464141","0.0151815647986999","0.0174288293313447","0.0259948124994068","0.0151815647986999"
"3","30","0.086","0.0127972861901726","0.013826163820364","0.0181233621538248","0.0261417213583845","0.013826163820364"
"3","30","0.087","0.0132464217906515","0.0119809640957599","0.0181758658367371","0.0254828038063868","0.0119809640957599"
"3","30","0.088","0.0132262962952908","0.00971133274504218","0.0175844804109393","0.0240511714620818","0.00971133274504218"
"3","30","0.089","0.0127376226597969","0.00709767259031806","0.0163701559999709","0.0219227278112489","0.00709767259031806"
"3","30","0.09","0.011797712391332","0.00423257384558961","0.014575910651483","0.0192238880132759","0.00423257384558961"
"3","30","0.091","0.0104398622797416","0.00121753406226263","0.0122653064014536","0.0161527352090685","0.00121753406226263"
"3","30","0.092","0.00871217484217503","-0.00184063747221257","0.00952019755737478","0.0130354937887364","-0.00184063747221257"
"3","30","0.093","0.00667585426743395","-0.0048336035065984","0.00643783096860165","0.0104583182510049","-0.0048336035065984"
"3","30","0.094","0.00440303822707109","-0.00765533672700568","0.00312740100823262","0.00936864787998704","-0.00765533672700568"
"3","30","0.095","0.00197424236241205","-0.0102058758273471","-0.000293818691995695","0.0103992241889737","-0.0102058758273471"
"3","30","0.096","-0.000524492022179444","-0.0123948666884406","-0.00370462971857898","0.0129472813152926","-0.0123948666884406"
"3","30","0.097","-0.00300464601540356","-0.0141447632177268","-0.00698420239046573","0.0160586832335165","-0.0141447632177268"
"3","30","0.098","-0.0053783589255879","-0.0153935744582577","-0.0100163562107477","0.0191367779700491","-0.0153935744582577"
"3","30","0.099","-0.00756154078949216","-0.0160970606492518","-0.0126936756186834","0.0218499808093554","-0.0160970606492518"
"3","30","0.1","-0.00947685130117825","-0.0162303004416753","-0.0149213152394889","0.0239974792736215","-0.0162303004416753"
"3","30","0.101","-0.0110564396309058","-0.0157885737494559","-0.0166203598290239","0.0254511351259645","-0.0157885737494559"
"3","30","0.102","-0.0122443480746021","-0.0147875289608851","-0.0177306198856579","0.0261336938466555","-0.0147875289608851"
"3","30","0.103","-0.0129984943834262","-0.0132626285866614","-0.0182127638933728","0.0260108235528873","-0.0132626285866614"
"3","30","0.104","-0.013292162548414","-0.0112678929827697","-0.0180497116603259","0.0250886246834201","-0.0112678929827697"
"3","30","0.105","-0.0131149492284147","-0.00887398665243842","-0.0172472393931613","0.023414029961896","-0.00887398665243842"
"3","30","0.106","-0.0124731322936375","-0.00616571492088393","-0.0158337750720101","0.021078508076503","-0.00616571492088393"
"3","30","0.107","-0.0113894484289702","-0.00323901966438539","-0.0138593913751211","0.0182289196934768","-0.00323901966438539"
"3","30","0.108","-0.00990228767558108","-0.000197580521486695","-0.0113940318292711","0.0150969632906383","-0.000197580521486695"
"3","30","0.109","-0.00806433344457207","0.00285085800988798","-0.00852503302545872","0.012076301312196","0.00285085800988798"
"3","30","0.11","-0.00594069618087511","0.0057983034749882","-0.00535403067662708","0.00987814956293881","0.0057983034749882"
"3","30","0.111","-0.00360660679328044","0.00854034114878549","-0.00199335912186349","0.00948253763966648","0.00854034114878549"
"3","30","0.112","-0.00114475156198659","0.010979832979663","0.0014379281735666","0.0111326019345121","0.010979832979663"
"3","30","0.113","0.00135765706409812","0.0130303587533212","0.00481827614657967","0.0139588418921001","0.0130303587533212"
"3","30","0.114","0.00381197001183719","0.0146192775719538","0.00802793428498407","0.0171085394169403","0.0146192775719538"
"3","30","0.115","0.00613124202147741","0.0156903011942669","0.0109531988490755","0.0200935374018646","0.0156903011942669"
"3","30","0.116","0.00823331172582135","0.0162054880744892","0.013490440883302","0.0226361936052161","0.0162054880744892"
"3","30","0.117","0.0100437122576212","0.0161465874605463","0.0155497773236777","0.0245638762688408","0.0161465874605463"
"3","30","0.118","0.0114983092754762","0.0155156859360514","0.0170582551501353","0.0257668720458616","0.0155156859360514"
"3","30","0.119","0.0125455729548502","0.0143351335020411","0.0179624357836322","0.0261827529600674","0.0143351335020411"
"3","30","0.12","0.0131484034577958","0.012646751817046","0.018230288174454","0.02579077842824","0.012646751817046"
"3","30","0.121","0.0132854452132094","0.0105103526439872","0.0178523235181202","0.0246104860214052","0.0105103526439872"
"3","30","0.122","0.0129518434485844","0.00800161898865636","0.0168419314010127","0.0227030132024954","0.00800161898865636"
"3","30","0.123","0.0121594161727472","0.00520942399150429","0.0152349054676037","0.0201765171571347","0.00520942399150429"
"3","30","0.124","0.0109362355170033","0.00223268255233323","0.0130881754127551","0.0172013503626287","0.00223268255233323"
"3","30","0.125","0.00932563326589","-0.000823152779341597","0.0104777902188964","0.0140509467360464","-0.000823152779341597"
"3","30","0.126","0.00738466580710689","-0.0038498275134315","0.0074962240829083","0.0112048130938005","-0.0038498275134315"
"3","30","0.127","0.00518209288053632","-0.00674012018855504","0.00424910047159587","0.00950463895139572","-0.00674012018855504"
"3","30","0.128","0.00279594173017862","-0.00939164074576177","0.000851450357719528","0.0098359124522165","-0.00939164074576177"
"3","30","0.129","0.000310742950133214","-0.0117104577474167","-0.00257636280956333","0.0119945415569579","-0.0117104577474167"
"3","30","0.13","-0.00218546405383931","-0.0136144259452071","-0.00591290703989079","0.0150030435782391","-0.0136144259452071"
"3","30","0.131","-0.00460424990415755","-0.0150360963165169","-0.00903998359049387","0.0181384843064658","-0.0150360963165169"
"3","30","0.132","-0.00685992790620619","-0.0159251054796792","-0.0118468142155866","0.0210003476751191","-0.0159251054796792"
"3","30","0.133","-0.00887258954221106","-0.01624995984188","-0.0142339655409504","0.0233535824889508","-0.01624995984188"
"3","30","0.134","-0.010570935270319","-0.0159991512753846","-0.0161168715407874","0.0250493724928222","-0.0159991512753846"
"3","30","0.135","-0.0118948003464141","-0.0151815647986999","-0.0174288293313447","0.0259948124994068","-0.0151815647986999"
"3","30","0.136","-0.0127972861901726","-0.013826163820364","-0.0181233621538248","0.0261417213583845","-0.013826163820364"
"3","30","0.137","-0.0132464217906515","-0.0119809640957599","-0.0181758658367371","0.0254828038063868","-0.0119809640957599"
"3","30","0.138","-0.0132262962952908","-0.00971133274504218","-0.0175844804109393","0.0240511714620818","-0.00971133274504218"
"3","30","0.139","-0.0127376226597969","-0.00709767259031801","-0.0163701559999709","0.0219227278112489","-0.00709767259031801"
"3","30","0.14","-0.0117977123913319","-0.00423257384558956","-0.014575910651483","0.0192238880132759","-0.00423257384558956"
"3","30","0.141","-0.0104398622797416","-0.00121753406226264","-0.0122653064014537","0.0161527352090685","-0.00121753406226264"
"3","30","0.142","-0.008712174842175","0.00184063747221262","-0.00952019755737473","0.0130354937887364","0.00184063747221262"
"3","30","0.143","-0.00667585426743391","0.00483360350659845","-0.0064378309686016","0.0104583182510049","0.00483360350659845"
"3","30","0.144","-0.00440303822707105","0.00765533672700572","-0.00312740100823256","0.00936864787998704","0.00765533672700572"
"3","30","0.145","-0.0019742423624121","0.010205875827347","0.000293818691995622","0.0103992241889737","0.010205875827347"
"3","30","0.146","0.000524492022179392","0.0123948666884406","0.00370462971857891","0.0129472813152925","0.0123948666884406"
"3","30","0.147","0.00300464601540351","0.0141447632177268","0.00698420239046567","0.0160586832335165","0.0141447632177268"
"3","30","0.148","0.00537835892558785","0.0153935744582576","0.0100163562107476","0.019136777970049","0.0153935744582576"
"3","30","0.149","0.00756154078949212","0.0160970606492518","0.0126936756186834","0.0218499808093554","0.0160970606492518"
"3","30","0.15","0.00947685130117821","0.0162303004416753","0.0149213152394889","0.0239974792736214","0.0162303004416753"
"3","30","0.151","0.0110564396309058","0.0157885737494559","0.0166203598290239","0.0254511351259645","0.0157885737494559"
"3","30","0.152","0.0122443480746021","0.0147875289608851","0.0177306198856579","0.0261336938466554","0.0147875289608851"
"3","30","0.153","0.0129984943834262","0.0132626285866615","0.0182127638933728","0.0260108235528873","0.0132626285866615"
"3","30","0.154","0.013292162548414","0.0112678929827697","0.0180497116603259","0.0250886246834201","0.0112678929827697"
"3","30","0.155","0.0131149492284147","0.00887398665243843","0.0172472393931613","0.023414029961896","0.00887398665243843"
"3","30","0.156","0.0124731322936375","0.00616571492088394","0.0158337750720101","0.021078508076503","0.00616571492088394"
"3","30","0.157","0.0113894484289702","0.0032390196643854","0.0138593913751211","0.0182289196934768","0.0032390196643854"
"3","30","0.158","0.00990228767558109","0.000197580521486701","0.0113940318292711","0.0150969632906383","0.000197580521486701"
"3","30","0.159","0.00806433344457208","-0.00285085800988797","0.00852503302545873","0.0120763013121961","-0.00285085800988797"
"3","30","0.16","0.00594069618087512","-0.00579830347498819","0.00535403067662709","0.00987814956293881","-0.00579830347498819"
"3","30","0.161","0.00360660679328044","-0.00854034114878548","0.0019933591218635","0.00948253763966648","-0.00854034114878548"
"3","30","0.162","0.0011447515619866","-0.010979832979663","-0.00143792817356659","0.0111326019345121","-0.010979832979663"
"3","30","0.163","-0.00135765706409811","-0.0130303587533212","-0.00481827614657966","0.0139588418921001","-0.0130303587533212"
"3","30","0.164","-0.00381197001183719","-0.0146192775719538","-0.00802793428498406","0.0171085394169403","-0.0146192775719538"
"3","30","0.165","-0.00613124202147741","-0.0156903011942669","-0.0109531988490755","0.0200935374018646","-0.0156903011942669"
"3","30","0.166","-0.00823331172582135","-0.0162054880744892","-0.013490440883302","0.0226361936052161","-0.0162054880744892"
"3","30","0.167","-0.0100437122576212","-0.0161465874605463","-0.0155497773236777","0.0245638762688408","-0.0161465874605463"
"3","30","0.168","-0.0114983092754762","-0.0155156859360514","-0.0170582551501353","0.0257668720458616","-0.0155156859360514"
"3","30","0.169","-0.0125455729548502","-0.0143351335020411","-0.0179624357836322","0.0261827529600674","-0.0143351335020411"
"3","30","0.17","-0.0131484034577958","-0.012646751817046","-0.018230288174454","0.02579077842824","-0.012646751817046"
"3","30","0.171","-0.0132854452132094","-0.0105103526439872","-0.0178523235181202","0.0246104860214052","-0.0105103526439872"
"3","30","0.172","-0.0129518434485843","-0.00800161898865631","-0.0168419314010127","0.0227030132024954","-0.00800161898865631"
"3","30","0.173","-0.0121594161727472","-0.0052094239915043","-0.0152349054676037","0.0201765171571347","-0.0052094239915043"
"3","30","0.174","-0.0109362355170033","-0.00223268255233323","-0.0130881754127551","0.0172013503626287","-0.00223268255233323"
"3","30","0.175","-0.00932563326588997","0.000823152779341648","-0.0104777902188964","0.0140509467360464","0.000823152779341648"
"3","30","0.176","-0.0073846658071069","0.0038498275134315","-0.00749622408290831","0.0112048130938005","0.0038498275134315"
"3","30","0.177","-0.00518209288053641","0.00674012018855493","-0.004249100471596","0.00950463895139575","0.00674012018855493"
"3","30","0.178","-0.00279594173017867","0.00939164074576172","-0.000851450357719597","0.00983591245221647","0.00939164074576172"
"3","30","0.179","-0.000310742950133218","0.0117104577474167","0.00257636280956332","0.0119945415569579","0.0117104577474167"
"3","30","0.18","0.00218546405383921","0.013614425945207","0.00591290703989066","0.015003043578239","0.013614425945207"
"3","30","0.181","0.0046042499041575","0.0150360963165168","0.00903998359049381","0.0181384843064657","0.0150360963165168"
"3","30","0.182","0.00685992790620618","0.0159251054796792","0.0118468142155866","0.0210003476751191","0.0159251054796792"
"3","30","0.183","0.00887258954221099","0.01624995984188","0.0142339655409503","0.0233535824889507","0.01624995984188"
"3","30","0.184","0.010570935270319","0.0159991512753846","0.0161168715407874","0.0250493724928222","0.0159991512753846"
"3","30","0.185","0.0118948003464141","0.0151815647986999","0.0174288293313447","0.0259948124994068","0.0151815647986999"
"3","30","0.186","0.0127972861901725","0.0138261638203641","0.0181233621538248","0.0261417213583845","0.0138261638203641"
"3","30","0.187","0.0132464217906515","0.0119809640957599","0.0181758658367372","0.0254828038063869","0.0119809640957599"
"3","30","0.188","0.0132262962952908","0.00971133274504218","0.0175844804109393","0.0240511714620818","0.00971133274504218"
"3","30","0.189","0.0127376226597969","0.00709767259031801","0.0163701559999709","0.0219227278112489","0.00709767259031801"
"3","30","0.19","0.011797712391332","0.00423257384558962","0.0145759106514831","0.0192238880132759","0.00423257384558962"
"3","30","0.191","0.0104398622797416","0.00121753406226264","0.0122653064014537","0.0161527352090685","0.00121753406226264"
"3","30","0.192","0.008712174842175","-0.00184063747221261","0.00952019755737474","0.0130354937887364","-0.00184063747221261"
"3","30","0.193","0.00667585426743396","-0.00483360350659839","0.00643783096860167","0.0104583182510049","-0.00483360350659839"
"3","30","0.194","0.0044030382270711","-0.00765533672700567","0.00312740100823263","0.00936864787998704","-0.00765533672700567"
"3","30","0.195","0.00197424236241202","-0.0102058758273471","-0.000293818691995745","0.0103992241889737","-0.0102058758273471"
"3","30","0.196","-0.000524492022179386","-0.0123948666884406","-0.00370462971857891","0.0129472813152925","-0.0123948666884406"
"3","30","0.197","-0.00300464601540355","-0.0141447632177268","-0.00698420239046572","0.0160586832335165","-0.0141447632177268"
"3","30","0.198","-0.00537835892558793","-0.0153935744582577","-0.0100163562107477","0.0191367779700492","-0.0153935744582577"
"3","30","0.199","-0.00756154078949212","-0.0160970606492518","-0.0126936756186834","0.0218499808093554","-0.0160970606492518"
"3","30","0.2","-0.00947685130117824","-0.0162303004416753","-0.0149213152394889","0.0239974792736215","-0.0162303004416753"
"3","30","0.201","-0.0110564396309058","-0.0157885737494559","-0.0166203598290239","0.0254511351259645","-0.0157885737494559"
"3","30","0.202","-0.0122443480746021","-0.0147875289608851","-0.0177306198856579","0.0261336938466554","-0.0147875289608851"
"3","30","0.203","-0.0129984943834262","-0.0132626285866615","-0.0182127638933728","0.0260108235528873","-0.0132626285866615"
"3","30","0.204","-0.013292162548414","-0.0112678929827697","-0.0180497116603259","0.02508862468342","-0.0112678929827697"
"3","30","0.205","-0.0131149492284147","-0.00887398665243843","-0.0172472393931613","0.023414029961896","-0.00887398665243843"
"3","30","0.206","-0.0124731322936375","-0.00616571492088389","-0.01583377507201","0.0210785080765029","-0.00616571492088389"
"3","30","0.207","-0.0113894484289702","-0.00323901966438535","-0.013859391375121","0.0182289196934768","-0.00323901966438535"
"3","30","0.208","-0.00990228767558109","-0.000197580521486707","-0.0113940318292711","0.0150969632906383","-0.000197580521486707"
"3","30","0.209","-0.00806433344457212","0.00285085800988791","-0.00852503302545879","0.0120763013121961","0.00285085800988791"
"3","30","0.21","-0.00594069618087516","0.00579830347498813","-0.00535403067662716","0.00987814956293884","0.00579830347498813"
"3","30","0.211","-0.00360660679328044","0.00854034114878548","-0.0019933591218635","0.00948253763966648","0.00854034114878548"
"3","30","0.212","-0.00114475156198665","0.0109798329796629","0.00143792817356652","0.011132601934512","0.0109798329796629"
"3","30","0.213","0.00135765706409806","0.0130303587533212","0.00481827614657959","0.0139588418921","0.0130303587533212"
"3","30","0.214","0.00381197001183718","0.0146192775719538","0.00802793428498405","0.0171085394169403","0.0146192775719538"
"3","30","0.215","0.00613124202147736","0.0156903011942669","0.0109531988490754","0.0200935374018646","0.0156903011942669"
"3","30","0.216","0.00823331172582131","0.0162054880744892","0.0134904408833019","0.022636193605216","0.0162054880744892"
"3","30","0.217","0.0100437122576212","0.0161465874605463","0.0155497773236777","0.0245638762688408","0.0161465874605463"
"3","30","0.218","0.0114983092754762","0.0155156859360514","0.0170582551501353","0.0257668720458616","0.0155156859360514"
"3","30","0.219","0.0125455729548502","0.0143351335020411","0.0179624357836322","0.0261827529600674","0.0143351335020411"
"3","30","0.22","0.0131484034577958","0.012646751817046","0.018230288174454","0.02579077842824","0.012646751817046"
"3","30","0.221","0.0132854452132094","0.0105103526439872","0.0178523235181202","0.0246104860214053","0.0105103526439872"
"3","30","0.222","0.0129518434485844","0.00800161898865637","0.0168419314010127","0.0227030132024954","0.00800161898865637"
"3","30","0.223","0.0121594161727472","0.00520942399150425","0.0152349054676037","0.0201765171571346","0.00520942399150425"
"3","30","0.224","0.0109362355170033","0.0022326825523333","0.0130881754127552","0.0172013503626287","0.0022326825523333"
"3","30","0.225","0.00932563326589001","-0.000823152779341585","0.0104777902188964","0.0140509467360464","-0.000823152779341585"
"3","30","0.226","0.00738466580710686","-0.00384982751343155","0.00749622408290825","0.0112048130938004","-0.00384982751343155"
"3","30","0.227","0.00518209288053637","-0.00674012018855498","0.00424910047159595","0.00950463895139574","-0.00674012018855498"
"3","30","0.228","0.00279594173017863","-0.00939164074576176","0.00085145035771954","0.0098359124522165","-0.00939164074576176"
"3","30","0.229","0.000310742950133177","-0.0117104577474167","-0.00257636280956338","0.0119945415569579","-0.0117104577474167"
"3","30","0.23","-0.00218546405383925","-0.013614425945207","-0.00591290703989071","0.015003043578239","-0.013614425945207"
"3","30","0.231","-0.00460424990415754","-0.0150360963165169","-0.00903998359049386","0.0181384843064658","-0.0150360963165169"
"3","30","0.232","-0.00685992790620622","-0.0159251054796792","-0.0118468142155866","0.0210003476751191","-0.0159251054796792"
"3","30","0.233","-0.00887258954221102","-0.01624995984188","-0.0142339655409503","0.0233535824889507","-0.01624995984188"
"3","30","0.234","-0.010570935270319","-0.0159991512753846","-0.0161168715407874","0.0250493724928222","-0.0159991512753846"
"3","30","0.235","-0.0118948003464141","-0.0151815647986998","-0.0174288293313447","0.0259948124994068","-0.0151815647986998"
"3","30","0.236","-0.0127972861901725","-0.0138261638203641","-0.0181233621538248","0.0261417213583845","-0.0138261638203641"
"3","30","0.237","-0.0132464217906515","-0.0119809640957599","-0.0181758658367371","0.0254828038063868","-0.0119809640957599"
"3","30","0.238","-0.0132262962952908","-0.00971133274504214","-0.0175844804109393","0.0240511714620818","-0.00971133274504214"
"3","30","0.239","-0.0127376226597969","-0.00709767259031807","-0.0163701559999709","0.0219227278112489","-0.00709767259031807"
"3","30","0.24","-0.011797712391332","-0.00423257384558968","-0.0145759106514831","0.019223888013276","-0.00423257384558968"
"3","30","0.241","-0.0104398622797416","-0.00121753406226271","-0.0122653064014537","0.0161527352090685","-0.00121753406226271"
"3","30","0.242","-0.00871217484217504","0.00184063747221255","-0.00952019755737479","0.0130354937887364","0.00184063747221255"
"3","30","0.243","-0.006675854267434","0.00483360350659833","-0.00643783096860173","0.010458318251005","0.00483360350659833"
"3","30","0.244","-0.00440303822707115","0.00765533672700561","-0.0031274010082327","0.00936864787998704","0.00765533672700561"
"3","30","0.245","-0.00197424236241207","0.0102058758273471","0.000293818691995676","0.0103992241889737","0.0102058758273471"
"3","30","0.246","0.000524492022179334","0.0123948666884406","0.00370462971857884","0.0129472813152924","0.0123948666884406"
"3","30","0.247","0.0030046460154035","0.0141447632177268","0.00698420239046565","0.0160586832335165","0.0141447632177268"
"3","30","0.248","0.00537835892558788","0.0153935744582577","0.0100163562107476","0.0191367779700491","0.0153935744582577"
"3","30","0.249","0.00756154078949207","0.0160970606492517","0.0126936756186833","0.0218499808093553","0.0160970606492517"
"3","30","0.25","0.00947685130117821","0.0162303004416753","0.0149213152394889","0.0239974792736214","0.0162303004416753"
"3","30","0.251","0.0110564396309058","0.0157885737494559","0.0166203598290239","0.0254511351259645","0.0157885737494559"
"3","30","0.252","0.0122443480746021","0.0147875289608851","0.0177306198856579","0.0261336938466554","0.0147875289608851"
"3","30","0.253","0.0129984943834262","0.0132626285866615","0.0182127638933728","0.0260108235528873","0.0132626285866615"
"3","30","0.254","0.013292162548414","0.0112678929827697","0.0180497116603259","0.0250886246834201","0.0112678929827697"
"3","30","0.255","0.0131149492284147","0.00887398665243848","0.0172472393931613","0.0234140299618961","0.00887398665243848"
"3","30","0.256","0.0124731322936375","0.00616571492088395","0.0158337750720101","0.021078508076503","0.00616571492088395"
"3","30","0.257","0.0113894484289702","0.00323901966438541","0.0138593913751211","0.0182289196934768","0.00323901966438541"
"3","30","0.258","0.00990228767558112","0.000197580521486771","0.0113940318292712","0.0150969632906383","0.000197580521486771"
"3","30","0.259","0.00806433344457208","-0.00285085800988796","0.00852503302545874","0.0120763013121961","-0.00285085800988796"
"3","30","0.26","0.00594069618087513","-0.00579830347498818","0.0053540306766271","0.00987814956293882","-0.00579830347498818"
"3","30","0.261","0.0036066067932805","-0.00854034114878542","0.00199335912186358","0.00948253763966646","-0.00854034114878542"
"3","30","0.262","0.00114475156198661","-0.010979832979663","-0.00143792817356658","0.0111326019345121","-0.010979832979663"
"3","30","0.263","-0.0013576570640981","-0.0130303587533212","-0.00481827614657965","0.0139588418921001","-0.0130303587533212"
"3","30","0.264","-0.00381197001183713","-0.0146192775719537","-0.00802793428498399","0.0171085394169402","-0.0146192775719537"
"3","30","0.265","-0.0061312420214774","-0.0156903011942669","-0.0109531988490755","0.0200935374018646","-0.0156903011942669"
"3","30","0.266","-0.00823331172582134","-0.0162054880744892","-0.013490440883302","0.0226361936052161","-0.0162054880744892"
"3","30","0.267","-0.0100437122576212","-0.0161465874605463","-0.0155497773236776","0.0245638762688408","-0.0161465874605463"
"3","30","0.268","-0.0114983092754762","-0.0155156859360514","-0.0170582551501353","0.0257668720458616","-0.0155156859360514"
"3","30","0.269","-0.0125455729548502","-0.0143351335020411","-0.0179624357836322","0.0261827529600674","-0.0143351335020411"
"3","30","0.27","-0.0131484034577958","-0.012646751817046","-0.018230288174454","0.02579077842824","-0.012646751817046"
"3","30","0.271","-0.0132854452132094","-0.0105103526439872","-0.0178523235181202","0.0246104860214052","-0.0105103526439872"
"3","30","0.272","-0.0129518434485843","-0.00800161898865632","-0.0168419314010127","0.0227030132024954","-0.00800161898865632"
"3","30","0.273","-0.0121594161727472","-0.00520942399150431","-0.0152349054676038","0.0201765171571347","-0.00520942399150431"
"3","30","0.274","-0.0109362355170033","-0.00223268255233325","-0.0130881754127552","0.0172013503626287","-0.00223268255233325"
"3","30","0.275","-0.00932563326588998","0.000823152779341636","-0.0104777902188964","0.0140509467360464","0.000823152779341636"
"3","30","0.276","-0.0073846658071069","0.00384982751343148","-0.00749622408290832","0.0112048130938005","0.00384982751343148"
"3","30","0.277","-0.00518209288053633","0.00674012018855503","-0.00424910047159589","0.00950463895139573","0.00674012018855503"
"3","30","0.278","-0.00279594173017859","0.00939164074576181","-0.000851450357719484","0.00983591245221652","0.00939164074576181"
"3","30","0.279","-0.000310742950133228","0.0117104577474167","0.00257636280956331","0.0119945415569579","0.0117104577474167"
"3","30","0.28","0.0021854640538393","0.0136144259452071","0.00591290703989077","0.0150030435782391","0.0136144259452071"
"3","30","0.281","0.00460424990415758","0.0150360963165169","0.00903998359049391","0.0181384843064658","0.0150360963165169"
"3","30","0.282","0.00685992790620618","0.0159251054796792","0.0118468142155866","0.021000347675119","0.0159251054796792"
"3","30","0.283","0.00887258954221105","0.01624995984188","0.0142339655409504","0.0233535824889507","0.01624995984188"
"3","30","0.284","0.010570935270319","0.0159991512753846","0.0161168715407874","0.0250493724928222","0.0159991512753846"
"3","30","0.285","0.0118948003464142","0.0151815647986998","0.0174288293313447","0.0259948124994068","0.0151815647986998"
"3","30","0.286","0.0127972861901726","0.0138261638203641","0.0181233621538248","0.0261417213583845","0.0138261638203641"
"3","30","0.287","0.0132464217906515","0.0119809640957599","0.0181758658367371","0.0254828038063868","0.0119809640957599"
"3","30","0.288","0.0132262962952908","0.0097113327450421","0.0175844804109392","0.0240511714620817","0.0097113327450421"
"3","30","0.289","0.0127376226597969","0.00709767259031813","0.0163701559999709","0.021922727811249","0.00709767259031813"
"3","30","0.29","0.011797712391332","0.00423257384558974","0.0145759106514831","0.0192238880132761","0.00423257384558974"
"3","30","0.291","0.0104398622797416","0.00121753406226277","0.0122653064014538","0.0161527352090686","0.00121753406226277"
"3","30","0.292","0.00871217484217508","-0.00184063747221249","0.00952019755737486","0.0130354937887365","-0.00184063747221249"
"3","30","0.293","0.00667585426743405","-0.00483360350659827","0.0064378309686018","0.010458318251005","-0.00483360350659827"
"3","30","0.294","0.0044030382270712","-0.00765533672700555","0.00312740100823277","0.00936864787998704","-0.00765533672700555"
"3","30","0.295","0.00197424236241212","-0.010205875827347","-0.000293818691995604","0.0103992241889736","-0.010205875827347"
"3","30","0.296","-0.000524492022179282","-0.0123948666884405","-0.00370462971857877","0.0129472813152924","-0.0123948666884405"
"3","30","0.297","-0.00300464601540345","-0.0141447632177267","-0.00698420239046559","0.0160586832335164","-0.0141447632177267"
"3","30","0.298","-0.00537835892558784","-0.0153935744582576","-0.0100163562107476","0.019136777970049","-0.0153935744582576"
"3","30","0.299","-0.00756154078949203","-0.0160970606492517","-0.0126936756186832","0.0218499808093553","-0.0160970606492517"
"3","30","0.3","-0.00947685130117817","-0.0162303004416753","-0.0149213152394888","0.0239974792736214","-0.0162303004416753"
"3","30","0.301","-0.0110564396309058","-0.0157885737494559","-0.0166203598290239","0.0254511351259645","-0.0157885737494559"
"3","30","0.302","-0.0122443480746021","-0.0147875289608852","-0.0177306198856579","0.0261336938466554","-0.0147875289608852"
"3","30","0.303","-0.0129984943834262","-0.0132626285866615","-0.0182127638933728","0.0260108235528873","-0.0132626285866615"
"3","30","0.304","-0.013292162548414","-0.0112678929827698","-0.0180497116603259","0.0250886246834201","-0.0112678929827698"
"3","30","0.305","-0.0131149492284147","-0.00887398665243854","-0.0172472393931614","0.0234140299618961","-0.00887398665243854"
"3","30","0.306","-0.0124731322936375","-0.00616571492088401","-0.0158337750720101","0.021078508076503","-0.00616571492088401"
"3","30","0.307","-0.0113894484289702","-0.00323901966438547","-0.0138593913751211","0.0182289196934769","-0.00323901966438547"
"3","30","0.308","-0.00990228767558116","-0.000197580521486834","-0.0113940318292712","0.0150969632906384","-0.000197580521486834"
"3","30","0.309","-0.00806433344457213","0.0028508580098879","-0.0085250330254588","0.0120763013121961","0.0028508580098879"
"3","30","0.31","-0.00594069618087517","0.00579830347498812","-0.00535403067662717","0.00987814956293885","0.00579830347498812"
"3","30","0.311","-0.00360660679328055","0.00854034114878537","-0.00199335912186365","0.00948253763966645","0.00854034114878537"
"3","30","0.312","-0.00114475156198666","0.0109798329796629","0.0014379281735665","0.011132601934512","0.0109798329796629"
"3","30","0.313","0.00135765706409805","0.0130303587533212","0.00481827614657958","0.0139588418921","0.0130303587533212"
"3","30","0.314","0.00381197001183717","0.0146192775719538","0.00802793428498404","0.0171085394169403","0.0146192775719538"
"3","30","0.315","0.00613124202147735","0.0156903011942669","0.0109531988490754","0.0200935374018646","0.0156903011942669"
"3","30","0.316","0.0082333117258213","0.0162054880744892","0.0134904408833019","0.022636193605216","0.0162054880744892"
"3","30","0.317","0.0100437122576212","0.0161465874605463","0.0155497773236777","0.0245638762688408","0.0161465874605463"
"3","30","0.318","0.0114983092754762","0.0155156859360514","0.0170582551501353","0.0257668720458616","0.0155156859360514"
"3","30","0.319","0.0125455729548502","0.0143351335020411","0.0179624357836322","0.0261827529600674","0.0143351335020411"
"3","30","0.32","0.0131484034577958","0.012646751817046","0.018230288174454","0.02579077842824","0.012646751817046"
"3","30","0.321","0.0132854452132094","0.0105103526439872","0.0178523235181202","0.0246104860214053","0.0105103526439872"
"3","30","0.322","0.0129518434485844","0.00800161898865638","0.0168419314010127","0.0227030132024954","0.00800161898865638"
"3","30","0.323","0.0121594161727472","0.00520942399150426","0.0152349054676037","0.0201765171571346","0.00520942399150426"
"3","30","0.324","0.0109362355170033","0.00223268255233331","0.0130881754127552","0.0172013503626288","0.00223268255233331"
"3","30","0.325","0.00932563326589002","-0.000823152779341573","0.0104777902188965","0.0140509467360464","-0.000823152779341573"
"3","30","0.326","0.00738466580710687","-0.00384982751343153","0.00749622408290826","0.0112048130938004","-0.00384982751343153"
"3","30","0.327","0.00518209288053638","-0.00674012018855497","0.00424910047159596","0.00950463895139574","-0.00674012018855497"
"3","30","0.328","0.00279594173017864","-0.00939164074576176","0.000851450357719554","0.00983591245221649","-0.00939164074576176"
"3","30","0.329","0.000310742950133186","-0.0117104577474167","-0.00257636280956336","0.0119945415569579","-0.0117104577474167"
"3","30","0.33","-0.00218546405383925","-0.013614425945207","-0.0059129070398907","0.015003043578239","-0.013614425945207"
"3","30","0.331","-0.00460424990415753","-0.0150360963165169","-0.00903998359049385","0.0181384843064658","-0.0150360963165169"
"3","30","0.332","-0.00685992790620621","-0.0159251054796792","-0.0118468142155866","0.0210003476751191","-0.0159251054796792"
"3","30","0.333","-0.00887258954221101","-0.01624995984188","-0.0142339655409503","0.0233535824889507","-0.01624995984188"
"3","30","0.334","-0.010570935270319","-0.0159991512753846","-0.0161168715407874","0.0250493724928222","-0.0159991512753846"
"3","30","0.335","-0.0118948003464141","-0.0151815647986999","-0.0174288293313447","0.0259948124994068","-0.0151815647986999"
"3","30","0.336","-0.0127972861901725","-0.0138261638203641","-0.0181233621538248","0.0261417213583845","-0.0138261638203641"
"3","30","0.337","-0.0132464217906515","-0.0119809640957599","-0.0181758658367371","0.0254828038063868","-0.0119809640957599"
"3","30","0.338","-0.0132262962952908","-0.00971133274504215","-0.0175844804109393","0.0240511714620818","-0.00971133274504215"
"3","30","0.339","-0.0127376226597969","-0.00709767259031808","-0.0163701559999709","0.0219227278112489","-0.00709767259031808"
"3","30","0.34","-0.011797712391332","-0.00423257384558969","-0.0145759106514831","0.019223888013276","-0.00423257384558969"
"3","30","0.341","-0.0104398622797415","-0.0012175340622626","-0.0122653064014536","0.0161527352090684","-0.0012175340622626"
"3","30","0.342","-0.00871217484217505","0.00184063747221254","-0.00952019755737481","0.0130354937887364","0.00184063747221254"
"3","30","0.343","-0.00667585426743401","0.00483360350659832","-0.00643783096860175","0.010458318251005","0.00483360350659832"
"3","30","0.344","-0.00440303822707107","0.0076553367270057","-0.00312740100823259","0.00936864787998704","0.0076553367270057"
"3","30","0.345","-0.00197424236241208","0.010205875827347","0.000293818691995662","0.0103992241889737","0.010205875827347"
"3","30","0.346","0.000524492022179326","0.0123948666884405","0.00370462971857883","0.0129472813152924","0.0123948666884405"
"3","30","0.347","0.00300464601540358","0.0141447632177268","0.00698420239046576","0.0160586832335166","0.0141447632177268"
"3","30","0.348","0.00537835892558787","0.0153935744582576","0.0100163562107476","0.0191367779700491","0.0153935744582576"
"3","30","0.349","0.00756154078949222","0.0160970606492518","0.0126936756186835","0.0218499808093555","0.0160970606492518"
"3","30","0.35","0.00947685130117827","0.0162303004416753","0.0149213152394889","0.0239974792736215","0.0162303004416753"
"3","30","0.351","0.0110564396309058","0.0157885737494559","0.0166203598290239","0.0254511351259645","0.0157885737494559"
"3","30","0.352","0.0122443480746021","0.0147875289608851","0.0177306198856579","0.0261336938466554","0.0147875289608851"
"3","30","0.353","0.0129984943834262","0.0132626285866616","0.0182127638933728","0.0260108235528874","0.0132626285866616"
"3","30","0.354","0.013292162548414","0.0112678929827699","0.0180497116603259","0.0250886246834202","0.0112678929827699"
"3","30","0.355","0.0131149492284147","0.00887398665243849","0.0172472393931613","0.0234140299618961","0.00887398665243849"
"3","30","0.356","0.0124731322936376","0.00616571492088407","0.0158337750720101","0.0210785080765031","0.00616571492088407"
"3","30","0.357","0.0113894484289703","0.00323901966438565","0.0138593913751212","0.0182289196934771","0.00323901966438565"
"3","30","0.358","0.00990228767558113","0.000197580521486783","0.0113940318292712","0.0150969632906383","0.000197580521486783"
"3","30","0.359","0.00806433344457217","-0.00285085800988784","0.00852503302545887","0.0120763013121962","-0.00285085800988784"
"3","30","0.36","0.0059406961808753","-0.00579830347498796","0.00535403067662736","0.00987814956293893","-0.00579830347498796"
"3","30","0.361","0.00360660679328051","-0.00854034114878541","0.00199335912186359","0.00948253763966646","-0.00854034114878541"
"3","30","0.362","0.00114475156198671","-0.0109798329796629","-0.00143792817356644","0.011132601934512","-0.0109798329796629"
"3","30","0.363","-0.00135765706409791","-0.0130303587533211","-0.00481827614657939","0.0139588418920998","-0.0130303587533211"
"3","30","0.364","-0.00381197001183712","-0.0146192775719537","-0.00802793428498398","0.0171085394169402","-0.0146192775719537"
"3","30","0.365","-0.0061312420214773","-0.0156903011942669","-0.0109531988490754","0.0200935374018645","-0.0156903011942669"
"3","30","0.366","-0.00823331172582118","-0.0162054880744892","-0.0134904408833018","0.0226361936052159","-0.0162054880744892"
"3","30","0.367","-0.0100437122576212","-0.0161465874605463","-0.0155497773236776","0.0245638762688408","-0.0161465874605463"
"3","30","0.368","-0.0114983092754761","-0.0155156859360514","-0.0170582551501353","0.0257668720458615","-0.0155156859360514"
"3","30","0.369","-0.0125455729548501","-0.0143351335020412","-0.0179624357836322","0.0261827529600674","-0.0143351335020412"
"3","30","0.37","-0.0131484034577958","-0.012646751817046","-0.018230288174454","0.02579077842824","-0.012646751817046"
"3","30","0.371","-0.0132854452132094","-0.0105103526439873","-0.0178523235181202","0.0246104860214053","-0.0105103526439873"
"3","30","0.372","-0.0129518434485844","-0.00800161898865654","-0.0168419314010128","0.0227030132024956","-0.00800161898865654"
"3","30","0.373","-0.0121594161727472","-0.00520942399150432","-0.0152349054676038","0.0201765171571347","-0.00520942399150432"
"3","30","0.374","-0.0109362355170034","-0.00223268255233337","-0.0130881754127553","0.0172013503626288","-0.00223268255233337"
"3","30","0.375","-0.00932563326589012","0.000823152779341394","-0.0104777902188966","0.0140509467360466","0.000823152779341394"
"3","30","0.376","-0.00738466580710691","0.00384982751343147","-0.00749622408290833","0.0112048130938005","0.00384982751343147"
"3","30","0.377","-0.00518209288053643","0.00674012018855491","-0.00424910047159603","0.00950463895139576","0.00674012018855491"
"3","30","0.378","-0.0027959417301786","0.0093916407457618","-0.000851450357719495","0.00983591245221652","0.0093916407457618"
"3","30","0.379","-0.000310742950133237","0.0117104577474167","0.00257636280956329","0.0119945415569579","0.0117104577474167"
"3","30","0.38","0.00218546405383919","0.013614425945207","0.00591290703989063","0.015003043578239","0.013614425945207"
"3","30","0.381","0.00460424990415757","0.0150360963165169","0.0090399835904939","0.0181384843064658","0.0150360963165169"
"3","30","0.382","0.00685992790620617","0.0159251054796792","0.0118468142155866","0.021000347675119","0.0159251054796792"
"3","30","0.383","0.00887258954221097","0.01624995984188","0.0142339655409503","0.0233535824889507","0.01624995984188"
"3","30","0.384","0.010570935270319","0.0159991512753846","0.0161168715407874","0.0250493724928222","0.0159991512753846"
"3","30","0.385","0.0118948003464141","0.0151815647986999","0.0174288293313447","0.0259948124994068","0.0151815647986999"
"3","30","0.386","0.0127972861901725","0.0138261638203641","0.0181233621538248","0.0261417213583845","0.0138261638203641"
"3","30","0.387","0.0132464217906515","0.0119809640957599","0.0181758658367371","0.0254828038063868","0.0119809640957599"
"3","30","0.388","0.0132262962952908","0.0097113327450422","0.0175844804109393","0.0240511714620818","0.0097113327450422"
"3","30","0.389","0.0127376226597969","0.00709767259031814","0.0163701559999709","0.021922727811249","0.00709767259031814"
"3","30","0.39","0.0117977123913319","0.00423257384558953","0.014575910651483","0.0192238880132758","0.00423257384558953"
"3","30","0.391","0.0104398622797416","0.00121753406226267","0.0122653064014537","0.0161527352090685","0.00121753406226267"
"3","30","0.392","0.00871217484217508","-0.00184063747221247","0.00952019755737487","0.0130354937887365","-0.00184063747221247"
"3","30","0.393","0.00667585426743389","-0.00483360350659848","0.00643783096860157","0.0104583182510049","-0.00483360350659848"
"3","30","0.394","0.00440303822707112","-0.00765533672700564","0.00312740100823266","0.00936864787998704","-0.00765533672700564"
"3","30","0.395","0.00197424236241213","-0.010205875827347","-0.000293818691995591","0.0103992241889736","-0.010205875827347"
"3","30","0.396","-0.000524492022179461","-0.0123948666884407","-0.00370462971857901","0.0129472813152926","-0.0123948666884407"
"3","30","0.397","-0.00300464601540353","-0.0141447632177268","-0.0069842023904657","0.0160586832335165","-0.0141447632177268"
"3","30","0.398","-0.00537835892558783","-0.0153935744582576","-0.0100163562107476","0.019136777970049","-0.0153935744582576"
"3","30","0.399","-0.00756154078949218","-0.0160970606492518","-0.0126936756186834","0.0218499808093555","-0.0160970606492518"
"3","30","0.4","-0.00947685130117823","-0.0162303004416753","-0.0149213152394889","0.0239974792736215","-0.0162303004416753"
"3","30","0.401","-0.0110564396309058","-0.0157885737494559","-0.0166203598290239","0.0254511351259645","-0.0157885737494559"
"3","30","0.402","-0.0122443480746021","-0.0147875289608851","-0.017730619885658","0.0261336938466555","-0.0147875289608851"
"3","30","0.403","-0.0129984943834262","-0.0132626285866615","-0.0182127638933728","0.0260108235528873","-0.0132626285866615"
"3","30","0.404","-0.013292162548414","-0.0112678929827698","-0.0180497116603259","0.0250886246834201","-0.0112678929827698"
"3","30","0.405","-0.0131149492284146","-0.00887398665243835","-0.0172472393931613","0.023414029961896","-0.00887398665243835"
"3","30","0.406","-0.0124731322936375","-0.00616571492088391","-0.01583377507201","0.021078508076503","-0.00616571492088391"
"3","30","0.407","-0.0113894484289702","-0.00323901966438548","-0.0138593913751211","0.0182289196934769","-0.00323901966438548"
"3","30","0.408","-0.00990228767558104","-0.000197580521486615","-0.011394031829271","0.0150969632906382","-0.000197580521486615"
"3","30","0.409","-0.00806433344457206","0.002850858009888","-0.0085250330254587","0.012076301312196","0.002850858009888"
"3","30","0.41","-0.00594069618087518","0.00579830347498811","-0.00535403067662718","0.00987814956293885","0.00579830347498811"
"3","30","0.411","-0.00360660679328037","0.00854034114878555","-0.0019933591218634","0.0094825376396665","0.00854034114878555"
"3","30","0.412","-0.00114475156198657","0.010979832979663","0.00143792817356662","0.0111326019345121","0.010979832979663"
"3","30","0.413","0.00135765706409804","0.0130303587533212","0.00481827614657957","0.0139588418921","0.0130303587533212"
"3","30","0.414","0.00381197001183726","0.0146192775719538","0.00802793428498415","0.0171085394169404","0.0146192775719538"
"3","30","0.415","0.00613124202147743","0.0156903011942669","0.0109531988490755","0.0200935374018647","0.0156903011942669"
"3","30","0.416","0.00823331172582129","0.0162054880744892","0.0134904408833019","0.022636193605216","0.0162054880744892"
"3","30","0.417","0.0100437122576211","0.0161465874605463","0.0155497773236776","0.0245638762688407","0.0161465874605463"
"3","30","0.418","0.0114983092754761","0.0155156859360514","0.0170582551501353","0.0257668720458615","0.0155156859360514"
"3","30","0.419","0.0125455729548502","0.0143351335020411","0.0179624357836322","0.0261827529600674","0.0143351335020411"
"3","30","0.42","0.0131484034577957","0.012646751817046","0.018230288174454","0.02579077842824","0.012646751817046"
"3","30","0.421","0.0132854452132094","0.0105103526439873","0.0178523235181202","0.0246104860214053","0.0105103526439873"
"3","30","0.422","0.0129518434485844","0.00800161898865639","0.0168419314010127","0.0227030132024955","0.00800161898865639"
"3","30","0.423","0.0121594161727473","0.00520942399150438","0.0152349054676038","0.0201765171571348","0.00520942399150438"
"3","30","0.424","0.0109362355170034","0.00223268255233344","0.0130881754127553","0.0172013503626289","0.00223268255233344"
"3","30","0.425","0.00932563326589002","-0.000823152779341561","0.0104777902188965","0.0140509467360465","-0.000823152779341561"
"3","30","0.426","0.00738466580710696","-0.00384982751343141","0.0074962240829084","0.0112048130938005","-0.00384982751343141"
"3","30","0.427","0.00518209288053648","-0.00674012018855485","0.0042491004715961","0.00950463895139577","-0.00674012018855485"
"3","30","0.428","0.00279594173017865","-0.00939164074576175","0.000851450357719568","0.00983591245221649","-0.00939164074576175"
"3","30","0.429","0.00031074295013329","-0.0117104577474166","-0.00257636280956322","0.0119945415569578","-0.0117104577474166"
"3","30","0.43","-0.00218546405383914","-0.013614425945207","-0.00591290703989057","0.0150030435782389","-0.013614425945207"
"3","30","0.431","-0.00460424990415752","-0.0150360963165169","-0.00903998359049384","0.0181384843064658","-0.0150360963165169"
"3","30","0.432","-0.00685992790620612","-0.0159251054796791","-0.0118468142155865","0.021000347675119","-0.0159251054796791"
"3","30","0.433","-0.00887258954221093","-0.01624995984188","-0.0142339655409502","0.0233535824889506","-0.01624995984188"
"3","30","0.434","-0.010570935270319","-0.0159991512753846","-0.0161168715407874","0.0250493724928222","-0.0159991512753846"
"3","30","0.435","-0.0118948003464141","-0.0151815647986999","-0.0174288293313447","0.0259948124994068","-0.0151815647986999"
"3","30","0.436","-0.0127972861901725","-0.0138261638203642","-0.0181233621538248","0.0261417213583845","-0.0138261638203642"
"3","30","0.437","-0.0132464217906515","-0.0119809640957599","-0.0181758658367371","0.0254828038063868","-0.0119809640957599"
"3","30","0.438","-0.0132262962952908","-0.00971133274504226","-0.0175844804109393","0.0240511714620818","-0.00971133274504226"
"3","30","0.439","-0.012737622659797","-0.00709767259031819","-0.016370155999971","0.021922727811249","-0.00709767259031819"
"3","30","0.44","-0.011797712391332","-0.00423257384558959","-0.014575910651483","0.0192238880132759","-0.00423257384558959"
"3","30","0.441","-0.0104398622797416","-0.00121753406226273","-0.0122653064014537","0.0161527352090686","-0.00121753406226273"
"3","30","0.442","-0.00871217484217512","0.00184063747221241","-0.00952019755737493","0.0130354937887366","0.00184063747221241"
"3","30","0.443","-0.00667585426743394","0.00483360350659842","-0.00643783096860164","0.0104583182510049","0.00483360350659842"
"3","30","0.444","-0.00440303822707117","0.00765533672700559","-0.00312740100823273","0.00936864787998704","0.00765533672700559"
"3","30","0.445","-0.00197424236241218","0.0102058758273469","0.000293818691995518","0.0103992241889736","0.0102058758273469"
"3","30","0.446","0.00052449202217941","0.0123948666884406","0.00370462971857894","0.0129472813152925","0.0123948666884406"
"3","30","0.447","0.00300464601540348","0.0141447632177268","0.00698420239046563","0.0160586832335164","0.0141447632177268"
"3","30","0.448","0.00537835892558778","0.0153935744582576","0.0100163562107475","0.019136777970049","0.0153935744582576"
"3","30","0.449","0.00756154078949213","0.0160970606492518","0.0126936756186834","0.0218499808093554","0.0160970606492518"
"3","30","0.45","0.00947685130117819","0.0162303004416753","0.0149213152394888","0.0239974792736214","0.0162303004416753"
"3","30","0.451","0.0110564396309057","0.015788573749456","0.0166203598290238","0.0254511351259644","0.015788573749456"
"3","30","0.452","0.0122443480746021","0.0147875289608851","0.0177306198856579","0.0261336938466554","0.0147875289608851"
"3","30","0.453","0.0129984943834262","0.0132626285866615","0.0182127638933728","0.0260108235528873","0.0132626285866615"
"3","30","0.454","0.013292162548414","0.0112678929827698","0.0180497116603259","0.0250886246834201","0.0112678929827698"
"3","30","0.455","0.0131149492284147","0.00887398665243841","0.0172472393931613","0.023414029961896","0.00887398665243841"
"3","30","0.456","0.0124731322936375","0.00616571492088397","0.0158337750720101","0.021078508076503","0.00616571492088397"
"3","30","0.457","0.0113894484289702","0.00323901966438555","0.0138593913751212","0.018228919693477","0.00323901966438555"
"3","30","0.458","0.00990228767558107","0.000197580521486679","0.0113940318292711","0.0150969632906382","0.000197580521486679"
"3","30","0.459","0.0080643334445721","-0.00285085800988794","0.00852503302545876","0.0120763013121961","-0.00285085800988794"
"3","30","0.46","0.00594069618087523","-0.00579830347498805","0.00535403067662725","0.00987814956293889","-0.00579830347498805"
"3","30","0.461","0.00360660679328042","-0.0085403411487855","0.00199335912186348","0.00948253763966649","-0.0085403411487855"
"3","30","0.462","0.00114475156198663","-0.0109798329796629","-0.00143792817356655","0.011132601934512","-0.0109798329796629"
"3","30","0.463","-0.00135765706409799","-0.0130303587533211","-0.0048182761465795","0.0139588418920999","-0.0130303587533211"
"3","30","0.464","-0.00381197001183721","-0.0146192775719538","-0.00802793428498408","0.0171085394169403","-0.0146192775719538"
"3","30","0.465","-0.00613124202147738","-0.0156903011942669","-0.0109531988490755","0.0200935374018646","-0.0156903011942669"
"3","30","0.466","-0.00823331172582125","-0.0162054880744892","-0.0134904408833019","0.022636193605216","-0.0162054880744892"
"3","30","0.467","-0.0100437122576212","-0.0161465874605463","-0.0155497773236777","0.0245638762688408","-0.0161465874605463"
"3","30","0.468","-0.0114983092754762","-0.0155156859360514","-0.0170582551501353","0.0257668720458616","-0.0155156859360514"
"3","30","0.469","-0.0125455729548502","-0.0143351335020411","-0.0179624357836322","0.0261827529600674","-0.0143351335020411"
"3","30","0.47","-0.0131484034577958","-0.0126467518170459","-0.018230288174454","0.02579077842824","-0.0126467518170459"
"3","30","0.471","-0.0132854452132094","-0.0105103526439872","-0.0178523235181202","0.0246104860214053","-0.0105103526439872"
"3","30","0.472","-0.0129518434485844","-0.00800161898865644","-0.0168419314010128","0.0227030132024955","-0.00800161898865644"
"3","30","0.473","-0.0121594161727472","-0.00520942399150422","-0.0152349054676037","0.0201765171571346","-0.00520942399150422"
"3","30","0.474","-0.0109362355170033","-0.00223268255233327","-0.0130881754127552","0.0172013503626287","-0.00223268255233327"
"3","30","0.475","-0.00932563326589006","0.000823152779341497","-0.0104777902188965","0.0140509467360465","0.000823152779341497"
"3","30","0.476","-0.00738466580710684","0.00384982751343157","-0.00749622408290823","0.0112048130938004","0.00384982751343157"
"3","30","0.477","-0.00518209288053635","0.006740120188555","-0.00424910047159592","0.00950463895139573","0.006740120188555"
"3","30","0.478","-0.0027959417301787","0.00939164074576169","-0.00085145035771964","0.00983591245221646","0.00939164074576169"
"3","30","0.479","-0.000310742950133153","0.0117104577474167","0.00257636280956341","0.011994541556958","0.0117104577474167"
"3","30","0.48","0.00218546405383909","0.0136144259452069","0.0059129070398905","0.0150030435782388","0.0136144259452069"
"3","30","0.481","0.00460424990415747","0.0150360963165168","0.00903998359049378","0.0181384843064657","0.0150360963165168"
"3","30","0.482","0.00685992790620608","0.0159251054796791","0.0118468142155865","0.0210003476751189","0.0159251054796791"
"3","30","0.483","0.00887258954221089","0.01624995984188","0.0142339655409502","0.0233535824889506","0.01624995984188"
"3","30","0.484","0.010570935270319","0.0159991512753846","0.0161168715407874","0.0250493724928222","0.0159991512753846"
"3","30","0.485","0.0118948003464141","0.0151815647986999","0.0174288293313446","0.0259948124994068","0.0151815647986999"
"3","30","0.486","0.0127972861901725","0.0138261638203642","0.0181233621538248","0.0261417213583845","0.0138261638203642"
"3","30","0.487","0.0132464217906515","0.01198096409576","0.0181758658367372","0.0254828038063869","0.01198096409576"
"3","30","0.488","0.0132262962952908","0.00971133274504231","0.0175844804109393","0.0240511714620819","0.00971133274504231"
"3","30","0.489","0.012737622659797","0.00709767259031825","0.016370155999971","0.0219227278112491","0.00709767259031825"
"3","30","0.49","0.011797712391332","0.00423257384558966","0.0145759106514831","0.019223888013276","0.00423257384558966"
"3","30","0.491","0.0104398622797416","0.0012175340622628","0.0122653064014538","0.0161527352090686","0.0012175340622628"
"3","30","0.492","0.00871217484217516","-0.00184063747221235","0.00952019755737499","0.0130354937887366","-0.00184063747221235"
"3","30","0.493","0.00667585426743398","-0.00483360350659836","0.0064378309686017","0.010458318251005","-0.00483360350659836"
"3","30","0.494","0.00440303822707121","-0.00765533672700553","0.0031274010082328","0.00936864787998704","-0.00765533672700553"
"3","30","0.495","0.00197424236241223","-0.0102058758273469","-0.000293818691995448","0.0103992241889736","-0.0102058758273469"
"3","30","0.496","-0.000524492022179358","-0.0123948666884406","-0.00370462971857887","0.0129472813152925","-0.0123948666884406"
"3","30","0.497","-0.00300464601540343","-0.0141447632177267","-0.00698420239046556","0.0160586832335164","-0.0141447632177267"
"3","30","0.498","-0.00537835892558773","-0.0153935744582576","-0.0100163562107475","0.0191367779700489","-0.0153935744582576"
"3","30","0.499","-0.00756154078949209","-0.0160970606492517","-0.0126936756186833","0.0218499808093554","-0.0160970606492517"
"3","30","0.5","-0.00947685130117816","-0.0162303004416753","-0.0149213152394888","0.0239974792736214","-0.0162303004416753"
"3","30","0.501","-0.0110564396309057","-0.015788573749456","-0.0166203598290238","0.0254511351259644","-0.015788573749456"
"3","30","0.502","-0.0122443480746021","-0.0147875289608851","-0.0177306198856579","0.0261336938466554","-0.0147875289608851"
"3","30","0.503","-0.0129984943834262","-0.0132626285866615","-0.0182127638933728","0.0260108235528873","-0.0132626285866615"
"3","30","0.504","-0.013292162548414","-0.0112678929827699","-0.0180497116603259","0.0250886246834202","-0.0112678929827699"
"3","30","0.505","-0.0131149492284147","-0.00887398665243846","-0.0172472393931613","0.0234140299618961","-0.00887398665243846"
"3","30","0.506","-0.0124731322936375","-0.00616571492088403","-0.0158337750720101","0.0210785080765031","-0.00616571492088403"
"3","30","0.507","-0.0113894484289703","-0.00323901966438561","-0.0138593913751212","0.018228919693477","-0.00323901966438561"
"3","30","0.508","-0.00990228767558111","-0.000197580521486743","-0.0113940318292711","0.0150969632906383","-0.000197580521486743"
"3","30","0.509","-0.00806433344457214","0.00285085800988788","-0.00852503302545883","0.0120763013121961","0.00285085800988788"
"3","30","0.51","-0.00594069618087527","0.00579830347498799","-0.00535403067662732","0.00987814956293892","0.00579830347498799"
"3","30","0.511","-0.00360660679328047","0.00854034114878545","-0.00199335912186355","0.00948253763966647","0.00854034114878545"
"3","30","0.512","-0.00114475156198668","0.0109798329796629","0.00143792817356648","0.011132601934512","0.0109798329796629"
"3","30","0.513","0.00135765706409794","0.0130303587533211","0.00481827614657943","0.0139588418920999","0.0130303587533211"
"3","30","0.514","0.00381197001183716","0.0146192775719538","0.00802793428498402","0.0171085394169402","0.0146192775719538"
"3","30","0.515","0.00613124202147733","0.0156903011942669","0.0109531988490754","0.0200935374018645","0.0156903011942669"
"3","30","0.516","0.00823331172582121","0.0162054880744892","0.0134904408833018","0.0226361936052159","0.0162054880744892"
"3","30","0.517","0.0100437122576212","0.0161465874605463","0.0155497773236777","0.0245638762688408","0.0161465874605463"
"3","30","0.518","0.0114983092754762","0.0155156859360514","0.0170582551501353","0.0257668720458616","0.0155156859360514"
"3","30","0.519","0.0125455729548501","0.0143351335020412","0.0179624357836322","0.0261827529600674","0.0143351335020412"
"3","30","0.52","0.0131484034577958","0.012646751817046","0.018230288174454","0.02579077842824","0.012646751817046"
"3","30","0.521","0.0132854452132094","0.0105103526439872","0.0178523235181202","0.0246104860214053","0.0105103526439872"
"3","30","0.522","0.0129518434485844","0.0080016189886565","0.0168419314010128","0.0227030132024955","0.0080016189886565"
"3","30","0.523","0.0121594161727472","0.00520942399150428","0.0152349054676037","0.0201765171571347","0.00520942399150428"
"3","30","0.524","0.0109362355170033","0.00223268255233333","0.0130881754127552","0.0172013503626288","0.00223268255233333"
"3","30","0.525","0.0093256332658901","-0.000823152779341434","0.0104777902188966","0.0140509467360466","-0.000823152779341434"
"3","30","0.526","0.00738466580710689","-0.00384982751343151","0.00749622408290829","0.0112048130938005","-0.00384982751343151"
"3","30","0.527","0.0051820928805364","-0.00674012018855495","0.00424910047159599","0.00950463895139575","-0.00674012018855495"
"3","30","0.528","0.00279594173017875","-0.00939164074576164","0.00085145035771971","0.00983591245221643","-0.00939164074576164"
"3","30","0.529","0.000310742950133206","-0.0117104577474167","-0.00257636280956334","0.0119945415569579","-0.0117104577474167"
"3","30","0.53","-0.00218546405383923","-0.013614425945207","-0.00591290703989068","0.015003043578239","-0.013614425945207"
"3","30","0.531","-0.00460424990415743","-0.0150360963165168","-0.00903998359049371","0.0181384843064656","-0.0150360963165168"
"3","30","0.532","-0.00685992790620619","-0.0159251054796792","-0.0118468142155866","0.0210003476751191","-0.0159251054796792"
"3","30","0.533","-0.008872589542211","-0.01624995984188","-0.0142339655409503","0.0233535824889507","-0.01624995984188"
"3","30","0.534","-0.0105709352703189","-0.0159991512753846","-0.0161168715407873","0.0250493724928221","-0.0159991512753846"
"3","30","0.535","-0.0118948003464141","-0.0151815647986999","-0.0174288293313447","0.0259948124994068","-0.0151815647986999"
"3","30","0.536","-0.0127972861901725","-0.0138261638203641","-0.0181233621538248","0.0261417213583845","-0.0138261638203641"
"3","30","0.537","-0.0132464217906515","-0.01198096409576","-0.0181758658367372","0.0254828038063869","-0.01198096409576"
"3","30","0.538","-0.0132262962952908","-0.00971133274504217","-0.0175844804109393","0.0240511714620818","-0.00971133274504217"
"3","30","0.539","-0.0127376226597969","-0.0070976725903181","-0.0163701559999709","0.021922727811249","-0.0070976725903181"
"3","30","0.54","-0.011797712391332","-0.00423257384558972","-0.0145759106514831","0.019223888013276","-0.00423257384558972"
"3","30","0.541","-0.0104398622797416","-0.00121753406226263","-0.0122653064014536","0.0161527352090685","-0.00121753406226263"
"3","30","0.542","-0.00871217484217506","0.00184063747221251","-0.00952019755737483","0.0130354937887364","0.00184063747221251"
"3","30","0.543","-0.00667585426743403","0.0048336035065983","-0.00643783096860177","0.010458318251005","0.0048336035065983"
"3","30","0.544","-0.00440303822707109","0.00765533672700568","-0.00312740100823262","0.00936864787998704","0.00765533672700568"
"3","30","0.545","-0.00197424236241209","0.010205875827347","0.000293818691995636","0.0103992241889737","0.010205875827347"
"3","30","0.546","0.000524492022179306","0.0123948666884405","0.0037046297185788","0.0129472813152924","0.0123948666884405"
"3","30","0.547","0.00300464601540356","0.0141447632177268","0.00698420239046574","0.0160586832335165","0.0141447632177268"
"3","30","0.548","0.00537835892558786","0.0153935744582576","0.0100163562107476","0.0191367779700491","0.0153935744582576"
"3","30","0.549","0.00756154078949205","0.0160970606492517","0.0126936756186833","0.0218499808093553","0.0160970606492517"
"3","30","0.55","0.00947685130117825","0.0162303004416753","0.0149213152394889","0.0239974792736215","0.0162303004416753"
"3","30","0.551","0.0110564396309058","0.0157885737494559","0.0166203598290239","0.0254511351259645","0.0157885737494559"
"3","30","0.552","0.0122443480746021","0.0147875289608852","0.0177306198856579","0.0261336938466554","0.0147875289608852"
"3","30","0.553","0.0129984943834262","0.0132626285866614","0.0182127638933728","0.0260108235528873","0.0132626285866614"
"3","30","0.554","0.013292162548414","0.0112678929827697","0.0180497116603259","0.0250886246834201","0.0112678929827697"
"3","30","0.555","0.0131149492284147","0.00887398665243851","0.0172472393931614","0.0234140299618961","0.00887398665243851"
"3","30","0.556","0.0124731322936375","0.00616571492088388","0.01583377507201","0.0210785080765029","0.00616571492088388"
"3","30","0.557","0.0113894484289702","0.00323901966438545","0.0138593913751211","0.0182289196934769","0.00323901966438545"
"3","30","0.558","0.00990228767558114","0.000197580521486806","0.0113940318292712","0.0150969632906384","0.000197580521486806"
"3","30","0.559","0.00806433344457203","-0.00285085800988804","0.00852503302545866","0.012076301312196","-0.00285085800988804"
"3","30","0.56","0.00594069618087515","-0.00579830347498815","0.00535403067662714","0.00987814956293884","-0.00579830347498815"
"3","30","0.561","0.00360660679328052","-0.00854034114878539","0.00199335912186362","0.00948253763966646","-0.00854034114878539"
"3","30","0.562","0.00114475156198654","-0.010979832979663","-0.00143792817356667","0.0111326019345121","-0.010979832979663"
"3","30","0.563","-0.00135765706409807","-0.0130303587533212","-0.00481827614657961","0.0139588418921001","-0.0130303587533212"
"3","30","0.564","-0.00381197001183711","-0.0146192775719537","-0.00802793428498395","0.0171085394169402","-0.0146192775719537"
"3","30","0.565","-0.00613124202147746","-0.0156903011942669","-0.0109531988490756","0.0200935374018647","-0.0156903011942669"
"3","30","0.566","-0.00823331172582132","-0.0162054880744892","-0.013490440883302","0.0226361936052161","-0.0162054880744892"
"3","30","0.567","-0.0100437122576212","-0.0161465874605463","-0.0155497773236776","0.0245638762688408","-0.0161465874605463"
"3","30","0.568","-0.0114983092754762","-0.0155156859360513","-0.0170582551501354","0.0257668720458616","-0.0155156859360513"
"3","30","0.569","-0.0125455729548502","-0.0143351335020411","-0.0179624357836322","0.0261827529600674","-0.0143351335020411"
"3","30","0.57","-0.0131484034577958","-0.0126467518170459","-0.018230288174454","0.02579077842824","-0.0126467518170459"
"3","30","0.571","-0.0132854452132094","-0.0105103526439871","-0.0178523235181202","0.0246104860214052","-0.0105103526439871"
"3","30","0.572","-0.0129518434485844","-0.00800161898865635","-0.0168419314010127","0.0227030132024954","-0.00800161898865635"
"3","30","0.573","-0.0121594161727472","-0.00520942399150412","-0.0152349054676036","0.0201765171571345","-0.00520942399150412"
"3","30","0.574","-0.0109362355170033","-0.00223268255233317","-0.0130881754127551","0.0172013503626286","-0.00223268255233317"
"3","30","0.575","-0.00932563326589","0.000823152779341601","-0.0104777902188964","0.0140509467360464","0.000823152779341601"
"3","30","0.576","-0.00738466580710677","0.00384982751343167","-0.00749622408290812","0.0112048130938003","0.00384982751343167"
"3","30","0.577","-0.00518209288053662","0.00674012018855468","-0.00424910047159631","0.00950463895139582","0.00674012018855468"
"3","30","0.578","-0.0027959417301788","0.00939164074576159","-0.000851450357719783","0.0098359124522164","0.00939164074576159"
"3","30","0.579","-0.000310742950133446","0.0117104577474165","0.00257636280956301","0.0119945415569576","0.0117104577474165"
"3","30","0.58","0.00218546405383899","0.0136144259452069","0.00591290703989036","0.0150030435782387","0.0136144259452069"
"3","30","0.581","0.00460424990415738","0.0150360963165168","0.00903998359049365","0.0181384843064656","0.0150360963165168"
"3","30","0.582","0.00685992790620599","0.0159251054796791","0.0118468142155863","0.0210003476751188","0.0159251054796791"
"3","30","0.583","0.00887258954221082","0.01624995984188","0.0142339655409501","0.0233535824889505","0.01624995984188"
"3","30","0.584","0.0105709352703189","0.0159991512753846","0.0161168715407873","0.0250493724928221","0.0159991512753846"
"3","30","0.585","0.011894800346414","0.0151815647987","0.0174288293313446","0.0259948124994068","0.0151815647987"
"3","30","0.586","0.0127972861901725","0.0138261638203643","0.0181233621538247","0.0261417213583845","0.0138261638203643"
"3","30","0.587","0.0132464217906515","0.01198096409576","0.0181758658367372","0.0254828038063869","0.01198096409576"
"3","30","0.588","0.0132262962952908","0.00971133274504241","0.0175844804109394","0.024051171462082","0.00971133274504241"
"3","30","0.589","0.012737622659797","0.00709767259031837","0.0163701559999711","0.0219227278112492","0.00709767259031837"
"3","30","0.59","0.011797712391332","0.00423257384558978","0.0145759106514832","0.0192238880132761","0.00423257384558978"
"3","30","0.591","0.0104398622797417","0.00121753406226292","0.0122653064014539","0.0161527352090688","0.00121753406226292"
"3","30","0.592","0.00871217484217524","-0.00184063747221222","0.00952019755737511","0.0130354937887367","-0.00184063747221222"
"3","30","0.593","0.00667585426743407","-0.00483360350659824","0.00643783096860184","0.0104583182510051","-0.00483360350659824"
"3","30","0.594","0.00440303822707131","-0.00765533672700542","0.00312740100823294","0.00936864787998705","-0.00765533672700542"
"3","30","0.595","0.00197424236241233","-0.0102058758273468","-0.000293818691995304","0.0103992241889735","-0.0102058758273468"
"3","30","0.596","-0.000524492022179252","-0.0123948666884405","-0.00370462971857873","0.0129472813152923","-0.0123948666884405"
"3","30","0.597","-0.00300464601540333","-0.0141447632177267","-0.00698420239046543","0.0160586832335162","-0.0141447632177267"
"3","30","0.598","-0.00537835892558764","-0.0153935744582575","-0.0100163562107473","0.0191367779700488","-0.0153935744582575"
"3","30","0.599","-0.00756154078949201","-0.0160970606492517","-0.0126936756186832","0.0218499808093553","-0.0160970606492517"
"3","30","0.6","-0.00947685130117808","-0.0162303004416753","-0.0149213152394887","0.0239974792736213","-0.0162303004416753"
"3","30","0.601","-0.0110564396309056","-0.015788573749456","-0.0166203598290237","0.0254511351259644","-0.015788573749456"
"3","30","0.602","-0.0122443480746021","-0.0147875289608852","-0.0177306198856579","0.0261336938466554","-0.0147875289608852"
"3","30","0.603","-0.0129984943834262","-0.0132626285866616","-0.0182127638933728","0.0260108235528874","-0.0132626285866616"
"3","30","0.604","-0.013292162548414","-0.01126789298277","-0.0180497116603259","0.0250886246834202","-0.01126789298277"
"3","30","0.605","-0.0131149492284147","-0.00887398665243857","-0.0172472393931614","0.0234140299618961","-0.00887398665243857"
"3","30","0.606","-0.0124731322936376","-0.00616571492088415","-0.0158337750720102","0.0210785080765032","-0.00616571492088415"
"3","30","0.607","-0.0113894484289703","-0.00323901966438573","-0.0138593913751213","0.0182289196934771","-0.00323901966438573"
"3","30","0.608","-0.00990228767558118","-0.00019758052148687","-0.0113940318292713","0.0150969632906384","-0.00019758052148687"
"3","30","0.609","-0.00806433344457222","0.00285085800988775","-0.00852503302545895","0.0120763013121963","0.00285085800988775"
"3","30","0.61","-0.00594069618087537","0.00579830347498787","-0.00535403067662746","0.00987814956293897","0.00579830347498787"
"3","30","0.611","-0.00360660679328057","0.00854034114878534","-0.00199335912186369","0.00948253763966644","0.00854034114878534"
"3","30","0.612","-0.00114475156198678","0.0109798329796628","0.00143792817356634","0.0111326019345119","0.0109798329796628"
"3","30","0.613","0.00135765706409783","0.013030358753321","0.00481827614657929","0.0139588418920998","0.013030358753321"
"3","30","0.614","0.00381197001183706","0.0146192775719537","0.00802793428498389","0.0171085394169401","0.0146192775719537"
"3","30","0.615","0.00613124202147724","0.0156903011942669","0.0109531988490753","0.0200935374018644","0.0156903011942669"
"3","30","0.616","0.00823331172582113","0.0162054880744892","0.0134904408833017","0.0226361936052158","0.0162054880744892"
"3","30","0.617","0.0100437122576211","0.0161465874605463","0.0155497773236776","0.0245638762688407","0.0161465874605463"
"3","30","0.618","0.0114983092754761","0.0155156859360514","0.0170582551501352","0.0257668720458615","0.0155156859360514"
"3","30","0.619","0.0125455729548501","0.0143351335020412","0.0179624357836321","0.0261827529600674","0.0143351335020412"
"3","30","0.62","0.0131484034577957","0.0126467518170461","0.018230288174454","0.02579077842824","0.0126467518170461"
"3","30","0.621","0.0132854452132094","0.0105103526439873","0.0178523235181202","0.0246104860214054","0.0105103526439873"
"3","30","0.622","0.0129518434485844","0.00800161898865661","0.0168419314010128","0.0227030132024956","0.00800161898865661"
"3","30","0.623","0.0121594161727473","0.0052094239915044","0.0152349054676038","0.0201765171571348","0.0052094239915044"
"3","30","0.624","0.0109362355170034","0.00223268255233346","0.0130881754127553","0.0172013503626289","0.00223268255233346"
"3","30","0.625","0.00932563326589004","-0.000823152779341537","0.0104777902188965","0.0140509467360465","-0.000823152779341537"
"3","30","0.626","0.00738466580710697","-0.00384982751343139","0.00749622408290842","0.0112048130938006","-0.00384982751343139"
"3","30","0.627","0.0051820928805365","-0.00674012018855483","0.00424910047159613","0.00950463895139578","-0.00674012018855483"
"3","30","0.628","0.00279594173017866","-0.00939164074576172","0.000851450357719595","0.00983591245221648","-0.00939164074576172"
"3","30","0.629","0.000310742950133309","-0.0117104577474166","-0.0025763628095632","0.0119945415569578","-0.0117104577474166"
"3","30","0.63","-0.00218546405383912","-0.013614425945207","-0.00591290703989054","0.0150030435782389","-0.013614425945207"
"3","30","0.631","-0.00460424990415751","-0.0150360963165168","-0.00903998359049382","0.0181384843064657","-0.0150360963165168"
"3","30","0.632","-0.00685992790620611","-0.0159251054796791","-0.0118468142155865","0.0210003476751189","-0.0159251054796791"
"3","30","0.633","-0.00887258954221092","-0.01624995984188","-0.0142339655409502","0.0233535824889506","-0.01624995984188"
"3","30","0.634","-0.010570935270319","-0.0159991512753846","-0.0161168715407874","0.0250493724928222","-0.0159991512753846"
"3","30","0.635","-0.0118948003464141","-0.0151815647986999","-0.0174288293313446","0.0259948124994068","-0.0151815647986999"
"3","30","0.636","-0.0127972861901725","-0.0138261638203642","-0.0181233621538248","0.0261417213583845","-0.0138261638203642"
"3","30","0.637","-0.0132464217906515","-0.0119809640957599","-0.0181758658367372","0.0254828038063869","-0.0119809640957599"
"3","30","0.638","-0.0132262962952908","-0.00971133274504227","-0.0175844804109393","0.0240511714620819","-0.00971133274504227"
"3","30","0.639","-0.012737622659797","-0.00709767259031822","-0.016370155999971","0.0219227278112491","-0.00709767259031822"
"3","30","0.64","-0.011797712391332","-0.00423257384558962","-0.014575910651483","0.0192238880132759","-0.00423257384558962"
"3","30","0.641","-0.0104398622797416","-0.00121753406226276","-0.0122653064014538","0.0161527352090686","-0.00121753406226276"
"3","30","0.642","-0.00871217484217514","0.00184063747221239","-0.00952019755737495","0.0130354937887366","0.00184063747221239"
"3","30","0.643","-0.00667585426743396","0.0048336035065984","-0.00643783096860166","0.0104583182510049","0.0048336035065984"
"3","30","0.644","-0.00440303822707118","0.00765533672700557","-0.00312740100823276","0.00936864787998704","0.00765533672700557"
"3","30","0.645","-0.0019742423624122","0.0102058758273469","0.000293818691995493","0.0103992241889736","0.0102058758273469"
"3","30","0.646","0.00052449202217939","0.0123948666884406","0.00370462971857891","0.0129472813152925","0.0123948666884406"
"3","30","0.647","0.00300464601540346","0.0141447632177267","0.00698420239046561","0.0160586832335164","0.0141447632177267"
"3","30","0.648","0.00537835892558776","0.0153935744582576","0.0100163562107475","0.0191367779700489","0.0153935744582576"
"3","30","0.649","0.00756154078949212","0.0160970606492518","0.0126936756186834","0.0218499808093554","0.0160970606492518"
"3","30","0.65","0.00947685130117818","0.0162303004416753","0.0149213152394888","0.0239974792736214","0.0162303004416753"
"3","30","0.651","0.0110564396309057","0.015788573749456","0.0166203598290238","0.0254511351259644","0.015788573749456"
"3","30","0.652","0.0122443480746021","0.0147875289608851","0.0177306198856579","0.0261336938466554","0.0147875289608851"
"3","30","0.653","0.0129984943834262","0.0132626285866615","0.0182127638933728","0.0260108235528873","0.0132626285866615"
"3","30","0.654","0.013292162548414","0.0112678929827698","0.0180497116603259","0.0250886246834201","0.0112678929827698"
"3","30","0.655","0.0131149492284147","0.00887398665243843","0.0172472393931613","0.023414029961896","0.00887398665243843"
"3","30","0.656","0.0124731322936375","0.00616571492088399","0.0158337750720101","0.021078508076503","0.00616571492088399"
"3","30","0.657","0.0113894484289702","0.00323901966438557","0.0138593913751212","0.018228919693477","0.00323901966438557"
"3","30","0.658","0.00990228767558109","0.000197580521486703","0.0113940318292711","0.0150969632906383","0.000197580521486703"
"3","30","0.659","0.00806433344457212","-0.00285085800988792","0.00852503302545879","0.0120763013121961","-0.00285085800988792"
"3","30","0.66","0.00594069618087524","-0.00579830347498803","0.00535403067662728","0.0098781495629389","-0.00579830347498803"
"3","30","0.661","0.00360660679328044","-0.00854034114878548","0.0019933591218635","0.00948253763966648","-0.00854034114878548"
"3","30","0.662","0.00114475156198665","-0.0109798329796629","-0.00143792817356652","0.011132601934512","-0.0109798329796629"
"3","30","0.663","-0.00135765706409797","-0.0130303587533211","-0.00481827614657947","0.0139588418920999","-0.0130303587533211"
"3","30","0.664","-0.00381197001183719","-0.0146192775719538","-0.00802793428498406","0.0171085394169403","-0.0146192775719538"
"3","30","0.665","-0.00613124202147736","-0.0156903011942669","-0.0109531988490754","0.0200935374018646","-0.0156903011942669"
"3","30","0.666","-0.00823331172582123","-0.0162054880744892","-0.0134904408833019","0.022636193605216","-0.0162054880744892"
"3","30","0.667","-0.0100437122576212","-0.0161465874605463","-0.0155497773236777","0.0245638762688408","-0.0161465874605463"
"3","30","0.668","-0.0114983092754762","-0.0155156859360514","-0.0170582551501353","0.0257668720458616","-0.0155156859360514"
"3","30","0.669","-0.0125455729548501","-0.0143351335020412","-0.0179624357836322","0.0261827529600674","-0.0143351335020412"
"3","30","0.67","-0.0131484034577958","-0.012646751817046","-0.018230288174454","0.02579077842824","-0.012646751817046"
"3","30","0.671","-0.0132854452132094","-0.0105103526439872","-0.0178523235181202","0.0246104860214053","-0.0105103526439872"
"3","30","0.672","-0.0129518434485844","-0.00800161898865646","-0.0168419314010128","0.0227030132024955","-0.00800161898865646"
"3","30","0.673","-0.0121594161727472","-0.00520942399150424","-0.0152349054676037","0.0201765171571346","-0.00520942399150424"
"3","30","0.674","-0.0109362355170033","-0.00223268255233329","-0.0130881754127552","0.0172013503626287","-0.00223268255233329"
"3","30","0.675","-0.00932563326589007","0.000823152779341473","-0.0104777902188965","0.0140509467360465","0.000823152779341473"
"3","30","0.676","-0.00738466580710686","0.00384982751343155","-0.00749622408290825","0.0112048130938004","0.00384982751343155"
"3","30","0.677","-0.00518209288053637","0.00674012018855498","-0.00424910047159594","0.00950463895139574","0.00674012018855498"
"3","30","0.678","-0.00279594173017872","0.00939164074576167","-0.000851450357719665","0.00983591245221645","0.00939164074576167"
"3","30","0.679","-0.000310742950133173","0.0117104577474167","0.00257636280956338","0.0119945415569579","0.0117104577474167"
"3","30","0.68","0.00218546405383907","0.0136144259452069","0.00591290703989047","0.0150030435782388","0.0136144259452069"
"3","30","0.681","0.00460424990415746","0.0150360963165168","0.00903998359049375","0.0181384843064657","0.0150360963165168"
"3","30","0.682","0.00685992790620622","0.0159251054796792","0.0118468142155866","0.0210003476751191","0.0159251054796792"
"3","30","0.683","0.00887258954221088","0.01624995984188","0.0142339655409502","0.0233535824889506","0.01624995984188"
"3","30","0.684","0.0105709352703189","0.0159991512753846","0.0161168715407874","0.0250493724928222","0.0159991512753846"
"3","30","0.685","0.0118948003464141","0.0151815647986998","0.0174288293313447","0.0259948124994068","0.0151815647986998"
"3","30","0.686","0.0127972861901725","0.0138261638203642","0.0181233621538248","0.0261417213583845","0.0138261638203642"
"3","30","0.687","0.0132464217906515","0.01198096409576","0.0181758658367372","0.0254828038063869","0.01198096409576"
"3","30","0.688","0.0132262962952908","0.00971133274504214","0.0175844804109393","0.0240511714620818","0.00971133274504214"
"3","30","0.689","0.012737622659797","0.00709767259031827","0.016370155999971","0.0219227278112491","0.00709767259031827"
"3","30","0.69","0.011797712391332","0.00423257384558968","0.0145759106514831","0.019223888013276","0.00423257384558968"
"3","30","0.691","0.0104398622797415","0.00121753406226259","0.0122653064014536","0.0161527352090684","0.00121753406226259"
"3","30","0.692","0.00871217484217518","-0.00184063747221232","0.00952019755737501","0.0130354937887366","-0.00184063747221232"
"3","30","0.693","0.006675854267434","-0.00483360350659834","0.00643783096860173","0.010458318251005","-0.00483360350659834"
"3","30","0.694","0.00440303822707106","-0.00765533672700571","0.00312740100823257","0.00936864787998704","-0.00765533672700571"
"3","30","0.695","0.00197424236241188","-0.0102058758273472","-0.000293818691995939","0.0103992241889738","-0.0102058758273472"
"3","30","0.696","-0.000524492022179338","-0.0123948666884406","-0.00370462971857884","0.0129472813152924","-0.0123948666884406"
"3","30","0.697","-0.00300464601540359","-0.0141447632177268","-0.00698420239046578","0.0160586832335166","-0.0141447632177268"
"3","30","0.698","-0.00537835892558806","-0.0153935744582577","-0.0100163562107479","0.0191367779700493","-0.0153935744582577"
"3","30","0.699","-0.00756154078949207","-0.0160970606492517","-0.0126936756186833","0.0218499808093553","-0.0160970606492517"
"3","30","0.7","-0.00947685130117828","-0.0162303004416753","-0.0149213152394889","0.0239974792736215","-0.0162303004416753"
"3","30","0.701","-0.0110564396309059","-0.0157885737494559","-0.016620359829024","0.0254511351259646","-0.0157885737494559"
"3","30","0.702","-0.0122443480746021","-0.0147875289608851","-0.0177306198856579","0.0261336938466554","-0.0147875289608851"
"3","30","0.703","-0.0129984943834263","-0.0132626285866614","-0.0182127638933728","0.0260108235528873","-0.0132626285866614"
"3","30","0.704","-0.013292162548414","-0.0112678929827699","-0.0180497116603259","0.0250886246834202","-0.0112678929827699"
"3","30","0.705","-0.0131149492284147","-0.00887398665243887","-0.0172472393931615","0.0234140299618964","-0.00887398665243887"
"3","30","0.706","-0.0124731322936376","-0.00616571492088427","-0.0158337750720103","0.0210785080765033","-0.00616571492088427"
"3","30","0.707","-0.0113894484289703","-0.00323901966438563","-0.0138593913751212","0.018228919693477","-0.00323901966438563"
"3","30","0.708","-0.00990228767558137","-0.000197580521487228","-0.0113940318292716","0.0150969632906388","-0.000197580521487228"
"3","30","0.709","-0.00806433344457231","0.00285085800988762","-0.00852503302545908","0.0120763013121964","0.00285085800988762"
"3","30","0.71","-0.00594069618087529","0.00579830347498797","-0.00535403067662735","0.00987814956293893","0.00579830347498797"
"3","30","0.711","-0.00360660679328086","0.00854034114878503","-0.00199335912186409","0.00948253763966636","0.00854034114878503"
"3","30","0.712","-0.00114475156198689","0.0109798329796627","0.00143792817356619","0.0111326019345118","0.0109798329796627"
"3","30","0.713","0.00135765706409792","0.0130303587533211","0.0048182761465794","0.0139588418920999","0.0130303587533211"
"3","30","0.714","0.00381197001183678","0.0146192775719536","0.00802793428498353","0.0171085394169397","0.0146192775719536"
"3","30","0.715","0.00613124202147715","0.0156903011942668","0.0109531988490752","0.0200935374018643","0.0156903011942668"
"3","30","0.716","0.00823331172582119","0.0162054880744892","0.0134904408833018","0.0226361936052159","0.0162054880744892"
"3","30","0.717","0.0100437122576209","0.0161465874605463","0.0155497773236774","0.0245638762688405","0.0161465874605463"
"3","30","0.718","0.011498309275476","0.0155156859360515","0.0170582551501352","0.0257668720458615","0.0155156859360515"
"3","30","0.719","0.0125455729548501","0.0143351335020412","0.0179624357836322","0.0261827529600674","0.0143351335020412"
"3","30","0.72","0.0131484034577957","0.0126467518170463","0.0182302881744541","0.0257907784282401","0.0126467518170463"
"3","30","0.721","0.0132854452132094","0.0105103526439874","0.0178523235181203","0.0246104860214054","0.0105103526439874"
"3","30","0.722","0.0129518434485844","0.00800161898865652","0.0168419314010128","0.0227030132024956","0.00800161898865652"
"3","30","0.723","0.0121594161727474","0.00520942399150474","0.015234905467604","0.0201765171571351","0.00520942399150474"
"3","30","0.724","0.0109362355170035","0.00223268255233359","0.0130881754127554","0.017201350362629","0.00223268255233359"
"3","30","0.725","0.00932563326589011","-0.00082315277934141","0.0104777902188966","0.0140509467360466","-0.00082315277934141"
"3","30","0.726","0.00738466580710722","-0.00384982751343104","0.00749622408290879","0.0112048130938008","-0.00384982751343104"
"3","30","0.727","0.00518209288053659","-0.00674012018855472","0.00424910047159626","0.00950463895139581","-0.00674012018855472"
"3","30","0.728","0.00279594173017877","-0.00939164074576162","0.000851450357719738","0.00983591245221642","-0.00939164074576162"
"3","30","0.729","0.000310742950133602","-0.0117104577474164","-0.0025763628095628","0.0119945415569575","-0.0117104577474164"
"3","30","0.73","-0.00218546405383902","-0.0136144259452069","-0.0059129070398904","0.0150030435782387","-0.0136144259452069"
"3","30","0.731","-0.00460424990415741","-0.0150360963165168","-0.00903998359049369","0.0181384843064656","-0.0150360963165168"
"3","30","0.732","-0.00685992790620586","-0.0159251054796791","-0.0118468142155862","0.0210003476751186","-0.0159251054796791"
"3","30","0.733","-0.00887258954221084","-0.01624995984188","-0.0142339655409501","0.0233535824889505","-0.01624995984188"
"3","30","0.734","-0.0105709352703189","-0.0159991512753846","-0.0161168715407873","0.0250493724928221","-0.0159991512753846"
"3","30","0.735","-0.0118948003464139","-0.0151815647987","-0.0174288293313445","0.0259948124994067","-0.0151815647987"
"3","30","0.736","-0.0127972861901725","-0.0138261638203642","-0.0181233621538247","0.0261417213583845","-0.0138261638203642"
"3","30","0.737","-0.0132464217906515","-0.01198096409576","-0.0181758658367372","0.0254828038063869","-0.01198096409576"
"3","30","0.738","-0.0132262962952908","-0.00971133274504256","-0.0175844804109394","0.0240511714620821","-0.00971133274504256"
"3","30","0.739","-0.012737622659797","-0.00709767259031833","-0.016370155999971","0.0219227278112492","-0.00709767259031833"
"3","30","0.74","-0.011797712391332","-0.00423257384558974","-0.0145759106514831","0.019223888013276","-0.00423257384558974"
"3","30","0.741","-0.0104398622797418","-0.00121753406226311","-0.012265306401454","0.016152735209069","-0.00121753406226311"
"3","30","0.742","-0.00871217484217522","0.00184063747221226","-0.00952019755737507","0.0130354937887367","0.00184063747221226"
"3","30","0.743","-0.00667585426743405","0.00483360350659827","-0.0064378309686018","0.010458318251005","0.00483360350659827"
"3","30","0.744","-0.00440303822707146","0.00765533672700525","-0.00312740100823315","0.00936864787998705","0.00765533672700525"
"3","30","0.745","-0.0019742423624123","0.0102058758273468","0.000293818691995349","0.0103992241889735","0.0102058758273468"
"3","30","0.746","0.000524492022179286","0.0123948666884405","0.00370462971857877","0.0129472813152924","0.0123948666884405"
"3","30","0.747","0.00300464601540317","0.0141447632177266","0.00698420239046524","0.016058683233516","0.0141447632177266"
"3","30","0.748","0.00537835892558767","0.0153935744582576","0.0100163562107474","0.0191367779700488","0.0153935744582576"
"3","30","0.749","0.00756154078949203","0.0160970606492517","0.0126936756186833","0.0218499808093553","0.0160970606492517"
"3","30","0.75","0.00947685130117797","0.0162303004416753","0.0149213152394886","0.0239974792736212","0.0162303004416753"
"3","30","0.751","0.0110564396309057","0.015788573749456","0.0166203598290238","0.0254511351259644","0.015788573749456"
"3","30","0.752","0.0122443480746021","0.0147875289608852","0.0177306198856579","0.0261336938466554","0.0147875289608852"
"3","30","0.753","0.0129984943834262","0.0132626285866615","0.0182127638933728","0.0260108235528873","0.0132626285866615"
"3","30","0.754","0.013292162548414","0.0112678929827699","0.0180497116603259","0.0250886246834202","0.0112678929827699"
"3","30","0.755","0.0131149492284147","0.00887398665243853","0.0172472393931614","0.0234140299618961","0.00887398665243853"
"3","30","0.756","0.0124731322936375","0.0061657149208839","0.01583377507201","0.0210785080765029","0.0061657149208839"
"3","30","0.757","0.0113894484289703","0.00323901966438569","0.0138593913751213","0.0182289196934771","0.00323901966438569"
"3","30","0.758","0.00990228767558116","0.00019758052148683","0.0113940318292712","0.0150969632906384","0.00019758052148683"
"3","30","0.759","0.00806433344457205","-0.00285085800988802","0.00852503302545869","0.012076301312196","-0.00285085800988802"
"3","30","0.76","0.00594069618087534","-0.00579830347498791","0.00535403067662741","0.00987814956293896","-0.00579830347498791"
"3","30","0.761","0.00360660679328054","-0.00854034114878537","0.00199335912186364","0.00948253763966645","-0.00854034114878537"
"3","30","0.762","0.00114475156198656","-0.010979832979663","-0.00143792817356664","0.0111326019345121","-0.010979832979663"
"3","30","0.763","-0.00135765706409787","-0.013030358753321","-0.00481827614657933","0.0139588418920998","-0.013030358753321"
"3","30","0.764","-0.00381197001183709","-0.0146192775719537","-0.00802793428498393","0.0171085394169401","-0.0146192775719537"
"3","30","0.765","-0.00613124202147744","-0.0156903011942669","-0.0109531988490755","0.0200935374018647","-0.0156903011942669"
"3","30","0.766","-0.00823331172582116","-0.0162054880744892","-0.0134904408833018","0.0226361936052159","-0.0162054880744892"
"3","30","0.767","-0.0100437122576211","-0.0161465874605463","-0.0155497773236776","0.0245638762688407","-0.0161465874605463"
"3","30","0.768","-0.0114983092754762","-0.0155156859360514","-0.0170582551501354","0.0257668720458616","-0.0155156859360514"
"3","30","0.769","-0.0125455729548501","-0.0143351335020412","-0.0179624357836322","0.0261827529600674","-0.0143351335020412"
"3","30","0.77","-0.0131484034577957","-0.012646751817046","-0.018230288174454","0.02579077842824","-0.012646751817046"
"3","30","0.771","-0.0132854452132094","-0.0105103526439871","-0.0178523235181202","0.0246104860214052","-0.0105103526439871"
"3","30","0.772","-0.0129518434485844","-0.00800161898865658","-0.0168419314010128","0.0227030132024956","-0.00800161898865658"
"3","30","0.773","-0.0121594161727473","-0.00520942399150436","-0.0152349054676038","0.0201765171571347","-0.00520942399150436"
"3","30","0.774","-0.0109362355170033","-0.00223268255233319","-0.0130881754127551","0.0172013503626286","-0.00223268255233319"
"3","30","0.775","-0.00932563326589015","0.000823152779341346","-0.0104777902188967","0.0140509467360467","0.000823152779341346"
"3","30","0.776","-0.00738466580710694","0.00384982751343143","-0.00749622408290838","0.0112048130938005","0.00384982751343143"
"3","30","0.777","-0.00518209288053629","0.00674012018855508","-0.00424910047159583","0.00950463895139571","0.00674012018855508"
"3","30","0.778","-0.00279594173017882","0.00939164074576157","-0.000851450357719809","0.00983591245221639","0.00939164074576157"
"3","30","0.779","-0.000310742950133276","0.0117104577474166","0.00257636280956324","0.0119945415569578","0.0117104577474166"
"3","30","0.78","0.00218546405383934","0.0136144259452071","0.00591290703989083","0.0150030435782391","0.0136144259452071"
"3","30","0.781","0.00460424990415736","0.0150360963165168","0.00903998359049363","0.0181384843064655","0.0150360963165168"
"3","30","0.782","0.00685992790620613","0.0159251054796791","0.0118468142155865","0.021000347675119","0.0159251054796791"
"3","30","0.783","0.00887258954221108","0.01624995984188","0.0142339655409504","0.0233535824889508","0.01624995984188"
"3","30","0.784","0.0105709352703189","0.0159991512753846","0.0161168715407873","0.0250493724928221","0.0159991512753846"
"3","30","0.785","0.0118948003464141","0.0151815647986999","0.0174288293313447","0.0259948124994068","0.0151815647986999"
"3","30","0.786","0.0127972861901726","0.013826163820364","0.0181233621538248","0.0261417213583845","0.013826163820364"
"3","30","0.787","0.0132464217906515","0.0119809640957601","0.0181758658367372","0.0254828038063869","0.0119809640957601"
"3","30","0.788","0.0132262962952908","0.00971133274504224","0.0175844804109393","0.0240511714620818","0.00971133274504224"
"3","30","0.789","0.0127376226597969","0.00709767259031797","0.0163701559999708","0.0219227278112488","0.00709767259031797"
"3","30","0.79","0.011797712391332","0.0042325738455898","0.0145759106514832","0.0192238880132761","0.0042325738455898"
"3","30","0.791","0.0104398622797416","0.00121753406226272","0.0122653064014537","0.0161527352090686","0.00121753406226272"
"3","30","0.792","0.00871217484217497","-0.00184063747221266","0.00952019755737469","0.0130354937887363","-0.00184063747221266"
"3","30","0.793","0.00667585426743409","-0.00483360350659821","0.00643783096860186","0.0104583182510051","-0.00483360350659821"
"3","30","0.794","0.00440303822707115","-0.0076553367270056","0.00312740100823271","0.00936864787998704","-0.0076553367270056"
"3","30","0.795","0.00197424236241198","-0.0102058758273471","-0.000293818691995795","0.0103992241889738","-0.0102058758273471"
"3","30","0.796","-0.000524492022179233","-0.0123948666884405","-0.0037046297185787","0.0129472813152923","-0.0123948666884405"
"3","30","0.797","-0.00300464601540349","-0.0141447632177268","-0.00698420239046565","0.0160586832335164","-0.0141447632177268"
"3","30","0.798","-0.00537835892558797","-0.0153935744582577","-0.0100163562107477","0.0191367779700492","-0.0153935744582577"
"3","30","0.799","-0.00756154078949199","-0.0160970606492517","-0.0126936756186832","0.0218499808093552","-0.0160970606492517"
"3","30","0.8","-0.0094768513011782","-0.0162303004416753","-0.0149213152394889","0.0239974792736214","-0.0162303004416753"
"3","30","0.801","-0.0110564396309058","-0.0157885737494559","-0.0166203598290239","0.0254511351259645","-0.0157885737494559"
"3","30","0.802","-0.012244348074602","-0.0147875289608852","-0.0177306198856579","0.0261336938466554","-0.0147875289608852"
"3","30","0.803","-0.0129984943834262","-0.0132626285866615","-0.0182127638933728","0.0260108235528873","-0.0132626285866615"
"3","30","0.804","-0.013292162548414","-0.0112678929827696","-0.0180497116603259","0.02508862468342","-0.0112678929827696"
"3","30","0.805","-0.0131149492284147","-0.00887398665243859","-0.0172472393931614","0.0234140299618962","-0.00887398665243859"
"3","30","0.806","-0.0124731322936375","-0.00616571492088396","-0.0158337750720101","0.021078508076503","-0.00616571492088396"
"3","30","0.807","-0.0113894484289701","-0.0032390196643853","-0.013859391375121","0.0182289196934767","-0.0032390196643853"
"3","30","0.808","-0.00990228767558119","-0.000197580521486894","-0.0113940318292713","0.0150969632906385","-0.000197580521486894"
"3","30","0.809","-0.00806433344457209","0.00285085800988795","-0.00852503302545875","0.0120763013121961","0.00285085800988795"
"3","30","0.81","-0.00594069618087504","0.00579830347498828","-0.00535403067662699","0.00987814956293877","0.00579830347498828"
"3","30","0.811","-0.00360660679328059","0.00854034114878532","-0.00199335912186371","0.00948253763966644","0.00854034114878532"
"3","30","0.812","-0.00114475156198661","0.010979832979663","0.00143792817356657","0.0111326019345121","0.010979832979663"
"3","30","0.813","0.00135765706409819","0.0130303587533213","0.00481827614657977","0.0139588418921002","0.0130303587533213"
"3","30","0.814","0.00381197001183704","0.0146192775719537","0.00802793428498387","0.0171085394169401","0.0146192775719537"
"3","30","0.815","0.00613124202147739","0.0156903011942669","0.0109531988490755","0.0200935374018646","0.0156903011942669"
"3","30","0.816","0.00823331172582141","0.0162054880744892","0.0134904408833021","0.0226361936052162","0.0162054880744892"
"3","30","0.817","0.0100437122576211","0.0161465874605463","0.0155497773236776","0.0245638762688407","0.0161465874605463"
"3","30","0.818","0.0114983092754762","0.0155156859360514","0.0170582551501353","0.0257668720458616","0.0155156859360514"
"3","30","0.819","0.0125455729548502","0.014335133502041","0.0179624357836322","0.0261827529600674","0.014335133502041"
"3","30","0.82","0.0131484034577957","0.0126467518170461","0.018230288174454","0.02579077842824","0.0126467518170461"
"3","30","0.821","0.0132854452132094","0.0105103526439872","0.0178523235181202","0.0246104860214052","0.0105103526439872"
"3","30","0.822","0.0129518434485843","0.00800161898865623","0.0168419314010127","0.0227030132024953","0.00800161898865623"
"3","30","0.823","0.0121594161727473","0.00520942399150442","0.0152349054676038","0.0201765171571348","0.00520942399150442"
"3","30","0.824","0.0109362355170033","0.00223268255233325","0.0130881754127552","0.0172013503626287","0.00223268255233325"
"3","30","0.825","0.00932563326588992","-0.000823152779341744","0.0104777902188963","0.0140509467360463","-0.000823152779341744"
"3","30","0.826","0.00738466580710699","-0.00384982751343136","0.00749622408290844","0.0112048130938006","-0.00384982751343136"
"3","30","0.827","0.00518209288053634","-0.00674012018855502","0.0042491004715959","0.00950463895139573","-0.00674012018855502"
"3","30","0.828","0.0027959417301785","-0.00939164074576189","0.000851450357719363","0.00983591245221657","-0.00939164074576189"
"3","30","0.829","0.00031074295013333","-0.0117104577474166","-0.00257636280956317","0.0119945415569578","-0.0117104577474166"
"3","30","0.83","-0.00218546405383929","-0.0136144259452071","-0.00591290703989076","0.0150030435782391","-0.0136144259452071"
"3","30","0.831","-0.00460424990415766","-0.0150360963165169","-0.00903998359049402","0.0181384843064659","-0.0150360963165169"
"3","30","0.832","-0.00685992790620609","-0.0159251054796791","-0.0118468142155865","0.0210003476751189","-0.0159251054796791"
"3","30","0.833","-0.00887258954221076","-0.01624995984188","-0.01423396554095","0.0233535824889504","-0.01624995984188"
"3","30","0.834","-0.0105709352703189","-0.0159991512753846","-0.0161168715407873","0.0250493724928221","-0.0159991512753846"
"3","30","0.835","-0.0118948003464141","-0.0151815647986999","-0.0174288293313446","0.0259948124994068","-0.0151815647986999"
"3","30","0.836","-0.0127972861901725","-0.0138261638203643","-0.0181233621538247","0.0261417213583845","-0.0138261638203643"
"3","30","0.837","-0.0132464217906515","-0.0119809640957601","-0.0181758658367372","0.0254828038063869","-0.0119809640957601"
"3","30","0.838","-0.0132262962952908","-0.00971133274504229","-0.0175844804109393","0.0240511714620819","-0.00971133274504229"
"3","30","0.839","-0.012737622659797","-0.00709767259031845","-0.0163701559999711","0.0219227278112493","-0.00709767259031845"
"3","30","0.84","-0.0117977123913321","-0.00423257384558986","-0.0145759106514832","0.0192238880132762","-0.00423257384558986"
"3","30","0.841","-0.0104398622797416","-0.00121753406226278","-0.0122653064014538","0.0161527352090686","-0.00121753406226278"
"3","30","0.842","-0.0087121748421753","0.00184063747221213","-0.0095201975573752","0.0130354937887368","0.00184063747221213"
"3","30","0.843","-0.00667585426743414","0.00483360350659815","-0.00643783096860193","0.0104583182510051","0.00483360350659815"
"3","30","0.844","-0.0044030382270712","0.00765533672700555","-0.00312740100823278","0.00936864787998704","0.00765533672700555"
"3","30","0.845","-0.0019742423624124","0.0102058758273467","0.000293818691995205","0.0103992241889734","0.0102058758273467"
"3","30","0.846","0.000524492022179181","0.0123948666884404","0.00370462971857863","0.0129472813152923","0.0123948666884404"
"3","30","0.847","0.00300464601540344","0.0141447632177267","0.00698420239046558","0.0160586832335164","0.0141447632177267"
"3","30","0.848","0.00537835892558757","0.0153935744582575","0.0100163562107473","0.0191367779700487","0.0153935744582575"
"3","30","0.849","0.00756154078949195","0.0160970606492517","0.0126936756186831","0.0218499808093552","0.0160970606492517"
"3","30","0.85","0.00947685130117817","0.0162303004416753","0.0149213152394888","0.0239974792736214","0.0162303004416753"
"3","30","0.851","0.0110564396309056","0.015788573749456","0.0166203598290237","0.0254511351259643","0.015788573749456"
"3","30","0.852","0.012244348074602","0.0147875289608852","0.0177306198856579","0.0261336938466554","0.0147875289608852"
"3","30","0.853","0.0129984943834262","0.0132626285866615","0.0182127638933728","0.0260108235528873","0.0132626285866615"
"3","30","0.854","0.013292162548414","0.01126789298277","0.0180497116603259","0.0250886246834203","0.01126789298277"
"3","30","0.855","0.0131149492284147","0.00887398665243864","0.0172472393931614","0.0234140299618962","0.00887398665243864"
"3","30","0.856","0.0124731322936375","0.00616571492088402","0.0158337750720101","0.021078508076503","0.00616571492088402"
"3","30","0.857","0.0113894484289704","0.00323901966438582","0.0138593913751214","0.0182289196934772","0.00323901966438582"
"3","30","0.858","0.00990228767558123","0.000197580521486958","0.0113940318292713","0.0150969632906385","0.000197580521486958"
"3","30","0.859","0.00806433344457213","-0.00285085800988789","0.00852503302545881","0.0120763013121961","-0.00285085800988789"
"3","30","0.86","0.00594069618087543","-0.00579830347498779","0.00535403067662755","0.00987814956293902","-0.00579830347498779"
"3","30","0.861","0.00360660679328064","-0.00854034114878526","0.00199335912186378","0.00948253763966642","-0.00854034114878526"
"3","30","0.862","0.00114475156198666","-0.0109798329796629","-0.0014379281735665","0.011132601934512","-0.0109798329796629"
"3","30","0.863","-0.00135765706409776","-0.013030358753321","-0.0048182761465792","0.0139588418920997","-0.013030358753321"
"3","30","0.864","-0.00381197001183699","-0.0146192775719537","-0.0080279342849838","0.01710853941694","-0.0146192775719537"
"3","30","0.865","-0.00613124202147734","-0.0156903011942669","-0.0109531988490754","0.0200935374018646","-0.0156903011942669"
"3","30","0.866","-0.00823331172582107","-0.0162054880744892","-0.0134904408833017","0.0226361936052158","-0.0162054880744892"
"3","30","0.867","-0.0100437122576211","-0.0161465874605463","-0.0155497773236775","0.0245638762688407","-0.0161465874605463"
"3","30","0.868","-0.0114983092754762","-0.0155156859360514","-0.0170582551501353","0.0257668720458616","-0.0155156859360514"
"3","30","0.869","-0.0125455729548501","-0.0143351335020413","-0.0179624357836321","0.0261827529600674","-0.0143351335020413"
"3","30","0.87","-0.0131484034577957","-0.0126467518170461","-0.0182302881744541","0.0257907784282401","-0.0126467518170461"
"3","30","0.871","-0.0132854452132094","-0.0105103526439872","-0.0178523235181202","0.0246104860214053","-0.0105103526439872"
"3","30","0.872","-0.0129518434485844","-0.00800161898865669","-0.0168419314010129","0.0227030132024957","-0.00800161898865669"
"3","30","0.873","-0.0121594161727473","-0.00520942399150448","-0.0152349054676039","0.0201765171571349","-0.00520942399150448"
"3","30","0.874","-0.0109362355170033","-0.00223268255233332","-0.0130881754127552","0.0172013503626288","-0.00223268255233332"
"3","30","0.875","-0.00932563326589022","0.000823152779341219","-0.0104777902188968","0.0140509467360468","0.000823152779341219"
"3","30","0.876","-0.00738466580710703","0.0038498275134313","-0.00749622408290851","0.0112048130938006","0.0038498275134313"
"3","30","0.877","-0.00518209288053639","0.00674012018855496","-0.00424910047159597","0.00950463895139574","0.00674012018855496"
"3","30","0.878","-0.00279594173017892","0.00939164074576146","-0.000851450357719951","0.00983591245221633","0.00939164074576146"
"3","30","0.879","-0.000310742950133381","0.0117104577474165","0.0025763628095631","0.0119945415569577","0.0117104577474165"
"3","30","0.88","0.00218546405383924","0.013614425945207","0.00591290703989069","0.015003043578239","0.013614425945207"
"3","30","0.881","0.00460424990415726","0.0150360963165167","0.00903998359049351","0.0181384843064654","0.0150360963165167"
"3","30","0.882","0.00685992790620604","0.0159251054796791","0.0118468142155864","0.0210003476751189","0.0159251054796791"
"3","30","0.883","0.00887258954221101","0.01624995984188","0.0142339655409503","0.0233535824889507","0.01624995984188"
"3","30","0.884","0.0105709352703188","0.0159991512753846","0.0161168715407872","0.025049372492822","0.0159991512753846"
"3","30","0.885","0.011894800346414","0.0151815647986999","0.0174288293313446","0.0259948124994068","0.0151815647986999"
"3","30","0.886","0.0127972861901725","0.0138261638203641","0.0181233621538248","0.0261417213583845","0.0138261638203641"
"3","30","0.887","0.0132464217906515","0.0119809640957601","0.0181758658367372","0.025482803806387","0.0119809640957601"
"3","30","0.888","0.0132262962952908","0.00971133274504235","0.0175844804109393","0.0240511714620819","0.00971133274504235"
"3","30","0.889","0.0127376226597969","0.00709767259031809","0.0163701559999709","0.0219227278112489","0.00709767259031809"
"3","30","0.89","0.0117977123913321","0.00423257384558993","0.0145759106514833","0.0192238880132762","0.00423257384558993"
"3","30","0.891","0.0104398622797417","0.00121753406226284","0.0122653064014538","0.0161527352090687","0.00121753406226284"
"3","30","0.892","0.00871217484217505","-0.00184063747221253","0.00952019755737482","0.0130354937887364","-0.00184063747221253"
"3","30","0.893","0.00667585426743418","-0.00483360350659809","0.006437830968602","0.0104583182510052","-0.00483360350659809"
"3","30","0.894","0.00440303822707125","-0.00765533672700549","0.00312740100823285","0.00936864787998705","-0.00765533672700549"
"3","30","0.895","0.00197424236241208","-0.010205875827347","-0.000293818691995653","0.0103992241889737","-0.010205875827347"
"3","30","0.896","-0.000524492022179129","-0.0123948666884404","-0.00370462971857856","0.0129472813152922","-0.0123948666884404"
"3","30","0.897","-0.00300464601540339","-0.0141447632177267","-0.00698420239046551","0.0160586832335163","-0.0141447632177267"
"3","30","0.898","-0.00537835892558787","-0.0153935744582576","-0.0100163562107476","0.0191367779700491","-0.0153935744582576"
"3","30","0.899","-0.0075615407894919","-0.0160970606492517","-0.0126936756186831","0.0218499808093551","-0.0160970606492517"
"3","30","0.9","-0.00947685130117813","-0.0162303004416753","-0.0149213152394888","0.0239974792736214","-0.0162303004416753"
"3","30","0.901","-0.0110564396309058","-0.0157885737494559","-0.0166203598290239","0.0254511351259645","-0.0157885737494559"
"3","30","0.902","-0.012244348074602","-0.0147875289608852","-0.0177306198856578","0.0261336938466554","-0.0147875289608852"
"3","30","0.903","-0.0129984943834262","-0.0132626285866616","-0.0182127638933728","0.0260108235528874","-0.0132626285866616"
"3","30","0.904","-0.013292162548414","-0.0112678929827697","-0.0180497116603259","0.0250886246834201","-0.0112678929827697"
"3","30","0.905","-0.0131149492284147","-0.00887398665243869","-0.0172472393931614","0.0234140299618962","-0.00887398665243869"
"3","30","0.906","-0.0124731322936376","-0.00616571492088408","-0.0158337750720101","0.0210785080765031","-0.00616571492088408"
"3","30","0.907","-0.0113894484289702","-0.00323901966438543","-0.0138593913751211","0.0182289196934768","-0.00323901966438543"
"3","30","0.908","-0.00990228767558126","-0.000197580521487021","-0.0113940318292714","0.0150969632906386","-0.000197580521487021"
"3","30","0.909","-0.00806433344457217","0.00285085800988783","-0.00852503302545887","0.0120763013121962","0.00285085800988783"
"3","30","0.91","-0.00594069618087514","0.00579830347498816","-0.00535403067662712","0.00987814956293883","0.00579830347498816"
"3","30","0.911","-0.00360660679328069","0.00854034114878521","-0.00199335912186386","0.00948253763966641","0.00854034114878521"
"3","30","0.912","-0.00114475156198672","0.0109798329796629","0.00143792817356643","0.011132601934512","0.0109798329796629"
"3","30","0.913","0.00135765706409809","0.0130303587533212","0.00481827614657963","0.0139588418921001","0.0130303587533212"
"3","30","0.914","0.00381197001183694","0.0146192775719536","0.00802793428498374","0.01710853941694","0.0146192775719536"
"3","30","0.915","0.0061312420214773","0.0156903011942669","0.0109531988490754","0.0200935374018645","0.0156903011942669"
"3","30","0.916","0.00823331172582133","0.0162054880744892","0.013490440883302","0.0226361936052161","0.0162054880744892"
"3","30","0.917","0.010043712257621","0.0161465874605463","0.0155497773236775","0.0245638762688406","0.0161465874605463"
"3","30","0.918","0.0114983092754761","0.0155156859360514","0.0170582551501353","0.0257668720458615","0.0155156859360514"
"3","30","0.919","0.0125455729548502","0.0143351335020411","0.0179624357836322","0.0261827529600674","0.0143351335020411"
"3","30","0.92","0.0131484034577957","0.0126467518170462","0.0182302881744541","0.0257907784282401","0.0126467518170462"
"3","30","0.921","0.0132854452132094","0.0105103526439873","0.0178523235181202","0.0246104860214053","0.0105103526439873"
"3","30","0.922","0.0129518434485843","0.00800161898865634","0.0168419314010127","0.0227030132024954","0.00800161898865634"
"3","30","0.923","0.0121594161727473","0.00520942399150454","0.0152349054676039","0.0201765171571349","0.00520942399150454"
"3","30","0.924","0.0109362355170034","0.00223268255233338","0.0130881754127553","0.0172013503626288","0.00223268255233338"
"3","30","0.925","0.00932563326588999","-0.000823152779341617","0.0104777902188964","0.0140509467360464","-0.000823152779341617"
"3","30","0.926","0.00738466580710707","-0.00384982751343124","0.00749622408290858","0.0112048130938007","-0.00384982751343124"
"3","30","0.927","0.00518209288053644","-0.0067401201885549","0.00424910047159604","0.00950463895139576","-0.0067401201885549"
"3","30","0.928","0.0027959417301786","-0.00939164074576179","0.000851450357719505","0.00983591245221651","-0.00939164074576179"
"3","30","0.929","0.000310742950133434","-0.0117104577474165","-0.00257636280956302","0.0119945415569577","-0.0117104577474165"
"3","30","0.93","-0.00218546405383919","-0.013614425945207","-0.00591290703989062","0.0150030435782389","-0.013614425945207"
"3","30","0.931","-0.00460424990415757","-0.0150360963165169","-0.00903998359049389","0.0181384843064658","-0.0150360963165169"
"3","30","0.932","-0.006859927906206","-0.0159251054796791","-0.0118468142155864","0.0210003476751188","-0.0159251054796791"
"3","30","0.933","-0.00887258954221097","-0.01624995984188","-0.0142339655409503","0.0233535824889507","-0.01624995984188"
"3","30","0.934","-0.010570935270319","-0.0159991512753846","-0.0161168715407874","0.0250493724928222","-0.0159991512753846"
"3","30","0.935","-0.011894800346414","-0.0151815647987","-0.0174288293313446","0.0259948124994068","-0.0151815647987"
"3","30","0.936","-0.0127972861901725","-0.0138261638203641","-0.0181233621538248","0.0261417213583845","-0.0138261638203641"
"3","30","0.937","-0.0132464217906515","-0.0119809640957599","-0.0181758658367371","0.0254828038063868","-0.0119809640957599"
"3","30","0.938","-0.0132262962952908","-0.0097113327450424","-0.0175844804109393","0.0240511714620819","-0.0097113327450424"
"3","30","0.939","-0.0127376226597969","-0.00709767259031814","-0.0163701559999709","0.021922727811249","-0.00709767259031814"
"3","30","0.94","-0.0117977123913319","-0.00423257384558954","-0.014575910651483","0.0192238880132759","-0.00423257384558954"
"3","30","0.941","-0.0104398622797417","-0.00121753406226291","-0.0122653064014539","0.0161527352090688","-0.00121753406226291"
"3","30","0.942","-0.00871217484217509","0.00184063747221247","-0.00952019755737488","0.0130354937887365","0.00184063747221247"
"3","30","0.943","-0.0066758542674339","0.00483360350659847","-0.00643783096860158","0.0104583182510049","0.00483360350659847"
"3","30","0.944","-0.0044030382270713","0.00765533672700543","-0.00312740100823292","0.00936864787998704","0.00765533672700543"
"3","30","0.945","-0.00197424236241213","0.010205875827347","0.00029381869199558","0.0103992241889736","0.010205875827347"
"3","30","0.946","0.000524492022179454","0.0123948666884406","0.003704629718579","0.0129472813152926","0.0123948666884406"
"3","30","0.947","0.00300464601540334","0.0141447632177267","0.00698420239046545","0.0160586832335162","0.0141447632177267"
"3","30","0.948","0.00537835892558782","0.0153935744582576","0.0100163562107476","0.019136777970049","0.0153935744582576"
"3","30","0.949","0.00756154078949217","0.0160970606492518","0.0126936756186834","0.0218499808093555","0.0160970606492518"
"3","30","0.95","0.00947685130117809","0.0162303004416753","0.0149213152394887","0.0239974792736213","0.0162303004416753"
"3","30","0.951","0.0110564396309058","0.0157885737494559","0.0166203598290238","0.0254511351259645","0.0157885737494559"
"3","30","0.952","0.0122443480746021","0.0147875289608851","0.017730619885658","0.0261336938466555","0.0147875289608851"
"3","30","0.953","0.0129984943834262","0.0132626285866616","0.0182127638933728","0.0260108235528874","0.0132626285866616"
"3","30","0.954","0.013292162548414","0.0112678929827698","0.0180497116603259","0.0250886246834201","0.0112678929827698"
"3","30","0.955","0.0131149492284146","0.00887398665243836","0.0172472393931613","0.023414029961896","0.00887398665243836"
"3","30","0.956","0.0124731322936376","0.00616571492088413","0.0158337750720102","0.0210785080765032","0.00616571492088413"
"3","30","0.957","0.0113894484289702","0.00323901966438549","0.0138593913751211","0.0182289196934769","0.00323901966438549"
"3","30","0.958","0.00990228767558104","0.000197580521486623","0.011394031829271","0.0150969632906382","0.000197580521486623"
"3","30","0.959","0.00806433344457221","-0.00285085800988777","0.00852503302545894","0.0120763013121962","-0.00285085800988777"
"3","30","0.96","0.00594069618087552","-0.00579830347498767","0.00535403067662769","0.00987814956293908","-0.00579830347498767"
"3","30","0.961","0.00360660679328074","-0.00854034114878515","0.00199335912186393","0.00948253763966639","-0.00854034114878515"
"3","30","0.962","0.00114475156198677","-0.0109798329796628","-0.00143792817356636","0.0111326019345119","-0.0109798329796628"
"3","30","0.963","-0.00135765706409766","-0.0130303587533209","-0.00481827614657906","0.0139588418920995","-0.0130303587533209"
"3","30","0.964","-0.00381197001183689","-0.0146192775719536","-0.00802793428498367","0.0171085394169399","-0.0146192775719536"
"3","30","0.965","-0.00613124202147725","-0.0156903011942669","-0.0109531988490753","0.0200935374018644","-0.0156903011942669"
"3","30","0.966","-0.00823331172582099","-0.0162054880744892","-0.0134904408833016","0.0226361936052157","-0.0162054880744892"
"3","30","0.967","-0.010043712257621","-0.0161465874605463","-0.0155497773236775","0.0245638762688406","-0.0161465874605463"
"3","30","0.968","-0.0114983092754761","-0.0155156859360514","-0.0170582551501353","0.0257668720458615","-0.0155156859360514"
"3","30","0.969","-0.01254557295485","-0.0143351335020413","-0.0179624357836321","0.0261827529600674","-0.0143351335020413"
"3","30","0.97","-0.0131484034577957","-0.0126467518170462","-0.0182302881744541","0.0257907784282401","-0.0126467518170462"
"3","30","0.971","-0.0132854452132094","-0.0105103526439873","-0.0178523235181202","0.0246104860214053","-0.0105103526439873"
"3","30","0.972","-0.0129518434485844","-0.0080016189886568","-0.0168419314010129","0.0227030132024958","-0.0080016189886568"
"3","30","0.973","-0.0121594161727473","-0.00520942399150461","-0.0152349054676039","0.020176517157135","-0.00520942399150461"
"3","30","0.974","-0.0109362355170034","-0.00223268255233344","-0.0130881754127553","0.0172013503626289","-0.00223268255233344"
"3","30","0.975","-0.0093256332658903","0.000823152779341092","-0.0104777902188969","0.0140509467360469","0.000823152779341092"
"3","30","0.976","-0.00738466580710712","0.00384982751343118","-0.00749622408290864","0.0112048130938007","0.00384982751343118"
"3","30","0.977","-0.00518209288053648","0.00674012018855485","-0.00424910047159611","0.00950463895139578","0.00674012018855485"
"3","30","0.978","-0.00279594173017902","0.00939164074576136","-0.000851450357720095","0.00983591245221627","0.00939164074576136"
"3","30","0.979","-0.000310742950133485","0.0117104577474165","0.00257636280956296","0.0119945415569576","0.0117104577474165"
"3","30","0.98","0.00218546405383914","0.013614425945207","0.00591290703989056","0.0150030435782389","0.013614425945207"
"3","30","0.981","0.00460424990415716","0.0150360963165167","0.00903998359049338","0.0181384843064653","0.0150360963165167"
"3","30","0.982","0.00685992790620595","0.0159251054796791","0.0118468142155863","0.0210003476751188","0.0159251054796791"
"3","30","0.983","0.00887258954221093","0.01624995984188","0.0142339655409502","0.0233535824889506","0.01624995984188"
"3","30","0.984","0.0105709352703188","0.0159991512753847","0.0161168715407872","0.025049372492822","0.0159991512753847"
"3","30","0.985","0.011894800346414","0.0151815647987","0.0174288293313446","0.0259948124994068","0.0151815647987"
"3","30","0.986","0.0127972861901725","0.0138261638203642","0.0181233621538248","0.0261417213583845","0.0138261638203642"
"3","30","0.987","0.0132464217906515","0.0119809640957602","0.0181758658367372","0.025482803806387","0.0119809640957602"
"3","30","0.988","0.0132262962952908","0.00971133274504245","0.0175844804109394","0.024051171462082","0.00971133274504245"
"3","30","0.989","0.012737622659797","0.0070976725903182","0.016370155999971","0.0219227278112491","0.0070976725903182"
"3","30","0.99","0.0117977123913321","0.00423257384559005","0.0145759106514834","0.0192238880132764","0.00423257384559005"
"3","30","0.991","0.0104398622797417","0.00121753406226297","0.0122653064014539","0.0161527352090688","0.00121753406226297"
"3","30","0.992","0.00871217484217513","-0.0018406374722124","0.00952019755737494","0.0130354937887366","-0.0018406374722124"
"3","30","0.993","0.00667585426743427","-0.00483360350659797","0.00643783096860213","0.0104583182510052","-0.00483360350659797"
"3","30","0.994","0.00440303822707135","-0.00765533672700538","0.00312740100823299","0.00936864787998705","-0.00765533672700538"
"3","30","0.995","0.00197424236241219","-0.0102058758273469","-0.000293818691995511","0.0103992241889736","-0.0102058758273469"
"3","30","0.996","-0.000524492022179026","-0.0123948666884403","-0.00370462971857842","0.0129472813152921","-0.0123948666884403"
"3","30","0.997","-0.00300464601540329","-0.0141447632177266","-0.00698420239046538","0.0160586832335162","-0.0141447632177266"
"3","30","0.998","-0.00537835892558777","-0.0153935744582576","-0.0100163562107475","0.0191367779700489","-0.0153935744582576"
"3","30","0.999","-0.00756154078949182","-0.0160970606492517","-0.012693675618683","0.021849980809355","-0.0160970606492517"
"3","30","1","-0.00947685130117806","-0.0162303004416753","-0.0149213152394887","0.0239974792736213","-0.0162303004416753"
"3","50","0","-0.0158102168407162","-0.0270459511321626","-0.0248530382247871","0.0399889977143279","-0.0270459511321626"
"3","50","0.001","-0.0198219128918495","-0.0253056499798926","-0.0290498720856604","0.0433264263445548","-0.0253056499798926"
"3","50","0.002","-0.0218933020017406","-0.0210882554927598","-0.0304031020644289","0.0429927878533994","-0.0210882554927598"
"3","50","0.003","-0.0218216221720967","-0.0148065956274799","-0.028780264582263","0.0390348830883674","-0.0148065956274799"
"3","50","0.004","-0.0196138899240662","-0.00707556301856439","-0.0243402142788909","0.0320501841043914","-0.00707556301856439"
"3","50","0.005","-0.0154862134722613","0.00134807499695455","-0.017517574213656","0.0234201947096263","0.00134807499695455"
"3","50","0.006","-0.00984263854699763","0.00963975403918078","-0.00898019193227205","0.016445249728818","0.00963975403918078"
"3","50","0.007","-0.00323559758305862","0.0169878267919363","0.000436234104118948","0.0172987181902567","0.0169878267919363"
"3","50","0.008","0.00368816621604414","0.022673012697148","0.00980995850697707","0.0249780575848246","0.022673012697148"
"3","50","0.009","0.0102509066089555","0.0261388061473944","0.0182234158211723","0.0334725433349177","0.0261388061473944"
"3","50","0.01","0.0158102168407161","0.0270459511321626","0.0248530382247871","0.0399889977143279","0.0270459511321626"
"3","50","0.011","0.0198219128918495","0.0253056499798926","0.0290498720856604","0.0433264263445548","0.0253056499798926"
"3","50","0.012","0.0218933020017406","0.0210882554927598","0.0304031020644289","0.0429927878533994","0.0210882554927598"
"3","50","0.013","0.0218216221720967","0.0148065956274799","0.028780264582263","0.0390348830883674","0.0148065956274799"
"3","50","0.014","0.0196138899240662","0.00707556301856439","0.0243402142788909","0.0320501841043914","0.00707556301856439"
"3","50","0.015","0.0154862134722613","-0.00134807499695455","0.017517574213656","0.0234201947096263","-0.00134807499695455"
"3","50","0.016","0.00984263854699764","-0.00963975403918077","0.00898019193227206","0.016445249728818","-0.00963975403918077"
"3","50","0.017","0.0032355975830586","-0.0169878267919363","-0.000436234104118973","0.0172987181902567","-0.0169878267919363"
"3","50","0.018","-0.00368816621604416","-0.022673012697148","-0.00980995850697709","0.0249780575848246","-0.022673012697148"
"3","50","0.019","-0.0102509066089555","-0.0261388061473944","-0.0182234158211723","0.0334725433349177","-0.0261388061473944"
"3","50","0.02","-0.0158102168407161","-0.0270459511321626","-0.0248530382247871","0.0399889977143279","-0.0270459511321626"
"3","50","0.021","-0.0198219128918495","-0.0253056499798926","-0.0290498720856604","0.0433264263445549","-0.0253056499798926"
"3","50","0.022","-0.0218933020017406","-0.0210882554927598","-0.0304031020644289","0.0429927878533994","-0.0210882554927598"
"3","50","0.023","-0.0218216221720967","-0.0148065956274799","-0.028780264582263","0.0390348830883674","-0.0148065956274799"
"3","50","0.024","-0.0196138899240662","-0.00707556301856437","-0.0243402142788908","0.0320501841043914","-0.00707556301856437"
"3","50","0.025","-0.0154862134722613","0.00134807499695457","-0.0175175742136559","0.0234201947096262","0.00134807499695457"
"3","50","0.026","-0.00984263854699761","0.00963975403918082","-0.00898019193227202","0.016445249728818","0.00963975403918082"
"3","50","0.027","-0.00323559758305862","0.0169878267919363","0.00043623410411894","0.0172987181902567","0.0169878267919363"
"3","50","0.028","0.00368816621604414","0.022673012697148","0.00980995850697706","0.0249780575848246","0.022673012697148"
"3","50","0.029","0.0102509066089555","0.0261388061473944","0.0182234158211723","0.0334725433349177","0.0261388061473944"
"3","50","0.03","0.0158102168407161","0.0270459511321626","0.0248530382247871","0.0399889977143279","0.0270459511321626"
"3","50","0.031","0.0198219128918495","0.0253056499798926","0.0290498720856604","0.0433264263445548","0.0253056499798926"
"3","50","0.032","0.0218933020017406","0.0210882554927598","0.0304031020644289","0.0429927878533994","0.0210882554927598"
"3","50","0.033","0.0218216221720967","0.0148065956274799","0.028780264582263","0.0390348830883674","0.0148065956274799"
"3","50","0.034","0.0196138899240662","0.00707556301856435","0.0243402142788908","0.0320501841043914","0.00707556301856435"
"3","50","0.035","0.0154862134722613","-0.00134807499695459","0.0175175742136559","0.0234201947096262","-0.00134807499695459"
"3","50","0.036","0.00984263854699761","-0.00963975403918081","0.00898019193227202","0.016445249728818","-0.00963975403918081"
"3","50","0.037","0.00323559758305862","-0.0169878267919363","-0.000436234104118938","0.0172987181902567","-0.0169878267919363"
"3","50","0.038","-0.00368816621604414","-0.022673012697148","-0.00980995850697705","0.0249780575848246","-0.022673012697148"
"3","50","0.039","-0.0102509066089555","-0.0261388061473944","-0.0182234158211723","0.0334725433349177","-0.0261388061473944"
"3","50","0.04","-0.0158102168407161","-0.0270459511321626","-0.0248530382247871","0.0399889977143279","-0.0270459511321626"
"3","50","0.041","-0.0198219128918495","-0.0253056499798926","-0.0290498720856604","0.0433264263445549","-0.0253056499798926"
"3","50","0.042","-0.0218933020017406","-0.0210882554927597","-0.0304031020644289","0.0429927878533994","-0.0210882554927597"
"3","50","0.043","-0.0218216221720967","-0.0148065956274799","-0.028780264582263","0.0390348830883674","-0.0148065956274799"
"3","50","0.044","-0.0196138899240662","-0.0070755630185644","-0.0243402142788909","0.0320501841043914","-0.0070755630185644"
"3","50","0.045","-0.0154862134722613","0.00134807499695454","-0.017517574213656","0.0234201947096263","0.00134807499695454"
"3","50","0.046","-0.00984263854699765","0.00963975403918076","-0.00898019193227207","0.0164452497288181","0.00963975403918076"
"3","50","0.047","-0.00323559758305863","0.0169878267919363","0.000436234104118933","0.0172987181902567","0.0169878267919363"
"3","50","0.048","0.00368816621604417","0.022673012697148","0.0098099585069771","0.0249780575848246","0.022673012697148"
"3","50","0.049","0.0102509066089555","0.0261388061473944","0.0182234158211723","0.0334725433349177","0.0261388061473944"
"3","50","0.05","0.0158102168407162","0.0270459511321626","0.0248530382247871","0.0399889977143279","0.0270459511321626"
"3","50","0.051","0.0198219128918495","0.0253056499798926","0.0290498720856604","0.0433264263445549","0.0253056499798926"
"3","50","0.052","0.0218933020017406","0.0210882554927597","0.0304031020644288","0.0429927878533994","0.0210882554927597"
"3","50","0.053","0.0218216221720967","0.0148065956274799","0.028780264582263","0.0390348830883674","0.0148065956274799"
"3","50","0.054","0.0196138899240662","0.00707556301856441","0.0243402142788909","0.0320501841043914","0.00707556301856441"
"3","50","0.055","0.0154862134722613","-0.00134807499695458","0.0175175742136559","0.0234201947096262","-0.00134807499695458"
"3","50","0.056","0.00984263854699765","-0.00963975403918076","0.00898019193227207","0.0164452497288181","-0.00963975403918076"
"3","50","0.057","0.00323559758305859","-0.0169878267919363","-0.000436234104118983","0.0172987181902567","-0.0169878267919363"
"3","50","0.058","-0.00368816621604413","-0.022673012697148","-0.00980995850697705","0.0249780575848246","-0.022673012697148"
"3","50","0.059","-0.0102509066089555","-0.0261388061473944","-0.0182234158211723","0.0334725433349177","-0.0261388061473944"
"3","50","0.06","-0.0158102168407161","-0.0270459511321626","-0.0248530382247871","0.0399889977143279","-0.0270459511321626"
"3","50","0.061","-0.0198219128918495","-0.0253056499798926","-0.0290498720856604","0.0433264263445549","-0.0253056499798926"
"3","50","0.062","-0.0218933020017406","-0.0210882554927598","-0.0304031020644289","0.0429927878533994","-0.0210882554927598"
"3","50","0.063","-0.0218216221720967","-0.0148065956274799","-0.028780264582263","0.0390348830883674","-0.0148065956274799"
"3","50","0.064","-0.0196138899240662","-0.00707556301856441","-0.0243402142788909","0.0320501841043914","-0.00707556301856441"
"3","50","0.065","-0.0154862134722613","0.00134807499695458","-0.0175175742136559","0.0234201947096262","0.00134807499695458"
"3","50","0.066","-0.00984263854699758","0.00963975403918085","-0.00898019193227198","0.016445249728818","0.00963975403918085"
"3","50","0.067","-0.00323559758305859","0.0169878267919363","0.00043623410411898","0.0172987181902567","0.0169878267919363"
"3","50","0.068","0.0036881662160442","0.022673012697148","0.00980995850697715","0.0249780575848247","0.022673012697148"
"3","50","0.069","0.0102509066089555","0.0261388061473944","0.0182234158211723","0.0334725433349177","0.0261388061473944"
"3","50","0.07","0.0158102168407162","0.0270459511321626","0.0248530382247872","0.0399889977143279","0.0270459511321626"
"3","50","0.071","0.0198219128918495","0.0253056499798926","0.0290498720856604","0.0433264263445549","0.0253056499798926"
"3","50","0.072","0.0218933020017406","0.0210882554927597","0.0304031020644289","0.0429927878533994","0.0210882554927597"
"3","50","0.073","0.0218216221720967","0.0148065956274799","0.028780264582263","0.0390348830883675","0.0148065956274799"
"3","50","0.074","0.0196138899240662","0.00707556301856441","0.0243402142788909","0.0320501841043914","0.00707556301856441"
"3","50","0.075","0.0154862134722613","-0.00134807499695457","0.0175175742136559","0.0234201947096262","-0.00134807499695457"
"3","50","0.076","0.00984263854699765","-0.00963975403918076","0.00898019193227208","0.0164452497288181","-0.00963975403918076"
"3","50","0.077","0.00323559758305859","-0.0169878267919363","-0.000436234104118976","0.0172987181902567","-0.0169878267919363"
"3","50","0.078","-0.00368816621604413","-0.022673012697148","-0.00980995850697704","0.0249780575848246","-0.022673012697148"
"3","50","0.079","-0.0102509066089555","-0.0261388061473944","-0.0182234158211723","0.0334725433349177","-0.0261388061473944"
"3","50","0.08","-0.0158102168407161","-0.0270459511321626","-0.0248530382247871","0.0399889977143279","-0.0270459511321626"
"3","50","0.081","-0.0198219128918495","-0.0253056499798926","-0.0290498720856604","0.0433264263445549","-0.0253056499798926"
"3","50","0.082","-0.0218933020017406","-0.0210882554927597","-0.0304031020644289","0.0429927878533994","-0.0210882554927597"
"3","50","0.083","-0.0218216221720967","-0.0148065956274799","-0.028780264582263","0.0390348830883674","-0.0148065956274799"
"3","50","0.084","-0.0196138899240662","-0.00707556301856432","-0.0243402142788908","0.0320501841043913","-0.00707556301856432"
"3","50","0.085","-0.0154862134722613","0.00134807499695457","-0.0175175742136559","0.0234201947096262","0.00134807499695457"
"3","50","0.086","-0.00984263854699759","0.00963975403918084","-0.00898019193227198","0.016445249728818","0.00963975403918084"
"3","50","0.087","-0.00323559758305852","0.0169878267919364","0.00043623410411908","0.0172987181902568","0.0169878267919364"
"3","50","0.088","0.00368816621604412","0.022673012697148","0.00980995850697704","0.0249780575848246","0.022673012697148"
"3","50","0.089","0.0102509066089554","0.0261388061473944","0.0182234158211722","0.0334725433349176","0.0261388061473944"
"3","50","0.09","0.0158102168407161","0.0270459511321626","0.0248530382247871","0.0399889977143279","0.0270459511321626"
"3","50","0.091","0.0198219128918495","0.0253056499798926","0.0290498720856604","0.0433264263445549","0.0253056499798926"
"3","50","0.092","0.0218933020017406","0.0210882554927598","0.0304031020644289","0.0429927878533994","0.0210882554927598"
"3","50","0.093","0.0218216221720967","0.0148065956274799","0.028780264582263","0.0390348830883674","0.0148065956274799"
"3","50","0.094","0.0196138899240662","0.00707556301856442","0.0243402142788909","0.0320501841043914","0.00707556301856442"
"3","50","0.095","0.0154862134722613","-0.00134807499695457","0.0175175742136559","0.0234201947096262","-0.00134807499695457"
"3","50","0.096","0.00984263854699759","-0.00963975403918084","0.00898019193227199","0.016445249728818","-0.00963975403918084"
"3","50","0.097","0.0032355975830586","-0.0169878267919363","-0.000436234104118968","0.0172987181902567","-0.0169878267919363"
"3","50","0.098","-0.0036881662160442","-0.022673012697148","-0.00980995850697713","0.0249780575848247","-0.022673012697148"
"3","50","0.099","-0.0102509066089555","-0.0261388061473944","-0.0182234158211723","0.0334725433349177","-0.0261388061473944"
"3","50","0.1","-0.0158102168407162","-0.0270459511321626","-0.0248530382247872","0.0399889977143279","-0.0270459511321626"
"3","50","0.101","-0.0198219128918495","-0.0253056499798926","-0.0290498720856604","0.0433264263445549","-0.0253056499798926"
"3","50","0.102","-0.0218933020017406","-0.0210882554927597","-0.0304031020644289","0.0429927878533994","-0.0210882554927597"
"3","50","0.103","-0.0218216221720967","-0.0148065956274798","-0.028780264582263","0.0390348830883673","-0.0148065956274798"
"3","50","0.104","-0.0196138899240661","-0.00707556301856424","-0.0243402142788907","0.0320501841043913","-0.00707556301856424"
"3","50","0.105","-0.0154862134722613","0.00134807499695456","-0.0175175742136559","0.0234201947096262","0.00134807499695456"
"3","50","0.106","-0.00984263854699759","0.00963975403918084","-0.00898019193227199","0.016445249728818","0.00963975403918084"
"3","50","0.107","-0.00323559758305868","0.0169878267919362","0.000436234104118857","0.0172987181902567","0.0169878267919362"
"3","50","0.108","0.00368816621604412","0.022673012697148","0.00980995850697703","0.0249780575848246","0.022673012697148"
"3","50","0.109","0.0102509066089555","0.0261388061473944","0.0182234158211723","0.0334725433349177","0.0261388061473944"
"3","50","0.11","0.0158102168407162","0.0270459511321626","0.0248530382247872","0.0399889977143279","0.0270459511321626"
"3","50","0.111","0.0198219128918495","0.0253056499798925","0.0290498720856604","0.0433264263445549","0.0253056499798925"
"3","50","0.112","0.0218933020017406","0.0210882554927598","0.0304031020644289","0.0429927878533994","0.0210882554927598"
"3","50","0.113","0.0218216221720967","0.0148065956274799","0.028780264582263","0.0390348830883674","0.0148065956274799"
"3","50","0.114","0.0196138899240662","0.00707556301856433","0.0243402142788908","0.0320501841043914","0.00707556301856433"
"3","50","0.115","0.0154862134722612","-0.00134807499695466","0.0175175742136559","0.0234201947096262","-0.00134807499695466"
"3","50","0.116","0.00984263854699766","-0.00963975403918074","0.0089801919322721","0.0164452497288181","-0.00963975403918074"
"3","50","0.117","0.00323559758305861","-0.0169878267919363","-0.000436234104118961","0.0172987181902567","-0.0169878267919363"
"3","50","0.118","-0.00368816621604419","-0.022673012697148","-0.00980995850697713","0.0249780575848247","-0.022673012697148"
"3","50","0.119","-0.0102509066089555","-0.0261388061473944","-0.0182234158211724","0.0334725433349178","-0.0261388061473944"
"3","50","0.12","-0.0158102168407161","-0.0270459511321626","-0.0248530382247871","0.0399889977143279","-0.0270459511321626"
"3","50","0.121","-0.0198219128918495","-0.0253056499798926","-0.0290498720856604","0.0433264263445549","-0.0253056499798926"
"3","50","0.122","-0.0218933020017406","-0.0210882554927597","-0.0304031020644289","0.0429927878533994","-0.0210882554927597"
"3","50","0.123","-0.0218216221720967","-0.01480659562748","-0.028780264582263","0.0390348830883675","-0.01480659562748"
"3","50","0.124","-0.0196138899240662","-0.00707556301856443","-0.0243402142788909","0.0320501841043914","-0.00707556301856443"
"3","50","0.125","-0.0154862134722613","0.00134807499695456","-0.017517574213656","0.0234201947096263","0.00134807499695456"
"3","50","0.126","-0.0098426385469976","0.00963975403918083","-0.008980191932272","0.016445249728818","0.00963975403918083"
"3","50","0.127","-0.00323559758305853","0.0169878267919363","0.000436234104119065","0.0172987181902568","0.0169878267919363"
"3","50","0.128","0.00368816621604411","0.0226730126971479","0.00980995850697703","0.0249780575848246","0.0226730126971479"
"3","50","0.129","0.0102509066089555","0.0261388061473944","0.0182234158211723","0.0334725433349177","0.0261388061473944"
"3","50","0.13","0.0158102168407162","0.0270459511321626","0.0248530382247872","0.0399889977143279","0.0270459511321626"
"3","50","0.131","0.0198219128918495","0.0253056499798926","0.0290498720856604","0.0433264263445549","0.0253056499798926"
"3","50","0.132","0.0218933020017406","0.0210882554927597","0.0304031020644289","0.0429927878533994","0.0210882554927597"
"3","50","0.133","0.0218216221720967","0.0148065956274799","0.028780264582263","0.0390348830883674","0.0148065956274799"
"3","50","0.134","0.0196138899240662","0.00707556301856434","0.0243402142788908","0.0320501841043914","0.00707556301856434"
"3","50","0.135","0.0154862134722613","-0.00134807499695465","0.0175175742136559","0.0234201947096262","-0.00134807499695465"
"3","50","0.136","0.00984263854699753","-0.00963975403918092","0.0089801919322719","0.016445249728818","-0.00963975403918092"
"3","50","0.137","0.00323559758305861","-0.0169878267919363","-0.000436234104118955","0.0172987181902567","-0.0169878267919363"
"3","50","0.138","-0.00368816621604419","-0.022673012697148","-0.00980995850697713","0.0249780575848247","-0.022673012697148"
"3","50","0.139","-0.0102509066089555","-0.0261388061473944","-0.0182234158211724","0.0334725433349178","-0.0261388061473944"
"3","50","0.14","-0.0158102168407162","-0.0270459511321626","-0.0248530382247872","0.039988997714328","-0.0270459511321626"
"3","50","0.141","-0.0198219128918495","-0.0253056499798925","-0.0290498720856604","0.0433264263445549","-0.0253056499798925"
"3","50","0.142","-0.0218933020017406","-0.0210882554927597","-0.0304031020644289","0.0429927878533994","-0.0210882554927597"
"3","50","0.143","-0.0218216221720967","-0.0148065956274798","-0.028780264582263","0.0390348830883673","-0.0148065956274798"
"3","50","0.144","-0.0196138899240661","-0.00707556301856425","-0.0243402142788908","0.0320501841043913","-0.00707556301856425"
"3","50","0.145","-0.0154862134722613","0.00134807499695455","-0.017517574213656","0.0234201947096263","0.00134807499695455"
"3","50","0.146","-0.00984263854699774","0.00963975403918064","-0.00898019193227221","0.0164452497288181","0.00963975403918064"
"3","50","0.147","-0.00323559758305869","0.0169878267919362","0.000436234104118841","0.0172987181902567","0.0169878267919362"
"3","50","0.148","0.00368816621604411","0.0226730126971479","0.00980995850697702","0.0249780575848246","0.0226730126971479"
"3","50","0.149","0.0102509066089555","0.0261388061473944","0.0182234158211723","0.0334725433349177","0.0261388061473944"
"3","50","0.15","0.0158102168407162","0.0270459511321626","0.0248530382247872","0.0399889977143279","0.0270459511321626"
"3","50","0.151","0.0198219128918494","0.0253056499798926","0.0290498720856603","0.0433264263445548","0.0253056499798926"
"3","50","0.152","0.0218933020017406","0.0210882554927598","0.0304031020644289","0.0429927878533994","0.0210882554927598"
"3","50","0.153","0.0218216221720967","0.0148065956274799","0.028780264582263","0.0390348830883674","0.0148065956274799"
"3","50","0.154","0.0196138899240662","0.00707556301856435","0.0243402142788908","0.0320501841043914","0.00707556301856435"
"3","50","0.155","0.0154862134722613","-0.00134807499695464","0.0175175742136559","0.0234201947096262","-0.00134807499695464"
"3","50","0.156","0.00984263854699767","-0.00963975403918073","0.00898019193227211","0.0164452497288181","-0.00963975403918073"
"3","50","0.157","0.00323559758305862","-0.0169878267919363","-0.000436234104118945","0.0172987181902567","-0.0169878267919363"
"3","50","0.158","-0.00368816621604418","-0.022673012697148","-0.00980995850697712","0.0249780575848247","-0.022673012697148"
"3","50","0.159","-0.0102509066089555","-0.0261388061473944","-0.0182234158211724","0.0334725433349178","-0.0261388061473944"
"3","50","0.16","-0.0158102168407161","-0.0270459511321626","-0.0248530382247871","0.0399889977143278","-0.0270459511321626"
"3","50","0.161","-0.0198219128918495","-0.0253056499798926","-0.0290498720856604","0.0433264263445548","-0.0253056499798926"
"3","50","0.162","-0.0218933020017406","-0.0210882554927597","-0.0304031020644289","0.0429927878533994","-0.0210882554927597"
"3","50","0.163","-0.0218216221720967","-0.0148065956274798","-0.028780264582263","0.0390348830883674","-0.0148065956274798"
"3","50","0.164","-0.0196138899240661","-0.00707556301856426","-0.0243402142788908","0.0320501841043913","-0.00707556301856426"
"3","50","0.165","-0.0154862134722613","0.00134807499695454","-0.017517574213656","0.0234201947096263","0.00134807499695454"
"3","50","0.166","-0.0098426385469976","0.00963975403918082","-0.00898019193227201","0.016445249728818","0.00963975403918082"
"3","50","0.167","-0.00323559758305854","0.0169878267919363","0.000436234104119053","0.0172987181902568","0.0169878267919363"
"3","50","0.168","0.00368816621604426","0.022673012697148","0.00980995850697721","0.0249780575848248","0.022673012697148"
"3","50","0.169","0.0102509066089556","0.0261388061473945","0.0182234158211724","0.0334725433349179","0.0261388061473945"
"3","50","0.17","0.0158102168407162","0.0270459511321626","0.0248530382247872","0.0399889977143279","0.0270459511321626"
"3","50","0.171","0.0198219128918495","0.0253056499798926","0.0290498720856604","0.0433264263445549","0.0253056499798926"
"3","50","0.172","0.0218933020017406","0.0210882554927597","0.0304031020644288","0.0429927878533994","0.0210882554927597"
"3","50","0.173","0.0218216221720967","0.0148065956274797","0.0287802645822629","0.0390348830883673","0.0148065956274797"
"3","50","0.174","0.0196138899240661","0.00707556301856417","0.0243402142788907","0.0320501841043912","0.00707556301856417"
"3","50","0.175","0.0154862134722613","-0.00134807499695464","0.0175175742136559","0.0234201947096262","-0.00134807499695464"
"3","50","0.176","0.00984263854699768","-0.00963975403918073","0.00898019193227212","0.0164452497288181","-0.00963975403918073"
"3","50","0.177","0.00323559758305862","-0.0169878267919363","-0.000436234104118938","0.0172987181902567","-0.0169878267919363"
"3","50","0.178","-0.00368816621604402","-0.0226730126971479","-0.0098099585069769","0.0249780575848245","-0.0226730126971479"
"3","50","0.179","-0.0102509066089554","-0.0261388061473944","-0.0182234158211722","0.0334725433349176","-0.0261388061473944"
"3","50","0.18","-0.0158102168407161","-0.0270459511321626","-0.0248530382247871","0.0399889977143278","-0.0270459511321626"
"3","50","0.181","-0.0198219128918495","-0.0253056499798926","-0.0290498720856604","0.0433264263445549","-0.0253056499798926"
"3","50","0.182","-0.0218933020017406","-0.0210882554927597","-0.0304031020644289","0.0429927878533994","-0.0210882554927597"
"3","50","0.183","-0.0218216221720967","-0.01480659562748","-0.0287802645822631","0.0390348830883675","-0.01480659562748"
"3","50","0.184","-0.0196138899240662","-0.00707556301856445","-0.0243402142788909","0.0320501841043915","-0.00707556301856445"
"3","50","0.185","-0.0154862134722613","0.00134807499695454","-0.017517574213656","0.0234201947096263","0.00134807499695454"
"3","50","0.186","-0.00984263854699761","0.00963975403918081","-0.00898019193227202","0.016445249728818","0.00963975403918081"
"3","50","0.187","-0.00323559758305855","0.0169878267919363","0.000436234104119042","0.0172987181902568","0.0169878267919363"
"3","50","0.188","0.0036881662160441","0.0226730126971479","0.009809958506977","0.0249780575848246","0.0226730126971479"
"3","50","0.189","0.0102509066089555","0.0261388061473944","0.0182234158211723","0.0334725433349177","0.0261388061473944"
"3","50","0.19","0.0158102168407162","0.0270459511321626","0.0248530382247871","0.0399889977143279","0.0270459511321626"
"3","50","0.191","0.0198219128918495","0.0253056499798926","0.0290498720856604","0.0433264263445549","0.0253056499798926"
"3","50","0.192","0.0218933020017406","0.0210882554927597","0.0304031020644289","0.0429927878533994","0.0210882554927597"
"3","50","0.193","0.0218216221720967","0.0148065956274799","0.028780264582263","0.0390348830883674","0.0148065956274799"
"3","50","0.194","0.0196138899240662","0.00707556301856436","0.0243402142788908","0.0320501841043914","0.00707556301856436"
"3","50","0.195","0.0154862134722613","-0.00134807499695463","0.0175175742136559","0.0234201947096262","-0.00134807499695463"
"3","50","0.196","0.00984263854699754","-0.0096397540391809","0.00898019193227192","0.016445249728818","-0.0096397540391809"
"3","50","0.197","0.00323559758305847","-0.0169878267919364","-0.000436234104119146","0.0172987181902568","-0.0169878267919364"
"3","50","0.198","-0.00368816621604417","-0.022673012697148","-0.0098099585069771","0.0249780575848246","-0.022673012697148"
"3","50","0.199","-0.0102509066089555","-0.0261388061473944","-0.0182234158211724","0.0334725433349178","-0.0261388061473944"
"3","50","0.2","-0.0158102168407162","-0.0270459511321626","-0.0248530382247872","0.039988997714328","-0.0270459511321626"
"3","50","0.201","-0.0198219128918495","-0.0253056499798925","-0.0290498720856604","0.0433264263445549","-0.0253056499798925"
"3","50","0.202","-0.0218933020017406","-0.0210882554927597","-0.0304031020644289","0.0429927878533994","-0.0210882554927597"
"3","50","0.203","-0.0218216221720967","-0.0148065956274798","-0.028780264582263","0.0390348830883674","-0.0148065956274798"
"3","50","0.204","-0.0196138899240662","-0.00707556301856427","-0.0243402142788908","0.0320501841043913","-0.00707556301856427"
"3","50","0.205","-0.0154862134722612","0.00134807499695472","-0.0175175742136558","0.0234201947096261","0.00134807499695472"
"3","50","0.206","-0.00984263854699747","0.00963975403918099","-0.00898019193227182","0.0164452497288179","0.00963975403918099"
"3","50","0.207","-0.0032355975830584","0.0169878267919365","0.000436234104119252","0.0172987181902569","0.0169878267919365"
"3","50","0.208","0.0036881662160444","0.0226730126971482","0.00980995850697741","0.0249780575848249","0.0226730126971482"
"3","50","0.209","0.0102509066089554","0.0261388061473944","0.0182234158211723","0.0334725433349177","0.0261388061473944"
"3","50","0.21","0.0158102168407162","0.0270459511321626","0.0248530382247871","0.0399889977143279","0.0270459511321626"
"3","50","0.211","0.0198219128918495","0.0253056499798926","0.0290498720856604","0.0433264263445549","0.0253056499798926"
"3","50","0.212","0.0218933020017406","0.0210882554927597","0.0304031020644289","0.0429927878533994","0.0210882554927597"
"3","50","0.213","0.0218216221720967","0.0148065956274801","0.0287802645822631","0.0390348830883676","0.0148065956274801"
"3","50","0.214","0.0196138899240663","0.00707556301856455","0.024340214278891","0.0320501841043916","0.00707556301856455"
"3","50","0.215","0.0154862134722614","-0.00134807499695443","0.0175175742136561","0.0234201947096264","-0.00134807499695443"
"3","50","0.216","0.00984263854699769","-0.00963975403918071","0.00898019193227213","0.0164452497288181","-0.00963975403918071"
"3","50","0.217","0.00323559758305863","-0.0169878267919362","-0.000436234104118926","0.0172987181902567","-0.0169878267919362"
"3","50","0.218","-0.00368816621604416","-0.022673012697148","-0.00980995850697709","0.0249780575848246","-0.022673012697148"
"3","50","0.219","-0.0102509066089555","-0.0261388061473944","-0.0182234158211724","0.0334725433349178","-0.0261388061473944"
"3","50","0.22","-0.0158102168407162","-0.0270459511321626","-0.0248530382247872","0.039988997714328","-0.0270459511321626"
"3","50","0.221","-0.0198219128918495","-0.0253056499798925","-0.0290498720856604","0.0433264263445549","-0.0253056499798925"
"3","50","0.222","-0.0218933020017406","-0.0210882554927596","-0.0304031020644288","0.0429927878533994","-0.0210882554927596"
"3","50","0.223","-0.0218216221720967","-0.01480659562748","-0.0287802645822631","0.0390348830883675","-0.01480659562748"
"3","50","0.224","-0.0196138899240662","-0.00707556301856446","-0.0243402142788909","0.0320501841043915","-0.00707556301856446"
"3","50","0.225","-0.0154862134722613","0.00134807499695452","-0.017517574213656","0.0234201947096263","0.00134807499695452"
"3","50","0.226","-0.00984263854699762","0.0096397540391808","-0.00898019193227203","0.016445249728818","0.0096397540391808"
"3","50","0.227","-0.00323559758305856","0.0169878267919363","0.00043623410411903","0.0172987181902568","0.0169878267919363"
"3","50","0.228","0.00368816621604424","0.022673012697148","0.0098099585069772","0.0249780575848247","0.022673012697148"
"3","50","0.229","0.0102509066089556","0.0261388061473945","0.0182234158211724","0.0334725433349178","0.0261388061473945"
"3","50","0.23","0.0158102168407163","0.0270459511321626","0.0248530382247873","0.039988997714328","0.0270459511321626"
"3","50","0.231","0.0198219128918496","0.0253056499798925","0.0290498720856605","0.0433264263445549","0.0253056499798925"
"3","50","0.232","0.0218933020017406","0.0210882554927598","0.0304031020644289","0.0429927878533994","0.0210882554927598"
"3","50","0.233","0.0218216221720967","0.0148065956274799","0.028780264582263","0.0390348830883674","0.0148065956274799"
"3","50","0.234","0.0196138899240662","0.00707556301856437","0.0243402142788908","0.0320501841043914","0.00707556301856437"
"3","50","0.235","0.0154862134722613","-0.00134807499695462","0.0175175742136559","0.0234201947096262","-0.00134807499695462"
"3","50","0.236","0.00984263854699755","-0.00963975403918089","0.00898019193227193","0.016445249728818","-0.00963975403918089"
"3","50","0.237","0.00323559758305848","-0.0169878267919364","-0.000436234104119134","0.0172987181902568","-0.0169878267919364"
"3","50","0.238","-0.00368816621604431","-0.0226730126971481","-0.00980995850697729","0.0249780575848248","-0.0226730126971481"
"3","50","0.239","-0.0102509066089557","-0.0261388061473945","-0.0182234158211725","0.0334725433349179","-0.0261388061473945"
"3","50","0.24","-0.0158102168407161","-0.0270459511321626","-0.0248530382247871","0.0399889977143278","-0.0270459511321626"
"3","50","0.241","-0.0198219128918495","-0.0253056499798926","-0.0290498720856604","0.0433264263445548","-0.0253056499798926"
"3","50","0.242","-0.0218933020017406","-0.0210882554927598","-0.0304031020644289","0.0429927878533994","-0.0210882554927598"
"3","50","0.243","-0.0218216221720967","-0.0148065956274798","-0.028780264582263","0.0390348830883674","-0.0148065956274798"
"3","50","0.244","-0.0196138899240662","-0.00707556301856428","-0.0243402142788908","0.0320501841043913","-0.00707556301856428"
"3","50","0.245","-0.0154862134722612","0.00134807499695471","-0.0175175742136558","0.0234201947096261","0.00134807499695471"
"3","50","0.246","-0.00984263854699777","0.00963975403918061","-0.00898019193227225","0.0164452497288181","0.00963975403918061"
"3","50","0.247","-0.00323559758305872","0.0169878267919362","0.000436234104118806","0.0172987181902566","0.0169878267919362"
"3","50","0.248","0.00368816621604408","0.0226730126971479","0.00980995850697698","0.0249780575848245","0.0226730126971479"
"3","50","0.249","0.0102509066089554","0.0261388061473944","0.0182234158211723","0.0334725433349177","0.0261388061473944"
"3","50","0.25","0.0158102168407162","0.0270459511321626","0.0248530382247871","0.0399889977143279","0.0270459511321626"
"3","50","0.251","0.0198219128918495","0.0253056499798926","0.0290498720856604","0.0433264263445549","0.0253056499798926"
"3","50","0.252","0.0218933020017406","0.0210882554927597","0.0304031020644288","0.0429927878533994","0.0210882554927597"
"3","50","0.253","0.0218216221720967","0.0148065956274798","0.028780264582263","0.0390348830883673","0.0148065956274798"
"3","50","0.254","0.0196138899240661","0.00707556301856419","0.0243402142788907","0.0320501841043912","0.00707556301856419"
"3","50","0.255","0.0154862134722614","-0.00134807499695442","0.0175175742136561","0.0234201947096264","-0.00134807499695442"
"3","50","0.256","0.0098426385469977","-0.0096397540391807","0.00898019193227215","0.0164452497288181","-0.0096397540391807"
"3","50","0.257","0.00323559758305864","-0.0169878267919362","-0.00043623410411891","0.0172987181902567","-0.0169878267919362"
"3","50","0.258","-0.00368816621604416","-0.022673012697148","-0.00980995850697708","0.0249780575848246","-0.022673012697148"
"3","50","0.259","-0.0102509066089555","-0.0261388061473944","-0.0182234158211723","0.0334725433349177","-0.0261388061473944"
"3","50","0.26","-0.0158102168407162","-0.0270459511321626","-0.0248530382247872","0.0399889977143279","-0.0270459511321626"
"3","50","0.261","-0.0198219128918495","-0.0253056499798925","-0.0290498720856604","0.0433264263445549","-0.0253056499798925"
"3","50","0.262","-0.0218933020017406","-0.0210882554927596","-0.0304031020644288","0.0429927878533994","-0.0210882554927596"
"3","50","0.263","-0.0218216221720967","-0.0148065956274797","-0.0287802645822629","0.0390348830883672","-0.0148065956274797"
"3","50","0.264","-0.0196138899240661","-0.0070755630185641","-0.0243402142788907","0.0320501841043911","-0.0070755630185641"
"3","50","0.265","-0.0154862134722613","0.00134807499695451","-0.017517574213656","0.0234201947096263","0.00134807499695451"
"3","50","0.266","-0.00984263854699763","0.00963975403918079","-0.00898019193227205","0.016445249728818","0.00963975403918079"
"3","50","0.267","-0.00323559758305857","0.0169878267919363","0.000436234104119013","0.0172987181902568","0.0169878267919363"
"3","50","0.268","0.00368816621604423","0.022673012697148","0.00980995850697718","0.0249780575848247","0.022673012697148"
"3","50","0.269","0.0102509066089556","0.0261388061473945","0.0182234158211724","0.0334725433349178","0.0261388061473945"
"3","50","0.27","0.0158102168407163","0.0270459511321626","0.0248530382247873","0.039988997714328","0.0270459511321626"
"3","50","0.271","0.0198219128918496","0.0253056499798925","0.0290498720856605","0.0433264263445549","0.0253056499798925"
"3","50","0.272","0.0218933020017406","0.0210882554927596","0.0304031020644288","0.0429927878533993","0.0210882554927596"
"3","50","0.273","0.0218216221720967","0.0148065956274796","0.0287802645822629","0.0390348830883672","0.0148065956274796"
"3","50","0.274","0.0196138899240662","0.00707556301856438","0.0243402142788908","0.0320501841043914","0.00707556301856438"
"3","50","0.275","0.0154862134722613","-0.0013480749969546","0.0175175742136559","0.0234201947096262","-0.0013480749969546"
"3","50","0.276","0.00984263854699756","-0.00963975403918087","0.00898019193227195","0.016445249728818","-0.00963975403918087"
"3","50","0.277","0.0032355975830585","-0.0169878267919364","-0.000436234104119117","0.0172987181902568","-0.0169878267919364"
"3","50","0.278","-0.0036881662160443","-0.0226730126971481","-0.00980995850697728","0.0249780575848248","-0.0226730126971481"
"3","50","0.279","-0.0102509066089556","-0.0261388061473945","-0.0182234158211725","0.0334725433349179","-0.0261388061473945"
"3","50","0.28","-0.0158102168407163","-0.0270459511321626","-0.0248530382247873","0.0399889977143281","-0.0270459511321626"
"3","50","0.281","-0.0198219128918496","-0.0253056499798925","-0.0290498720856605","0.0433264263445549","-0.0253056499798925"
"3","50","0.282","-0.0218933020017406","-0.0210882554927595","-0.0304031020644288","0.0429927878533993","-0.0210882554927595"
"3","50","0.283","-0.0218216221720967","-0.0148065956274795","-0.0287802645822629","0.0390348830883671","-0.0148065956274795"
"3","50","0.284","-0.0196138899240662","-0.00707556301856429","-0.0243402142788908","0.0320501841043913","-0.00707556301856429"
"3","50","0.285","-0.0154862134722612","0.0013480749969547","-0.0175175742136558","0.0234201947096261","0.0013480749969547"
"3","50","0.286","-0.00984263854699749","0.00963975403918096","-0.00898019193227185","0.016445249728818","0.00963975403918096"
"3","50","0.287","-0.00323559758305842","0.0169878267919365","0.000436234104119221","0.0172987181902569","0.0169878267919365"
"3","50","0.288","0.00368816621604438","0.0226730126971481","0.00980995850697738","0.0249780575848249","0.0226730126971481"
"3","50","0.289","0.0102509066089554","0.0261388061473944","0.0182234158211722","0.0334725433349176","0.0261388061473944"
"3","50","0.29","0.0158102168407162","0.0270459511321626","0.0248530382247871","0.0399889977143279","0.0270459511321626"
"3","50","0.291","0.0198219128918494","0.0253056499798927","0.0290498720856603","0.0433264263445548","0.0253056499798927"
"3","50","0.292","0.0218933020017405","0.0210882554927599","0.0304031020644289","0.0429927878533995","0.0210882554927599"
"3","50","0.293","0.0218216221720967","0.0148065956274801","0.0287802645822631","0.0390348830883676","0.0148065956274801"
"3","50","0.294","0.0196138899240663","0.00707556301856458","0.024340214278891","0.0320501841043916","0.00707556301856458"
"3","50","0.295","0.0154862134722614","-0.00134807499695441","0.0175175742136561","0.0234201947096264","-0.00134807499695441"
"3","50","0.296","0.00984263854699771","-0.00963975403918069","0.00898019193227216","0.0164452497288181","-0.00963975403918069"
"3","50","0.297","0.00323559758305866","-0.0169878267919362","-0.000436234104118891","0.0172987181902567","-0.0169878267919362"
"3","50","0.298","-0.00368816621604414","-0.022673012697148","-0.00980995850697707","0.0249780575848246","-0.022673012697148"
"3","50","0.299","-0.0102509066089555","-0.0261388061473944","-0.0182234158211723","0.0334725433349177","-0.0261388061473944"
"3","50","0.3","-0.0158102168407162","-0.0270459511321626","-0.0248530382247872","0.0399889977143279","-0.0270459511321626"
"3","50","0.301","-0.0198219128918494","-0.0253056499798927","-0.0290498720856603","0.0433264263445548","-0.0253056499798927"
"3","50","0.302","-0.0218933020017405","-0.0210882554927599","-0.0304031020644289","0.0429927878533995","-0.0210882554927599"
"3","50","0.303","-0.0218216221720967","-0.01480659562748","-0.0287802645822631","0.0390348830883675","-0.01480659562748"
"3","50","0.304","-0.0196138899240662","-0.00707556301856449","-0.0243402142788909","0.0320501841043915","-0.00707556301856449"
"3","50","0.305","-0.0154862134722613","0.0013480749969545","-0.017517574213656","0.0234201947096263","0.0013480749969545"
"3","50","0.306","-0.00984263854699764","0.00963975403918077","-0.00898019193227206","0.016445249728818","0.00963975403918077"
"3","50","0.307","-0.00323559758305858","0.0169878267919363","0.000436234104118999","0.0172987181902567","0.0169878267919363"
"3","50","0.308","0.00368816621604422","0.022673012697148","0.00980995850697716","0.0249780575848247","0.022673012697148"
"3","50","0.309","0.0102509066089556","0.0261388061473945","0.0182234158211724","0.0334725433349178","0.0261388061473945"
"3","50","0.31","0.0158102168407163","0.0270459511321626","0.0248530382247872","0.039988997714328","0.0270459511321626"
"3","50","0.311","0.0198219128918494","0.0253056499798926","0.0290498720856603","0.0433264263445548","0.0253056499798926"
"3","50","0.312","0.0218933020017406","0.0210882554927598","0.0304031020644289","0.0429927878533994","0.0210882554927598"
"3","50","0.313","0.0218216221720967","0.0148065956274799","0.028780264582263","0.0390348830883675","0.0148065956274799"
"3","50","0.314","0.0196138899240662","0.0070755630185644","0.0243402142788909","0.0320501841043914","0.0070755630185644"
"3","50","0.315","0.0154862134722613","-0.00134807499695459","0.0175175742136559","0.0234201947096262","-0.00134807499695459"
"3","50","0.316","0.00984263854699757","-0.00963975403918086","0.00898019193227196","0.016445249728818","-0.00963975403918086"
"3","50","0.317","0.00323559758305851","-0.0169878267919364","-0.000436234104119103","0.0172987181902568","-0.0169878267919364"
"3","50","0.318","-0.00368816621604429","-0.0226730126971481","-0.00980995850697726","0.0249780575848248","-0.0226730126971481"
"3","50","0.319","-0.0102509066089556","-0.0261388061473945","-0.0182234158211725","0.0334725433349179","-0.0261388061473945"
"3","50","0.32","-0.0158102168407161","-0.0270459511321626","-0.0248530382247871","0.0399889977143278","-0.0270459511321626"
"3","50","0.321","-0.0198219128918495","-0.0253056499798926","-0.0290498720856604","0.0433264263445548","-0.0253056499798926"
"3","50","0.322","-0.0218933020017406","-0.0210882554927598","-0.0304031020644289","0.0429927878533994","-0.0210882554927598"
"3","50","0.323","-0.0218216221720967","-0.0148065956274799","-0.028780264582263","0.0390348830883674","-0.0148065956274799"
"3","50","0.324","-0.0196138899240662","-0.00707556301856431","-0.0243402142788908","0.0320501841043913","-0.00707556301856431"
"3","50","0.325","-0.0154862134722612","0.00134807499695468","-0.0175175742136558","0.0234201947096261","0.00134807499695468"
"3","50","0.326","-0.0098426385469975","0.00963975403918095","-0.00898019193227186","0.016445249728818","0.00963975403918095"
"3","50","0.327","-0.00323559758305843","0.0169878267919364","0.000436234104119207","0.0172987181902569","0.0169878267919364"
"3","50","0.328","0.00368816621604437","0.0226730126971481","0.00980995850697736","0.0249780575848249","0.0226730126971481"
"3","50","0.329","0.0102509066089557","0.0261388061473945","0.0182234158211726","0.033472543334918","0.0261388061473945"
"3","50","0.33","0.0158102168407161","0.0270459511321626","0.0248530382247871","0.0399889977143279","0.0270459511321626"
"3","50","0.331","0.0198219128918495","0.0253056499798926","0.0290498720856604","0.0433264263445549","0.0253056499798926"
"3","50","0.332","0.0218933020017406","0.0210882554927597","0.0304031020644289","0.0429927878533994","0.0210882554927597"
"3","50","0.333","0.0218216221720967","0.0148065956274798","0.028780264582263","0.0390348830883673","0.0148065956274798"
"3","50","0.334","0.0196138899240661","0.00707556301856422","0.0243402142788907","0.0320501841043912","0.00707556301856422"
"3","50","0.335","0.0154862134722612","-0.00134807499695478","0.0175175742136558","0.023420194709626","-0.00134807499695478"
"3","50","0.336","0.00984263854699743","-0.00963975403918103","0.00898019193227177","0.0164452497288179","-0.00963975403918103"
"3","50","0.337","0.00323559758305835","-0.0169878267919365","-0.000436234104119309","0.0172987181902569","-0.0169878267919365"
"3","50","0.338","-0.00368816621604444","-0.0226730126971482","-0.00980995850697746","0.024978057584825","-0.0226730126971482"
"3","50","0.339","-0.0102509066089555","-0.0261388061473944","-0.0182234158211723","0.0334725433349177","-0.0261388061473944"
"3","50","0.34","-0.0158102168407162","-0.0270459511321626","-0.0248530382247872","0.0399889977143279","-0.0270459511321626"
"3","50","0.341","-0.0198219128918495","-0.0253056499798925","-0.0290498720856604","0.0433264263445549","-0.0253056499798925"
"3","50","0.342","-0.0218933020017406","-0.0210882554927597","-0.0304031020644289","0.0429927878533994","-0.0210882554927597"
"3","50","0.343","-0.0218216221720967","-0.0148065956274797","-0.0287802645822629","0.0390348830883673","-0.0148065956274797"
"3","50","0.344","-0.0196138899240661","-0.00707556301856413","-0.0243402142788907","0.0320501841043911","-0.00707556301856413"
"3","50","0.345","-0.0154862134722611","0.00134807499695487","-0.0175175742136557","0.0234201947096259","0.00134807499695487"
"3","50","0.346","-0.00984263854699737","0.00963975403918112","-0.00898019193227167","0.0164452497288179","0.00963975403918112"
"3","50","0.347","-0.00323559758305828","0.0169878267919366","0.000436234104119413","0.017298718190257","0.0169878267919366"
"3","50","0.348","0.00368816621604452","0.0226730126971482","0.00980995850697756","0.0249780575848251","0.0226730126971482"
"3","50","0.349","0.0102509066089556","0.0261388061473944","0.0182234158211724","0.0334725433349178","0.0261388061473944"
"3","50","0.35","0.0158102168407162","0.0270459511321626","0.0248530382247872","0.039988997714328","0.0270459511321626"
"3","50","0.351","0.0198219128918496","0.0253056499798925","0.0290498720856605","0.0433264263445549","0.0253056499798925"
"3","50","0.352","0.0218933020017406","0.0210882554927598","0.0304031020644289","0.0429927878533994","0.0210882554927598"
"3","50","0.353","0.0218216221720967","0.0148065956274799","0.028780264582263","0.0390348830883675","0.0148065956274799"
"3","50","0.354","0.0196138899240662","0.00707556301856441","0.0243402142788909","0.0320501841043914","0.00707556301856441"
"3","50","0.355","0.0154862134722613","-0.00134807499695458","0.0175175742136559","0.0234201947096262","-0.00134807499695458"
"3","50","0.356","0.00984263854699786","-0.00963975403918049","0.00898019193227239","0.0164452497288182","-0.00963975403918049"
"3","50","0.357","0.00323559758305883","-0.0169878267919361","-0.000436234104118655","0.0172987181902566","-0.0169878267919361"
"3","50","0.358","-0.00368816621604397","-0.0226730126971479","-0.00980995850697684","0.0249780575848244","-0.0226730126971479"
"3","50","0.359","-0.0102509066089553","-0.0261388061473944","-0.0182234158211721","0.0334725433349175","-0.0261388061473944"
"3","50","0.36","-0.0158102168407161","-0.0270459511321626","-0.0248530382247871","0.0399889977143278","-0.0270459511321626"
"3","50","0.361","-0.0198219128918495","-0.0253056499798926","-0.0290498720856604","0.0433264263445548","-0.0253056499798926"
"3","50","0.362","-0.0218933020017406","-0.0210882554927598","-0.0304031020644289","0.0429927878533994","-0.0210882554927598"
"3","50","0.363","-0.0218216221720967","-0.0148065956274799","-0.028780264582263","0.0390348830883674","-0.0148065956274799"
"3","50","0.364","-0.0196138899240662","-0.00707556301856432","-0.0243402142788908","0.0320501841043913","-0.00707556301856432"
"3","50","0.365","-0.0154862134722612","0.00134807499695467","-0.0175175742136559","0.0234201947096261","0.00134807499695467"
"3","50","0.366","-0.0098426385469978","0.00963975403918058","-0.00898019193227229","0.0164452497288182","0.00963975403918058"
"3","50","0.367","-0.00323559758305875","0.0169878267919361","0.000436234104118759","0.0172987181902566","0.0169878267919361"
"3","50","0.368","0.00368816621604405","0.0226730126971479","0.00980995850697694","0.0249780575848245","0.0226730126971479"
"3","50","0.369","0.0102509066089554","0.0261388061473944","0.0182234158211722","0.0334725433349176","0.0261388061473944"
"3","50","0.37","0.0158102168407161","0.0270459511321626","0.0248530382247871","0.0399889977143279","0.0270459511321626"
"3","50","0.371","0.0198219128918495","0.0253056499798926","0.0290498720856604","0.0433264263445549","0.0253056499798926"
"3","50","0.372","0.0218933020017406","0.0210882554927597","0.0304031020644289","0.0429927878533994","0.0210882554927597"
"3","50","0.373","0.0218216221720967","0.0148065956274798","0.028780264582263","0.0390348830883673","0.0148065956274798"
"3","50","0.374","0.0196138899240661","0.00707556301856423","0.0243402142788907","0.0320501841043912","0.00707556301856423"
"3","50","0.375","0.0154862134722614","-0.00134807499695438","0.0175175742136561","0.0234201947096264","-0.00134807499695438"
"3","50","0.376","0.00984263854699773","-0.00963975403918066","0.00898019193227219","0.0164452497288181","-0.00963975403918066"
"3","50","0.377","0.00323559758305868","-0.0169878267919362","-0.000436234104118863","0.0172987181902567","-0.0169878267919362"
"3","50","0.378","-0.00368816621604412","-0.022673012697148","-0.00980995850697704","0.0249780575848246","-0.022673012697148"
"3","50","0.379","-0.0102509066089555","-0.0261388061473944","-0.0182234158211723","0.0334725433349177","-0.0261388061473944"
"3","50","0.38","-0.0158102168407162","-0.0270459511321626","-0.0248530382247872","0.0399889977143279","-0.0270459511321626"
"3","50","0.381","-0.0198219128918495","-0.0253056499798925","-0.0290498720856604","0.0433264263445549","-0.0253056499798925"
"3","50","0.382","-0.0218933020017406","-0.0210882554927597","-0.0304031020644288","0.0429927878533994","-0.0210882554927597"
"3","50","0.383","-0.0218216221720967","-0.0148065956274797","-0.0287802645822629","0.0390348830883673","-0.0148065956274797"
"3","50","0.384","-0.0196138899240661","-0.00707556301856414","-0.0243402142788907","0.0320501841043912","-0.00707556301856414"
"3","50","0.385","-0.0154862134722614","0.00134807499695447","-0.017517574213656","0.0234201947096263","0.00134807499695447"
"3","50","0.386","-0.00984263854699766","0.00963975403918075","-0.00898019193227209","0.0164452497288181","0.00963975403918075"
"3","50","0.387","-0.0032355975830586","0.0169878267919363","0.000436234104118968","0.0172987181902567","0.0169878267919363"
"3","50","0.388","0.0036881662160442","0.022673012697148","0.00980995850697713","0.0249780575848247","0.022673012697148"
"3","50","0.389","0.0102509066089555","0.0261388061473944","0.0182234158211724","0.0334725433349178","0.0261388061473944"
"3","50","0.39","0.0158102168407162","0.0270459511321626","0.0248530382247872","0.039988997714328","0.0270459511321626"
"3","50","0.391","0.0198219128918496","0.0253056499798925","0.0290498720856605","0.0433264263445549","0.0253056499798925"
"3","50","0.392","0.0218933020017406","0.0210882554927596","0.0304031020644288","0.0429927878533993","0.0210882554927596"
"3","50","0.393","0.0218216221720967","0.0148065956274796","0.0287802645822629","0.0390348830883672","0.0148065956274796"
"3","50","0.394","0.0196138899240661","0.00707556301856405","0.0243402142788906","0.0320501841043911","0.00707556301856405"
"3","50","0.395","0.0154862134722613","-0.00134807499695456","0.0175175742136559","0.0234201947096262","-0.00134807499695456"
"3","50","0.396","0.00984263854699759","-0.00963975403918084","0.00898019193227199","0.016445249728818","-0.00963975403918084"
"3","50","0.397","0.00323559758305853","-0.0169878267919363","-0.000436234104119073","0.0172987181902568","-0.0169878267919363"
"3","50","0.398","-0.00368816621604427","-0.0226730126971481","-0.00980995850697724","0.0249780575848248","-0.0226730126971481"
"3","50","0.399","-0.0102509066089556","-0.0261388061473945","-0.0182234158211725","0.0334725433349179","-0.0261388061473945"
"3","50","0.4","-0.0158102168407163","-0.0270459511321626","-0.0248530382247873","0.039988997714328","-0.0270459511321626"
"3","50","0.401","-0.0198219128918496","-0.0253056499798925","-0.0290498720856605","0.0433264263445549","-0.0253056499798925"
"3","50","0.402","-0.0218933020017406","-0.0210882554927595","-0.0304031020644288","0.0429927878533993","-0.0210882554927595"
"3","50","0.403","-0.0218216221720967","-0.0148065956274796","-0.0287802645822629","0.0390348830883672","-0.0148065956274796"
"3","50","0.404","-0.0196138899240662","-0.00707556301856433","-0.0243402142788908","0.0320501841043914","-0.00707556301856433"
"3","50","0.405","-0.0154862134722612","0.00134807499695466","-0.0175175742136559","0.0234201947096262","0.00134807499695466"
"3","50","0.406","-0.00984263854699752","0.00963975403918092","-0.00898019193227189","0.016445249728818","0.00963975403918092"
"3","50","0.407","-0.00323559758305845","0.0169878267919364","0.000436234104119176","0.0172987181902568","0.0169878267919364"
"3","50","0.408","0.00368816621604435","0.0226730126971481","0.00980995850697734","0.0249780575848249","0.0226730126971481"
"3","50","0.409","0.0102509066089554","0.0261388061473944","0.0182234158211722","0.0334725433349176","0.0261388061473944"
"3","50","0.41","0.0158102168407163","0.0270459511321626","0.0248530382247873","0.0399889977143281","0.0270459511321626"
"3","50","0.411","0.0198219128918495","0.0253056499798926","0.0290498720856604","0.0433264263445549","0.0253056499798926"
"3","50","0.412","0.0218933020017406","0.0210882554927595","0.0304031020644288","0.0429927878533993","0.0210882554927595"
"3","50","0.413","0.0218216221720967","0.0148065956274798","0.028780264582263","0.0390348830883673","0.0148065956274798"
"3","50","0.414","0.019613889924066","0.00707556301856387","0.0243402142788905","0.0320501841043909","0.00707556301856387"
"3","50","0.415","0.0154862134722612","-0.00134807499695475","0.0175175742136558","0.0234201947096261","-0.00134807499695475"
"3","50","0.416","0.00984263854699717","-0.00963975403918137","0.00898019193227138","0.0164452497288177","-0.00963975403918137"
"3","50","0.417","0.003235597583059","-0.0169878267919359","-0.000436234104118416","0.0172987181902564","-0.0169878267919359"
"3","50","0.418","-0.00368816621604411","-0.0226730126971479","-0.00980995850697703","0.0249780575848246","-0.0226730126971479"
"3","50","0.419","-0.0102509066089552","-0.0261388061473943","-0.0182234158211719","0.0334725433349173","-0.0261388061473943"
"3","50","0.42","-0.0158102168407162","-0.0270459511321626","-0.0248530382247872","0.0399889977143279","-0.0270459511321626"
"3","50","0.421","-0.0198219128918494","-0.0253056499798927","-0.0290498720856603","0.0433264263445548","-0.0253056499798927"
"3","50","0.422","-0.0218933020017406","-0.0210882554927597","-0.0304031020644289","0.0429927878533994","-0.0210882554927597"
"3","50","0.423","-0.0218216221720967","-0.01480659562748","-0.0287802645822631","0.0390348830883675","-0.01480659562748"
"3","50","0.424","-0.0196138899240661","-0.00707556301856415","-0.0243402142788907","0.0320501841043912","-0.00707556301856415"
"3","50","0.425","-0.0154862134722614","0.00134807499695446","-0.017517574213656","0.0234201947096264","0.00134807499695446"
"3","50","0.426","-0.00984263854699795","0.00963975403918038","-0.00898019193227252","0.0164452497288183","0.00963975403918038"
"3","50","0.427","-0.00323559758305861","0.0169878267919363","0.000436234104118955","0.0172987181902567","0.0169878267919363"
"3","50","0.428","0.00368816621604388","0.0226730126971478","0.00980995850697671","0.0249780575848243","0.0226730126971478"
"3","50","0.429","0.0102509066089555","0.0261388061473944","0.0182234158211724","0.0334725433349178","0.0261388061473944"
"3","50","0.43","0.015810216840716","0.0270459511321626","0.024853038224787","0.0399889977143277","0.0270459511321626"
"3","50","0.431","0.0198219128918495","0.0253056499798925","0.0290498720856604","0.0433264263445549","0.0253056499798925"
"3","50","0.432","0.0218933020017406","0.0210882554927599","0.0304031020644289","0.0429927878533994","0.0210882554927599"
"3","50","0.433","0.0218216221720967","0.0148065956274796","0.0287802645822629","0.0390348830883672","0.0148065956274796"
"3","50","0.434","0.0196138899240662","0.00707556301856444","0.0243402142788909","0.0320501841043914","0.00707556301856444"
"3","50","0.435","0.0154862134722611","-0.00134807499695494","0.0175175742136556","0.0234201947096259","-0.00134807499695494"
"3","50","0.436","0.0098426385469976","-0.00963975403918083","0.008980191932272","0.016445249728818","-0.00963975403918083"
"3","50","0.437","0.00323559758305885","-0.016987826791936","-0.000436234104118628","0.0172987181902565","-0.016987826791936"
"3","50","0.438","-0.00368816621604426","-0.0226730126971481","-0.00980995850697722","0.0249780575848248","-0.0226730126971481"
"3","50","0.439","-0.0102509066089553","-0.0261388061473944","-0.0182234158211721","0.0334725433349175","-0.0261388061473944"
"3","50","0.44","-0.0158102168407163","-0.0270459511321626","-0.0248530382247873","0.039988997714328","-0.0270459511321626"
"3","50","0.441","-0.0198219128918494","-0.0253056499798926","-0.0290498720856603","0.0433264263445548","-0.0253056499798926"
"3","50","0.442","-0.0218933020017406","-0.0210882554927596","-0.0304031020644288","0.0429927878533993","-0.0210882554927596"
"3","50","0.443","-0.0218216221720967","-0.0148065956274799","-0.028780264582263","0.0390348830883674","-0.0148065956274799"
"3","50","0.444","-0.019613889924066","-0.00707556301856397","-0.0243402142788906","0.032050184104391","-0.00707556301856397"
"3","50","0.445","-0.0154862134722613","0.00134807499695464","-0.0175175742136559","0.0234201947096262","0.00134807499695464"
"3","50","0.446","-0.00984263854699781","0.00963975403918055","-0.00898019193227232","0.0164452497288182","0.00963975403918055"
"3","50","0.447","-0.00323559758305846","0.0169878267919364","0.000436234104119164","0.0172987181902568","0.0169878267919364"
"3","50","0.448","0.00368816621604403","0.0226730126971479","0.00980995850697691","0.0249780575848245","0.0226730126971479"
"3","50","0.449","0.0102509066089557","0.0261388061473945","0.0182234158211725","0.033472543334918","0.0261388061473945"
"3","50","0.45","0.0158102168407161","0.0270459511321626","0.0248530382247871","0.0399889977143278","0.0270459511321626"
"3","50","0.451","0.0198219128918496","0.0253056499798925","0.0290498720856605","0.0433264263445549","0.0253056499798925"
"3","50","0.452","0.0218933020017406","0.0210882554927597","0.0304031020644289","0.0429927878533994","0.0210882554927597"
"3","50","0.453","0.0218216221720967","0.0148065956274795","0.0287802645822628","0.0390348830883671","0.0148065956274795"
"3","50","0.454","0.0196138899240661","0.00707556301856426","0.0243402142788908","0.0320501841043913","0.00707556301856426"
"3","50","0.455","0.0154862134722614","-0.00134807499695435","0.0175175742136561","0.0234201947096265","-0.00134807499695435"
"3","50","0.456","0.00984263854699746","-0.009639754039181","0.00898019193227181","0.0164452497288179","-0.009639754039181"
"3","50","0.457","0.0032355975830587","-0.0169878267919362","-0.000436234104118834","0.0172987181902566","-0.0169878267919362"
"3","50","0.458","-0.00368816621604441","-0.0226730126971482","-0.00980995850697742","0.024978057584825","-0.0226730126971482"
"3","50","0.459","-0.0102509066089555","-0.0261388061473944","-0.0182234158211723","0.0334725433349177","-0.0261388061473944"
"3","50","0.46","-0.0158102168407164","-0.0270459511321626","-0.0248530382247874","0.0399889977143281","-0.0270459511321626"
"3","50","0.461","-0.0198219128918495","-0.0253056499798926","-0.0290498720856604","0.0433264263445549","-0.0253056499798926"
"3","50","0.462","-0.0218933020017406","-0.0210882554927594","-0.0304031020644288","0.0429927878533993","-0.0210882554927594"
"3","50","0.463","-0.0218216221720967","-0.0148065956274797","-0.0287802645822629","0.0390348830883673","-0.0148065956274797"
"3","50","0.464","-0.0196138899240663","-0.00707556301856454","-0.024340214278891","0.0320501841043916","-0.00707556301856454"
"3","50","0.465","-0.0154862134722611","0.00134807499695483","-0.0175175742136557","0.023420194709626","0.00134807499695483"
"3","50","0.466","-0.00984263854699768","0.00963975403918073","-0.00898019193227212","0.0164452497288181","0.00963975403918073"
"3","50","0.467","-0.00323559758305831","0.0169878267919366","0.00043623410411937","0.017298718190257","0.0169878267919366"
"3","50","0.468","0.00368816621604418","0.022673012697148","0.00980995850697711","0.0249780575848247","0.022673012697148"
"3","50","0.469","0.0102509066089558","0.0261388061473945","0.0182234158211727","0.0334725433349181","0.0261388061473945"
"3","50","0.47","0.0158102168407162","0.0270459511321626","0.0248530382247872","0.039988997714328","0.0270459511321626"
"3","50","0.471","0.0198219128918497","0.0253056499798924","0.0290498720856606","0.043326426344555","0.0253056499798924"
"3","50","0.472","0.0218933020017406","0.0210882554927596","0.0304031020644288","0.0429927878533993","0.0210882554927596"
"3","50","0.473","0.0218216221720966","0.0148065956274793","0.0287802645822628","0.039034883088367","0.0148065956274793"
"3","50","0.474","0.0196138899240661","0.00707556301856408","0.0243402142788906","0.0320501841043911","0.00707556301856408"
"3","50","0.475","0.0154862134722613","-0.00134807499695454","0.017517574213656","0.0234201947096263","-0.00134807499695454"
"3","50","0.476","0.00984263854699733","-0.00963975403918117","0.00898019193227161","0.0164452497288178","-0.00963975403918117"
"3","50","0.477","0.00323559758305855","-0.0169878267919363","-0.000436234104119042","0.0172987181902568","-0.0169878267919363"
"3","50","0.478","-0.00368816621604456","-0.0226730126971483","-0.00980995850697761","0.0249780575848251","-0.0226730126971483"
"3","50","0.479","-0.0102509066089556","-0.0261388061473945","-0.0182234158211724","0.0334725433349179","-0.0261388061473945"
"3","50","0.48","-0.0158102168407161","-0.0270459511321626","-0.024853038224787","0.0399889977143278","-0.0270459511321626"
"3","50","0.481","-0.0198219128918493","-0.0253056499798928","-0.0290498720856602","0.0433264263445548","-0.0253056499798928"
"3","50","0.482","-0.0218933020017406","-0.0210882554927598","-0.0304031020644289","0.0429927878533994","-0.0210882554927598"
"3","50","0.483","-0.0218216221720968","-0.0148065956274802","-0.0287802645822632","0.0390348830883677","-0.0148065956274802"
"3","50","0.484","-0.0196138899240662","-0.00707556301856436","-0.0243402142788908","0.0320501841043914","-0.00707556301856436"
"3","50","0.485","-0.0154862134722615","0.00134807499695425","-0.0175175742136562","0.0234201947096266","0.00134807499695425"
"3","50","0.486","-0.00984263854699754","0.0096397540391809","-0.00898019193227192","0.016445249728818","0.0096397540391809"
"3","50","0.487","-0.00323559758305878","0.0169878267919361","0.000436234104118716","0.0172987181902566","0.0169878267919361"
"3","50","0.488","0.00368816621604432","0.0226730126971481","0.00980995850697731","0.0249780575848248","0.0226730126971481"
"3","50","0.489","0.0102509066089554","0.0261388061473944","0.0182234158211722","0.0334725433349176","0.0261388061473944"
"3","50","0.49","0.0158102168407163","0.0270459511321626","0.0248530382247873","0.0399889977143281","0.0270459511321626"
"3","50","0.491","0.0198219128918495","0.0253056499798926","0.0290498720856604","0.0433264263445548","0.0253056499798926"
"3","50","0.492","0.0218933020017405","0.02108825549276","0.0304031020644289","0.0429927878533995","0.02108825549276"
"3","50","0.493","0.0218216221720967","0.0148065956274798","0.028780264582263","0.0390348830883674","0.0148065956274798"
"3","50","0.494","0.0196138899240663","0.00707556301856464","0.024340214278891","0.0320501841043917","0.00707556301856464"
"3","50","0.495","0.0154862134722612","-0.00134807499695472","0.0175175742136558","0.0234201947096261","-0.00134807499695472"
"3","50","0.496","0.00984263854699776","-0.00963975403918062","0.00898019193227223","0.0164452497288181","-0.00963975403918062"
"3","50","0.497","0.0032355975830584","-0.0169878267919365","-0.000436234104119252","0.0172987181902569","-0.0169878267919365"
"3","50","0.498","-0.00368816621604409","-0.0226730126971479","-0.009809958506977","0.0249780575848245","-0.0226730126971479"
"3","50","0.499","-0.0102509066089557","-0.0261388061473945","-0.0182234158211726","0.033472543334918","-0.0261388061473945"
"3","50","0.5","-0.0158102168407162","-0.0270459511321626","-0.0248530382247871","0.0399889977143279","-0.0270459511321626"
"3","50","0.501","-0.0198219128918494","-0.0253056499798927","-0.0290498720856603","0.0433264263445548","-0.0253056499798927"
"3","50","0.502","-0.0218933020017406","-0.0210882554927597","-0.0304031020644289","0.0429927878533994","-0.0210882554927597"
"3","50","0.503","-0.0218216221720967","-0.0148065956274801","-0.0287802645822631","0.0390348830883676","-0.0148065956274801"
"3","50","0.504","-0.0196138899240661","-0.00707556301856418","-0.0243402142788907","0.0320501841043912","-0.00707556301856418"
"3","50","0.505","-0.0154862134722614","0.00134807499695443","-0.0175175742136561","0.0234201947096264","0.00134807499695443"
"3","50","0.506","-0.0098426385469974","0.00963975403918107","-0.00898019193227172","0.0164452497288179","0.00963975403918107"
"3","50","0.507","-0.00323559758305863","0.0169878267919362","0.000436234104118926","0.0172987181902567","0.0169878267919362"
"3","50","0.508","0.00368816621604448","0.0226730126971482","0.0098099585069775","0.024978057584825","0.0226730126971482"
"3","50","0.509","0.0102509066089555","0.0261388061473944","0.0182234158211724","0.0334725433349178","0.0261388061473944"
"3","50","0.51","0.015810216840716","0.0270459511321626","0.024853038224787","0.0399889977143277","0.0270459511321626"
"3","50","0.511","0.0198219128918495","0.0253056499798925","0.0290498720856604","0.0433264263445549","0.0253056499798925"
"3","50","0.512","0.0218933020017405","0.0210882554927599","0.0304031020644289","0.0429927878533995","0.0210882554927599"
"3","50","0.513","0.0218216221720967","0.0148065956274797","0.0287802645822629","0.0390348830883672","0.0148065956274797"
"3","50","0.514","0.0196138899240662","0.00707556301856446","0.0243402142788909","0.0320501841043915","0.00707556301856446"
"3","50","0.515","0.0154862134722611","-0.00134807499695491","0.0175175742136556","0.0234201947096259","-0.00134807499695491"
"3","50","0.516","0.00984263854699762","-0.0096397540391808","0.00898019193227203","0.016445249728818","-0.0096397540391808"
"3","50","0.517","0.00323559758305825","-0.0169878267919366","-0.00043623410411946","0.017298718190257","-0.0169878267919366"
"3","50","0.518","-0.00368816621604424","-0.022673012697148","-0.0098099585069772","0.0249780575848247","-0.022673012697148"
"3","50","0.519","-0.0102509066089559","-0.0261388061473946","-0.0182234158211728","0.0334725433349182","-0.0261388061473946"
"3","50","0.52","-0.0158102168407163","-0.0270459511321626","-0.0248530382247873","0.039988997714328","-0.0270459511321626"
"3","50","0.521","-0.0198219128918494","-0.0253056499798926","-0.0290498720856603","0.0433264263445548","-0.0253056499798926"
"3","50","0.522","-0.0218933020017406","-0.0210882554927596","-0.0304031020644288","0.0429927878533993","-0.0210882554927596"
"3","50","0.523","-0.0218216221720967","-0.0148065956274799","-0.028780264582263","0.0390348830883674","-0.0148065956274799"
"3","50","0.524","-0.019613889924066","-0.007075563018564","-0.0243402142788906","0.032050184104391","-0.007075563018564"
"3","50","0.525","-0.0154862134722613","0.00134807499695462","-0.0175175742136559","0.0234201947096262","0.00134807499695462"
"3","50","0.526","-0.00984263854699727","0.00963975403918125","-0.00898019193227152","0.0164452497288178","0.00963975403918125"
"3","50","0.527","-0.00323559758305848","0.0169878267919364","0.000436234104119134","0.0172987181902568","0.0169878267919364"
"3","50","0.528","0.00368816621604462","0.0226730126971483","0.0098099585069777","0.0249780575848252","0.0226730126971483"
"3","50","0.529","0.0102509066089557","0.0261388061473945","0.0182234158211725","0.0334725433349179","0.0261388061473945"
"3","50","0.53","0.0158102168407161","0.0270459511321626","0.0248530382247871","0.0399889977143278","0.0270459511321626"
"3","50","0.531","0.0198219128918496","0.0253056499798925","0.0290498720856605","0.0433264263445549","0.0253056499798925"
"3","50","0.532","0.0218933020017406","0.0210882554927598","0.0304031020644289","0.0429927878533994","0.0210882554927598"
"3","50","0.533","0.0218216221720967","0.0148065956274795","0.0287802645822628","0.0390348830883671","0.0148065956274795"
"3","50","0.534","0.0196138899240662","0.00707556301856428","0.0243402142788908","0.0320501841043913","0.00707556301856428"
"3","50","0.535","0.015486213472261","-0.00134807499695509","0.0175175742136555","0.0234201947096257","-0.00134807499695509"
"3","50","0.536","0.00984263854699748","-0.00963975403918097","0.00898019193227183","0.0164452497288179","-0.00963975403918097"
"3","50","0.537","0.0032355975830581","-0.0169878267919368","-0.000436234104119668","0.0172987181902571","-0.0169878267919368"
"3","50","0.538","-0.00368816621604439","-0.0226730126971481","-0.00980995850697739","0.0249780575848249","-0.0226730126971481"
"3","50","0.539","-0.0102509066089554","-0.0261388061473944","-0.0182234158211723","0.0334725433349177","-0.0261388061473944"
"3","50","0.54","-0.0158102168407164","-0.0270459511321626","-0.0248530382247874","0.0399889977143281","-0.0270459511321626"
"3","50","0.541","-0.0198219128918495","-0.0253056499798926","-0.0290498720856604","0.0433264263445549","-0.0253056499798926"
"3","50","0.542","-0.0218933020017406","-0.0210882554927595","-0.0304031020644288","0.0429927878533993","-0.0210882554927595"
"3","50","0.543","-0.0218216221720967","-0.0148065956274798","-0.028780264582263","0.0390348830883673","-0.0148065956274798"
"3","50","0.544","-0.019613889924066","-0.00707556301856382","-0.0243402142788905","0.0320501841043908","-0.00707556301856382"
"3","50","0.545","-0.0154862134722612","0.0013480749969548","-0.0175175742136557","0.023420194709626","0.0013480749969548"
"3","50","0.546","-0.00984263854699713","0.00963975403918142","-0.00898019193227132","0.0164452497288177","0.00963975403918142"
"3","50","0.547","-0.00323559758305833","0.0169878267919365","0.000436234104119342","0.0172987181902569","0.0169878267919365"
"3","50","0.548","0.00368816621604416","0.022673012697148","0.00980995850697708","0.0249780575848246","0.022673012697148"
"3","50","0.549","0.0102509066089558","0.0261388061473945","0.0182234158211727","0.0334725433349181","0.0261388061473945"
"3","50","0.55","0.0158102168407162","0.0270459511321626","0.0248530382247872","0.0399889977143279","0.0270459511321626"
"3","50","0.551","0.0198219128918497","0.0253056499798924","0.0290498720856606","0.0433264263445549","0.0253056499798924"
"3","50","0.552","0.0218933020017406","0.0210882554927596","0.0304031020644288","0.0429927878533994","0.0210882554927596"
"3","50","0.553","0.0218216221720966","0.0148065956274794","0.0287802645822628","0.039034883088367","0.0148065956274794"
"3","50","0.554","0.0196138899240661","0.0070755630185641","0.0243402142788907","0.0320501841043911","0.0070755630185641"
"3","50","0.555","0.0154862134722609","-0.00134807499695528","0.0175175742136553","0.0234201947096255","-0.00134807499695528"
"3","50","0.556","0.00984263854699735","-0.00963975403918115","0.00898019193227164","0.0164452497288179","-0.00963975403918115"
"3","50","0.557","0.00323559758305795","-0.0169878267919369","-0.000436234104119878","0.0172987181902572","-0.0169878267919369"
"3","50","0.558","-0.00368816621604454","-0.0226730126971482","-0.00980995850697759","0.0249780575848251","-0.0226730126971482"
"3","50","0.559","-0.0102509066089556","-0.0261388061473945","-0.0182234158211724","0.0334725433349178","-0.0261388061473945"
"3","50","0.56","-0.0158102168407165","-0.0270459511321625","-0.0248530382247875","0.0399889977143282","-0.0270459511321625"
"3","50","0.561","-0.0198219128918496","-0.0253056499798925","-0.0290498720856605","0.0433264263445549","-0.0253056499798925"
"3","50","0.562","-0.0218933020017407","-0.0210882554927593","-0.0304031020644288","0.0429927878533992","-0.0210882554927593"
"3","50","0.563","-0.0218216221720967","-0.0148065956274796","-0.0287802645822629","0.0390348830883672","-0.0148065956274796"
"3","50","0.564","-0.0196138899240659","-0.00707556301856364","-0.0243402142788903","0.0320501841043907","-0.00707556301856364"
"3","50","0.565","-0.0154862134722611","0.00134807499695499","-0.0175175742136556","0.0234201947096258","0.00134807499695499"
"3","50","0.566","-0.009842638546997","0.00963975403918159","-0.00898019193227112","0.0164452497288176","0.00963975403918159"
"3","50","0.567","-0.00323559758305818","0.0169878267919367","0.000436234104119549","0.0172987181902571","0.0169878267919367"
"3","50","0.568","0.0036881662160443","0.0226730126971481","0.00980995850697728","0.0249780575848248","0.0226730126971481"
"3","50","0.569","0.0102509066089559","0.0261388061473946","0.0182234158211728","0.0334725433349183","0.0261388061473946"
"3","50","0.57","0.0158102168407163","0.0270459511321626","0.0248530382247873","0.0399889977143281","0.0270459511321626"
"3","50","0.571","0.0198219128918497","0.0253056499798923","0.0290498720856606","0.043326426344555","0.0253056499798923"
"3","50","0.572","0.0218933020017406","0.0210882554927595","0.0304031020644288","0.0429927878533993","0.0210882554927595"
"3","50","0.573","0.0218216221720966","0.0148065956274792","0.0287802645822627","0.0390348830883669","0.0148065956274792"
"3","50","0.574","0.019613889924066","0.00707556301856392","0.0243402142788905","0.0320501841043909","0.00707556301856392"
"3","50","0.575","0.0154862134722608","-0.00134807499695547","0.0175175742136551","0.0234201947096253","-0.00134807499695547"
"3","50","0.576","0.00984263854699721","-0.00963975403918132","0.00898019193227144","0.0164452497288178","-0.00963975403918132"
"3","50","0.577","0.00323559758305904","-0.0169878267919359","-0.000436234104118359","0.0172987181902564","-0.0169878267919359"
"3","50","0.578","-0.00368816621604407","-0.0226730126971479","-0.00980995850697697","0.0249780575848245","-0.0226730126971479"
"3","50","0.579","-0.0102509066089552","-0.0261388061473943","-0.0182234158211719","0.0334725433349173","-0.0261388061473943"
"3","50","0.58","-0.0158102168407162","-0.0270459511321626","-0.0248530382247871","0.0399889977143279","-0.0270459511321626"
"3","50","0.581","-0.0198219128918494","-0.0253056499798927","-0.0290498720856603","0.0433264263445548","-0.0253056499798927"
"3","50","0.582","-0.0218933020017405","-0.0210882554927602","-0.0304031020644289","0.0429927878533996","-0.0210882554927602"
"3","50","0.583","-0.0218216221720967","-0.0148065956274801","-0.0287802645822631","0.0390348830883676","-0.0148065956274801"
"3","50","0.584","-0.0196138899240664","-0.00707556301856495","-0.0243402142788912","0.032050184104392","-0.00707556301856495"
"3","50","0.585","-0.0154862134722614","0.00134807499695441","-0.0175175742136561","0.0234201947096264","0.00134807499695441"
"3","50","0.586","-0.00984263854699799","0.00963975403918033","-0.00898019193227257","0.0164452497288183","0.00963975403918033"
"3","50","0.587","-0.00323559758305866","0.0169878267919362","0.000436234104118891","0.0172987181902567","0.0169878267919362"
"3","50","0.588","0.00368816621604383","0.0226730126971478","0.00980995850697666","0.0249780575848242","0.0226730126971478"
"3","50","0.589","0.0102509066089555","0.0261388061473944","0.0182234158211723","0.0334725433349177","0.0261388061473944"
"3","50","0.59","0.015810216840716","0.0270459511321626","0.0248530382247869","0.0399889977143277","0.0270459511321626"
"3","50","0.591","0.0198219128918495","0.0253056499798925","0.0290498720856604","0.0433264263445549","0.0253056499798925"
"3","50","0.592","0.0218933020017405","0.0210882554927599","0.0304031020644289","0.0429927878533995","0.0210882554927599"
"3","50","0.593","0.0218216221720968","0.0148065956274803","0.0287802645822632","0.0390348830883678","0.0148065956274803"
"3","50","0.594","0.0196138899240662","0.00707556301856449","0.0243402142788909","0.0320501841043915","0.00707556301856449"
"3","50","0.595","0.0154862134722616","-0.00134807499695411","0.0175175742136564","0.0234201947096267","-0.00134807499695411"
"3","50","0.596","0.00984263854699764","-0.00963975403918077","0.00898019193227206","0.016445249728818","-0.00963975403918077"
"3","50","0.597","0.00323559758305889","-0.016987826791936","-0.000436234104118565","0.0172987181902565","-0.016987826791936"
"3","50","0.598","-0.00368816621604422","-0.022673012697148","-0.00980995850697716","0.0249780575848247","-0.022673012697148"
"3","50","0.599","-0.0102509066089553","-0.0261388061473943","-0.0182234158211721","0.0334725433349175","-0.0261388061473943"
"3","50","0.6","-0.0158102168407163","-0.0270459511321626","-0.0248530382247872","0.039988997714328","-0.0270459511321626"
"3","50","0.601","-0.0198219128918494","-0.0253056499798926","-0.0290498720856603","0.0433264263445548","-0.0253056499798926"
"3","50","0.602","-0.0218933020017405","-0.0210882554927601","-0.0304031020644289","0.0429927878533995","-0.0210882554927601"
"3","50","0.603","-0.0218216221720967","-0.0148065956274799","-0.028780264582263","0.0390348830883675","-0.0148065956274799"
"3","50","0.604","-0.0196138899240663","-0.00707556301856477","-0.0243402142788911","0.0320501841043918","-0.00707556301856477"
"3","50","0.605","-0.0154862134722613","0.00134807499695459","-0.0175175742136559","0.0234201947096262","0.00134807499695459"
"3","50","0.606","-0.00984263854699785","0.0096397540391805","-0.00898019193227238","0.0164452497288182","0.0096397540391805"
"3","50","0.607","-0.00323559758305851","0.0169878267919364","0.000436234104119103","0.0172987181902568","0.0169878267919364"
"3","50","0.608","0.00368816621604398","0.0226730126971479","0.00980995850697686","0.0249780575848244","0.0226730126971479"
"3","50","0.609","0.0102509066089556","0.0261388061473945","0.0182234158211725","0.0334725433349179","0.0261388061473945"
"3","50","0.61","0.0158102168407161","0.0270459511321626","0.0248530382247871","0.0399889977143278","0.0270459511321626"
"3","50","0.611","0.0198219128918493","0.0253056499798927","0.0290498720856602","0.0433264263445548","0.0253056499798927"
"3","50","0.612","0.0218933020017406","0.0210882554927598","0.0304031020644289","0.0429927878533994","0.0210882554927598"
"3","50","0.613","0.0218216221720968","0.0148065956274802","0.0287802645822631","0.0390348830883676","0.0148065956274802"
"3","50","0.614","0.0196138899240662","0.00707556301856431","0.0243402142788908","0.0320501841043913","0.00707556301856431"
"3","50","0.615","0.0154862134722615","-0.0013480749969543","0.0175175742136562","0.0234201947096265","-0.0013480749969543"
"3","50","0.616","0.0098426385469975","-0.00963975403918095","0.00898019193227186","0.016445249728818","-0.00963975403918095"
"3","50","0.617","0.00323559758305874","-0.0169878267919361","-0.000436234104118777","0.0172987181902566","-0.0169878267919361"
"3","50","0.618","-0.00368816621604437","-0.0226730126971481","-0.00980995850697736","0.0249780575848249","-0.0226730126971481"
"3","50","0.619","-0.0102509066089554","-0.0261388061473944","-0.0182234158211722","0.0334725433349176","-0.0261388061473944"
"3","50","0.62","-0.0158102168407164","-0.0270459511321626","-0.0248530382247874","0.0399889977143281","-0.0270459511321626"
"3","50","0.621","-0.0198219128918495","-0.0253056499798926","-0.0290498720856604","0.0433264263445549","-0.0253056499798926"
"3","50","0.622","-0.0218933020017405","-0.02108825549276","-0.0304031020644289","0.0429927878533995","-0.02108825549276"
"3","50","0.623","-0.0218216221720967","-0.0148065956274798","-0.028780264582263","0.0390348830883673","-0.0148065956274798"
"3","50","0.624","-0.0196138899240663","-0.00707556301856459","-0.024340214278891","0.0320501841043916","-0.00707556301856459"
"3","50","0.625","-0.0154862134722612","0.00134807499695478","-0.0175175742136558","0.023420194709626","0.00134807499695478"
"3","50","0.626","-0.00984263854699772","0.00963975403918067","-0.00898019193227218","0.0164452497288181","0.00963975403918067"
"3","50","0.627","-0.00323559758305835","0.0169878267919365","0.000436234104119309","0.0172987181902569","0.0169878267919365"
"3","50","0.628","0.00368816621604414","0.022673012697148","0.00980995850697705","0.0249780575848246","0.022673012697148"
"3","50","0.629","0.0102509066089558","0.0261388061473945","0.0182234158211727","0.0334725433349181","0.0261388061473945"
"3","50","0.63","0.0158102168407162","0.0270459511321626","0.0248530382247872","0.0399889977143279","0.0270459511321626"
"3","50","0.631","0.0198219128918494","0.0253056499798927","0.0290498720856603","0.0433264263445548","0.0253056499798927"
"3","50","0.632","0.0218933020017406","0.0210882554927597","0.0304031020644288","0.0429927878533994","0.0210882554927597"
"3","50","0.633","0.0218216221720967","0.01480659562748","0.0287802645822631","0.0390348830883675","0.01480659562748"
"3","50","0.634","0.0196138899240661","0.00707556301856413","0.0243402142788907","0.0320501841043911","0.00707556301856413"
"3","50","0.635","0.0154862134722614","-0.00134807499695449","0.017517574213656","0.0234201947096263","-0.00134807499695449"
"3","50","0.636","0.00984263854699737","-0.00963975403918112","0.00898019193227167","0.0164452497288179","-0.00963975403918112"
"3","50","0.637","0.00323559758305859","-0.0169878267919363","-0.000436234104118983","0.0172987181902567","-0.0169878267919363"
"3","50","0.638","-0.00368816621604452","-0.0226730126971482","-0.00980995850697756","0.0249780575848251","-0.0226730126971482"
"3","50","0.639","-0.0102509066089556","-0.0261388061473944","-0.0182234158211724","0.0334725433349178","-0.0261388061473944"
"3","50","0.64","-0.015810216840716","-0.0270459511321626","-0.024853038224787","0.0399889977143278","-0.0270459511321626"
"3","50","0.641","-0.0198219128918496","-0.0253056499798925","-0.0290498720856605","0.0433264263445549","-0.0253056499798925"
"3","50","0.642","-0.0218933020017406","-0.0210882554927598","-0.0304031020644289","0.0429927878533994","-0.0210882554927598"
"3","50","0.643","-0.0218216221720967","-0.0148065956274796","-0.0287802645822629","0.0390348830883672","-0.0148065956274796"
"3","50","0.644","-0.0196138899240662","-0.00707556301856441","-0.0243402142788909","0.0320501841043914","-0.00707556301856441"
"3","50","0.645","-0.0154862134722611","0.00134807499695496","-0.0175175742136556","0.0234201947096258","0.00134807499695496"
"3","50","0.646","-0.00984263854699758","0.00963975403918085","-0.00898019193227198","0.016445249728818","0.00963975403918085"
"3","50","0.647","-0.00323559758305821","0.0169878267919367","0.000436234104119519","0.017298718190257","0.0169878267919367"
"3","50","0.648","0.00368816621604428","0.0226730126971481","0.00980995850697725","0.0249780575848248","0.0226730126971481"
"3","50","0.649","0.0102509066089553","0.0261388061473944","0.0182234158211721","0.0334725433349175","0.0261388061473944"
"3","50","0.65","0.0158102168407163","0.0270459511321626","0.0248530382247873","0.039988997714328","0.0270459511321626"
"3","50","0.651","0.0198219128918495","0.0253056499798926","0.0290498720856604","0.0433264263445548","0.0253056499798926"
"3","50","0.652","0.0218933020017406","0.0210882554927595","0.0304031020644288","0.0429927878533993","0.0210882554927595"
"3","50","0.653","0.0218216221720967","0.0148065956274799","0.028780264582263","0.0390348830883674","0.0148065956274799"
"3","50","0.654","0.019613889924066","0.00707556301856395","0.0243402142788905","0.032050184104391","0.00707556301856395"
"3","50","0.655","0.0154862134722612","-0.00134807499695467","0.0175175742136559","0.0234201947096261","-0.00134807499695467"
"3","50","0.656","0.00984263854699723","-0.0096397540391813","0.00898019193227147","0.0164452497288178","-0.0096397540391813"
"3","50","0.657","0.00323559758305844","-0.0169878267919364","-0.000436234104119193","0.0172987181902569","-0.0169878267919364"
"3","50","0.658","-0.00368816621604467","-0.0226730126971483","-0.00980995850697776","0.0249780575848253","-0.0226730126971483"
"3","50","0.659","-0.0102509066089557","-0.0261388061473945","-0.0182234158211726","0.033472543334918","-0.0261388061473945"
"3","50","0.66","-0.0158102168407161","-0.0270459511321626","-0.0248530382247871","0.0399889977143279","-0.0270459511321626"
"3","50","0.661","-0.0198219128918496","-0.0253056499798924","-0.0290498720856605","0.0433264263445549","-0.0253056499798924"
"3","50","0.662","-0.0218933020017406","-0.0210882554927597","-0.0304031020644289","0.0429927878533994","-0.0210882554927597"
"3","50","0.663","-0.0218216221720966","-0.0148065956274795","-0.0287802645822628","0.0390348830883671","-0.0148065956274795"
"3","50","0.664","-0.0196138899240661","-0.00707556301856423","-0.0243402142788907","0.0320501841043912","-0.00707556301856423"
"3","50","0.665","-0.015486213472261","0.00134807499695515","-0.0175175742136554","0.0234201947096257","0.00134807499695515"
"3","50","0.666","-0.00984263854699744","0.00963975403918102","-0.00898019193227178","0.0164452497288179","0.00963975403918102"
"3","50","0.667","-0.00323559758305805","0.0169878267919368","0.000436234104119727","0.0172987181902572","0.0169878267919368"
"3","50","0.668","0.00368816621604443","0.0226730126971482","0.00980995850697745","0.024978057584825","0.0226730126971482"
"3","50","0.669","0.0102509066089555","0.0261388061473944","0.0182234158211723","0.0334725433349177","0.0261388061473944"
"3","50","0.67","0.0158102168407164","0.0270459511321626","0.0248530382247874","0.0399889977143282","0.0270459511321626"
"3","50","0.671","0.0198219128918495","0.0253056499798925","0.0290498720856604","0.0433264263445549","0.0253056499798925"
"3","50","0.672","0.0218933020017406","0.0210882554927594","0.0304031020644288","0.0429927878533993","0.0210882554927594"
"3","50","0.673","0.0218216221720967","0.0148065956274797","0.0287802645822629","0.0390348830883673","0.0148065956274797"
"3","50","0.674","0.019613889924066","0.00707556301856377","0.0243402142788904","0.0320501841043908","0.00707556301856377"
"3","50","0.675","0.0154862134722611","-0.00134807499695486","0.0175175742136557","0.023420194709626","-0.00134807499695486"
"3","50","0.676","0.0098426385469971","-0.00963975403918147","0.00898019193227127","0.0164452497288177","-0.00963975403918147"
"3","50","0.677","0.00323559758305829","-0.0169878267919366","-0.000436234104119401","0.017298718190257","-0.0169878267919366"
"3","50","0.678","-0.0036881662160442","-0.022673012697148","-0.00980995850697713","0.0249780575848247","-0.022673012697148"
"3","50","0.679","-0.0102509066089558","-0.0261388061473945","-0.0182234158211727","0.0334725433349181","-0.0261388061473945"
"3","50","0.68","-0.0158102168407162","-0.0270459511321626","-0.0248530382247872","0.039988997714328","-0.0270459511321626"
"3","50","0.681","-0.0198219128918497","-0.0253056499798924","-0.0290498720856606","0.043326426344555","-0.0253056499798924"
"3","50","0.682","-0.0218933020017406","-0.0210882554927596","-0.0304031020644288","0.0429927878533993","-0.0210882554927596"
"3","50","0.683","-0.0218216221720966","-0.0148065956274793","-0.0287802645822628","0.039034883088367","-0.0148065956274793"
"3","50","0.684","-0.0196138899240661","-0.00707556301856405","-0.0243402142788906","0.0320501841043911","-0.00707556301856405"
"3","50","0.685","-0.0154862134722609","0.00134807499695533","-0.0175175742136552","0.0234201947096255","0.00134807499695533"
"3","50","0.686","-0.00984263854699731","0.0096397540391812","-0.00898019193227158","0.0164452497288178","0.0096397540391812"
"3","50","0.687","-0.00323559758305791","0.0169878267919369","0.000436234104119936","0.0172987181902573","0.0169878267919369"
"3","50","0.688","0.00368816621604458","0.0226730126971483","0.00980995850697765","0.0249780575848252","0.0226730126971483"
"3","50","0.689","0.0102509066089556","0.0261388061473945","0.0182234158211725","0.0334725433349179","0.0261388061473945"
"3","50","0.69","0.0158102168407165","0.0270459511321625","0.0248530382247875","0.0399889977143283","0.0270459511321625"
"3","50","0.691","0.0198219128918496","0.0253056499798925","0.0290498720856605","0.0433264263445549","0.0253056499798925"
"3","50","0.692","0.0218933020017407","0.0210882554927593","0.0304031020644288","0.0429927878533992","0.0210882554927593"
"3","50","0.693","0.0218216221720967","0.0148065956274796","0.0287802645822629","0.0390348830883671","0.0148065956274796"
"3","50","0.694","0.0196138899240659","0.00707556301856359","0.0243402142788903","0.0320501841043906","0.00707556301856359"
"3","50","0.695","0.015486213472261","-0.00134807499695504","0.0175175742136555","0.0234201947096258","-0.00134807499695504"
"3","50","0.696","0.00984263854699696","-0.00963975403918164","0.00898019193227106","0.0164452497288176","-0.00963975403918164"
"3","50","0.697","0.00323559758305814","-0.0169878267919367","-0.000436234104119609","0.0172987181902571","-0.0169878267919367"
"3","50","0.698","-0.00368816621604435","-0.0226730126971481","-0.00980995850697734","0.0249780575848249","-0.0226730126971481"
"3","50","0.699","-0.010250906608956","-0.0261388061473946","-0.0182234158211729","0.0334725433349183","-0.0261388061473946"
"3","50","0.7","-0.0158102168407163","-0.0270459511321626","-0.0248530382247873","0.0399889977143281","-0.0270459511321626"
"3","50","0.701","-0.0198219128918498","-0.0253056499798923","-0.0290498720856606","0.043326426344555","-0.0253056499798923"
"3","50","0.702","-0.0218933020017406","-0.0210882554927595","-0.0304031020644288","0.0429927878533993","-0.0210882554927595"
"3","50","0.703","-0.0218216221720966","-0.0148065956274792","-0.0287802645822627","0.0390348830883668","-0.0148065956274792"
"3","50","0.704","-0.0196138899240663","-0.00707556301856461","-0.024340214278891","0.0320501841043916","-0.00707556301856461"
"3","50","0.705","-0.0154862134722616","0.00134807499695398","-0.0175175742136565","0.0234201947096268","0.00134807499695398"
"3","50","0.706","-0.00984263854699774","0.00963975403918065","-0.00898019193227221","0.0164452497288181","0.00963975403918065"
"3","50","0.707","-0.003235597583059","0.0169878267919359","0.000436234104118416","0.0172987181902564","0.0169878267919359"
"3","50","0.708","0.00368816621604411","0.0226730126971479","0.00980995850697703","0.0249780575848246","0.0226730126971479"
"3","50","0.709","0.0102509066089552","0.0261388061473943","0.0182234158211719","0.0334725433349173","0.0261388061473943"
"3","50","0.71","0.0158102168407162","0.0270459511321626","0.0248530382247872","0.0399889977143279","0.0270459511321626"
"3","50","0.711","0.0198219128918494","0.0253056499798927","0.0290498720856603","0.0433264263445548","0.0253056499798927"
"3","50","0.712","0.0218933020017405","0.0210882554927602","0.0304031020644289","0.0429927878533996","0.0210882554927602"
"3","50","0.713","0.0218216221720967","0.01480659562748","0.0287802645822631","0.0390348830883675","0.01480659562748"
"3","50","0.714","0.0196138899240664","0.0070755630185649","0.0243402142788912","0.0320501841043919","0.0070755630185649"
"3","50","0.715","0.0154862134722614","-0.00134807499695446","0.017517574213656","0.0234201947096264","-0.00134807499695446"
"3","50","0.716","0.00984263854699795","-0.00963975403918038","0.00898019193227252","0.0164452497288183","-0.00963975403918038"
"3","50","0.717","0.00323559758305861","-0.0169878267919363","-0.000436234104118955","0.0172987181902567","-0.0169878267919363"
"3","50","0.718","-0.00368816621604388","-0.0226730126971478","-0.00980995850697671","0.0249780575848243","-0.0226730126971478"
"3","50","0.719","-0.0102509066089555","-0.0261388061473944","-0.0182234158211724","0.0334725433349178","-0.0261388061473944"
"3","50","0.72","-0.015810216840716","-0.0270459511321626","-0.024853038224787","0.0399889977143277","-0.0270459511321626"
"3","50","0.721","-0.0198219128918495","-0.0253056499798925","-0.0290498720856604","0.0433264263445549","-0.0253056499798925"
"3","50","0.722","-0.0218933020017406","-0.0210882554927599","-0.0304031020644289","0.0429927878533994","-0.0210882554927599"
"3","50","0.723","-0.0218216221720968","-0.0148065956274803","-0.0287802645822632","0.0390348830883677","-0.0148065956274803"
"3","50","0.724","-0.0196138899240662","-0.00707556301856444","-0.0243402142788909","0.0320501841043914","-0.00707556301856444"
"3","50","0.725","-0.0154862134722615","0.00134807499695417","-0.0175175742136563","0.0234201947096267","0.00134807499695417"
"3","50","0.726","-0.0098426385469976","0.00963975403918083","-0.008980191932272","0.016445249728818","0.00963975403918083"
"3","50","0.727","-0.00323559758305885","0.016987826791936","0.000436234104118628","0.0172987181902565","0.016987826791936"
"3","50","0.728","0.00368816621604426","0.0226730126971481","0.00980995850697722","0.0249780575848248","0.0226730126971481"
"3","50","0.729","0.0102509066089553","0.0261388061473944","0.0182234158211721","0.0334725433349175","0.0261388061473944"
"3","50","0.73","0.0158102168407163","0.0270459511321626","0.0248530382247873","0.039988997714328","0.0270459511321626"
"3","50","0.731","0.0198219128918494","0.0253056499798926","0.0290498720856603","0.0433264263445548","0.0253056499798926"
"3","50","0.732","0.0218933020017405","0.02108825549276","0.0304031020644289","0.0429927878533995","0.02108825549276"
"3","50","0.733","0.0218216221720967","0.0148065956274799","0.028780264582263","0.0390348830883674","0.0148065956274799"
"3","50","0.734","0.0196138899240663","0.00707556301856472","0.0243402142788911","0.0320501841043917","0.00707556301856472"
"3","50","0.735","0.0154862134722613","-0.00134807499695464","0.0175175742136559","0.0234201947096262","-0.00134807499695464"
"3","50","0.736","0.00984263854699781","-0.00963975403918055","0.00898019193227232","0.0164452497288182","-0.00963975403918055"
"3","50","0.737","0.00323559758305846","-0.0169878267919364","-0.000436234104119164","0.0172987181902568","-0.0169878267919364"
"3","50","0.738","-0.00368816621604403","-0.0226730126971479","-0.00980995850697691","0.0249780575848245","-0.0226730126971479"
"3","50","0.739","-0.0102509066089557","-0.0261388061473945","-0.0182234158211725","0.033472543334918","-0.0261388061473945"
"3","50","0.74","-0.0158102168407161","-0.0270459511321626","-0.0248530382247871","0.0399889977143278","-0.0270459511321626"
"3","50","0.741","-0.0198219128918493","-0.0253056499798927","-0.0290498720856603","0.0433264263445548","-0.0253056499798927"
"3","50","0.742","-0.0218933020017406","-0.0210882554927597","-0.0304031020644289","0.0429927878533994","-0.0210882554927597"
"3","50","0.743","-0.0218216221720968","-0.0148065956274801","-0.0287802645822631","0.0390348830883676","-0.0148065956274801"
"3","50","0.744","-0.0196138899240661","-0.00707556301856426","-0.0243402142788908","0.0320501841043913","-0.00707556301856426"
"3","50","0.745","-0.0154862134722614","0.00134807499695435","-0.0175175742136561","0.0234201947096265","0.00134807499695435"
"3","50","0.746","-0.00984263854699746","0.009639754039181","-0.00898019193227181","0.0164452497288179","0.009639754039181"
"3","50","0.747","-0.0032355975830587","0.0169878267919362","0.000436234104118834","0.0172987181902566","0.0169878267919362"
"3","50","0.748","0.00368816621604441","0.0226730126971482","0.00980995850697742","0.024978057584825","0.0226730126971482"
"3","50","0.749","0.0102509066089555","0.0261388061473944","0.0182234158211723","0.0334725433349177","0.0261388061473944"
"3","50","0.75","0.015810216840716","0.0270459511321626","0.0248530382247869","0.0399889977143277","0.0270459511321626"
"3","50","0.751","0.0198219128918495","0.0253056499798926","0.0290498720856604","0.0433264263445549","0.0253056499798926"
"3","50","0.752","0.0218933020017405","0.0210882554927599","0.0304031020644289","0.0429927878533995","0.0210882554927599"
"3","50","0.753","0.0218216221720967","0.0148065956274797","0.0287802645822629","0.0390348830883673","0.0148065956274797"
"3","50","0.754","0.0196138899240663","0.00707556301856454","0.024340214278891","0.0320501841043916","0.00707556301856454"
"3","50","0.755","0.0154862134722611","-0.00134807499695483","0.0175175742136557","0.023420194709626","-0.00134807499695483"
"3","50","0.756","0.00984263854699768","-0.00963975403918073","0.00898019193227212","0.0164452497288181","-0.00963975403918073"
"3","50","0.757","0.00323559758305831","-0.0169878267919366","-0.00043623410411937","0.017298718190257","-0.0169878267919366"
"3","50","0.758","-0.00368816621604418","-0.022673012697148","-0.00980995850697711","0.0249780575848247","-0.022673012697148"
"3","50","0.759","-0.0102509066089558","-0.0261388061473945","-0.0182234158211727","0.0334725433349181","-0.0261388061473945"
"3","50","0.76","-0.0158102168407162","-0.0270459511321626","-0.0248530382247872","0.039988997714328","-0.0270459511321626"
"3","50","0.761","-0.0198219128918494","-0.0253056499798927","-0.0290498720856603","0.0433264263445548","-0.0253056499798927"
"3","50","0.762","-0.0218933020017406","-0.0210882554927596","-0.0304031020644288","0.0429927878533993","-0.0210882554927596"
"3","50","0.763","-0.0218216221720967","-0.01480659562748","-0.0287802645822631","0.0390348830883675","-0.01480659562748"
"3","50","0.764","-0.0196138899240661","-0.00707556301856408","-0.0243402142788906","0.0320501841043911","-0.00707556301856408"
"3","50","0.765","-0.0154862134722613","0.00134807499695454","-0.017517574213656","0.0234201947096263","0.00134807499695454"
"3","50","0.766","-0.00984263854699733","0.00963975403918117","-0.00898019193227161","0.0164452497288178","0.00963975403918117"
"3","50","0.767","-0.00323559758305855","0.0169878267919363","0.000436234104119042","0.0172987181902568","0.0169878267919363"
"3","50","0.768","0.00368816621604456","0.0226730126971483","0.00980995850697761","0.0249780575848251","0.0226730126971483"
"3","50","0.769","0.0102509066089556","0.0261388061473945","0.0182234158211724","0.0334725433349179","0.0261388061473945"
"3","50","0.77","0.0158102168407161","0.0270459511321626","0.024853038224787","0.0399889977143278","0.0270459511321626"
"3","50","0.771","0.0198219128918496","0.0253056499798925","0.0290498720856605","0.0433264263445549","0.0253056499798925"
"3","50","0.772","0.0218933020017406","0.0210882554927598","0.0304031020644289","0.0429927878533994","0.0210882554927598"
"3","50","0.773","0.0218216221720967","0.0148065956274796","0.0287802645822629","0.0390348830883672","0.0148065956274796"
"3","50","0.774","0.0196138899240662","0.00707556301856436","0.0243402142788908","0.0320501841043914","0.00707556301856436"
"3","50","0.775","0.015486213472261","-0.00134807499695502","0.0175175742136555","0.0234201947096258","-0.00134807499695502"
"3","50","0.776","0.00984263854699754","-0.0096397540391809","0.00898019193227192","0.016445249728818","-0.0096397540391809"
"3","50","0.777","0.00323559758305816","-0.0169878267919367","-0.000436234104119582","0.0172987181902571","-0.0169878267919367"
"3","50","0.778","-0.00368816621604432","-0.0226730126971481","-0.00980995850697731","0.0249780575848248","-0.0226730126971481"
"3","50","0.779","-0.0102509066089554","-0.0261388061473944","-0.0182234158211722","0.0334725433349176","-0.0261388061473944"
"3","50","0.78","-0.0158102168407163","-0.0270459511321626","-0.0248530382247873","0.0399889977143281","-0.0270459511321626"
"3","50","0.781","-0.0198219128918495","-0.0253056499798926","-0.0290498720856604","0.0433264263445548","-0.0253056499798926"
"3","50","0.782","-0.0218933020017406","-0.0210882554927595","-0.0304031020644288","0.0429927878533993","-0.0210882554927595"
"3","50","0.783","-0.0218216221720967","-0.0148065956274798","-0.028780264582263","0.0390348830883674","-0.0148065956274798"
"3","50","0.784","-0.019613889924066","-0.0070755630185639","-0.0243402142788905","0.0320501841043909","-0.0070755630185639"
"3","50","0.785","-0.0154862134722612","0.00134807499695472","-0.0175175742136558","0.0234201947096261","0.00134807499695472"
"3","50","0.786","-0.00984263854699719","0.00963975403918135","-0.00898019193227141","0.0164452497288178","0.00963975403918135"
"3","50","0.787","-0.0032355975830584","0.0169878267919365","0.000436234104119252","0.0172987181902569","0.0169878267919365"
"3","50","0.788","0.00368816621604471","0.0226730126971484","0.00980995850697782","0.0249780575848253","0.0226730126971484"
"3","50","0.789","0.0102509066089557","0.0261388061473945","0.0182234158211726","0.033472543334918","0.0261388061473945"
"3","50","0.79","0.0158102168407162","0.0270459511321626","0.0248530382247871","0.0399889977143279","0.0270459511321626"
"3","50","0.791","0.0198219128918496","0.0253056499798924","0.0290498720856605","0.0433264263445549","0.0253056499798924"
"3","50","0.792","0.0218933020017406","0.0210882554927597","0.0304031020644289","0.0429927878533994","0.0210882554927597"
"3","50","0.793","0.0218216221720966","0.0148065956274794","0.0287802645822628","0.039034883088367","0.0148065956274794"
"3","50","0.794","0.0196138899240661","0.00707556301856418","0.0243402142788907","0.0320501841043912","0.00707556301856418"
"3","50","0.795","0.0154862134722609","-0.0013480749969552","0.0175175742136554","0.0234201947096256","-0.0013480749969552"
"3","50","0.796","0.0098426385469974","-0.00963975403918107","0.00898019193227172","0.0164452497288179","-0.00963975403918107"
"3","50","0.797","0.00323559758305801","-0.0169878267919368","-0.000436234104119788","0.0172987181902572","-0.0169878267919368"
"3","50","0.798","-0.00368816621604448","-0.0226730126971482","-0.0098099585069775","0.024978057584825","-0.0226730126971482"
"3","50","0.799","-0.0102509066089555","-0.0261388061473944","-0.0182234158211724","0.0334725433349178","-0.0261388061473944"
"3","50","0.8","-0.0158102168407164","-0.0270459511321625","-0.0248530382247875","0.0399889977143282","-0.0270459511321625"
"3","50","0.801","-0.0198219128918495","-0.0253056499798925","-0.0290498720856604","0.0433264263445549","-0.0253056499798925"
"3","50","0.802","-0.0218933020017406","-0.0210882554927594","-0.0304031020644288","0.0429927878533993","-0.0210882554927594"
"3","50","0.803","-0.0218216221720967","-0.0148065956274797","-0.0287802645822629","0.0390348830883672","-0.0148065956274797"
"3","50","0.804","-0.0196138899240659","-0.00707556301856372","-0.0243402142788904","0.0320501841043907","-0.00707556301856372"
"3","50","0.805","-0.0154862134722611","0.00134807499695491","-0.0175175742136556","0.0234201947096259","0.00134807499695491"
"3","50","0.806","-0.00984263854699706","0.00963975403918152","-0.00898019193227121","0.0164452497288177","0.00963975403918152"
"3","50","0.807","-0.00323559758305825","0.0169878267919366","0.00043623410411946","0.017298718190257","0.0169878267919366"
"3","50","0.808","0.00368816621604424","0.022673012697148","0.0098099585069772","0.0249780575848247","0.022673012697148"
"3","50","0.809","0.0102509066089559","0.0261388061473946","0.0182234158211728","0.0334725433349182","0.0261388061473946"
"3","50","0.81","0.0158102168407163","0.0270459511321626","0.0248530382247873","0.039988997714328","0.0270459511321626"
"3","50","0.811","0.0198219128918497","0.0253056499798924","0.0290498720856606","0.043326426344555","0.0253056499798924"
"3","50","0.812","0.0218933020017406","0.0210882554927596","0.0304031020644288","0.0429927878533993","0.0210882554927596"
"3","50","0.813","0.0218216221720966","0.0148065956274793","0.0287802645822627","0.0390348830883669","0.0148065956274793"
"3","50","0.814","0.019613889924066","0.007075563018564","0.0243402142788906","0.032050184104391","0.007075563018564"
"3","50","0.815","0.0154862134722608","-0.00134807499695539","0.0175175742136552","0.0234201947096254","-0.00134807499695539"
"3","50","0.816","0.00984263854699727","-0.00963975403918125","0.00898019193227152","0.0164452497288178","-0.00963975403918125"
"3","50","0.817","0.00323559758305848","-0.0169878267919364","-0.000436234104119134","0.0172987181902568","-0.0169878267919364"
"3","50","0.818","-0.00368816621604401","-0.0226730126971479","-0.00980995850697689","0.0249780575848244","-0.0226730126971479"
"3","50","0.819","-0.0102509066089562","-0.0261388061473947","-0.0182234158211732","0.0334725433349186","-0.0261388061473947"
"3","50","0.82","-0.0158102168407165","-0.0270459511321625","-0.0248530382247876","0.0399889977143283","-0.0270459511321625"
"3","50","0.821","-0.0198219128918496","-0.0253056499798925","-0.0290498720856605","0.0433264263445549","-0.0253056499798925"
"3","50","0.822","-0.0218933020017406","-0.0210882554927598","-0.0304031020644289","0.0429927878533994","-0.0210882554927598"
"3","50","0.823","-0.0218216221720966","-0.0148065956274789","-0.0287802645822626","0.0390348830883666","-0.0148065956274789"
"3","50","0.824","-0.0196138899240659","-0.00707556301856354","-0.0243402142788903","0.0320501841043906","-0.00707556301856354"
"3","50","0.825","-0.015486213472261","0.00134807499695509","-0.0175175742136555","0.0234201947096257","0.00134807499695509"
"3","50","0.826","-0.00984263854699748","0.00963975403918097","-0.00898019193227183","0.0164452497288179","0.00963975403918097"
"3","50","0.827","-0.00323559758305872","0.0169878267919362","0.000436234104118806","0.0172987181902566","0.0169878267919362"
"3","50","0.828","0.00368816621604501","0.0226730126971486","0.00980995850697821","0.0249780575848257","0.0226730126971486"
"3","50","0.829","0.010250906608956","0.0261388061473946","0.0182234158211729","0.0334725433349184","0.0261388061473946"
"3","50","0.83","0.0158102168407164","0.0270459511321626","0.0248530382247874","0.0399889977143281","0.0270459511321626"
"3","50","0.831","0.0198219128918495","0.0253056499798926","0.0290498720856604","0.0433264263445549","0.0253056499798926"
"3","50","0.832","0.0218933020017407","0.021088255492759","0.0304031020644288","0.0429927878533991","0.021088255492759"
"3","50","0.833","0.0218216221720968","0.0148065956274804","0.0287802645822632","0.0390348830883678","0.0148065956274804"
"3","50","0.834","0.0196138899240666","0.00707556301856531","0.0243402142788915","0.0320501841043923","0.00707556301856531"
"3","50","0.835","0.0154862134722612","-0.0013480749969548","0.0175175742136557","0.023420194709626","-0.0013480749969548"
"3","50","0.836","0.0098426385469977","-0.0096397540391807","0.00898019193227215","0.0164452497288181","-0.0096397540391807"
"3","50","0.837","0.00323559758305896","-0.0169878267919359","-0.000436234104118477","0.0172987181902565","-0.0169878267919359"
"3","50","0.838","-0.00368816621604353","-0.0226730126971476","-0.00980995850697626","0.0249780575848238","-0.0226730126971476"
"3","50","0.839","-0.0102509066089558","-0.0261388061473945","-0.0182234158211727","0.0334725433349181","-0.0261388061473945"
"3","50","0.84","-0.0158102168407162","-0.0270459511321626","-0.0248530382247872","0.0399889977143279","-0.0270459511321626"
"3","50","0.841","-0.0198219128918494","-0.0253056499798927","-0.0290498720856603","0.0433264263445548","-0.0253056499798927"
"3","50","0.842","-0.0218933020017405","-0.0210882554927601","-0.0304031020644289","0.0429927878533996","-0.0210882554927601"
"3","50","0.843","-0.0218216221720968","-0.0148065956274806","-0.0287802645822633","0.039034883088368","-0.0148065956274806"
"3","50","0.844","-0.0196138899240661","-0.0070755630185641","-0.0243402142788907","0.0320501841043911","-0.0070755630185641"
"3","50","0.845","-0.0154862134722613","0.00134807499695451","-0.017517574213656","0.0234201947096263","0.00134807499695451"
"3","50","0.846","-0.00984263854699791","0.00963975403918043","-0.00898019193227246","0.0164452497288182","0.00963975403918043"
"3","50","0.847","-0.00323559758305919","0.0169878267919357","0.00043623410411815","0.0172987181902563","0.0169878267919357"
"3","50","0.848","0.00368816621604454","0.0226730126971482","0.00980995850697759","0.0249780575848251","0.0226730126971482"
"3","50","0.849","0.0102509066089556","0.0261388061473945","0.0182234158211724","0.0334725433349178","0.0261388061473945"
"3","50","0.85","0.015810216840716","0.0270459511321626","0.024853038224787","0.0399889977143278","0.0270459511321626"
"3","50","0.851","0.0198219128918493","0.0253056499798928","0.0290498720856602","0.0433264263445548","0.0253056499798928"
"3","50","0.852","0.0218933020017405","0.0210882554927603","0.0304031020644289","0.0429927878533996","0.0210882554927603"
"3","50","0.853","0.0218216221720967","0.0148065956274796","0.0287802645822629","0.0390348830883672","0.0148065956274796"
"3","50","0.854","0.0196138899240662","0.00707556301856438","0.0243402142788908","0.0320501841043914","0.00707556301856438"
"3","50","0.855","0.0154862134722615","-0.00134807499695422","0.0175175742136563","0.0234201947096266","-0.00134807499695422"
"3","50","0.856","0.00984263854699812","-0.00963975403918015","0.00898019193227277","0.0164452497288184","-0.00963975403918015"
"3","50","0.857","0.00323559758305818","-0.0169878267919367","-0.000436234104119552","0.0172987181902571","-0.0169878267919367"
"3","50","0.858","-0.0036881662160443","-0.0226730126971481","-0.00980995850697728","0.0249780575848248","-0.0226730126971481"
"3","50","0.859","-0.0102509066089554","-0.0261388061473944","-0.0182234158211722","0.0334725433349176","-0.0261388061473944"
"3","50","0.86","-0.0158102168407159","-0.0270459511321626","-0.0248530382247868","0.0399889977143276","-0.0270459511321626"
"3","50","0.861","-0.0198219128918492","-0.0253056499798929","-0.0290498720856601","0.0433264263445547","-0.0253056499798929"
"3","50","0.862","-0.0218933020017406","-0.0210882554927595","-0.0304031020644288","0.0429927878533993","-0.0210882554927595"
"3","50","0.863","-0.0218216221720967","-0.0148065956274798","-0.028780264582263","0.0390348830883674","-0.0148065956274798"
"3","50","0.864","-0.0196138899240663","-0.00707556301856467","-0.024340214278891","0.0320501841043917","-0.00707556301856467"
"3","50","0.865","-0.0154862134722617","0.00134807499695393","-0.0175175742136565","0.0234201947096269","0.00134807499695393"
"3","50","0.866","-0.00984263854699721","0.00963975403918132","-0.00898019193227144","0.0164452497288178","0.00963975403918132"
"3","50","0.867","-0.00323559758305842","0.0169878267919365","0.000436234104119221","0.0172987181902569","0.0169878267919365"
"3","50","0.868","0.00368816621604407","0.0226730126971479","0.00980995850697697","0.0249780575848245","0.0226730126971479"
"3","50","0.869","0.0102509066089552","0.0261388061473943","0.0182234158211719","0.0334725433349173","0.0261388061473943"
"3","50","0.87","0.0158102168407166","0.0270459511321625","0.0248530382247876","0.0399889977143283","0.0270459511321625"
"3","50","0.871","0.0198219128918496","0.0253056499798924","0.0290498720856605","0.0433264263445549","0.0253056499798924"
"3","50","0.872","0.0218933020017406","0.0210882554927597","0.0304031020644289","0.0429927878533994","0.0210882554927597"
"3","50","0.873","0.0218216221720967","0.0148065956274801","0.0287802645822631","0.0390348830883676","0.0148065956274801"
"3","50","0.874","0.0196138899240664","0.00707556301856495","0.0243402142788912","0.032050184104392","0.00707556301856495"
"3","50","0.875","0.0154862134722609","-0.00134807499695517","0.0175175742136554","0.0234201947096256","-0.00134807499695517"
"3","50","0.876","0.00984263854699742","-0.00963975403918105","0.00898019193227175","0.0164452497288179","-0.00963975403918105"
"3","50","0.877","0.00323559758305866","-0.0169878267919362","-0.000436234104118891","0.0172987181902567","-0.0169878267919362"
"3","50","0.878","-0.00368816621604383","-0.0226730126971478","-0.00980995850697666","0.0249780575848242","-0.0226730126971478"
"3","50","0.879","-0.0102509066089561","-0.0261388061473946","-0.018223415821173","0.0334725433349184","-0.0261388061473946"
"3","50","0.88","-0.0158102168407164","-0.0270459511321625","-0.0248530382247874","0.0399889977143282","-0.0270459511321625"
"3","50","0.881","-0.0198219128918495","-0.0253056499798925","-0.0290498720856604","0.0433264263445549","-0.0253056499798925"
"3","50","0.882","-0.0218933020017405","-0.0210882554927599","-0.0304031020644289","0.0429927878533995","-0.0210882554927599"
"3","50","0.883","-0.0218216221720968","-0.0148065956274803","-0.0287802645822632","0.0390348830883678","-0.0148065956274803"
"3","50","0.884","-0.0196138899240659","-0.00707556301856374","-0.0243402142788904","0.0320501841043908","-0.00707556301856374"
"3","50","0.885","-0.0154862134722611","0.00134807499695488","-0.0175175742136557","0.0234201947096259","0.00134807499695488"
"3","50","0.886","-0.00984263854699764","0.00963975403918077","-0.00898019193227206","0.016445249728818","0.00963975403918077"
"3","50","0.887","-0.00323559758305889","0.016987826791936","0.000436234104118565","0.0172987181902565","0.016987826791936"
"3","50","0.888","0.00368816621604484","0.0226730126971484","0.00980995850697798","0.0249780575848255","0.0226730126971484"
"3","50","0.889","0.0102509066089558","0.0261388061473945","0.0182234158211728","0.0334725433349182","0.0261388061473945"
"3","50","0.89","0.0158102168407163","0.0270459511321626","0.0248530382247872","0.039988997714328","0.0270459511321626"
"3","50","0.891","0.0198219128918494","0.0253056499798926","0.0290498720856603","0.0433264263445548","0.0253056499798926"
"3","50","0.892","0.0218933020017405","0.0210882554927601","0.0304031020644289","0.0429927878533995","0.0210882554927601"
"3","50","0.893","0.0218216221720966","0.0148065956274793","0.0287802645822628","0.0390348830883669","0.0148065956274793"
"3","50","0.894","0.0196138899240661","0.00707556301856403","0.0243402142788906","0.032050184104391","0.00707556301856403"
"3","50","0.895","0.0154862134722613","-0.00134807499695459","0.0175175742136559","0.0234201947096262","-0.00134807499695459"
"3","50","0.896","0.00984263854699785","-0.0096397540391805","0.00898019193227238","0.0164452497288182","-0.0096397540391805"
"3","50","0.897","0.00323559758305788","-0.016987826791937","-0.000436234104119965","0.0172987181902573","-0.016987826791937"
"3","50","0.898","-0.0036881662160446","-0.0226730126971483","-0.00980995850697767","0.0249780575848252","-0.0226730126971483"
"3","50","0.899","-0.0102509066089556","-0.0261388061473945","-0.0182234158211725","0.0334725433349179","-0.0261388061473945"
"3","50","0.9","-0.0158102168407161","-0.0270459511321626","-0.0248530382247871","0.0399889977143278","-0.0270459511321626"
"3","50","0.901","-0.0198219128918493","-0.0253056499798927","-0.0290498720856602","0.0433264263445548","-0.0253056499798927"
"3","50","0.902","-0.0218933020017407","-0.0210882554927593","-0.0304031020644288","0.0429927878533992","-0.0210882554927593"
"3","50","0.903","-0.0218216221720967","-0.0148065956274795","-0.0287802645822629","0.0390348830883671","-0.0148065956274795"
"3","50","0.904","-0.0196138899240662","-0.00707556301856431","-0.0243402142788908","0.0320501841043913","-0.00707556301856431"
"3","50","0.905","-0.0154862134722615","0.0013480749969543","-0.0175175742136562","0.0234201947096265","0.0013480749969543"
"3","50","0.906","-0.00984263854699694","0.00963975403918167","-0.00898019193227104","0.0164452497288176","0.00963975403918167"
"3","50","0.907","-0.00323559758305812","0.0169878267919367","0.000436234104119639","0.0172987181902571","0.0169878267919367"
"3","50","0.908","0.00368816621604437","0.0226730126971481","0.00980995850697736","0.0249780575848249","0.0226730126971481"
"3","50","0.909","0.0102509066089554","0.0261388061473944","0.0182234158211722","0.0334725433349176","0.0261388061473944"
"3","50","0.91","0.0158102168407159","0.0270459511321626","0.0248530382247869","0.0399889977143276","0.0270459511321626"
"3","50","0.911","0.0198219128918498","0.0253056499798923","0.0290498720856606","0.043326426344555","0.0253056499798923"
"3","50","0.912","0.0218933020017406","0.0210882554927595","0.0304031020644288","0.0429927878533993","0.0210882554927595"
"3","50","0.913","0.0218216221720967","0.0148065956274798","0.028780264582263","0.0390348830883673","0.0148065956274798"
"3","50","0.914","0.0196138899240663","0.00707556301856459","0.024340214278891","0.0320501841043916","0.00707556301856459"
"3","50","0.915","0.0154862134722607","-0.00134807499695555","0.017517574213655","0.0234201947096253","-0.00134807499695555"
"3","50","0.916","0.00984263854699715","-0.00963975403918139","0.00898019193227135","0.0164452497288177","-0.00963975403918139"
"3","50","0.917","0.00323559758305835","-0.0169878267919365","-0.000436234104119309","0.0172987181902569","-0.0169878267919365"
"3","50","0.918","-0.00368816621604414","-0.022673012697148","-0.00980995850697705","0.0249780575848246","-0.022673012697148"
"3","50","0.919","-0.0102509066089552","-0.0261388061473943","-0.018223415821172","0.0334725433349174","-0.0261388061473943"
"3","50","0.92","-0.0158102168407166","-0.0270459511321625","-0.0248530382247877","0.0399889977143284","-0.0270459511321625"
"3","50","0.921","-0.0198219128918497","-0.0253056499798924","-0.0290498720856606","0.0433264263445549","-0.0253056499798924"
"3","50","0.922","-0.0218933020017406","-0.0210882554927597","-0.0304031020644288","0.0429927878533994","-0.0210882554927597"
"3","50","0.923","-0.0218216221720967","-0.01480659562748","-0.0287802645822631","0.0390348830883675","-0.01480659562748"
"3","50","0.924","-0.0196138899240658","-0.00707556301856339","-0.0243402142788901","0.0320501841043904","-0.00707556301856339"
"3","50","0.925","-0.0154862134722609","0.00134807499695525","-0.0175175742136553","0.0234201947096256","0.00134807499695525"
"3","50","0.926","-0.00984263854699737","0.00963975403918112","-0.00898019193227167","0.0164452497288179","0.00963975403918112"
"3","50","0.927","-0.00323559758305859","0.0169878267919363","0.000436234104118983","0.0172987181902567","0.0169878267919363"
"3","50","0.928","0.0036881662160439","0.0226730126971478","0.00980995850697674","0.0249780575848243","0.0226730126971478"
"3","50","0.929","0.0102509066089561","0.0261388061473946","0.0182234158211731","0.0334725433349185","0.0261388061473946"
"3","50","0.93","0.0158102168407165","0.0270459511321625","0.0248530382247875","0.0399889977143282","0.0270459511321625"
"3","50","0.931","0.0198219128918496","0.0253056499798925","0.0290498720856605","0.0433264263445549","0.0253056499798925"
"3","50","0.932","0.0218933020017406","0.0210882554927598","0.0304031020644289","0.0429927878533994","0.0210882554927598"
"3","50","0.933","0.0218216221720966","0.014806595627479","0.0287802645822626","0.0390348830883667","0.014806595627479"
"3","50","0.934","0.0196138899240659","0.00707556301856367","0.0243402142788903","0.0320501841043907","0.00707556301856367"
"3","50","0.935","0.0154862134722611","-0.00134807499695496","0.0175175742136556","0.0234201947096258","-0.00134807499695496"
"3","50","0.936","0.00984263854699758","-0.00963975403918085","0.00898019193227198","0.016445249728818","-0.00963975403918085"
"3","50","0.937","0.00323559758305758","-0.0169878267919373","-0.000436234104120383","0.0172987181902575","-0.0169878267919373"
"3","50","0.938","-0.0036881662160449","-0.0226730126971485","-0.00980995850697807","0.0249780575848256","-0.0226730126971485"
"3","50","0.939","-0.0102509066089559","-0.0261388061473946","-0.0182234158211728","0.0334725433349182","-0.0261388061473946"
"3","50","0.94","-0.0158102168407163","-0.0270459511321626","-0.0248530382247873","0.039988997714328","-0.0270459511321626"
"3","50","0.941","-0.0198219128918495","-0.0253056499798926","-0.0290498720856604","0.0433264263445548","-0.0253056499798926"
"3","50","0.942","-0.0218933020017407","-0.0210882554927591","-0.0304031020644288","0.0429927878533991","-0.0210882554927591"
"3","50","0.943","-0.0218216221720966","-0.0148065956274792","-0.0287802645822627","0.0390348830883669","-0.0148065956274792"
"3","50","0.944","-0.019613889924066","-0.00707556301856395","-0.0243402142788905","0.032050184104391","-0.00707556301856395"
"3","50","0.945","-0.0154862134722612","0.00134807499695467","-0.0175175742136559","0.0234201947096261","0.00134807499695467"
"3","50","0.946","-0.00984263854699667","0.00963975403918201","-0.00898019193227064","0.0164452497288174","0.00963975403918201"
"3","50","0.947","-0.00323559758305782","0.016987826791937","0.000436234104120057","0.0172987181902574","0.016987826791937"
"3","50","0.948","0.00368816621604467","0.0226730126971483","0.00980995850697776","0.0249780575848253","0.0226730126971483"
"3","50","0.949","0.0102509066089557","0.0261388061473945","0.0182234158211726","0.033472543334918","0.0261388061473945"
"3","50","0.95","0.0158102168407161","0.0270459511321626","0.0248530382247871","0.0399889977143279","0.0270459511321626"
"3","50","0.951","0.0198219128918499","0.0253056499798922","0.0290498720856608","0.0433264263445551","0.0253056499798922"
"3","50","0.952","0.0218933020017407","0.0210882554927592","0.0304031020644288","0.0429927878533992","0.0210882554927592"
"3","50","0.953","0.0218216221720966","0.0148065956274795","0.0287802645822628","0.0390348830883671","0.0148065956274795"
"3","50","0.954","0.0196138899240661","0.00707556301856423","0.0243402142788907","0.0320501841043912","0.00707556301856423"
"3","50","0.955","0.0154862134722605","-0.00134807499695592","0.0175175742136547","0.0234201947096249","-0.00134807499695592"
"3","50","0.956","0.00984263854699688","-0.00963975403918174","0.00898019193227095","0.0164452497288176","-0.00963975403918174"
"3","50","0.957","0.00323559758305805","-0.0169878267919368","-0.000436234104119727","0.0172987181902572","-0.0169878267919368"
"3","50","0.958","-0.00368816621604443","-0.0226730126971482","-0.00980995850697745","0.024978057584825","-0.0226730126971482"
"3","50","0.959","-0.0102509066089555","-0.0261388061473944","-0.0182234158211723","0.0334725433349177","-0.0261388061473944"
"3","50","0.96","-0.015810216840716","-0.0270459511321626","-0.0248530382247869","0.0399889977143277","-0.0270459511321626"
"3","50","0.961","-0.0198219128918492","-0.0253056499798928","-0.0290498720856602","0.0433264263445547","-0.0253056499798928"
"3","50","0.962","-0.0218933020017405","-0.0210882554927604","-0.0304031020644289","0.0429927878533997","-0.0210882554927604"
"3","50","0.963","-0.0218216221720967","-0.0148065956274797","-0.0287802645822629","0.0390348830883673","-0.0148065956274797"
"3","50","0.964","-0.0196138899240662","-0.00707556301856451","-0.0243402142788909","0.0320501841043915","-0.00707556301856451"
"3","50","0.965","-0.0154862134722616","0.00134807499695409","-0.0175175742136564","0.0234201947096267","0.00134807499695409"
"3","50","0.966","-0.00984263854699822","0.00963975403918003","-0.00898019193227292","0.0164452497288184","0.00963975403918003"
"3","50","0.967","-0.00323559758305829","0.0169878267919366","0.000436234104119401","0.017298718190257","0.0169878267919366"
"3","50","0.968","0.0036881662160442","0.022673012697148","0.00980995850697713","0.0249780575848247","0.022673012697148"
"3","50","0.969","0.0102509066089553","0.0261388061473943","0.018223415821172","0.0334725433349174","0.0261388061473943"
"3","50","0.97","0.0158102168407158","0.0270459511321626","0.0248530382247867","0.0399889977143275","0.0270459511321626"
"3","50","0.971","0.0198219128918497","0.0253056499798924","0.0290498720856606","0.043326426344555","0.0253056499798924"
"3","50","0.972","0.0218933020017406","0.0210882554927596","0.0304031020644288","0.0429927878533993","0.0210882554927596"
"3","50","0.973","0.0218216221720967","0.01480659562748","0.028780264582263","0.0390348830883675","0.01480659562748"
"3","50","0.974","0.0196138899240664","0.00707556301856479","0.0243402142788911","0.0320501841043918","0.00707556301856479"
"3","50","0.975","0.0154862134722618","-0.0013480749969538","0.0175175742136567","0.023420194709627","-0.0013480749969538"
"3","50","0.976","0.00984263854699731","-0.0096397540391812","0.00898019193227158","0.0164452497288178","-0.0096397540391812"
"3","50","0.977","0.00323559758305853","-0.0169878267919363","-0.000436234104119073","0.0172987181902568","-0.0169878267919363"
"3","50","0.978","-0.00368816621604396","-0.0226730126971478","-0.00980995850697683","0.0249780575848244","-0.0226730126971478"
"3","50","0.979","-0.0102509066089551","-0.0261388061473943","-0.0182234158211718","0.0334725433349172","-0.0261388061473943"
"3","50","0.98","-0.0158102168407165","-0.0270459511321625","-0.0248530382247875","0.0399889977143283","-0.0270459511321625"
"3","50","0.981","-0.0198219128918496","-0.0253056499798925","-0.0290498720856605","0.0433264263445549","-0.0253056499798925"
"3","50","0.982","-0.0218933020017406","-0.0210882554927598","-0.0304031020644289","0.0429927878533994","-0.0210882554927598"
"3","50","0.983","-0.0218216221720968","-0.0148065956274802","-0.0287802645822631","0.0390348830883677","-0.0148065956274802"
"3","50","0.984","-0.0196138899240665","-0.00707556301856508","-0.0243402142788913","0.0320501841043921","-0.00707556301856508"
"3","50","0.985","-0.015486213472261","0.00134807499695504","-0.0175175742136555","0.0234201947096258","0.00134807499695504"
"3","50","0.986","-0.00984263854699752","0.00963975403918092","-0.00898019193227189","0.016445249728818","0.00963975403918092"
"3","50","0.987","-0.00323559758305876","0.0169878267919361","0.000436234104118745","0.0172987181902566","0.0169878267919361"
"3","50","0.988","0.00368816621604373","0.0226730126971477","0.00980995850697652","0.0249780575848241","0.0226730126971477"
"3","50","0.989","0.010250906608956","0.0261388061473946","0.0182234158211729","0.0334725433349183","0.0261388061473946"
"3","50","0.99","0.0158102168407163","0.0270459511321626","0.0248530382247873","0.0399889977143281","0.0270459511321626"
"3","50","0.991","0.0198219128918495","0.0253056499798926","0.0290498720856604","0.0433264263445549","0.0253056499798926"
"3","50","0.992","0.0218933020017405","0.02108825549276","0.0304031020644289","0.0429927878533995","0.02108825549276"
"3","50","0.993","0.0218216221720968","0.0148065956274804","0.0287802645822633","0.0390348830883679","0.0148065956274804"
"3","50","0.994","0.019613889924066","0.00707556301856387","0.0243402142788905","0.0320501841043909","0.00707556301856387"
"3","50","0.995","0.0154862134722612","-0.00134807499695475","0.0175175742136558","0.0234201947096261","-0.00134807499695475"
"3","50","0.996","0.00984263854699774","-0.00963975403918065","0.00898019193227221","0.0164452497288181","-0.00963975403918065"
"3","50","0.997","0.003235597583059","-0.0169878267919359","-0.000436234104118416","0.0172987181902564","-0.0169878267919359"
"3","50","0.998","-0.00368816621604473","-0.0226730126971484","-0.00980995850697784","0.0249780575848254","-0.0226730126971484"
"3","50","0.999","-0.0102509066089557","-0.0261388061473945","-0.0182234158211726","0.033472543334918","-0.0261388061473945"
"3","50","1","-0.0158102168407162","-0.0270459511321626","-0.0248530382247872","0.0399889977143279","-0.0270459511321626"
"4","30","0","-0.00270812433882983","-0.00518835087350134","-0.00984553920987308","0.0114537140070054","-0.00518835087350134"
"4","30","0.001","-0.00385892817960958","-0.00520781036470419","-0.0115594320872786","0.0132526633425328","-0.00520781036470419"
"4","30","0.002","-0.00487302756578648","-0.00504278057742195","-0.0128638263201227","0.0146510771345734","-0.00504278057742195"
"4","30","0.003","-0.00571449752103346","-0.00469910777414349","-0.0137125130924107","0.015581081833443","-0.00469910777414349"
"4","30","0.004","-0.00635352855267724","-0.00418896673526048","-0.0140754272521279","0.0160010130838253","-0.00418896673526048"
"4","30","0.005","-0.00676748266783765","-0.00353042946140241","-0.013939712384238","0.0158927132735949","-0.00353042946140241"
"4","30","0.006","-0.00694169533561134","-0.00274682496380459","-0.0133101762555957","0.0152608313492172","-0.00274682496380459"
"4","30","0.007","-0.00686999498539001","-0.00186591282245468","-0.0122091204974087","0.0141329786344044","-0.00186591282245468"
"4","30","0.008","-0.00655492163782592","-0.000918899789132237","-0.0106755505588341","0.0125610013229332","-0.000918899789132237"
"4","30","0.009","-0.00600763692333402","6.06657273309289E-05","-0.0087637939194958","0.0106254160199246","6.06657273309289E-05"
"4","30","0.01","-0.00524752867576995","0.00103808213015894","-0.00654157551143457","0.00845022969414345","0.00103808213015894"
"4","30","0.011","-0.00430152410875002","0.00197872395599789","-0.00408761852962656","0.0062551645378794","0.00197872395599789"
"4","30","0.012","-0.0032031359056845","0.00284926849921738","-0.00148885562355446","0.00453818264051895","0.00284926849921738"
"4","30","0.013","-0.00199127501626034","0.00361887628537031","0.00116265073524003","0.0042910602991979","0.00361887628537031"
"4","30","0.014","-0.000708872216649692","0.00426028357494991","0.0037729696121077","0.00573478993969387","0.00426028357494991"
"4","30","0.015","0.000598642734638789","0.00475076819495397","0.00624962915948029","0.00787312112169935","0.00475076819495397"
"4","30","0.016","0.00188495046860377","0.00507295448319136","0.00850489247817179","0.0100807292158298","0.00507295448319136"
"4","30","0.017","0.00310448289249032","0.00521542882977765","0.0104588657407726","0.0120924102019303","0.00521542882977765"
"4","30","0.018","0.00421403746219336","0.0051731440099555","0.0120423284703163","0.0137672512023097","0.0051731440099555"
"4","30","0.019","0.0051743076539209","0.0049475979845479","0.0131991857101849","0.0150156814339569","0.0049475979845479"
"4","30","0.02","0.00595127541739539","0.00454678083394922","0.0138884552159136","0.0157791027416042","0.00454678083394922"
"4","30","0.021","0.00651741628224419","0.00398489170554384","0.0140857192716317","0.0160238436181894","0.00398489170554384"
"4","30","0.022","0.00685267442608468","0.00328183580183121","0.0137839896998208","0.0157393762603497","0.00328183580183121"
"4","30","0.023","0.00694517316203085","0.00246251922870368","0.0129939554209873","0.0149379486103325","0.00246251922870368"
"4","30","0.024","0.00679163567624723","0.00155596668422853","0.0117436037933248","0.0136550202319841","0.00155596668422853"
"4","30","0.025","0.00639750111071269","0.000594293244248868","0.0100772291465967","0.0119512238785301","0.000594293244248868"
"4","30","0.026","0.00577673187890417","-0.000388433330188818","0.00805386363342217","0.00991898336920218","-0.000388433330188818"
"4","30","0.027","0.00495131904033841","-0.00135739946025399","0.00574518598583936","0.00770488517408277","-0.00135739946025399"
"4","30","0.028","0.00395050325632508","-0.00227827903771819","0.00323298226048811","0.00559009889434633","-0.00227827903771819"
"4","30","0.029","0.00280973892496218","-0.00311844944445201","0.000606248526779596","0.00424109620738237","-0.00311844944445201"
"4","30","0.03","0.00156943819140789","-0.00384814722493615","-0.00204196186323079","0.00463044075141043","-0.00384814722493615"
"4","30","0.031","0.000273539327491132","-0.00444152247151152","-0.00461783473623123","0.00641298240133012","-0.00444152247151152"
"4","30","0.032","-0.00103204980347301","-0.00487755457024533","-0.00703011851151322","0.00861848198167698","-0.00487755457024533"
"4","30","0.033","-0.0023010780556283","-0.00514079686665935","-0.00919335683371114","0.010781491664621","-0.00514079686665935"
"4","30","0.034","-0.00348858947047747","-0.00522192387116562","-0.0110309159067946","0.01269329945887","-0.00522192387116562"
"4","30","0.035","-0.00455251586412444","-0.00511806161918422","-0.0124776992844982","0.014234217044335","-0.00511806161918422"
"4","30","0.036","-0.0054551671136616","-0.00483288948277135","-0.0134824539443834","0.0153261943532332","-0.00483288948277135"
"4","30","0.037","-0.00616456634856396","-0.00437650982702992","-0.0140095859517109","0.0159193032218848","-0.00437650982702992"
"4","30","0.038","-0.00665558274726939","-0.00376509012878926","-0.0140404213923234","0.015987686457323","-0.00376509012878926"
"4","30","0.039","-0.00691082180906112","-0.00302029023567834","-0.0135738679053643","0.0155284094838012","-0.00302029023567834"
"4","30","0.04","-0.00692124156292762","-0.00216849505522509","-0.0126264533807059","0.0145613625925623","-0.00216849505522509"
"4","30","0.041","-0.0066864728838935","-0.00123987985635328","-0.0112317404502109","0.0131300500846774","-0.00123987985635328"
"4","30","0.042","-0.00621483256945572","-0.000267341295437208","-0.00943913751476578","0.0113045536071652","-0.000267341295437208"
"4","30","0.043","-0.00552302871288604","0.000714667964150766","-0.00731214842704772","0.00919141507503189","0.000714667964150766"
"4","30","0.044","-0.00463556881069716","0.00167135975481625","-0.00492612283588386","0.00696768453813347","0.00167135975481625"
"4","30","0.045","-0.0035838915723607","0.00256884279292329","-0.00236558688737662","0.00500392180383749","0.00256884279292329"
"4","30","0.046","-0.00240525318835065","0.00337532329441341","0.000278751155961846","0.00415400438719446","0.00337532329441341"
"4","30","0.047","-0.00114140751102205","0.00406223128545641","0.00291321430063104","0.0051275093061017","0.00406223128545641"
"4","30","0.048","0.000162873096424806","0.00460523270801667","0.00544447537633887","0.00713281207267413","0.00460523270801667"
"4","30","0.049","0.00146138384323162","0.00498509146599065","0.00778286319753685","0.00935733611735331","0.00498509146599065"
"4","30","0.05","0.00270812433882983","0.00518835087350134","0.00984553920987307","0.0114537140070054","0.00518835087350134"
"4","30","0.051","0.00385892817960958","0.00520781036470418","0.0115594320872786","0.0132526633425328","0.00520781036470418"
"4","30","0.052","0.00487302756578648","0.00504278057742195","0.0128638263201227","0.0146510771345734","0.00504278057742195"
"4","30","0.053","0.00571449752103345","0.00469910777414349","0.0137125130924107","0.015581081833443","0.00469910777414349"
"4","30","0.054","0.00635352855267724","0.00418896673526049","0.0140754272521279","0.0160010130838253","0.00418896673526049"
"4","30","0.055","0.00676748266783765","0.00353042946140241","0.013939712384238","0.0158927132735949","0.00353042946140241"
"4","30","0.056","0.00694169533561134","0.0027468249638046","0.0133101762555957","0.0152608313492172","0.0027468249638046"
"4","30","0.057","0.00686999498539001","0.00186591282245468","0.0122091204974087","0.0141329786344044","0.00186591282245468"
"4","30","0.058","0.00655492163782592","0.000918899789132236","0.0106755505588341","0.0125610013229332","0.000918899789132236"
"4","30","0.059","0.00600763692333403","-6.06657273309223E-05","0.00876379391949581","0.0106254160199246","-6.06657273309223E-05"
"4","30","0.06","0.00524752867576996","-0.00103808213015893","0.0065415755114346","0.00845022969414348","-0.00103808213015893"
"4","30","0.061","0.00430152410875002","-0.00197872395599788","0.00408761852962658","0.00625516453787941","-0.00197872395599788"
"4","30","0.062","0.00320313590568451","-0.00284926849921738","0.00148885562355447","0.00453818264051895","-0.00284926849921738"
"4","30","0.063","0.00199127501626035","-0.0036188762853703","-0.00116265073524001","0.0042910602991979","-0.0036188762853703"
"4","30","0.064","0.000708872216649698","-0.00426028357494991","-0.00377296961210769","0.00573478993969386","-0.00426028357494991"
"4","30","0.065","-0.000598642734638789","-0.00475076819495397","-0.00624962915948029","0.00787312112169935","-0.00475076819495397"
"4","30","0.066","-0.00188495046860377","-0.00507295448319135","-0.00850489247817177","0.0100807292158298","-0.00507295448319135"
"4","30","0.067","-0.00310448289249032","-0.00521542882977765","-0.0104588657407726","0.0120924102019303","-0.00521542882977765"
"4","30","0.068","-0.00421403746219335","-0.0051731440099555","-0.0120423284703163","0.0137672512023097","-0.0051731440099555"
"4","30","0.069","-0.00517430765392089","-0.0049475979845479","-0.0131991857101849","0.0150156814339569","-0.0049475979845479"
"4","30","0.07","-0.00595127541739538","-0.00454678083394922","-0.0138884552159136","0.0157791027416042","-0.00454678083394922"
"4","30","0.071","-0.00651741628224419","-0.00398489170554384","-0.0140857192716317","0.0160238436181894","-0.00398489170554384"
"4","30","0.072","-0.00685267442608469","-0.0032818358018312","-0.0137839896998208","0.0157393762603497","-0.0032818358018312"
"4","30","0.073","-0.00694517316203085","-0.00246251922870369","-0.0129939554209873","0.0149379486103325","-0.00246251922870369"
"4","30","0.074","-0.00679163567624723","-0.00155596668422854","-0.0117436037933248","0.0136550202319841","-0.00155596668422854"
"4","30","0.075","-0.00639750111071269","-0.000594293244248879","-0.0100772291465967","0.0119512238785301","-0.000594293244248879"
"4","30","0.076","-0.00577673187890418","0.000388433330188812","-0.00805386363342219","0.0099189833692022","0.000388433330188812"
"4","30","0.077","-0.00495131904033842","0.00135739946025398","-0.00574518598583939","0.0077048851740828","0.00135739946025398"
"4","30","0.078","-0.00395050325632509","0.00227827903771818","-0.00323298226048813","0.00559009889434634","0.00227827903771818"
"4","30","0.079","-0.00280973892496219","0.003118449444452","-0.000606248526779614","0.00424109620738237","0.003118449444452"
"4","30","0.08","-0.00156943819140789","0.00384814722493615","0.0020419618632308","0.00463044075141044","0.00384814722493615"
"4","30","0.081","-0.000273539327491141","0.00444152247151151","0.00461783473623121","0.00641298240133011","0.00444152247151151"
"4","30","0.082","0.001032049803473","0.00487755457024533","0.00703011851151322","0.00861848198167697","0.00487755457024533"
"4","30","0.083","0.0023010780556283","0.00514079686665935","0.00919335683371115","0.010781491664621","0.00514079686665935"
"4","30","0.084","0.00348858947047747","0.00522192387116562","0.0110309159067946","0.01269329945887","0.00522192387116562"
"4","30","0.085","0.00455251586412443","0.00511806161918422","0.0124776992844981","0.014234217044335","0.00511806161918422"
"4","30","0.086","0.0054551671136616","0.00483288948277135","0.0134824539443834","0.0153261943532332","0.00483288948277135"
"4","30","0.087","0.00616456634856397","0.00437650982702992","0.0140095859517109","0.0159193032218848","0.00437650982702992"
"4","30","0.088","0.00665558274726939","0.00376509012878927","0.0140404213923234","0.015987686457323","0.00376509012878927"
"4","30","0.089","0.00691082180906111","0.00302029023567835","0.0135738679053643","0.0155284094838012","0.00302029023567835"
"4","30","0.09","0.00692124156292762","0.00216849505522511","0.0126264533807059","0.0145613625925623","0.00216849505522511"
"4","30","0.091","0.0066864728838935","0.00123987985635329","0.0112317404502109","0.0131300500846774","0.00123987985635329"
"4","30","0.092","0.00621483256945572","0.000267341295437219","0.0094391375147658","0.0113045536071652","0.000267341295437219"
"4","30","0.093","0.00552302871288605","-0.000714667964150746","0.00731214842704777","0.00919141507503194","-0.000714667964150746"
"4","30","0.094","0.00463556881069716","-0.00167135975481625","0.00492612283588387","0.00696768453813347","-0.00167135975481625"
"4","30","0.095","0.0035838915723607","-0.00256884279292329","0.00236558688737663","0.00500392180383749","-0.00256884279292329"
"4","30","0.096","0.00240525318835064","-0.00337532329441342","-0.000278751155961867","0.00415400438719446","-0.00337532329441342"
"4","30","0.097","0.00114140751102205","-0.00406223128545641","-0.00291321430063103","0.0051275093061017","-0.00406223128545641"
"4","30","0.098","-0.000162873096424791","-0.00460523270801667","-0.00544447537633884","0.00713281207267411","-0.00460523270801667"
"4","30","0.099","-0.00146138384323163","-0.00498509146599065","-0.00778286319753686","0.00935733611735333","-0.00498509146599065"
"4","30","0.1","-0.00270812433882983","-0.00518835087350133","-0.00984553920987307","0.0114537140070054","-0.00518835087350133"
"4","30","0.101","-0.00385892817960957","-0.00520781036470419","-0.0115594320872786","0.0132526633425327","-0.00520781036470419"
"4","30","0.102","-0.00487302756578649","-0.00504278057742195","-0.0128638263201227","0.0146510771345734","-0.00504278057742195"
"4","30","0.103","-0.00571449752103346","-0.00469910777414349","-0.0137125130924107","0.015581081833443","-0.00469910777414349"
"4","30","0.104","-0.00635352855267724","-0.00418896673526049","-0.0140754272521279","0.0160010130838253","-0.00418896673526049"
"4","30","0.105","-0.00676748266783764","-0.00353042946140242","-0.013939712384238","0.0158927132735949","-0.00353042946140242"
"4","30","0.106","-0.00694169533561134","-0.00274682496380461","-0.0133101762555957","0.0152608313492172","-0.00274682496380461"
"4","30","0.107","-0.00686999498539001","-0.00186591282245469","-0.0122091204974087","0.0141329786344044","-0.00186591282245469"
"4","30","0.108","-0.00655492163782593","-0.000918899789132247","-0.0106755505588341","0.0125610013229332","-0.000918899789132247"
"4","30","0.109","-0.00600763692333403","6.0665727330911E-05","-0.00876379391949583","0.0106254160199246","6.0665727330911E-05"
"4","30","0.11","-0.00524752867576995","0.00103808213015894","-0.00654157551143458","0.00845022969414346","0.00103808213015894"
"4","30","0.111","-0.00430152410875003","0.00197872395599788","-0.00408761852962658","0.00625516453787942","0.00197872395599788"
"4","30","0.112","-0.00320313590568452","0.00284926849921737","-0.0014888556235545","0.00453818264051896","0.00284926849921737"
"4","30","0.113","-0.00199127501626035","0.00361887628537031","0.00116265073524003","0.0042910602991979","0.00361887628537031"
"4","30","0.114","-0.0007088722166497","0.00426028357494991","0.00377296961210769","0.00573478993969386","0.00426028357494991"
"4","30","0.115","0.000598642734638775","0.00475076819495397","0.00624962915948027","0.00787312112169932","0.00475076819495397"
"4","30","0.116","0.00188495046860378","0.00507295448319136","0.00850489247817179","0.0100807292158298","0.00507295448319136"
"4","30","0.117","0.00310448289249031","0.00521542882977765","0.0104588657407726","0.0120924102019303","0.00521542882977765"
"4","30","0.118","0.00421403746219334","0.00517314400995551","0.0120423284703163","0.0137672512023097","0.00517314400995551"
"4","30","0.119","0.0051743076539209","0.0049475979845479","0.0131991857101849","0.0150156814339569","0.0049475979845479"
"4","30","0.12","0.00595127541739537","0.00454678083394923","0.0138884552159136","0.0157791027416042","0.00454678083394923"
"4","30","0.121","0.00651741628224418","0.00398489170554384","0.0140857192716317","0.0160238436181894","0.00398489170554384"
"4","30","0.122","0.00685267442608468","0.00328183580183122","0.0137839896998208","0.0157393762603498","0.00328183580183122"
"4","30","0.123","0.00694517316203085","0.0024625192287037","0.0129939554209873","0.0149379486103325","0.0024625192287037"
"4","30","0.124","0.00679163567624723","0.00155596668422853","0.0117436037933248","0.0136550202319841","0.00155596668422853"
"4","30","0.125","0.0063975011107127","0.000594293244248881","0.0100772291465967","0.0119512238785301","0.000594293244248881"
"4","30","0.126","0.00577673187890418","-0.000388433330188801","0.00805386363342221","0.00991898336920222","-0.000388433330188801"
"4","30","0.127","0.00495131904033841","-0.00135739946025399","0.00574518598583938","0.00770488517408278","-0.00135739946025399"
"4","30","0.128","0.00395050325632509","-0.00227827903771818","0.00323298226048813","0.00559009889434634","-0.00227827903771818"
"4","30","0.129","0.0028097389249622","-0.00311844944445199","0.000606248526779644","0.00424109620738238","-0.00311844944445199"
"4","30","0.13","0.00156943819140789","-0.00384814722493615","-0.00204196186323079","0.00463044075141043","-0.00384814722493615"
"4","30","0.131","0.000273539327491144","-0.00444152247151151","-0.00461783473623121","0.0064129824013301","-0.00444152247151151"
"4","30","0.132","-0.00103204980347299","-0.00487755457024533","-0.00703011851151319","0.00861848198167695","-0.00487755457024533"
"4","30","0.133","-0.0023010780556283","-0.00514079686665935","-0.00919335683371115","0.010781491664621","-0.00514079686665935"
"4","30","0.134","-0.00348858947047747","-0.00522192387116562","-0.0110309159067946","0.01269329945887","-0.00522192387116562"
"4","30","0.135","-0.00455251586412442","-0.00511806161918422","-0.0124776992844981","0.014234217044335","-0.00511806161918422"
"4","30","0.136","-0.00545516711366159","-0.00483288948277135","-0.0134824539443834","0.0153261943532332","-0.00483288948277135"
"4","30","0.137","-0.00616456634856397","-0.00437650982702992","-0.0140095859517109","0.0159193032218848","-0.00437650982702992"
"4","30","0.138","-0.00665558274726939","-0.00376509012878927","-0.0140404213923234","0.015987686457323","-0.00376509012878927"
"4","30","0.139","-0.00691082180906112","-0.00302029023567833","-0.0135738679053643","0.0155284094838012","-0.00302029023567833"
"4","30","0.14","-0.00692124156292762","-0.00216849505522509","-0.0126264533807059","0.0145613625925623","-0.00216849505522509"
"4","30","0.141","-0.0066864728838935","-0.00123987985635329","-0.0112317404502109","0.0131300500846774","-0.00123987985635329"
"4","30","0.142","-0.00621483256945571","-0.000267341295437203","-0.00943913751476577","0.0113045536071652","-0.000267341295437203"
"4","30","0.143","-0.00552302871288604","0.000714667964150762","-0.00731214842704773","0.0091914150750319","0.000714667964150762"
"4","30","0.144","-0.00463556881069714","0.00167135975481626","-0.00492612283588383","0.00696768453813343","0.00167135975481626"
"4","30","0.145","-0.00358389157236073","0.00256884279292327","-0.00236558688737669","0.00500392180383752","0.00256884279292327"
"4","30","0.146","-0.00240525318835067","0.0033753232944134","0.000278751155961812","0.00415400438719446","0.0033753232944134"
"4","30","0.147","-0.00114140751102208","0.00406223128545639","0.00291321430063098","0.00512750930610166","0.00406223128545639"
"4","30","0.148","0.000162873096424764","0.00460523270801666","0.00544447537633879","0.00713281207267406","0.00460523270801666"
"4","30","0.149","0.0014613838432316","0.00498509146599064","0.00778286319753682","0.00935733611735328","0.00498509146599064"
"4","30","0.15","0.0027081243388298","0.00518835087350133","0.00984553920987303","0.0114537140070054","0.00518835087350133"
"4","30","0.151","0.00385892817960955","0.00520781036470419","0.0115594320872786","0.0132526633425327","0.00520781036470419"
"4","30","0.152","0.00487302756578647","0.00504278057742196","0.0128638263201227","0.0146510771345734","0.00504278057742196"
"4","30","0.153","0.00571449752103344","0.0046991077741435","0.0137125130924107","0.015581081833443","0.0046991077741435"
"4","30","0.154","0.00635352855267723","0.0041889667352605","0.0140754272521279","0.0160010130838253","0.0041889667352605"
"4","30","0.155","0.00676748266783764","0.00353042946140242","0.013939712384238","0.0158927132735949","0.00353042946140242"
"4","30","0.156","0.00694169533561134","0.00274682496380461","0.0133101762555957","0.0152608313492172","0.00274682496380461"
"4","30","0.157","0.00686999498539001","0.00186591282245469","0.0122091204974087","0.0141329786344044","0.00186591282245469"
"4","30","0.158","0.00655492163782593","0.000918899789132249","0.0106755505588341","0.0125610013229332","0.000918899789132249"
"4","30","0.159","0.00600763692333404","-6.0665727330909E-05","0.00876379391949584","0.0106254160199246","-6.0665727330909E-05"
"4","30","0.16","0.00524752867576996","-0.00103808213015894","0.00654157551143458","0.00845022969414346","-0.00103808213015894"
"4","30","0.161","0.00430152410875003","-0.00197872395599788","0.00408761852962659","0.00625516453787942","-0.00197872395599788"
"4","30","0.162","0.00320313590568452","-0.00284926849921737","0.00148885562355451","0.00453818264051897","-0.00284926849921737"
"4","30","0.163","0.00199127501626035","-0.0036188762853703","-0.00116265073524002","0.0042910602991979","-0.0036188762853703"
"4","30","0.164","0.000708872216649703","-0.00426028357494991","-0.00377296961210768","0.00573478993969385","-0.00426028357494991"
"4","30","0.165","-0.000598642734638772","-0.00475076819495397","-0.00624962915948026","0.00787312112169932","-0.00475076819495397"
"4","30","0.166","-0.00188495046860377","-0.00507295448319136","-0.00850489247817178","0.0100807292158298","-0.00507295448319136"
"4","30","0.167","-0.00310448289249031","-0.00521542882977765","-0.0104588657407726","0.0120924102019303","-0.00521542882977765"
"4","30","0.168","-0.00421403746219334","-0.00517314400995551","-0.0120423284703162","0.0137672512023097","-0.00517314400995551"
"4","30","0.169","-0.0051743076539209","-0.0049475979845479","-0.0131991857101849","0.0150156814339569","-0.0049475979845479"
"4","30","0.17","-0.00595127541739537","-0.00454678083394923","-0.0138884552159136","0.0157791027416042","-0.00454678083394923"
"4","30","0.171","-0.00651741628224418","-0.00398489170554384","-0.0140857192716317","0.0160238436181894","-0.00398489170554384"
"4","30","0.172","-0.00685267442608468","-0.00328183580183121","-0.0137839896998208","0.0157393762603497","-0.00328183580183121"
"4","30","0.173","-0.00694517316203085","-0.0024625192287037","-0.0129939554209874","0.0149379486103325","-0.0024625192287037"
"4","30","0.174","-0.00679163567624723","-0.00155596668422854","-0.0117436037933248","0.0136550202319841","-0.00155596668422854"
"4","30","0.175","-0.00639750111071269","-0.000594293244248864","-0.0100772291465967","0.0119512238785301","-0.000594293244248864"
"4","30","0.176","-0.00577673187890419","0.000388433330188799","-0.00805386363342222","0.00991898336920223","0.000388433330188799"
"4","30","0.177","-0.00495131904033845","0.00135739946025395","-0.00574518598583947","0.00770488517408287","0.00135739946025395"
"4","30","0.178","-0.00395050325632511","0.00227827903771816","-0.00323298226048819","0.00559009889434638","0.00227827903771816"
"4","30","0.179","-0.0028097389249622","0.00311844944445199","-0.000606248526779648","0.00424109620738238","0.00311844944445199"
"4","30","0.18","-0.00156943819140794","0.00384814722493612","0.00204196186323069","0.00463044075141038","0.00384814722493612"
"4","30","0.181","-0.000273539327491171","0.0044415224715115","0.00461783473623116","0.00641298240133006","0.0044415224715115"
"4","30","0.182","0.00103204980347299","0.00487755457024533","0.00703011851151319","0.00861848198167694","0.00487755457024533"
"4","30","0.183","0.00230107805562825","0.00514079686665935","0.00919335683371107","0.0107814916646209","0.00514079686665935"
"4","30","0.184","0.00348858947047744","0.00522192387116562","0.0110309159067946","0.01269329945887","0.00522192387116562"
"4","30","0.185","0.00455251586412442","0.00511806161918422","0.0124776992844981","0.014234217044335","0.00511806161918422"
"4","30","0.186","0.00545516711366156","0.00483288948277137","0.0134824539443834","0.0153261943532332","0.00483288948277137"
"4","30","0.187","0.00616456634856395","0.00437650982702993","0.0140095859517109","0.0159193032218848","0.00437650982702993"
"4","30","0.188","0.00665558274726939","0.00376509012878927","0.0140404213923234","0.015987686457323","0.00376509012878927"
"4","30","0.189","0.00691082180906112","0.00302029023567833","0.0135738679053643","0.0155284094838012","0.00302029023567833"
"4","30","0.19","0.00692124156292762","0.00216849505522511","0.0126264533807059","0.0145613625925623","0.00216849505522511"
"4","30","0.191","0.0066864728838935","0.00123987985635329","0.0112317404502109","0.0131300500846774","0.00123987985635329"
"4","30","0.192","0.00621483256945572","0.000267341295437205","0.00943913751476577","0.0113045536071652","0.000267341295437205"
"4","30","0.193","0.00552302871288606","-0.000714667964150742","0.00731214842704778","0.00919141507503194","-0.000714667964150742"
"4","30","0.194","0.00463556881069716","-0.00167135975481624","0.00492612283588388","0.00696768453813348","-0.00167135975481624"
"4","30","0.195","0.00358389157236069","-0.0025688427929233","0.00236558688737659","0.00500392180383747","-0.0025688427929233"
"4","30","0.196","0.00240525318835067","-0.0033753232944134","-0.000278751155961805","0.00415400438719446","-0.0033753232944134"
"4","30","0.197","0.00114140751102206","-0.0040622312854564","-0.00291321430063102","0.00512750930610169","-0.0040622312854564"
"4","30","0.198","-0.000162873096424811","-0.00460523270801667","-0.00544447537633888","0.00713281207267414","-0.00460523270801667"
"4","30","0.199","-0.0014613838432316","-0.00498509146599064","-0.00778286319753682","0.00935733611735328","-0.00498509146599064"
"4","30","0.2","-0.00270812433882982","-0.00518835087350133","-0.00984553920987306","0.0114537140070054","-0.00518835087350133"
"4","30","0.201","-0.00385892817960959","-0.00520781036470418","-0.0115594320872786","0.0132526633425328","-0.00520781036470418"
"4","30","0.202","-0.00487302756578647","-0.00504278057742196","-0.0128638263201227","0.0146510771345734","-0.00504278057742196"
"4","30","0.203","-0.00571449752103345","-0.00469910777414349","-0.0137125130924107","0.015581081833443","-0.00469910777414349"
"4","30","0.204","-0.00635352855267725","-0.00418896673526048","-0.0140754272521279","0.0160010130838253","-0.00418896673526048"
"4","30","0.205","-0.00676748266783764","-0.00353042946140242","-0.013939712384238","0.0158927132735949","-0.00353042946140242"
"4","30","0.206","-0.00694169533561134","-0.0027468249638046","-0.0133101762555957","0.0152608313492172","-0.0027468249638046"
"4","30","0.207","-0.00686999498539001","-0.00186591282245467","-0.0122091204974087","0.0141329786344043","-0.00186591282245467"
"4","30","0.208","-0.00655492163782593","-0.000918899789132251","-0.0106755505588341","0.0125610013229332","-0.000918899789132251"
"4","30","0.209","-0.00600763692333405","6.06657273308887E-05","-0.00876379391949588","0.0106254160199247","6.06657273308887E-05"
"4","30","0.21","-0.00524752867576997","0.00103808213015892","-0.00654157551143463","0.00845022969414351","0.00103808213015892"
"4","30","0.211","-0.00430152410875003","0.00197872395599788","-0.00408761852962659","0.00625516453787942","0.00197872395599788"
"4","30","0.212","-0.00320313590568455","0.00284926849921735","-0.00148885562355456","0.00453818264051899","0.00284926849921735"
"4","30","0.213","-0.00199127501626037","0.00361887628537029","0.00116265073523997","0.00429106029919789","0.00361887628537029"
"4","30","0.214","-0.000708872216649705","0.00426028357494991","0.00377296961210768","0.00573478993969385","0.00426028357494991"
"4","30","0.215","0.000598642734638745","0.00475076819495396","0.00624962915948021","0.00787312112169927","0.00475076819495396"
"4","30","0.216","0.00188495046860375","0.00507295448319135","0.00850489247817174","0.0100807292158297","0.00507295448319135"
"4","30","0.217","0.00310448289249031","0.00521542882977765","0.0104588657407726","0.0120924102019303","0.00521542882977765"
"4","30","0.218","0.00421403746219332","0.00517314400995551","0.0120423284703162","0.0137672512023096","0.00517314400995551"
"4","30","0.219","0.00517430765392088","0.00494759798454791","0.0131991857101849","0.0150156814339568","0.00494759798454791"
"4","30","0.22","0.00595127541739538","0.00454678083394922","0.0138884552159136","0.0157791027416042","0.00454678083394922"
"4","30","0.221","0.00651741628224417","0.00398489170554386","0.0140857192716317","0.0160238436181894","0.00398489170554386"
"4","30","0.222","0.00685267442608468","0.00328183580183122","0.0137839896998208","0.0157393762603498","0.00328183580183122"
"4","30","0.223","0.00694517316203085","0.00246251922870368","0.0129939554209873","0.0149379486103325","0.00246251922870368"
"4","30","0.224","0.00679163567624724","0.00155596668422855","0.0117436037933248","0.0136550202319842","0.00155596668422855"
"4","30","0.225","0.0063975011107127","0.000594293244248885","0.0100772291465967","0.0119512238785301","0.000594293244248885"
"4","30","0.226","0.00577673187890417","-0.000388433330188815","0.00805386363342218","0.00991898336920219","-0.000388433330188815"
"4","30","0.227","0.00495131904033843","-0.00135739946025397","0.00574518598583943","0.00770488517408283","-0.00135739946025397"
"4","30","0.228","0.0039505032563251","-0.00227827903771818","0.00323298226048814","0.00559009889434635","-0.00227827903771818"
"4","30","0.229","0.00280973892496218","-0.00311844944445201","0.000606248526779605","0.00424109620738237","-0.00311844944445201"
"4","30","0.23","0.00156943819140792","-0.00384814722493613","-0.00204196186323073","0.0046304407514104","-0.00384814722493613"
"4","30","0.231","0.000273539327491149","-0.00444152247151151","-0.0046178347362312","0.00641298240133009","-0.00444152247151151"
"4","30","0.232","-0.00103204980347301","-0.00487755457024533","-0.00703011851151323","0.00861848198167698","-0.00487755457024533"
"4","30","0.233","-0.00230107805562827","-0.00514079686665935","-0.0091933568337111","0.010781491664621","-0.00514079686665935"
"4","30","0.234","-0.00348858947047746","-0.00522192387116562","-0.0110309159067946","0.01269329945887","-0.00522192387116562"
"4","30","0.235","-0.00455251586412444","-0.00511806161918422","-0.0124776992844982","0.014234217044335","-0.00511806161918422"
"4","30","0.236","-0.00545516711366158","-0.00483288948277136","-0.0134824539443834","0.0153261943532332","-0.00483288948277136"
"4","30","0.237","-0.00616456634856396","-0.00437650982702992","-0.0140095859517109","0.0159193032218848","-0.00437650982702992"
"4","30","0.238","-0.00665558274726939","-0.00376509012878926","-0.0140404213923234","0.015987686457323","-0.00376509012878926"
"4","30","0.239","-0.00691082180906111","-0.00302029023567835","-0.0135738679053643","0.0155284094838012","-0.00302029023567835"
"4","30","0.24","-0.00692124156292763","-0.00216849505522513","-0.012626453380706","0.0145613625925623","-0.00216849505522513"
"4","30","0.241","-0.00668647288389351","-0.00123987985635331","-0.0112317404502109","0.0131300500846774","-0.00123987985635331"
"4","30","0.242","-0.00621483256945573","-0.000267341295437225","-0.00943913751476581","0.0113045536071653","-0.000267341295437225"
"4","30","0.243","-0.00552302871288607","0.000714667964150721","-0.00731214842704782","0.00919141507503199","0.000714667964150721"
"4","30","0.244","-0.00463556881069718","0.00167135975481622","-0.00492612283588393","0.00696768453813352","0.00167135975481622"
"4","30","0.245","-0.00358389157236071","0.00256884279292328","-0.00236558688737665","0.0050039218038375","0.00256884279292328"
"4","30","0.246","-0.0024052531883507","0.00337532329441338","0.000278751155961751","0.00415400438719446","0.00337532329441338"
"4","30","0.247","-0.00114140751102208","0.00406223128545639","0.00291321430063097","0.00512750930610165","0.00406223128545639"
"4","30","0.248","0.000162873096424784","0.00460523270801666","0.00544447537633883","0.0071328120726741","0.00460523270801666"
"4","30","0.249","0.00146138384323157","0.00498509146599064","0.00778286319753677","0.00935733611735323","0.00498509146599064"
"4","30","0.25","0.0027081243388298","0.00518835087350133","0.00984553920987302","0.0114537140070054","0.00518835087350133"
"4","30","0.251","0.00385892817960956","0.00520781036470419","0.0115594320872786","0.0132526633425327","0.00520781036470419"
"4","30","0.252","0.00487302756578645","0.00504278057742196","0.0128638263201226","0.0146510771345734","0.00504278057742196"
"4","30","0.253","0.00571449752103344","0.0046991077741435","0.0137125130924107","0.015581081833443","0.0046991077741435"
"4","30","0.254","0.00635352855267724","0.00418896673526049","0.0140754272521279","0.0160010130838253","0.00418896673526049"
"4","30","0.255","0.00676748266783764","0.00353042946140244","0.013939712384238","0.0158927132735949","0.00353042946140244"
"4","30","0.256","0.00694169533561134","0.00274682496380462","0.0133101762555957","0.0152608313492172","0.00274682496380462"
"4","30","0.257","0.00686999498539002","0.00186591282245469","0.0122091204974087","0.0141329786344044","0.00186591282245469"
"4","30","0.258","0.00655492163782594","0.000918899789132271","0.0106755505588341","0.0125610013229332","0.000918899789132271"
"4","30","0.259","0.00600763692333404","-6.06657273309054E-05","0.00876379391949585","0.0106254160199247","-6.06657273309054E-05"
"4","30","0.26","0.00524752867576996","-0.00103808213015893","0.00654157551143459","0.00845022969414347","-0.00103808213015893"
"4","30","0.261","0.00430152410875005","-0.00197872395599786","0.00408761852962664","0.00625516453787947","-0.00197872395599786"
"4","30","0.262","0.00320313590568453","-0.00284926849921736","0.00148885562355452","0.00453818264051897","-0.00284926849921736"
"4","30","0.263","0.00199127501626035","-0.0036188762853703","-0.00116265073524001","0.0042910602991979","-0.0036188762853703"
"4","30","0.264","0.000708872216649733","-0.0042602835749499","-0.00377296961210762","0.00573478993969381","-0.0042602835749499"
"4","30","0.265","-0.000598642734638767","-0.00475076819495397","-0.00624962915948025","0.00787312112169931","-0.00475076819495397"
"4","30","0.266","-0.00188495046860377","-0.00507295448319135","-0.00850489247817178","0.0100807292158298","-0.00507295448319135"
"4","30","0.267","-0.00310448289249029","-0.00521542882977765","-0.0104588657407726","0.0120924102019303","-0.00521542882977765"
"4","30","0.268","-0.00421403746219334","-0.00517314400995551","-0.0120423284703162","0.0137672512023097","-0.00517314400995551"
"4","30","0.269","-0.00517430765392089","-0.0049475979845479","-0.0131991857101849","0.0150156814339569","-0.0049475979845479"
"4","30","0.27","-0.00595127541739537","-0.00454678083394923","-0.0138884552159136","0.0157791027416042","-0.00454678083394923"
"4","30","0.271","-0.00651741628224418","-0.00398489170554385","-0.0140857192716317","0.0160238436181894","-0.00398489170554385"
"4","30","0.272","-0.00685267442608468","-0.00328183580183121","-0.0137839896998208","0.0157393762603497","-0.00328183580183121"
"4","30","0.273","-0.00694517316203085","-0.0024625192287037","-0.0129939554209874","0.0149379486103325","-0.0024625192287037"
"4","30","0.274","-0.00679163567624723","-0.00155596668422854","-0.0117436037933248","0.0136550202319841","-0.00155596668422854"
"4","30","0.275","-0.00639750111071269","-0.000594293244248868","-0.0100772291465967","0.0119512238785301","-0.000594293244248868"
"4","30","0.276","-0.00577673187890419","0.000388433330188795","-0.00805386363342223","0.00991898336920224","0.000388433330188795"
"4","30","0.277","-0.00495131904033842","0.00135739946025399","-0.00574518598583939","0.0077048851740828","0.00135739946025399"
"4","30","0.278","-0.00395050325632508","0.00227827903771819","-0.0032329822604881","0.00559009889434632","0.00227827903771819"
"4","30","0.279","-0.00280973892496221","0.00311844944445199","-0.000606248526779659","0.00424109620738238","0.00311844944445199"
"4","30","0.28","-0.0015694381914079","0.00384814722493614","0.00204196186323078","0.00463044075141043","0.00384814722493614"
"4","30","0.281","-0.000273539327491127","0.00444152247151152","0.00461783473623124","0.00641298240133013","0.00444152247151152"
"4","30","0.282","0.00103204980347298","0.00487755457024532","0.00703011851151318","0.00861848198167693","0.00487755457024532"
"4","30","0.283","0.00230107805562829","0.00514079686665935","0.00919335683371113","0.010781491664621","0.00514079686665935"
"4","30","0.284","0.00348858947047748","0.00522192387116562","0.0110309159067946","0.01269329945887","0.00522192387116562"
"4","30","0.285","0.00455251586412446","0.00511806161918421","0.0124776992844982","0.014234217044335","0.00511806161918421"
"4","30","0.286","0.00545516711366159","0.00483288948277136","0.0134824539443834","0.0153261943532332","0.00483288948277136"
"4","30","0.287","0.00616456634856397","0.00437650982702991","0.0140095859517109","0.0159193032218849","0.00437650982702991"
"4","30","0.288","0.0066555827472694","0.00376509012878925","0.0140404213923234","0.015987686457323","0.00376509012878925"
"4","30","0.289","0.00691082180906111","0.00302029023567837","0.0135738679053643","0.0155284094838012","0.00302029023567837"
"4","30","0.29","0.00692124156292763","0.00216849505522515","0.012626453380706","0.0145613625925624","0.00216849505522515"
"4","30","0.291","0.00668647288389352","0.00123987985635333","0.011231740450211","0.0131300500846775","0.00123987985635333"
"4","30","0.292","0.00621483256945574","0.000267341295437245","0.00943913751476585","0.0113045536071653","0.000267341295437245"
"4","30","0.293","0.00552302871288609","-0.000714667964150701","0.00731214842704787","0.00919141507503203","-0.000714667964150701"
"4","30","0.294","0.0046355688106972","-0.0016713597548162","0.00492612283588398","0.00696768453813357","-0.0016713597548162"
"4","30","0.295","0.00358389157236073","-0.00256884279292327","0.0023655868873767","0.00500392180383753","-0.00256884279292327"
"4","30","0.296","0.00240525318835072","-0.00337532329441337","-0.000278751155961695","0.00415400438719446","-0.00337532329441337"
"4","30","0.297","0.00114140751102211","-0.00406223128545638","-0.00291321430063091","0.00512750930610162","-0.00406223128545638"
"4","30","0.298","-0.000162873096424756","-0.00460523270801665","-0.00544447537633878","0.00713281207267405","-0.00460523270801665"
"4","30","0.299","-0.00146138384323155","-0.00498509146599063","-0.00778286319753672","0.00935733611735319","-0.00498509146599063"
"4","30","0.3","-0.00270812433882977","-0.00518835087350133","-0.00984553920987298","0.0114537140070053","-0.00518835087350133"
"4","30","0.301","-0.00385892817960954","-0.00520781036470419","-0.0115594320872785","0.0132526633425327","-0.00520781036470419"
"4","30","0.302","-0.00487302756578643","-0.00504278057742197","-0.0128638263201226","0.0146510771345734","-0.00504278057742197"
"4","30","0.303","-0.00571449752103342","-0.00469910777414351","-0.0137125130924107","0.015581081833443","-0.00469910777414351"
"4","30","0.304","-0.00635352855267722","-0.0041889667352605","-0.0140754272521279","0.0160010130838253","-0.0041889667352605"
"4","30","0.305","-0.00676748266783763","-0.00353042946140245","-0.013939712384238","0.0158927132735949","-0.00353042946140245"
"4","30","0.306","-0.00694169533561134","-0.00274682496380463","-0.0133101762555957","0.0152608313492173","-0.00274682496380463"
"4","30","0.307","-0.00686999498539002","-0.00186591282245471","-0.0122091204974087","0.0141329786344044","-0.00186591282245471"
"4","30","0.308","-0.00655492163782595","-0.000918899789132291","-0.0106755505588342","0.0125610013229333","-0.000918899789132291"
"4","30","0.309","-0.00600763692333405","6.06657273308847E-05","-0.00876379391949589","0.0106254160199247","6.06657273308847E-05"
"4","30","0.31","-0.00524752867576998","0.00103808213015891","-0.00654157551143464","0.00845022969414352","0.00103808213015891"
"4","30","0.311","-0.00430152410875007","0.00197872395599784","-0.0040876185296267","0.00625516453787951","0.00197872395599784"
"4","30","0.312","-0.00320313590568455","0.00284926849921735","-0.00148885562355458","0.004538182640519","0.00284926849921735"
"4","30","0.313","-0.00199127501626038","0.00361887628537029","0.00116265073523996","0.00429106029919788","0.00361887628537029"
"4","30","0.314","-0.00070887221664971","0.00426028357494991","0.00377296961210767","0.00573478993969384","0.00426028357494991"
"4","30","0.315","0.00059864273463874","0.00475076819495396","0.0062496291594802","0.00787312112169927","0.00475076819495396"
"4","30","0.316","0.00188495046860374","0.00507295448319135","0.00850489247817173","0.0100807292158297","0.00507295448319135"
"4","30","0.317","0.00310448289249031","0.00521542882977765","0.0104588657407726","0.0120924102019303","0.00521542882977765"
"4","30","0.318","0.00421403746219331","0.00517314400995551","0.0120423284703162","0.0137672512023096","0.00517314400995551"
"4","30","0.319","0.00517430765392088","0.00494759798454791","0.0131991857101849","0.0150156814339568","0.00494759798454791"
"4","30","0.32","0.00595127541739538","0.00454678083394922","0.0138884552159136","0.0157791027416042","0.00454678083394922"
"4","30","0.321","0.00651741628224417","0.00398489170554386","0.0140857192716317","0.0160238436181894","0.00398489170554386"
"4","30","0.322","0.00685267442608468","0.00328183580183122","0.0137839896998208","0.0157393762603498","0.00328183580183122"
"4","30","0.323","0.00694517316203085","0.00246251922870369","0.0129939554209873","0.0149379486103325","0.00246251922870369"
"4","30","0.324","0.00679163567624724","0.00155596668422856","0.0117436037933248","0.0136550202319842","0.00155596668422856"
"4","30","0.325","0.0063975011107127","0.000594293244248888","0.0100772291465967","0.0119512238785301","0.000594293244248888"
"4","30","0.326","0.00577673187890418","-0.000388433330188811","0.00805386363342219","0.0099189833692022","-0.000388433330188811"
"4","30","0.327","0.00495131904033844","-0.00135739946025397","0.00574518598583944","0.00770488517408284","-0.00135739946025397"
"4","30","0.328","0.0039505032563251","-0.00227827903771817","0.00323298226048815","0.00559009889434636","-0.00227827903771817"
"4","30","0.329","0.00280973892496219","-0.003118449444452","0.000606248526779614","0.00424109620738237","-0.003118449444452"
"4","30","0.33","0.00156943819140792","-0.00384814722493613","-0.00204196186323072","0.0046304407514104","-0.00384814722493613"
"4","30","0.331","0.000273539327491154","-0.00444152247151151","-0.00461783473623119","0.00641298240133009","-0.00444152247151151"
"4","30","0.332","-0.001032049803473","-0.00487755457024533","-0.00703011851151322","0.00861848198167697","-0.00487755457024533"
"4","30","0.333","-0.00230107805562827","-0.00514079686665935","-0.00919335683371109","0.0107814916646209","-0.00514079686665935"
"4","30","0.334","-0.00348858947047746","-0.00522192387116562","-0.0110309159067946","0.01269329945887","-0.00522192387116562"
"4","30","0.335","-0.00455251586412444","-0.00511806161918422","-0.0124776992844982","0.014234217044335","-0.00511806161918422"
"4","30","0.336","-0.00545516711366157","-0.00483288948277136","-0.0134824539443834","0.0153261943532332","-0.00483288948277136"
"4","30","0.337","-0.00616456634856396","-0.00437650982702993","-0.0140095859517109","0.0159193032218848","-0.00437650982702993"
"4","30","0.338","-0.00665558274726939","-0.00376509012878926","-0.0140404213923234","0.015987686457323","-0.00376509012878926"
"4","30","0.339","-0.00691082180906111","-0.00302029023567835","-0.0135738679053643","0.0155284094838012","-0.00302029023567835"
"4","30","0.34","-0.00692124156292763","-0.00216849505522513","-0.012626453380706","0.0145613625925623","-0.00216849505522513"
"4","30","0.341","-0.0066864728838935","-0.00123987985635328","-0.0112317404502109","0.0131300500846774","-0.00123987985635328"
"4","30","0.342","-0.00621483256945573","-0.000267341295437229","-0.00943913751476582","0.0113045536071653","-0.000267341295437229"
"4","30","0.343","-0.00552302871288608","0.000714667964150718","-0.00731214842704783","0.009191415075032","0.000714667964150718"
"4","30","0.344","-0.00463556881069715","0.00167135975481626","-0.00492612283588384","0.00696768453813345","0.00167135975481626"
"4","30","0.345","-0.00358389157236071","0.00256884279292328","-0.00236558688737665","0.00500392180383751","0.00256884279292328"
"4","30","0.346","-0.0024052531883507","0.00337532329441338","0.000278751155961741","0.00415400438719446","0.00337532329441338"
"4","30","0.347","-0.00114140751102204","0.00406223128545641","0.00291321430063105","0.00512750930610171","0.00406223128545641"
"4","30","0.348","0.000162873096424778","0.00460523270801666","0.00544447537633882","0.00713281207267409","0.00460523270801666"
"4","30","0.349","0.00146138384323166","0.00498509146599066","0.00778286319753693","0.00935733611735339","0.00498509146599066"
"4","30","0.35","0.00270812433882984","0.00518835087350134","0.00984553920987309","0.0114537140070055","0.00518835087350134"
"4","30","0.351","0.00385892817960956","0.00520781036470419","0.0115594320872786","0.0132526633425327","0.00520781036470419"
"4","30","0.352","0.00487302756578644","0.00504278057742196","0.0128638263201226","0.0146510771345734","0.00504278057742196"
"4","30","0.353","0.00571449752103341","0.00469910777414352","0.0137125130924107","0.015581081833443","0.00469910777414352"
"4","30","0.354","0.00635352855267719","0.00418896673526054","0.0140754272521279","0.0160010130838253","0.00418896673526054"
"4","30","0.355","0.00676748266783764","0.00353042946140244","0.013939712384238","0.0158927132735949","0.00353042946140244"
"4","30","0.356","0.00694169533561134","0.00274682496380465","0.0133101762555957","0.0152608313492173","0.00274682496380465"
"4","30","0.357","0.00686999498539003","0.00186591282245476","0.0122091204974088","0.0141329786344045","0.00186591282245476"
"4","30","0.358","0.00655492163782594","0.000918899789132275","0.0106755505588342","0.0125610013229332","0.000918899789132275"
"4","30","0.359","0.00600763692333407","-6.06657273308643E-05","0.00876379391949593","0.0106254160199247","-6.06657273308643E-05"
"4","30","0.36","0.00524752867577003","-0.00103808213015886","0.00654157551143478","0.00845022969414365","-0.00103808213015886"
"4","30","0.361","0.00430152410875006","-0.00197872395599786","0.00408761852962666","0.00625516453787948","-0.00197872395599786"
"4","30","0.362","0.00320313590568458","-0.00284926849921733","0.00148885562355463","0.00453818264051902","-0.00284926849921733"
"4","30","0.363","0.00199127501626045","-0.00361887628537024","-0.0011626507352398","0.00429106029919784","-0.00361887628537024"
"4","30","0.364","0.000708872216649737","-0.00426028357494989","-0.00377296961210761","0.0057347899396938","-0.00426028357494989"
"4","30","0.365","-0.000598642734638713","-0.00475076819495395","-0.00624962915948015","0.00787312112169922","-0.00475076819495395"
"4","30","0.366","-0.00188495046860367","-0.00507295448319134","-0.00850489247817161","0.0100807292158296","-0.00507295448319134"
"4","30","0.367","-0.00310448289249028","-0.00521542882977765","-0.0104588657407726","0.0120924102019303","-0.00521542882977765"
"4","30","0.368","-0.00421403746219329","-0.00517314400995551","-0.0120423284703162","0.0137672512023096","-0.00517314400995551"
"4","30","0.369","-0.00517430765392082","-0.00494759798454793","-0.0131991857101848","0.0150156814339568","-0.00494759798454793"
"4","30","0.37","-0.00595127541739536","-0.00454678083394923","-0.0138884552159136","0.0157791027416042","-0.00454678083394923"
"4","30","0.371","-0.00651741628224416","-0.00398489170554387","-0.0140857192716317","0.0160238436181894","-0.00398489170554387"
"4","30","0.372","-0.00685267442608467","-0.00328183580183127","-0.0137839896998208","0.0157393762603498","-0.00328183580183127"
"4","30","0.373","-0.00694517316203085","-0.0024625192287037","-0.0129939554209874","0.0149379486103325","-0.0024625192287037"
"4","30","0.374","-0.00679163567624724","-0.00155596668422858","-0.0117436037933249","0.0136550202319842","-0.00155596668422858"
"4","30","0.375","-0.00639750111071273","-0.000594293244248946","-0.0100772291465968","0.0119512238785302","-0.000594293244248946"
"4","30","0.376","-0.00577673187890419","0.000388433330188791","-0.00805386363342223","0.00991898336920224","0.000388433330188791"
"4","30","0.377","-0.00495131904033846","0.00135739946025395","-0.00574518598583949","0.00770488517408289","0.00135739946025395"
"4","30","0.378","-0.00395050325632508","0.00227827903771819","-0.00323298226048811","0.00559009889434632","0.00227827903771819"
"4","30","0.379","-0.00280973892496221","0.00311844944445199","-0.000606248526779669","0.00424109620738238","0.00311844944445199"
"4","30","0.38","-0.00156943819140795","0.00384814722493612","0.00204196186323067","0.00463044075141037","0.00384814722493612"
"4","30","0.381","-0.000273539327491132","0.00444152247151152","0.00461783473623123","0.00641298240133012","0.00444152247151152"
"4","30","0.382","0.00103204980347298","0.00487755457024532","0.00703011851151317","0.00861848198167692","0.00487755457024532"
"4","30","0.383","0.00230107805562824","0.00514079686665935","0.00919335683371105","0.0107814916646209","0.00514079686665935"
"4","30","0.384","0.00348858947047748","0.00522192387116562","0.0110309159067946","0.01269329945887","0.00522192387116562"
"4","30","0.385","0.00455251586412441","0.00511806161918422","0.0124776992844981","0.014234217044335","0.00511806161918422"
"4","30","0.386","0.00545516711366156","0.00483288948277137","0.0134824539443834","0.0153261943532331","0.00483288948277137"
"4","30","0.387","0.00616456634856397","0.00437650982702992","0.0140095859517109","0.0159193032218848","0.00437650982702992"
"4","30","0.388","0.00665558274726938","0.00376509012878927","0.0140404213923234","0.015987686457323","0.00376509012878927"
"4","30","0.389","0.00691082180906111","0.00302029023567837","0.0135738679053643","0.0155284094838012","0.00302029023567837"
"4","30","0.39","0.00692124156292762","0.00216849505522508","0.0126264533807059","0.0145613625925623","0.00216849505522508"
"4","30","0.391","0.0066864728838935","0.0012398798563533","0.0112317404502109","0.0131300500846774","0.0012398798563533"
"4","30","0.392","0.00621483256945574","0.000267341295437249","0.00943913751476586","0.0113045536071653","0.000267341295437249"
"4","30","0.393","0.00552302871288603","-0.000714667964150771","0.00731214842704771","0.00919141507503188","-0.000714667964150771"
"4","30","0.394","0.00463556881069717","-0.00167135975481624","0.0049261228358839","0.0069676845381335","-0.00167135975481624"
"4","30","0.395","0.00358389157236074","-0.00256884279292326","0.00236558688737671","0.00500392180383754","-0.00256884279292326"
"4","30","0.396","0.00240525318835063","-0.00337532329441342","-0.000278751155961884","0.00415400438719446","-0.00337532329441342"
"4","30","0.397","0.00114140751102207","-0.0040622312854564","-0.002913214300631","0.00512750930610168","-0.0040622312854564"
"4","30","0.398","-0.000162873096424751","-0.00460523270801665","-0.00544447537633877","0.00713281207267404","-0.00460523270801665"
"4","30","0.399","-0.00146138384323164","-0.00498509146599065","-0.00778286319753688","0.00935733611735334","-0.00498509146599065"
"4","30","0.4","-0.00270812433882981","-0.00518835087350133","-0.00984553920987305","0.0114537140070054","-0.00518835087350133"
"4","30","0.401","-0.00385892817960954","-0.00520781036470419","-0.0115594320872785","0.0132526633425327","-0.00520781036470419"
"4","30","0.402","-0.00487302756578649","-0.00504278057742195","-0.0128638263201227","0.0146510771345734","-0.00504278057742195"
"4","30","0.403","-0.00571449752103345","-0.0046991077741435","-0.0137125130924107","0.015581081833443","-0.0046991077741435"
"4","30","0.404","-0.00635352855267722","-0.0041889667352605","-0.0140754272521279","0.0160010130838253","-0.0041889667352605"
"4","30","0.405","-0.00676748266783765","-0.0035304294614024","-0.013939712384238","0.0158927132735949","-0.0035304294614024"
"4","30","0.406","-0.00694169533561134","-0.0027468249638046","-0.0133101762555957","0.0152608313492172","-0.0027468249638046"
"4","30","0.407","-0.00686999498539002","-0.00186591282245471","-0.0122091204974087","0.0141329786344044","-0.00186591282245471"
"4","30","0.408","-0.00655492163782592","-0.000918899789132222","-0.0106755505588341","0.0125610013229331","-0.000918899789132222"
"4","30","0.409","-0.00600763692333403","6.0665727330918E-05","-0.00876379391949582","0.0106254160199246","6.0665727330918E-05"
"4","30","0.41","-0.00524752867576998","0.00103808213015891","-0.00654157551143465","0.00845022969414353","0.00103808213015891"
"4","30","0.411","-0.00430152410875","0.00197872395599791","-0.00408761852962652","0.00625516453787936","0.00197872395599791"
"4","30","0.412","-0.00320313590568451","0.00284926849921738","-0.00148885562355449","0.00453818264051895","0.00284926849921738"
"4","30","0.413","-0.00199127501626038","0.00361887628537028","0.00116265073523995","0.00429106029919788","0.00361887628537028"
"4","30","0.414","-0.000708872216649666","0.00426028357494992","0.00377296961210775","0.00573478993969391","0.00426028357494992"
"4","30","0.415","0.000598642734638784","0.00475076819495397","0.00624962915948028","0.00787312112169934","0.00475076819495397"
"4","30","0.416","0.00188495046860374","0.00507295448319135","0.00850489247817172","0.0100807292158297","0.00507295448319135"
"4","30","0.417","0.00310448289249026","0.00521542882977765","0.0104588657407725","0.0120924102019302","0.00521542882977765"
"4","30","0.418","0.00421403746219327","0.00517314400995551","0.0120423284703162","0.0137672512023096","0.00517314400995551"
"4","30","0.419","0.00517430765392087","0.00494759798454791","0.0131991857101849","0.0150156814339568","0.00494759798454791"
"4","30","0.42","0.00595127541739535","0.00454678083394924","0.0138884552159136","0.0157791027416042","0.00454678083394924"
"4","30","0.421","0.00651741628224415","0.00398489170554389","0.0140857192716317","0.0160238436181894","0.00398489170554389"
"4","30","0.422","0.00685267442608468","0.00328183580183123","0.0137839896998208","0.0157393762603498","0.00328183580183123"
"4","30","0.423","0.00694517316203085","0.00246251922870372","0.0129939554209874","0.0149379486103326","0.00246251922870372"
"4","30","0.424","0.00679163567624725","0.0015559666842286","0.0117436037933249","0.0136550202319842","0.0015559666842286"
"4","30","0.425","0.0063975011107127","0.000594293244248892","0.0100772291465967","0.0119512238785301","0.000594293244248892"
"4","30","0.426","0.00577673187890421","-0.000388433330188771","0.00805386363342228","0.00991898336920229","-0.000388433330188771"
"4","30","0.427","0.00495131904033848","-0.00135739946025393","0.00574518598583954","0.00770488517408294","-0.00135739946025393"
"4","30","0.428","0.0039505032563251","-0.00227827903771817","0.00323298226048816","0.00559009889434636","-0.00227827903771817"
"4","30","0.429","0.00280973892496224","-0.00311844944445197","0.000606248526779724","0.0042410962073824","-0.00311844944445197"
"4","30","0.43","0.00156943819140798","-0.0038481472249361","-0.00204196186323061","0.00463044075141035","-0.0038481472249361"
"4","30","0.431","0.000273539327491159","-0.00444152247151151","-0.00461783473623118","0.00641298240133008","-0.00444152247151151"
"4","30","0.432","-0.00103204980347295","-0.00487755457024532","-0.00703011851151312","0.00861848198167688","-0.00487755457024532"
"4","30","0.433","-0.00230107805562821","-0.00514079686665934","-0.00919335683371101","0.0107814916646209","-0.00514079686665934"
"4","30","0.434","-0.00348858947047745","-0.00522192387116562","-0.0110309159067946","0.01269329945887","-0.00522192387116562"
"4","30","0.435","-0.00455251586412439","-0.00511806161918423","-0.0124776992844981","0.0142342170443349","-0.00511806161918423"
"4","30","0.436","-0.00545516711366154","-0.00483288948277138","-0.0134824539443834","0.0153261943532331","-0.00483288948277138"
"4","30","0.437","-0.00616456634856396","-0.00437650982702993","-0.0140095859517109","0.0159193032218848","-0.00437650982702993"
"4","30","0.438","-0.00665558274726938","-0.00376509012878929","-0.0140404213923234","0.015987686457323","-0.00376509012878929"
"4","30","0.439","-0.00691082180906111","-0.00302029023567839","-0.0135738679053643","0.0155284094838012","-0.00302029023567839"
"4","30","0.44","-0.00692124156292762","-0.0021684950552251","-0.0126264533807059","0.0145613625925623","-0.0021684950552251"
"4","30","0.441","-0.00668647288389351","-0.00123987985635332","-0.0112317404502109","0.0131300500846775","-0.00123987985635332"
"4","30","0.442","-0.00621483256945575","-0.00026734129543727","-0.0094391375147659","0.0113045536071653","-0.00026734129543727"
"4","30","0.443","-0.00552302871288605","0.000714667964150751","-0.00731214842704775","0.00919141507503192","0.000714667964150751"
"4","30","0.444","-0.00463556881069719","0.00167135975481622","-0.00492612283588395","0.00696768453813354","0.00167135975481622"
"4","30","0.445","-0.00358389157236076","0.00256884279292325","-0.00236558688737676","0.00500392180383757","0.00256884279292325"
"4","30","0.446","-0.00240525318835066","0.00337532329441341","0.00027875115596183","0.00415400438719446","0.00337532329441341"
"4","30","0.447","-0.00114140751102209","0.00406223128545639","0.00291321430063095","0.00512750930610164","0.00406223128545639"
"4","30","0.448","0.000162873096424724","0.00460523270801664","0.00544447537633872","0.00713281207267399","0.00460523270801664"
"4","30","0.449","0.00146138384323161","0.00498509146599065","0.00778286319753684","0.0093573361173533","0.00498509146599065"
"4","30","0.45","0.00270812433882979","0.00518835087350133","0.00984553920987301","0.0114537140070054","0.00518835087350133"
"4","30","0.451","0.00385892817960951","0.00520781036470419","0.0115594320872785","0.0132526633425327","0.00520781036470419"
"4","30","0.452","0.00487302756578648","0.00504278057742195","0.0128638263201227","0.0146510771345734","0.00504278057742195"
"4","30","0.453","0.00571449752103343","0.00469910777414351","0.0137125130924107","0.015581081833443","0.00469910777414351"
"4","30","0.454","0.00635352855267721","0.00418896673526052","0.0140754272521279","0.0160010130838253","0.00418896673526052"
"4","30","0.455","0.00676748266783764","0.00353042946140242","0.013939712384238","0.0158927132735949","0.00353042946140242"
"4","30","0.456","0.00694169533561134","0.00274682496380462","0.0133101762555957","0.0152608313492172","0.00274682496380462"
"4","30","0.457","0.00686999498539002","0.00186591282245473","0.0122091204974088","0.0141329786344044","0.00186591282245473"
"4","30","0.458","0.00655492163782592","0.000918899789132242","0.0106755505588341","0.0125610013229332","0.000918899789132242"
"4","30","0.459","0.00600763692333404","-6.06657273308976E-05","0.00876379391949586","0.0106254160199247","-6.06657273308976E-05"
"4","30","0.46","0.00524752867577","-0.00103808213015889","0.0065415755114347","0.00845022969414357","-0.00103808213015889"
"4","30","0.461","0.00430152410875002","-0.00197872395599789","0.00408761852962657","0.0062551645378794","-0.00197872395599789"
"4","30","0.462","0.00320313590568454","-0.00284926849921736","0.00148885562355454","0.00453818264051898","-0.00284926849921736"
"4","30","0.463","0.00199127501626041","-0.00361887628537027","-0.00116265073523989","0.00429106029919787","-0.00361887628537027"
"4","30","0.464","0.000708872216649693","-0.00426028357494991","-0.0037729696121077","0.00573478993969387","-0.00426028357494991"
"4","30","0.465","-0.000598642734638757","-0.00475076819495396","-0.00624962915948023","0.00787312112169929","-0.00475076819495396"
"4","30","0.466","-0.00188495046860371","-0.00507295448319134","-0.00850489247817168","0.0100807292158297","-0.00507295448319134"
"4","30","0.467","-0.00310448289249032","-0.00521542882977765","-0.0104588657407726","0.0120924102019303","-0.00521542882977765"
"4","30","0.468","-0.00421403746219333","-0.00517314400995551","-0.0120423284703162","0.0137672512023096","-0.00517314400995551"
"4","30","0.469","-0.00517430765392085","-0.00494759798454792","-0.0131991857101849","0.0150156814339568","-0.00494759798454792"
"4","30","0.47","-0.00595127541739539","-0.00454678083394921","-0.0138884552159136","0.0157791027416042","-0.00454678083394921"
"4","30","0.471","-0.00651741628224418","-0.00398489170554385","-0.0140857192716317","0.0160238436181894","-0.00398489170554385"
"4","30","0.472","-0.00685267442608467","-0.00328183580183124","-0.0137839896998208","0.0157393762603498","-0.00328183580183124"
"4","30","0.473","-0.00694517316203085","-0.00246251922870367","-0.0129939554209873","0.0149379486103325","-0.00246251922870367"
"4","30","0.474","-0.00679163567624724","-0.00155596668422855","-0.0117436037933248","0.0136550202319842","-0.00155596668422855"
"4","30","0.475","-0.00639750111071271","-0.000594293244248913","-0.0100772291465968","0.0119512238785302","-0.000594293244248913"
"4","30","0.476","-0.00577673187890417","0.000388433330188824","-0.00805386363342216","0.00991898336920217","0.000388433330188824"
"4","30","0.477","-0.00495131904033843","0.00135739946025398","-0.00574518598583941","0.00770488517408281","0.00135739946025398"
"4","30","0.478","-0.00395050325632513","0.00227827903771815","-0.00323298226048822","0.0055900988943464","0.00227827903771815"
"4","30","0.479","-0.00280973892496217","0.00311844944445201","-0.000606248526779579","0.00424109620738236","0.00311844944445201"
"4","30","0.48","-0.001569438191408","0.00384814722493609","0.00204196186323056","0.00463044075141032","0.00384814722493609"
"4","30","0.481","-0.000273539327491186","0.0044415224715115","0.00461783473623113","0.00641298240133003","0.0044415224715115"
"4","30","0.482","0.00103204980347292","0.00487755457024531","0.00703011851151308","0.00861848198167683","0.00487755457024531"
"4","30","0.483","0.00230107805562819","0.00514079686665934","0.00919335683371097","0.0107814916646208","0.00514079686665934"
"4","30","0.484","0.00348858947047743","0.00522192387116562","0.0110309159067946","0.01269329945887","0.00522192387116562"
"4","30","0.485","0.00455251586412437","0.00511806161918423","0.0124776992844981","0.0142342170443349","0.00511806161918423"
"4","30","0.486","0.00545516711366152","0.00483288948277139","0.0134824539443833","0.0153261943532331","0.00483288948277139"
"4","30","0.487","0.00616456634856395","0.00437650982702994","0.0140095859517109","0.0159193032218848","0.00437650982702994"
"4","30","0.488","0.00665558274726937","0.0037650901287893","0.0140404213923234","0.015987686457323","0.0037650901287893"
"4","30","0.489","0.0069108218090611","0.0030202902356784","0.0135738679053643","0.0155284094838013","0.0030202902356784"
"4","30","0.49","0.00692124156292763","0.00216849505522512","0.012626453380706","0.0145613625925623","0.00216849505522512"
"4","30","0.491","0.00668647288389352","0.00123987985635334","0.011231740450211","0.0131300500846775","0.00123987985635334"
"4","30","0.492","0.00621483256945577","0.00026734129543729","0.00943913751476594","0.0113045536071654","0.00026734129543729"
"4","30","0.493","0.00552302871288607","-0.00071466796415073","0.0073121484270478","0.00919141507503197","-0.00071466796415073"
"4","30","0.494","0.00463556881069721","-0.0016713597548162","0.004926122835884","0.00696768453813358","-0.0016713597548162"
"4","30","0.495","0.00358389157236078","-0.00256884279292323","0.00236558688737682","0.00500392180383761","-0.00256884279292323"
"4","30","0.496","0.00240525318835068","-0.00337532329441339","-0.000278751155961775","0.00415400438719446","-0.00337532329441339"
"4","30","0.497","0.00114140751102212","-0.00406223128545637","-0.00291321430063089","0.00512750930610161","-0.00406223128545637"
"4","30","0.498","-0.000162873096424697","-0.00460523270801663","-0.00544447537633867","0.00713281207267395","-0.00460523270801663"
"4","30","0.499","-0.00146138384323158","-0.00498509146599064","-0.00778286319753679","0.00935733611735325","-0.00498509146599064"
"4","30","0.5","-0.00270812433882976","-0.00518835087350133","-0.00984553920987297","0.0114537140070053","-0.00518835087350133"
"4","30","0.501","-0.00385892817960949","-0.00520781036470419","-0.0115594320872785","0.0132526633425326","-0.00520781036470419"
"4","30","0.502","-0.00487302756578646","-0.00504278057742196","-0.0128638263201227","0.0146510771345734","-0.00504278057742196"
"4","30","0.503","-0.00571449752103342","-0.00469910777414351","-0.0137125130924107","0.015581081833443","-0.00469910777414351"
"4","30","0.504","-0.0063535285526772","-0.00418896673526053","-0.0140754272521279","0.0160010130838253","-0.00418896673526053"
"4","30","0.505","-0.00676748266783764","-0.00353042946140243","-0.013939712384238","0.0158927132735949","-0.00353042946140243"
"4","30","0.506","-0.00694169533561134","-0.00274682496380464","-0.0133101762555957","0.0152608313492173","-0.00274682496380464"
"4","30","0.507","-0.00686999498539003","-0.00186591282245475","-0.0122091204974088","0.0141329786344045","-0.00186591282245475"
"4","30","0.508","-0.00655492163782593","-0.000918899789132263","-0.0106755505588341","0.0125610013229332","-0.000918899789132263"
"4","30","0.509","-0.00600763692333406","6.06657273308771E-05","-0.00876379391949591","0.0106254160199247","6.06657273308771E-05"
"4","30","0.51","-0.00524752867577001","0.00103808213015887","-0.00654157551143475","0.00845022969414362","0.00103808213015887"
"4","30","0.511","-0.00430152410875004","0.00197872395599787","-0.00408761852962662","0.00625516453787945","0.00197872395599787"
"4","30","0.512","-0.00320313590568456","0.00284926849921734","-0.0014888556235546","0.004538182640519","0.00284926849921734"
"4","30","0.513","-0.00199127501626044","0.00361887628537025","0.00116265073523984","0.00429106029919785","0.00361887628537025"
"4","30","0.514","-0.00070887221664972","0.0042602835749499","0.00377296961210765","0.00573478993969383","0.0042602835749499"
"4","30","0.515","0.00059864273463873","0.00475076819495396","0.00624962915948018","0.00787312112169925","0.00475076819495396"
"4","30","0.516","0.00188495046860368","0.00507295448319134","0.00850489247817164","0.0100807292158296","0.00507295448319134"
"4","30","0.517","0.0031044828924903","0.00521542882977765","0.0104588657407726","0.0120924102019303","0.00521542882977765"
"4","30","0.518","0.0042140374621933","0.00517314400995551","0.0120423284703162","0.0137672512023096","0.00517314400995551"
"4","30","0.519","0.00517430765392084","0.00494759798454792","0.0131991857101849","0.0150156814339568","0.00494759798454792"
"4","30","0.52","0.00595127541739537","0.00454678083394923","0.0138884552159136","0.0157791027416042","0.00454678083394923"
"4","30","0.521","0.00651741628224417","0.00398489170554387","0.0140857192716317","0.0160238436181894","0.00398489170554387"
"4","30","0.522","0.00685267442608467","0.00328183580183126","0.0137839896998208","0.0157393762603498","0.00328183580183126"
"4","30","0.523","0.00694517316203085","0.00246251922870369","0.0129939554209873","0.0149379486103325","0.00246251922870369"
"4","30","0.524","0.00679163567624724","0.00155596668422857","0.0117436037933249","0.0136550202319842","0.00155596668422857"
"4","30","0.525","0.00639750111071272","0.000594293244248933","0.0100772291465968","0.0119512238785302","0.000594293244248933"
"4","30","0.526","0.00577673187890418","-0.000388433330188804","0.0080538636334222","0.00991898336920221","-0.000388433330188804"
"4","30","0.527","0.00495131904033845","-0.00135739946025396","0.00574518598583946","0.00770488517408286","-0.00135739946025396"
"4","30","0.528","0.00395050325632515","-0.00227827903771813","0.00323298226048827","0.00559009889434644","-0.00227827903771813"
"4","30","0.529","0.0028097389249622","-0.003118449444452","0.000606248526779635","0.00424109620738237","-0.003118449444452"
"4","30","0.53","0.00156943819140793","-0.00384814722493612","-0.0020419618632307","0.00463044075141039","-0.00384814722493612"
"4","30","0.531","0.000273539327491214","-0.00444152247151149","-0.00461783473623107","0.00641298240132999","-0.00444152247151149"
"4","30","0.532","-0.00103204980347299","-0.00487755457024533","-0.0070301185115132","0.00861848198167695","-0.00487755457024533"
"4","30","0.533","-0.00230107805562826","-0.00514079686665935","-0.00919335683371108","0.0107814916646209","-0.00514079686665935"
"4","30","0.534","-0.0034885894704774","-0.00522192387116562","-0.0110309159067945","0.0126932994588699","-0.00522192387116562"
"4","30","0.535","-0.00455251586412443","-0.00511806161918422","-0.0124776992844981","0.014234217044335","-0.00511806161918422"
"4","30","0.536","-0.00545516711366157","-0.00483288948277137","-0.0134824539443834","0.0153261943532332","-0.00483288948277137"
"4","30","0.537","-0.00616456634856393","-0.00437650982702995","-0.0140095859517109","0.0159193032218848","-0.00437650982702995"
"4","30","0.538","-0.00665558274726939","-0.00376509012878926","-0.0140404213923234","0.015987686457323","-0.00376509012878926"
"4","30","0.539","-0.00691082180906111","-0.00302029023567836","-0.0135738679053643","0.0155284094838012","-0.00302029023567836"
"4","30","0.54","-0.00692124156292763","-0.00216849505522514","-0.012626453380706","0.0145613625925624","-0.00216849505522514"
"4","30","0.541","-0.0066864728838935","-0.00123987985635329","-0.0112317404502109","0.0131300500846774","-0.00123987985635329"
"4","30","0.542","-0.00621483256945573","-0.000267341295437237","-0.00943913751476583","0.0113045536071653","-0.000267341295437237"
"4","30","0.543","-0.00552302871288608","0.00071466796415071","-0.00731214842704785","0.00919141507503201","0.00071466796415071"
"4","30","0.544","-0.00463556881069716","0.00167135975481625","-0.00492612283588386","0.00696768453813347","0.00167135975481625"
"4","30","0.545","-0.00358389157236072","0.00256884279292327","-0.00236558688737667","0.00500392180383752","0.00256884279292327"
"4","30","0.546","-0.00240525318835071","0.00337532329441338","0.000278751155961719","0.00415400438719446","0.00337532329441338"
"4","30","0.547","-0.00114140751102205","0.00406223128545641","0.00291321430063103","0.0051275093061017","0.00406223128545641"
"4","30","0.548","0.000162873096424768","0.00460523270801666","0.0054444753763388","0.00713281207267407","0.00460523270801666"
"4","30","0.549","0.00146138384323156","0.00498509146599063","0.00778286319753674","0.0093573361173532","0.00498509146599063"
"4","30","0.55","0.00270812433882983","0.00518835087350134","0.00984553920987307","0.0114537140070054","0.00518835087350134"
"4","30","0.551","0.00385892817960955","0.00520781036470419","0.0115594320872786","0.0132526633425327","0.00520781036470419"
"4","30","0.552","0.00487302756578644","0.00504278057742196","0.0128638263201226","0.0146510771345734","0.00504278057742196"
"4","30","0.553","0.00571449752103346","0.00469910777414349","0.0137125130924107","0.015581081833443","0.00469910777414349"
"4","30","0.554","0.00635352855267723","0.0041889667352605","0.0140754272521279","0.0160010130838253","0.0041889667352605"
"4","30","0.555","0.00676748266783763","0.00353042946140245","0.013939712384238","0.0158927132735949","0.00353042946140245"
"4","30","0.556","0.00694169533561134","0.00274682496380459","0.0133101762555957","0.0152608313492172","0.00274682496380459"
"4","30","0.557","0.00686999498539002","0.0018659128224547","0.0122091204974087","0.0141329786344044","0.0018659128224547"
"4","30","0.558","0.00655492163782594","0.000918899789132283","0.0106755505588342","0.0125610013229332","0.000918899789132283"
"4","30","0.559","0.00600763692333402","-6.06657273309308E-05","0.00876379391949579","0.0106254160199246","-6.06657273309308E-05"
"4","30","0.56","0.00524752867576997","-0.00103808213015892","0.00654157551143462","0.0084502296941435","-0.00103808213015892"
"4","30","0.561","0.00430152410875006","-0.00197872395599785","0.00408761852962668","0.00625516453787949","-0.00197872395599785"
"4","30","0.562","0.0032031359056845","-0.00284926849921739","0.00148885562355445","0.00453818264051894","-0.00284926849921739"
"4","30","0.563","0.00199127501626037","-0.00361887628537029","-0.00116265073523998","0.00429106029919789","-0.00361887628537029"
"4","30","0.564","0.000708872216649747","-0.00426028357494989","-0.00377296961210759","0.00573478993969379","-0.00426028357494989"
"4","30","0.565","-0.000598642734638801","-0.00475076819495398","-0.00624962915948031","0.00787312112169937","-0.00475076819495398"
"4","30","0.566","-0.00188495046860375","-0.00507295448319135","-0.00850489247817175","0.0100807292158297","-0.00507295448319135"
"4","30","0.567","-0.00310448289249027","-0.00521542882977765","-0.0104588657407726","0.0120924102019302","-0.00521542882977765"
"4","30","0.568","-0.00421403746219336","-0.0051731440099555","-0.0120423284703163","0.0137672512023097","-0.0051731440099555"
"4","30","0.569","-0.00517430765392088","-0.00494759798454791","-0.0131991857101849","0.0150156814339568","-0.00494759798454791"
"4","30","0.57","-0.00595127541739541","-0.0045467808339492","-0.0138884552159136","0.0157791027416042","-0.0045467808339492"
"4","30","0.571","-0.00651741628224419","-0.00398489170554383","-0.0140857192716317","0.0160238436181894","-0.00398489170554383"
"4","30","0.572","-0.00685267442608468","-0.00328183580183122","-0.0137839896998208","0.0157393762603498","-0.00328183580183122"
"4","30","0.573","-0.00694517316203085","-0.00246251922870365","-0.0129939554209873","0.0149379486103325","-0.00246251922870365"
"4","30","0.574","-0.00679163567624723","-0.00155596668422851","-0.0117436037933248","0.0136550202319841","-0.00155596668422851"
"4","30","0.575","-0.0063975011107127","-0.00059429324424888","-0.0100772291465967","0.0119512238785301","-0.00059429324424888"
"4","30","0.576","-0.00577673187890414","0.000388433330188858","-0.00805386363342209","0.0099189833692021","0.000388433330188858"
"4","30","0.577","-0.00495131904033853","0.00135739946025387","-0.00574518598583969","0.00770488517408307","0.00135739946025387"
"4","30","0.578","-0.00395050325632517","0.00227827903771811","-0.00323298226048832","0.00559009889434648","0.00227827903771811"
"4","30","0.579","-0.00280973892496231","0.00311844944445192","-0.00060624852677989","0.00424109620738243","0.00311844944445192"
"4","30","0.58","-0.00156943819140806","0.00384814722493606","0.00204196186323045","0.00463044075141027","0.00384814722493606"
"4","30","0.581","-0.00027353932749124","0.00444152247151148","0.00461783473623102","0.00641298240132995","0.00444152247151148"
"4","30","0.582","0.00103204980347287","0.00487755457024529","0.00703011851151298","0.00861848198167674","0.00487755457024529"
"4","30","0.583","0.00230107805562814","0.00514079686665933","0.00919335683371088","0.0107814916646207","0.00514079686665933"
"4","30","0.584","0.00348858947047738","0.00522192387116562","0.0110309159067945","0.0126932994588699","0.00522192387116562"
"4","30","0.585","0.00455251586412433","0.00511806161918424","0.012477699284498","0.0142342170443349","0.00511806161918424"
"4","30","0.586","0.00545516711366149","0.0048328894827714","0.0134824539443833","0.0153261943532331","0.0048328894827714"
"4","30","0.587","0.00616456634856392","0.00437650982702996","0.0140095859517109","0.0159193032218848","0.00437650982702996"
"4","30","0.588","0.00665558274726935","0.00376509012878933","0.0140404213923234","0.015987686457323","0.00376509012878933"
"4","30","0.589","0.0069108218090611","0.00302029023567844","0.0135738679053644","0.0155284094838013","0.00302029023567844"
"4","30","0.59","0.00692124156292763","0.00216849505522516","0.012626453380706","0.0145613625925624","0.00216849505522516"
"4","30","0.591","0.00668647288389353","0.00123987985635338","0.011231740450211","0.0131300500846776","0.00123987985635338"
"4","30","0.592","0.00621483256945579","0.000267341295437331","0.00943913751476603","0.0113045536071655","0.000267341295437331"
"4","30","0.593","0.0055230287128861","-0.00071466796415069","0.0073121484270479","0.00919141507503206","-0.00071466796415069"
"4","30","0.594","0.00463556881069725","-0.00167135975481616","0.0049261228358841","0.00696768453813368","-0.00167135975481616"
"4","30","0.595","0.00358389157236083","-0.00256884279292319","0.00236558688737693","0.00500392180383767","-0.00256884279292319"
"4","30","0.596","0.00240525318835074","-0.00337532329441336","-0.000278751155961664","0.00415400438719446","-0.00337532329441336"
"4","30","0.597","0.00114140751102217","-0.00406223128545635","-0.00291321430063078","0.00512750930610154","-0.00406223128545635"
"4","30","0.598","-0.000162873096424642","-0.00460523270801661","-0.00544447537633857","0.00713281207267386","-0.00460523270801661"
"4","30","0.599","-0.00146138384323153","-0.00498509146599063","-0.0077828631975367","0.00935733611735316","-0.00498509146599063"
"4","30","0.6","-0.00270812433882971","-0.00518835087350132","-0.00984553920987289","0.0114537140070053","-0.00518835087350132"
"4","30","0.601","-0.00385892817960945","-0.00520781036470419","-0.0115594320872784","0.0132526633425326","-0.00520781036470419"
"4","30","0.602","-0.00487302756578642","-0.00504278057742197","-0.0128638263201226","0.0146510771345733","-0.00504278057742197"
"4","30","0.603","-0.00571449752103339","-0.00469910777414353","-0.0137125130924107","0.015581081833443","-0.00469910777414353"
"4","30","0.604","-0.00635352855267718","-0.00418896673526055","-0.0140754272521279","0.0160010130838253","-0.00418896673526055"
"4","30","0.605","-0.00676748266783763","-0.00353042946140246","-0.013939712384238","0.0158927132735949","-0.00353042946140246"
"4","30","0.606","-0.00694169533561134","-0.00274682496380467","-0.0133101762555957","0.0152608313492173","-0.00274682496380467"
"4","30","0.607","-0.00686999498539004","-0.00186591282245479","-0.0122091204974089","0.0141329786344045","-0.00186591282245479"
"4","30","0.608","-0.00655492163782595","-0.000918899789132303","-0.0106755505588342","0.0125610013229333","-0.000918899789132303"
"4","30","0.609","-0.00600763692333408","6.06657273308362E-05","-0.00876379391949599","0.0106254160199248","6.06657273308362E-05"
"4","30","0.61","-0.00524752867577005","0.00103808213015883","-0.00654157551143484","0.00845022969414371","0.00103808213015883"
"4","30","0.611","-0.00430152410875009","0.00197872395599783","-0.00408761852962673","0.00625516453787954","0.00197872395599783"
"4","30","0.612","-0.00320313590568461","0.00284926849921731","-0.00148885562355471","0.00453818264051905","0.00284926849921731"
"4","30","0.613","-0.00199127501626049","0.00361887628537022","0.00116265073523973","0.00429106029919782","0.00361887628537022"
"4","30","0.614","-0.000708872216649775","0.00426028357494988","0.00377296961210754","0.00573478993969375","0.00426028357494988"
"4","30","0.615","0.000598642734638675","0.00475076819495394","0.00624962915948008","0.00787312112169915","0.00475076819495394"
"4","30","0.616","0.00188495046860363","0.00507295448319133","0.00850489247817155","0.0100807292158295","0.00507295448319133"
"4","30","0.617","0.00310448289249025","0.00521542882977765","0.0104588657407725","0.0120924102019302","0.00521542882977765"
"4","30","0.618","0.00421403746219326","0.00517314400995552","0.0120423284703161","0.0137672512023095","0.00517314400995552"
"4","30","0.619","0.0051743076539208","0.00494759798454794","0.0131991857101848","0.0150156814339567","0.00494759798454794"
"4","30","0.62","0.00595127541739534","0.00454678083394925","0.0138884552159136","0.0157791027416042","0.00454678083394925"
"4","30","0.621","0.00651741628224415","0.00398489170554389","0.0140857192716317","0.0160238436181894","0.00398489170554389"
"4","30","0.622","0.00685267442608466","0.00328183580183129","0.0137839896998208","0.0157393762603498","0.00328183580183129"
"4","30","0.623","0.00694517316203085","0.00246251922870373","0.0129939554209874","0.0149379486103326","0.00246251922870373"
"4","30","0.624","0.00679163567624725","0.0015559666842286","0.0117436037933249","0.0136550202319843","0.0015559666842286"
"4","30","0.625","0.00639750111071271","0.0005942932442489","0.0100772291465968","0.0119512238785302","0.0005942932442489"
"4","30","0.626","0.00577673187890421","-0.000388433330188763","0.0080538636334223","0.0099189833692023","-0.000388433330188763"
"4","30","0.627","0.00495131904033848","-0.00135739946025392","0.00574518598583956","0.00770488517408295","-0.00135739946025392"
"4","30","0.628","0.00395050325632511","-0.00227827903771816","0.00323298226048818","0.00559009889434638","-0.00227827903771816"
"4","30","0.629","0.00280973892496225","-0.00311844944445196","0.000606248526779744","0.0042410962073824","-0.00311844944445196"
"4","30","0.63","0.00156943819140799","-0.0038481472249361","-0.00204196186323059","0.00463044075141034","-0.0038481472249361"
"4","30","0.631","0.000273539327491169","-0.0044415224715115","-0.00461783473623116","0.00641298240133006","-0.0044415224715115"
"4","30","0.632","-0.00103204980347294","-0.00487755457024531","-0.00703011851151311","0.00861848198167686","-0.00487755457024531"
"4","30","0.633","-0.00230107805562821","-0.00514079686665934","-0.00919335683371099","0.0107814916646208","-0.00514079686665934"
"4","30","0.634","-0.00348858947047744","-0.00522192387116562","-0.0110309159067946","0.01269329945887","-0.00522192387116562"
"4","30","0.635","-0.00455251586412439","-0.00511806161918423","-0.0124776992844981","0.0142342170443349","-0.00511806161918423"
"4","30","0.636","-0.00545516711366153","-0.00483288948277138","-0.0134824539443834","0.0153261943532331","-0.00483288948277138"
"4","30","0.637","-0.00616456634856395","-0.00437650982702993","-0.0140095859517109","0.0159193032218848","-0.00437650982702993"
"4","30","0.638","-0.00665558274726937","-0.00376509012878929","-0.0140404213923234","0.015987686457323","-0.00376509012878929"
"4","30","0.639","-0.00691082180906111","-0.00302029023567839","-0.0135738679053643","0.0155284094838012","-0.00302029023567839"
"4","30","0.64","-0.00692124156292762","-0.00216849505522511","-0.0126264533807059","0.0145613625925623","-0.00216849505522511"
"4","30","0.641","-0.00668647288389351","-0.00123987985635333","-0.011231740450211","0.0131300500846775","-0.00123987985635333"
"4","30","0.642","-0.00621483256945576","-0.000267341295437277","-0.00943913751476592","0.0113045536071654","-0.000267341295437277"
"4","30","0.643","-0.00552302871288606","0.000714667964150743","-0.00731214842704777","0.00919141507503194","0.000714667964150743"
"4","30","0.644","-0.0046355688106972","0.00167135975481621","-0.00492612283588397","0.00696768453813356","0.00167135975481621"
"4","30","0.645","-0.00358389157236077","0.00256884279292324","-0.00236558688737678","0.00500392180383759","0.00256884279292324"
"4","30","0.646","-0.00240525318835067","0.0033753232944134","0.000278751155961808","0.00415400438719446","0.0033753232944134"
"4","30","0.647","-0.0011414075110221","0.00406223128545638","0.00291321430063092","0.00512750930610163","0.00406223128545638"
"4","30","0.648","0.000162873096424714","0.00460523270801664","0.0054444753763387","0.00713281207267398","0.00460523270801664"
"4","30","0.649","0.0014613838432316","0.00498509146599064","0.00778286319753682","0.00935733611735328","0.00498509146599064"
"4","30","0.65","0.00270812433882978","0.00518835087350133","0.00984553920987299","0.0114537140070054","0.00518835087350133"
"4","30","0.651","0.00385892817960951","0.00520781036470419","0.0115594320872785","0.0132526633425326","0.00520781036470419"
"4","30","0.652","0.00487302756578647","0.00504278057742196","0.0128638263201227","0.0146510771345734","0.00504278057742196"
"4","30","0.653","0.00571449752103343","0.00469910777414351","0.0137125130924107","0.015581081833443","0.00469910777414351"
"4","30","0.654","0.00635352855267721","0.00418896673526052","0.0140754272521279","0.0160010130838253","0.00418896673526052"
"4","30","0.655","0.00676748266783764","0.00353042946140242","0.013939712384238","0.0158927132735949","0.00353042946140242"
"4","30","0.656","0.00694169533561134","0.00274682496380463","0.0133101762555957","0.0152608313492172","0.00274682496380463"
"4","30","0.657","0.00686999498539003","0.00186591282245474","0.0122091204974088","0.0141329786344044","0.00186591282245474"
"4","30","0.658","0.00655492163782593","0.00091889978913225","0.0106755505588341","0.0125610013229332","0.00091889978913225"
"4","30","0.659","0.00600763692333405","-6.066572733089E-05","0.00876379391949588","0.0106254160199247","-6.066572733089E-05"
"4","30","0.66","0.00524752867577","-0.00103808213015888","0.00654157551143472","0.00845022969414359","-0.00103808213015888"
"4","30","0.661","0.00430152410875003","-0.00197872395599788","0.00408761852962659","0.00625516453787942","-0.00197872395599788"
"4","30","0.662","0.00320313590568455","-0.00284926849921735","0.00148885562355456","0.00453818264051899","-0.00284926849921735"
"4","30","0.663","0.00199127501626042","-0.00361887628537026","-0.00116265073523987","0.00429106029919786","-0.00361887628537026"
"4","30","0.664","0.000708872216649704","-0.00426028357494991","-0.00377296961210768","0.00573478993969385","-0.00426028357494991"
"4","30","0.665","-0.000598642734638746","-0.00475076819495396","-0.00624962915948022","0.00787312112169928","-0.00475076819495396"
"4","30","0.666","-0.0018849504686037","-0.00507295448319134","-0.00850489247817166","0.0100807292158296","-0.00507295448319134"
"4","30","0.667","-0.00310448289249031","-0.00521542882977765","-0.0104588657407726","0.0120924102019303","-0.00521542882977765"
"4","30","0.668","-0.00421403746219332","-0.00517314400995551","-0.0120423284703162","0.0137672512023096","-0.00517314400995551"
"4","30","0.669","-0.00517430765392085","-0.00494759798454792","-0.0131991857101849","0.0150156814339568","-0.00494759798454792"
"4","30","0.67","-0.00595127541739538","-0.00454678083394922","-0.0138884552159136","0.0157791027416042","-0.00454678083394922"
"4","30","0.671","-0.00651741628224417","-0.00398489170554386","-0.0140857192716317","0.0160238436181894","-0.00398489170554386"
"4","30","0.672","-0.00685267442608467","-0.00328183580183125","-0.0137839896998208","0.0157393762603498","-0.00328183580183125"
"4","30","0.673","-0.00694517316203085","-0.00246251922870368","-0.0129939554209873","0.0149379486103325","-0.00246251922870368"
"4","30","0.674","-0.00679163567624724","-0.00155596668422855","-0.0117436037933248","0.0136550202319842","-0.00155596668422855"
"4","30","0.675","-0.00639750111071272","-0.00059429324424892","-0.0100772291465968","0.0119512238785302","-0.00059429324424892"
"4","30","0.676","-0.00577673187890417","0.000388433330188817","-0.00805386363342218","0.00991898336920219","0.000388433330188817"
"4","30","0.677","-0.00495131904033843","0.00135739946025397","-0.00574518598583943","0.00770488517408283","0.00135739946025397"
"4","30","0.678","-0.00395050325632514","0.00227827903771814","-0.00323298226048824","0.00559009889434642","0.00227827903771814"
"4","30","0.679","-0.00280973892496218","0.00311844944445201","-0.0006062485267796","0.00424109620738237","0.00311844944445201"
"4","30","0.68","-0.00156943819140801","0.00384814722493608","0.00204196186323054","0.00463044075141031","0.00384814722493608"
"4","30","0.681","-0.000273539327491197","0.00444152247151149","0.00461783473623111","0.00641298240133002","0.00444152247151149"
"4","30","0.682","0.00103204980347301","0.00487755457024533","0.00703011851151323","0.00861848198167698","0.00487755457024533"
"4","30","0.683","0.00230107805562818","0.00514079686665934","0.00919335683371095","0.0107814916646208","0.00514079686665934"
"4","30","0.684","0.00348858947047742","0.00522192387116562","0.0110309159067945","0.01269329945887","0.00522192387116562"
"4","30","0.685","0.00455251586412444","0.00511806161918422","0.0124776992844982","0.014234217044335","0.00511806161918422"
"4","30","0.686","0.00545516711366151","0.00483288948277139","0.0134824539443833","0.0153261943532331","0.00483288948277139"
"4","30","0.687","0.00616456634856394","0.00437650982702994","0.0140095859517109","0.0159193032218848","0.00437650982702994"
"4","30","0.688","0.00665558274726939","0.00376509012878926","0.0140404213923234","0.015987686457323","0.00376509012878926"
"4","30","0.689","0.0069108218090611","0.00302029023567841","0.0135738679053643","0.0155284094838013","0.00302029023567841"
"4","30","0.69","0.00692124156292763","0.00216849505522513","0.012626453380706","0.0145613625925623","0.00216849505522513"
"4","30","0.691","0.00668647288389349","0.00123987985635328","0.0112317404502109","0.0131300500846774","0.00123987985635328"
"4","30","0.692","0.00621483256945577","0.000267341295437298","0.00943913751476596","0.0113045536071654","0.000267341295437298"
"4","30","0.693","0.00552302871288607","-0.000714667964150723","0.00731214842704782","0.00919141507503199","-0.000714667964150723"
"4","30","0.694","0.00463556881069715","-0.00167135975481626","0.00492612283588383","0.00696768453813344","-0.00167135975481626"
"4","30","0.695","0.00358389157236062","-0.00256884279292335","0.00236558688737644","0.00500392180383738","-0.00256884279292335"
"4","30","0.696","0.00240525318835069","-0.00337532329441339","-0.000278751155961754","0.00415400438719446","-0.00337532329441339"
"4","30","0.697","0.00114140751102203","-0.00406223128545642","-0.00291321430063107","0.00512750930610172","-0.00406223128545642"
"4","30","0.698","-0.000162873096424884","-0.0046052327080167","-0.00544447537633902","0.00713281207267426","-0.0046052327080167"
"4","30","0.699","-0.00146138384323157","-0.00498509146599064","-0.00778286319753677","0.00935733611735323","-0.00498509146599064"
"4","30","0.7","-0.00270812433882984","-0.00518835087350134","-0.0098455392098731","0.0114537140070055","-0.00518835087350134"
"4","30","0.701","-0.00385892817960965","-0.00520781036470418","-0.0115594320872787","0.0132526633425329","-0.00520781036470418"
"4","30","0.702","-0.00487302756578645","-0.00504278057742196","-0.0128638263201226","0.0146510771345734","-0.00504278057742196"
"4","30","0.703","-0.00571449752103347","-0.00469910777414349","-0.0137125130924107","0.0155810818334431","-0.00469910777414349"
"4","30","0.704","-0.0063535285526772","-0.00418896673526053","-0.0140754272521279","0.0160010130838253","-0.00418896673526053"
"4","30","0.705","-0.00676748266783759","-0.00353042946140255","-0.013939712384238","0.0158927132735949","-0.00353042946140255"
"4","30","0.706","-0.00694169533561134","-0.00274682496380471","-0.0133101762555958","0.0152608313492173","-0.00274682496380471"
"4","30","0.707","-0.00686999498539003","-0.00186591282245476","-0.0122091204974088","0.0141329786344045","-0.00186591282245476"
"4","30","0.708","-0.006554921637826","-0.000918899789132416","-0.0106755505588344","0.0125610013229335","-0.000918899789132416"
"4","30","0.709","-0.00600763692333411","6.06657273307952E-05","-0.00876379391949608","0.0106254160199249","6.06657273307952E-05"
"4","30","0.71","-0.00524752867577002","0.00103808213015886","-0.00654157551143477","0.00845022969414364","0.00103808213015886"
"4","30","0.711","-0.00430152410875021","0.00197872395599772","-0.00408761852962702","0.00625516453787978","0.00197872395599772"
"4","30","0.712","-0.00320313590568466","0.00284926849921727","-0.00148885562355482","0.0045381826405191","0.00284926849921727"
"4","30","0.713","-0.00199127501626045","0.00361887628537025","0.00116265073523982","0.00429106029919784","0.00361887628537025"
"4","30","0.714","-0.000708872216649927","0.00426028357494981","0.00377296961210724","0.00573478993969352","0.00426028357494981"
"4","30","0.715","0.000598642734638621","0.00475076819495392","0.00624962915947999","0.00787312112169906","0.00475076819495392"
"4","30","0.716","0.00188495046860368","0.00507295448319134","0.00850489247817162","0.0100807292158296","0.00507295448319134"
"4","30","0.717","0.00310448289249011","0.00521542882977764","0.0104588657407723","0.01209241020193","0.00521542882977764"
"4","30","0.718","0.00421403746219322","0.00517314400995552","0.0120423284703161","0.0137672512023095","0.00517314400995552"
"4","30","0.719","0.00517430765392083","0.00494759798454793","0.0131991857101849","0.0150156814339568","0.00494759798454793"
"4","30","0.72","0.00595127541739527","0.0045467808339493","0.0138884552159135","0.0157791027416041","0.0045467808339493"
"4","30","0.721","0.00651741628224413","0.00398489170554392","0.0140857192716317","0.0160238436181894","0.00398489170554392"
"4","30","0.722","0.00685267442608467","0.00328183580183126","0.0137839896998208","0.0157393762603498","0.00328183580183126"
"4","30","0.723","0.00694517316203086","0.00246251922870383","0.0129939554209875","0.0149379486103327","0.00246251922870383"
"4","30","0.724","0.00679163567624726","0.00155596668422864","0.011743603793325","0.0136550202319843","0.00155596668422864"
"4","30","0.725","0.00639750111071273","0.000594293244248941","0.0100772291465968","0.0119512238785302","0.000594293244248941"
"4","30","0.726","0.0057767318789043","-0.000388433330188648","0.00805386363342255","0.00991898336920256","-0.000388433330188648"
"4","30","0.727","0.00495131904033852","-0.00135739946025388","0.00574518598583966","0.00770488517408305","-0.00135739946025388"
"4","30","0.728","0.00395050325632516","-0.00227827903771812","0.00323298226048829","0.00559009889434646","-0.00227827903771812"
"4","30","0.729","0.00280973892496239","-0.00311844944445187","0.000606248526780055","0.00424109620738247","-0.00311844944445187"
"4","30","0.73","0.00156943819140804","-0.00384814722493607","-0.00204196186323048","0.00463044075141028","-0.00384814722493607"
"4","30","0.731","0.000273539327491224","-0.00444152247151148","-0.00461783473623105","0.00641298240132997","-0.00444152247151148"
"4","30","0.732","-0.00103204980347279","-0.00487755457024527","-0.00703011851151284","0.0086184819816766","-0.00487755457024527"
"4","30","0.733","-0.00230107805562815","-0.00514079686665933","-0.00919335683371091","0.0107814916646208","-0.00514079686665933"
"4","30","0.734","-0.0034885894704774","-0.00522192387116562","-0.0110309159067945","0.0126932994588699","-0.00522192387116562"
"4","30","0.735","-0.00455251586412427","-0.00511806161918425","-0.0124776992844979","0.0142342170443348","-0.00511806161918425"
"4","30","0.736","-0.0054551671136615","-0.0048328894827714","-0.0134824539443833","0.0153261943532331","-0.0048328894827714"
"4","30","0.737","-0.00616456634856393","-0.00437650982702995","-0.0140095859517109","0.0159193032218848","-0.00437650982702995"
"4","30","0.738","-0.00665558274726933","-0.00376509012878937","-0.0140404213923234","0.015987686457323","-0.00376509012878937"
"4","30","0.739","-0.0069108218090611","-0.00302029023567843","-0.0135738679053643","0.0155284094838013","-0.00302029023567843"
"4","30","0.74","-0.00692124156292763","-0.00216849505522515","-0.012626453380706","0.0145613625925624","-0.00216849505522515"
"4","30","0.741","-0.00668647288389356","-0.00123987985635344","-0.0112317404502111","0.0131300500846777","-0.00123987985635344"
"4","30","0.742","-0.00621483256945578","-0.000267341295437318","-0.009439137514766","0.0113045536071654","-0.000267341295437318"
"4","30","0.743","-0.00552302871288609","0.000714667964150702","-0.00731214842704787","0.00919141507503203","0.000714667964150702"
"4","30","0.744","-0.00463556881069731","0.0016713597548161","-0.00492612283588426","0.00696768453813381","0.0016713597548161"
"4","30","0.745","-0.00358389157236081","0.0025688427929232","-0.00236558688737689","0.00500392180383765","0.0025688427929232"
"4","30","0.746","-0.00240525318835072","0.00337532329441337","0.000278751155961698","0.00415400438719446","0.00337532329441337"
"4","30","0.747","-0.00114140751102225","0.00406223128545631","0.00291321430063062","0.00512750930610143","0.00406223128545631"
"4","30","0.748","0.000162873096424659","0.00460523270801662","0.0054444753763386","0.00713281207267389","0.00460523270801662"
"4","30","0.749","0.00146138384323155","0.00498509146599063","0.00778286319753673","0.00935733611735319","0.00498509146599063"
"4","30","0.75","0.00270812433882964","0.00518835087350132","0.00984553920987277","0.0114537140070051","0.00518835087350132"
"4","30","0.751","0.00385892817960946","0.00520781036470419","0.0115594320872784","0.0132526633425326","0.00520781036470419"
"4","30","0.752","0.00487302756578643","0.00504278057742197","0.0128638263201226","0.0146510771345734","0.00504278057742197"
"4","30","0.753","0.00571449752103345","0.00469910777414349","0.0137125130924107","0.015581081833443","0.00469910777414349"
"4","30","0.754","0.00635352855267719","0.00418896673526055","0.0140754272521279","0.0160010130838253","0.00418896673526055"
"4","30","0.755","0.00676748266783763","0.00353042946140245","0.013939712384238","0.0158927132735949","0.00353042946140245"
"4","30","0.756","0.00694169533561134","0.0027468249638046","0.0133101762555957","0.0152608313492172","0.0027468249638046"
"4","30","0.757","0.00686999498539003","0.00186591282245478","0.0122091204974088","0.0141329786344045","0.00186591282245478"
"4","30","0.758","0.00655492163782595","0.00091889978913229","0.0106755505588342","0.0125610013229333","0.00091889978913229"
"4","30","0.759","0.00600763692333403","-6.06657273309231E-05","0.00876379391949581","0.0106254160199246","-6.06657273309231E-05"
"4","30","0.76","0.00524752867577004","-0.00103808213015884","0.00654157551143481","0.00845022969414368","-0.00103808213015884"
"4","30","0.761","0.00430152410875007","-0.00197872395599784","0.00408761852962669","0.00625516453787951","-0.00197872395599784"
"4","30","0.762","0.00320313590568451","-0.00284926849921738","0.00148885562355447","0.00453818264051895","-0.00284926849921738"
"4","30","0.763","0.00199127501626047","-0.00361887628537023","-0.00116265073523976","0.00429106029919783","-0.00361887628537023"
"4","30","0.764","0.000708872216649758","-0.00426028357494988","-0.00377296961210757","0.00573478993969377","-0.00426028357494988"
"4","30","0.765","-0.000598642734638791","-0.00475076819495398","-0.0062496291594803","0.00787312112169935","-0.00475076819495398"
"4","30","0.766","-0.00188495046860365","-0.00507295448319133","-0.00850489247817158","0.0100807292158296","-0.00507295448319133"
"4","30","0.767","-0.00310448289249026","-0.00521542882977765","-0.0104588657407726","0.0120924102019302","-0.00521542882977765"
"4","30","0.768","-0.00421403746219335","-0.0051731440099555","-0.0120423284703163","0.0137672512023097","-0.0051731440099555"
"4","30","0.769","-0.00517430765392081","-0.00494759798454793","-0.0131991857101848","0.0150156814339568","-0.00494759798454793"
"4","30","0.77","-0.00595127541739535","-0.00454678083394924","-0.0138884552159136","0.0157791027416042","-0.00454678083394924"
"4","30","0.771","-0.00651741628224419","-0.00398489170554384","-0.0140857192716317","0.0160238436181894","-0.00398489170554384"
"4","30","0.772","-0.00685267442608466","-0.00328183580183128","-0.0137839896998208","0.0157393762603498","-0.00328183580183128"
"4","30","0.773","-0.00694517316203085","-0.00246251922870372","-0.0129939554209874","0.0149379486103326","-0.00246251922870372"
"4","30","0.774","-0.00679163567624723","-0.00155596668422852","-0.0117436037933248","0.0136550202319841","-0.00155596668422852"
"4","30","0.775","-0.00639750111071274","-0.000594293244248961","-0.0100772291465969","0.0119512238785303","-0.000594293244248961"
"4","30","0.776","-0.0057767318789042","0.000388433330188776","-0.00805386363342227","0.00991898336920228","0.000388433330188776"
"4","30","0.777","-0.0049513190403384","0.001357399460254","-0.00574518598583934","0.00770488517408276","0.001357399460254"
"4","30","0.778","-0.00395050325632518","0.00227827903771811","-0.00323298226048834","0.0055900988943465","0.00227827903771811"
"4","30","0.779","-0.00280973892496223","0.00311844944445197","-0.000606248526779709","0.00424109620738239","0.00311844944445197"
"4","30","0.78","-0.00156943819140787","0.00384814722493616","0.00204196186323083","0.00463044075141045","0.00384814722493616"
"4","30","0.781","-0.000273539327491251","0.00444152247151147","0.004617834736231","0.00641298240132993","0.00444152247151147"
"4","30","0.782","0.00103204980347296","0.00487755457024532","0.00703011851151314","0.00861848198167689","0.00487755457024532"
"4","30","0.783","0.00230107805562832","0.00514079686665936","0.00919335683371117","0.010781491664621","0.00514079686665936"
"4","30","0.784","0.00348858947047737","0.00522192387116562","0.0110309159067945","0.0126932994588699","0.00522192387116562"
"4","30","0.785","0.0045525158641244","0.00511806161918423","0.0124776992844981","0.0142342170443349","0.00511806161918423"
"4","30","0.786","0.0054551671136616","0.00483288948277135","0.0134824539443834","0.0153261943532332","0.00483288948277135"
"4","30","0.787","0.00616456634856392","0.00437650982702997","0.0140095859517109","0.0159193032218848","0.00437650982702997"
"4","30","0.788","0.00665558274726938","0.00376509012878929","0.0140404213923234","0.015987686457323","0.00376509012878929"
"4","30","0.789","0.00691082180906112","0.00302029023567832","0.0135738679053643","0.0155284094838012","0.00302029023567832"
"4","30","0.79","0.00692124156292763","0.00216849505522517","0.012626453380706","0.0145613625925624","0.00216849505522517"
"4","30","0.791","0.00668647288389351","0.00123987985635332","0.0112317404502109","0.0131300500846775","0.00123987985635332"
"4","30","0.792","0.00621483256945571","0.00026734129543719","0.00943913751476574","0.0113045536071652","0.00026734129543719"
"4","30","0.793","0.00552302871288611","-0.000714667964150682","0.00731214842704792","0.00919141507503208","-0.000714667964150682"
"4","30","0.794","0.00463556881069719","-0.00167135975481622","0.00492612283588394","0.00696768453813353","-0.00167135975481622"
"4","30","0.795","0.00358389157236067","-0.00256884279292331","0.00236558688737655","0.00500392180383744","-0.00256884279292331"
"4","30","0.796","0.00240525318835075","-0.00337532329441335","-0.000278751155961643","0.00415400438719446","-0.00337532329441335"
"4","30","0.797","0.00114140751102209","-0.00406223128545639","-0.00291321430063096","0.00512750930610165","-0.00406223128545639"
"4","30","0.798","-0.00016287309642483","-0.00460523270801668","-0.00544447537633892","0.00713281207267417","-0.00460523270801668"
"4","30","0.799","-0.00146138384323152","-0.00498509146599063","-0.00778286319753668","0.00935733611735314","-0.00498509146599063"
"4","30","0.8","-0.00270812433882979","-0.00518835087350133","-0.00984553920987302","0.0114537140070054","-0.00518835087350133"
"4","30","0.801","-0.0038589281796096","-0.00520781036470418","-0.0115594320872786","0.0132526633425328","-0.00520781036470418"
"4","30","0.802","-0.00487302756578641","-0.00504278057742197","-0.0128638263201226","0.0146510771345733","-0.00504278057742197"
"4","30","0.803","-0.00571449752103344","-0.0046991077741435","-0.0137125130924107","0.015581081833443","-0.0046991077741435"
"4","30","0.804","-0.00635352855267725","-0.00418896673526047","-0.0140754272521279","0.0160010130838253","-0.00418896673526047"
"4","30","0.805","-0.00676748266783762","-0.00353042946140247","-0.013939712384238","0.0158927132735949","-0.00353042946140247"
"4","30","0.806","-0.00694169533561134","-0.00274682496380462","-0.0133101762555957","0.0152608313492172","-0.00274682496380462"
"4","30","0.807","-0.00686999498539001","-0.00186591282245466","-0.0122091204974087","0.0141329786344043","-0.00186591282245466"
"4","30","0.808","-0.00655492163782596","-0.00091889978913231","-0.0106755505588342","0.0125610013229333","-0.00091889978913231"
"4","30","0.809","-0.00600763692333404","6.06657273309028E-05","-0.00876379391949585","0.0106254160199247","6.06657273309028E-05"
"4","30","0.81","-0.00524752867576993","0.00103808213015897","-0.00654157551143451","0.00845022969414339","0.00103808213015897"
"4","30","0.811","-0.00430152410875009","0.00197872395599782","-0.00408761852962675","0.00625516453787955","0.00197872395599782"
"4","30","0.812","-0.00320313590568453","0.00284926849921736","-0.00148885562355453","0.00453818264051897","0.00284926849921736"
"4","30","0.813","-0.00199127501626031","0.00361887628537033","0.00116265073524011","0.00429106029919792","0.00361887628537033"
"4","30","0.814","-0.000708872216649785","0.00426028357494987","0.00377296961210752","0.00573478993969373","0.00426028357494987"
"4","30","0.815","0.000598642734638763","0.00475076819495397","0.00624962915948025","0.0078731211216993","0.00475076819495397"
"4","30","0.816","0.00188495046860381","0.00507295448319136","0.00850489247817185","0.0100807292158298","0.00507295448319136"
"4","30","0.817","0.00310448289249024","0.00521542882977765","0.0104588657407725","0.0120924102019302","0.00521542882977765"
"4","30","0.818","0.00421403746219333","0.00517314400995551","0.0120423284703162","0.0137672512023096","0.00517314400995551"
"4","30","0.819","0.00517430765392092","0.00494759798454789","0.013199185710185","0.0150156814339569","0.00494759798454789"
"4","30","0.82","0.00595127541739534","0.00454678083394925","0.0138884552159136","0.0157791027416042","0.00454678083394925"
"4","30","0.821","0.00651741628224418","0.00398489170554385","0.0140857192716317","0.0160238436181894","0.00398489170554385"
"4","30","0.822","0.00685267442608469","0.00328183580183118","0.0137839896998207","0.0157393762603497","0.00328183580183118"
"4","30","0.823","0.00694517316203085","0.00246251922870374","0.0129939554209874","0.0149379486103326","0.00246251922870374"
"4","30","0.824","0.00679163567624723","0.00155596668422854","0.0117436037933248","0.0136550202319842","0.00155596668422854"
"4","30","0.825","0.00639750111071267","0.000594293244248834","0.0100772291465966","0.01195122387853","0.000594293244248834"
"4","30","0.826","0.00577673187890422","-0.000388433330188755","0.00805386363342231","0.00991898336920232","-0.000388433330188755"
"4","30","0.827","0.00495131904033842","-0.00135739946025398","0.00574518598583939","0.0077048851740828","-0.00135739946025398"
"4","30","0.828","0.00395050325632504","-0.00227827903771822","0.00323298226048801","0.00559009889434625","-0.00227827903771822"
"4","30","0.829","0.00280973892496226","-0.00311844944445196","0.000606248526779767","0.00424109620738241","-0.00311844944445196"
"4","30","0.83","0.0015694381914079","-0.00384814722493614","-0.00204196186323077","0.00463044075141042","-0.00384814722493614"
"4","30","0.831","0.000273539327491081","-0.00444152247151154","-0.00461783473623133","0.0064129824013302","-0.00444152247151154"
"4","30","0.832","-0.00103204980347293","-0.00487755457024531","-0.00703011851151309","0.00861848198167684","-0.00487755457024531"
"4","30","0.833","-0.0023010780556281","-0.00514079686665933","-0.00919335683371082","0.0107814916646207","-0.00514079686665933"
"4","30","0.834","-0.00348858947047735","-0.00522192387116562","-0.0110309159067944","0.0126932994588698","-0.00522192387116562"
"4","30","0.835","-0.00455251586412438","-0.00511806161918423","-0.0124776992844981","0.0142342170443349","-0.00511806161918423"
"4","30","0.836","-0.00545516711366146","-0.00483288948277141","-0.0134824539443833","0.0153261943532331","-0.00483288948277141"
"4","30","0.837","-0.0061645663485639","-0.00437650982702998","-0.0140095859517109","0.0159193032218848","-0.00437650982702998"
"4","30","0.838","-0.00665558274726937","-0.0037650901287893","-0.0140404213923234","0.015987686457323","-0.0037650901287893"
"4","30","0.839","-0.00691082180906109","-0.00302029023567846","-0.0135738679053644","0.0155284094838013","-0.00302029023567846"
"4","30","0.84","-0.00692124156292763","-0.00216849505522518","-0.012626453380706","0.0145613625925624","-0.00216849505522518"
"4","30","0.841","-0.00668647288389352","-0.00123987985635334","-0.011231740450211","0.0131300500846775","-0.00123987985635334"
"4","30","0.842","-0.00621483256945581","-0.000267341295437359","-0.00943913751476608","0.0113045536071655","-0.000267341295437359"
"4","30","0.843","-0.00552302871288612","0.000714667964150662","-0.00731214842704796","0.00919141507503212","0.000714667964150662"
"4","30","0.844","-0.00463556881069721","0.0016713597548162","-0.00492612283588399","0.00696768453813358","0.0016713597548162"
"4","30","0.845","-0.00358389157236086","0.00256884279292317","-0.002365586887377","0.00500392180383772","0.00256884279292317"
"4","30","0.846","-0.00240525318835077","0.00337532329441334","0.000278751155961587","0.00415400438719446","0.00337532329441334"
"4","30","0.847","-0.00114140751102211","0.00406223128545638","0.00291321430063091","0.00512750930610162","0.00406223128545638"
"4","30","0.848","0.000162873096424605","0.0046052327080166","0.0054444753763385","0.0071328120726738","0.0046052327080166"
"4","30","0.849","0.00146138384323149","0.00498509146599062","0.00778286319753663","0.0093573361173531","0.00498509146599062"
"4","30","0.85","0.00270812433882977","0.00518835087350133","0.00984553920987298","0.0114537140070053","0.00518835087350133"
"4","30","0.851","0.00385892817960941","0.0052078103647042","0.0115594320872784","0.0132526633425325","0.0052078103647042"
"4","30","0.852","0.00487302756578639","0.00504278057742198","0.0128638263201226","0.0146510771345733","0.00504278057742198"
"4","30","0.853","0.00571449752103342","0.00469910777414351","0.0137125130924107","0.015581081833443","0.00469910777414351"
"4","30","0.854","0.00635352855267716","0.00418896673526057","0.0140754272521278","0.0160010130838253","0.00418896673526057"
"4","30","0.855","0.00676748266783762","0.00353042946140248","0.013939712384238","0.0158927132735949","0.00353042946140248"
"4","30","0.856","0.00694169533561134","0.00274682496380464","0.0133101762555957","0.0152608313492173","0.00274682496380464"
"4","30","0.857","0.00686999498539004","0.00186591282245482","0.0122091204974089","0.0141329786344046","0.00186591282245482"
"4","30","0.858","0.00655492163782596","0.000918899789132331","0.0106755505588343","0.0125610013229333","0.000918899789132331"
"4","30","0.859","0.00600763692333405","-6.06657273308823E-05","0.00876379391949589","0.0106254160199247","-6.06657273308823E-05"
"4","30","0.86","0.00524752867577007","-0.0010380821301588","0.00654157551143491","0.00845022969414378","-0.0010380821301588"
"4","30","0.861","0.00430152410875011","-0.0019787239559978","0.0040876185296268","0.00625516453787959","-0.0019787239559978"
"4","30","0.862","0.00320313590568456","-0.00284926849921734","0.00148885562355458","0.004538182640519","-0.00284926849921734"
"4","30","0.863","0.00199127501626052","-0.0036188762853702","-0.00116265073523965","0.0042910602991978","-0.0036188762853702"
"4","30","0.864","0.000708872216649812","-0.00426028357494986","-0.00377296961210747","0.00573478993969369","-0.00426028357494986"
"4","30","0.865","-0.000598642734638736","-0.00475076819495396","-0.0062496291594802","0.00787312112169926","-0.00475076819495396"
"4","30","0.866","-0.0018849504686036","-0.00507295448319132","-0.00850489247817149","0.0100807292158295","-0.00507295448319132"
"4","30","0.867","-0.00310448289249021","-0.00521542882977765","-0.0104588657407725","0.0120924102019302","-0.00521542882977765"
"4","30","0.868","-0.00421403746219331","-0.00517314400995551","-0.0120423284703162","0.0137672512023096","-0.00517314400995551"
"4","30","0.869","-0.00517430765392077","-0.00494759798454795","-0.0131991857101848","0.0150156814339567","-0.00494759798454795"
"4","30","0.87","-0.00595127541739533","-0.00454678083394926","-0.0138884552159136","0.0157791027416041","-0.00454678083394926"
"4","30","0.871","-0.00651741628224417","-0.00398489170554386","-0.0140857192716317","0.0160238436181894","-0.00398489170554386"
"4","30","0.872","-0.00685267442608465","-0.00328183580183131","-0.0137839896998208","0.0157393762603498","-0.00328183580183131"
"4","30","0.873","-0.00694517316203085","-0.00246251922870375","-0.0129939554209874","0.0149379486103326","-0.00246251922870375"
"4","30","0.874","-0.00679163567624724","-0.00155596668422856","-0.0117436037933249","0.0136550202319842","-0.00155596668422856"
"4","30","0.875","-0.00639750111071276","-0.000594293244249002","-0.010077229146597","0.0119512238785304","-0.000594293244249002"
"4","30","0.876","-0.00577673187890423","0.000388433330188735","-0.00805386363342236","0.00991898336920237","0.000388433330188735"
"4","30","0.877","-0.00495131904033844","0.00135739946025396","-0.00574518598583945","0.00770488517408285","0.00135739946025396"
"4","30","0.878","-0.00395050325632523","0.00227827903771807","-0.00323298226048845","0.00559009889434658","0.00227827903771807"
"4","30","0.879","-0.00280973892496228","0.00311844944445194","-0.000606248526779822","0.00424109620738242","0.00311844944445194"
"4","30","0.88","-0.00156943819140793","0.00384814722493613","0.00204196186323072","0.0046304407514104","0.00384814722493613"
"4","30","0.881","-0.000273539327491306","0.00444152247151145","0.0046178347362309","0.00641298240132984","0.00444152247151145"
"4","30","0.882","0.0010320498034729","0.0048775545702453","0.00703011851151304","0.0086184819816768","0.0048775545702453"
"4","30","0.883","0.00230107805562826","0.00514079686665935","0.00919335683371109","0.0107814916646209","0.00514079686665935"
"4","30","0.884","0.00348858947047733","0.00522192387116562","0.0110309159067944","0.0126932994588698","0.00522192387116562"
"4","30","0.885","0.00455251586412436","0.00511806161918423","0.0124776992844981","0.0142342170443349","0.00511806161918423"
"4","30","0.886","0.00545516711366157","0.00483288948277137","0.0134824539443834","0.0153261943532332","0.00483288948277137"
"4","30","0.887","0.00616456634856389","0.00437650982702999","0.0140095859517109","0.0159193032218848","0.00437650982702999"
"4","30","0.888","0.00665558274726936","0.00376509012878931","0.0140404213923234","0.015987686457323","0.00376509012878931"
"4","30","0.889","0.00691082180906111","0.00302029023567836","0.0135738679053643","0.0155284094838012","0.00302029023567836"
"4","30","0.89","0.00692124156292764","0.0021684950552252","0.0126264533807061","0.0145613625925624","0.0021684950552252"
"4","30","0.891","0.00668647288389352","0.00123987985635336","0.011231740450211","0.0131300500846775","0.00123987985635336"
"4","30","0.892","0.00621483256945573","0.000267341295437231","0.00943913751476582","0.0113045536071653","0.000267341295437231"
"4","30","0.893","0.00552302871288614","-0.000714667964150641","0.00731214842704801","0.00919141507503217","-0.000714667964150641"
"4","30","0.894","0.00463556881069723","-0.00167135975481618","0.00492612283588404","0.00696768453813362","-0.00167135975481618"
"4","30","0.895","0.00358389157236072","-0.00256884279292328","0.00236558688737666","0.00500392180383751","-0.00256884279292328"
"4","30","0.896","0.0024052531883508","-0.00337532329441332","-0.000278751155961533","0.00415400438719445","-0.00337532329441332"
"4","30","0.897","0.00114140751102214","-0.00406223128545636","-0.00291321430063085","0.00512750930610158","-0.00406223128545636"
"4","30","0.898","-0.000162873096424775","-0.00460523270801666","-0.00544447537633881","0.00713281207267408","-0.00460523270801666"
"4","30","0.899","-0.00146138384323147","-0.00498509146599061","-0.00778286319753659","0.00935733611735305","-0.00498509146599061"
"4","30","0.9","-0.00270812433882974","-0.00518835087350133","-0.00984553920987294","0.0114537140070053","-0.00518835087350133"
"4","30","0.901","-0.00385892817960956","-0.00520781036470419","-0.0115594320872786","0.0132526633425327","-0.00520781036470419"
"4","30","0.902","-0.00487302756578637","-0.00504278057742198","-0.0128638263201226","0.0146510771345733","-0.00504278057742198"
"4","30","0.903","-0.00571449752103341","-0.00469910777414352","-0.0137125130924107","0.015581081833443","-0.00469910777414352"
"4","30","0.904","-0.00635352855267723","-0.00418896673526049","-0.0140754272521279","0.0160010130838253","-0.00418896673526049"
"4","30","0.905","-0.00676748266783761","-0.0035304294614025","-0.013939712384238","0.0158927132735949","-0.0035304294614025"
"4","30","0.906","-0.00694169533561134","-0.00274682496380465","-0.0133101762555957","0.0152608313492173","-0.00274682496380465"
"4","30","0.907","-0.00686999498539002","-0.0018659128224547","-0.0122091204974087","0.0141329786344044","-0.0018659128224547"
"4","30","0.908","-0.00655492163782597","-0.000918899789132351","-0.0106755505588343","0.0125610013229334","-0.000918899789132351"
"4","30","0.909","-0.00600763692333407","6.06657273308618E-05","-0.00876379391949594","0.0106254160199247","6.06657273308618E-05"
"4","30","0.91","-0.00524752867576996","0.00103808213015893","-0.00654157551143461","0.00845022969414348","0.00103808213015893"
"4","30","0.911","-0.00430152410875014","0.00197872395599778","-0.00408761852962685","0.00625516453787964","0.00197872395599778"
"4","30","0.912","-0.00320313590568458","0.00284926849921733","-0.00148885562355464","0.00453818264051902","0.00284926849921733"
"4","30","0.913","-0.00199127501626036","0.0036188762853703","0.00116265073524","0.00429106029919789","0.0036188762853703"
"4","30","0.914","-0.000708872216649839","0.00426028357494985","0.00377296961210741","0.00573478993969365","0.00426028357494985"
"4","30","0.915","0.000598642734638709","0.00475076819495395","0.00624962915948015","0.00787312112169921","0.00475076819495395"
"4","30","0.916","0.00188495046860376","0.00507295448319135","0.00850489247817176","0.0100807292158297","0.00507295448319135"
"4","30","0.917","0.00310448289249019","0.00521542882977764","0.0104588657407724","0.0120924102019301","0.00521542882977764"
"4","30","0.918","0.00421403746219329","0.00517314400995551","0.0120423284703162","0.0137672512023096","0.00517314400995551"
"4","30","0.919","0.00517430765392089","0.00494759798454791","0.0131991857101849","0.0150156814339568","0.00494759798454791"
"4","30","0.92","0.00595127541739531","0.00454678083394927","0.0138884552159136","0.0157791027416041","0.00454678083394927"
"4","30","0.921","0.00651741628224416","0.00398489170554388","0.0140857192716317","0.0160238436181894","0.00398489170554388"
"4","30","0.922","0.00685267442608468","0.00328183580183121","0.0137839896998208","0.0157393762603498","0.00328183580183121"
"4","30","0.923","0.00694517316203085","0.00246251922870377","0.0129939554209874","0.0149379486103326","0.00246251922870377"
"4","30","0.924","0.00679163567624725","0.00155596668422858","0.0117436037933249","0.0136550202319842","0.00155596668422858"
"4","30","0.925","0.00639750111071269","0.000594293244248874","0.0100772291465967","0.0119512238785301","0.000594293244248874"
"4","30","0.926","0.00577673187890425","-0.000388433330188714","0.0080538636334224","0.00991898336920241","-0.000388433330188714"
"4","30","0.927","0.00495131904033846","-0.00135739946025394","0.0057451859858395","0.0077048851740829","-0.00135739946025394"
"4","30","0.928","0.00395050325632509","-0.00227827903771818","0.00323298226048812","0.00559009889434633","-0.00227827903771818"
"4","30","0.929","0.00280973892496231","-0.00311844944445192","0.000606248526779877","0.00424109620738243","-0.00311844944445192"
"4","30","0.93","0.00156943819140795","-0.00384814722493611","-0.00204196186323066","0.00463044075141037","-0.00384814722493611"
"4","30","0.931","0.000273539327491135","-0.00444152247151152","-0.00461783473623122","0.00641298240133012","-0.00444152247151152"
"4","30","0.932","-0.00103204980347288","-0.00487755457024529","-0.00703011851151299","0.00861848198167675","-0.00487755457024529"
"4","30","0.933","-0.00230107805562824","-0.00514079686665935","-0.00919335683371104","0.0107814916646209","-0.00514079686665935"
"4","30","0.934","-0.00348858947047747","-0.00522192387116562","-0.0110309159067946","0.01269329945887","-0.00522192387116562"
"4","30","0.935","-0.00455251586412434","-0.00511806161918424","-0.012477699284498","0.0142342170443349","-0.00511806161918424"
"4","30","0.936","-0.00545516711366155","-0.00483288948277137","-0.0134824539443834","0.0153261943532331","-0.00483288948277137"
"4","30","0.937","-0.00616456634856397","-0.00437650982702992","-0.0140095859517109","0.0159193032218848","-0.00437650982702992"
"4","30","0.938","-0.00665558274726935","-0.00376509012878933","-0.0140404213923234","0.015987686457323","-0.00376509012878933"
"4","30","0.939","-0.00691082180906111","-0.00302029023567837","-0.0135738679053643","0.0155284094838012","-0.00302029023567837"
"4","30","0.94","-0.00692124156292762","-0.00216849505522509","-0.0126264533807059","0.0145613625925623","-0.00216849505522509"
"4","30","0.941","-0.00668647288389353","-0.00123987985635338","-0.011231740450211","0.0131300500846776","-0.00123987985635338"
"4","30","0.942","-0.00621483256945574","-0.000267341295437252","-0.00943913751476587","0.0113045536071653","-0.000267341295437252"
"4","30","0.943","-0.00552302871288603","0.000714667964150768","-0.00731214842704771","0.00919141507503188","0.000714667964150768"
"4","30","0.944","-0.00463556881069725","0.00167135975481616","-0.00492612283588409","0.00696768453813367","0.00167135975481616"
"4","30","0.945","-0.00358389157236074","0.00256884279292326","-0.00236558688737672","0.00500392180383754","0.00256884279292326"
"4","30","0.946","-0.00240525318835064","0.00337532329441342","0.000278751155961878","0.00415400438719446","0.00337532329441342"
"4","30","0.947","-0.00114140751102217","0.00406223128545635","0.0029132143006308","0.00512750930610155","0.00406223128545635"
"4","30","0.948","0.000162873096424748","0.00460523270801665","0.00544447537633876","0.00713281207267404","0.00460523270801665"
"4","30","0.949","0.00146138384323163","0.00498509146599065","0.00778286319753688","0.00935733611735334","0.00498509146599065"
"4","30","0.95","0.00270812433882972","0.00518835087350132","0.0098455392098729","0.0114537140070053","0.00518835087350132"
"4","30","0.951","0.00385892817960953","0.00520781036470419","0.0115594320872785","0.0132526633425327","0.00520781036470419"
"4","30","0.952","0.00487302756578649","0.00504278057742195","0.0128638263201227","0.0146510771345734","0.00504278057742195"
"4","30","0.953","0.00571449752103339","0.00469910777414353","0.0137125130924107","0.015581081833443","0.00469910777414353"
"4","30","0.954","0.00635352855267722","0.00418896673526051","0.0140754272521279","0.0160010130838253","0.00418896673526051"
"4","30","0.955","0.00676748266783765","0.0035304294614024","0.013939712384238","0.0158927132735949","0.0035304294614024"
"4","30","0.956","0.00694169533561134","0.00274682496380467","0.0133101762555957","0.0152608313492173","0.00274682496380467"
"4","30","0.957","0.00686999498539002","0.00186591282245472","0.0122091204974087","0.0141329786344044","0.00186591282245472"
"4","30","0.958","0.00655492163782592","0.000918899789132225","0.0106755505588341","0.0125610013229331","0.000918899789132225"
"4","30","0.959","0.00600763692333408","-6.06657273308414E-05","0.00876379391949598","0.0106254160199248","-6.06657273308414E-05"
"4","30","0.96","0.00524752867577011","-0.00103808213015876","0.00654157551143501","0.00845022969414387","-0.00103808213015876"
"4","30","0.961","0.00430152410875016","-0.00197872395599777","0.00408761852962691","0.00625516453787968","-0.00197872395599777"
"4","30","0.962","0.0032031359056846","-0.00284926849921731","0.00148885562355469","0.00453818264051905","-0.00284926849921731"
"4","30","0.963","0.00199127501626058","-0.00361887628537017","-0.00116265073523954","0.00429106029919777","-0.00361887628537017"
"4","30","0.964","0.000708872216649866","-0.00426028357494984","-0.00377296961210736","0.00573478993969361","-0.00426028357494984"
"4","30","0.965","-0.000598642734638682","-0.00475076819495394","-0.0062496291594801","0.00787312112169916","-0.00475076819495394"
"4","30","0.966","-0.00188495046860354","-0.00507295448319131","-0.0085048924781714","0.0100807292158294","-0.00507295448319131"
"4","30","0.967","-0.00310448289249017","-0.00521542882977764","-0.0104588657407724","0.0120924102019301","-0.00521542882977764"
"4","30","0.968","-0.00421403746219327","-0.00517314400995551","-0.0120423284703162","0.0137672512023096","-0.00517314400995551"
"4","30","0.969","-0.00517430765392074","-0.00494759798454796","-0.0131991857101848","0.0150156814339567","-0.00494759798454796"
"4","30","0.97","-0.0059512754173953","-0.00454678083394928","-0.0138884552159136","0.0157791027416041","-0.00454678083394928"
"4","30","0.971","-0.00651741628224415","-0.00398489170554389","-0.0140857192716317","0.0160238436181894","-0.00398489170554389"
"4","30","0.972","-0.00685267442608465","-0.00328183580183134","-0.0137839896998209","0.0157393762603498","-0.00328183580183134"
"4","30","0.973","-0.00694517316203085","-0.00246251922870379","-0.0129939554209875","0.0149379486103326","-0.00246251922870379"
"4","30","0.974","-0.00679163567624725","-0.0015559666842286","-0.0117436037933249","0.0136550202319842","-0.0015559666842286"
"4","30","0.975","-0.00639750111071278","-0.000594293244249042","-0.010077229146597","0.0119512238785304","-0.000594293244249042"
"4","30","0.976","-0.00577673187890426","0.000388433330188694","-0.00805386363342245","0.00991898336920246","0.000388433330188694"
"4","30","0.977","-0.00495131904033848","0.00135739946025392","-0.00574518598583955","0.00770488517408294","0.00135739946025392"
"4","30","0.978","-0.00395050325632527","0.00227827903771803","-0.00323298226048856","0.00559009889434665","0.00227827903771803"
"4","30","0.979","-0.00280973892496233","0.00311844944445191","-0.000606248526779931","0.00424109620738244","0.00311844944445191"
"4","30","0.98","-0.00156943819140798","0.0038481472249361","0.00204196186323061","0.00463044075141034","0.0038481472249361"
"4","30","0.981","-0.00027353932749136","0.00444152247151143","0.00461783473623079","0.00641298240132975","0.00444152247151143"
"4","30","0.982","0.00103204980347285","0.00487755457024529","0.00703011851151294","0.00861848198167671","0.00487755457024529"
"4","30","0.983","0.00230107805562821","0.00514079686665934","0.009193356833711","0.0107814916646209","0.00514079686665934"
"4","30","0.984","0.00348858947047728","0.00522192387116562","0.0110309159067943","0.0126932994588697","0.00522192387116562"
"4","30","0.985","0.00455251586412432","0.00511806161918424","0.012477699284498","0.0142342170443348","0.00511806161918424"
"4","30","0.986","0.00545516711366154","0.00483288948277138","0.0134824539443834","0.0153261943532331","0.00483288948277138"
"4","30","0.987","0.00616456634856387","0.00437650982703001","0.0140095859517109","0.0159193032218848","0.00437650982703001"
"4","30","0.988","0.00665558274726935","0.00376509012878934","0.0140404213923234","0.015987686457323","0.00376509012878934"
"4","30","0.989","0.00691082180906111","0.00302029023567839","0.0135738679053643","0.0155284094838012","0.00302029023567839"
"4","30","0.99","0.00692124156292764","0.00216849505522524","0.0126264533807061","0.0145613625925625","0.00216849505522524"
"4","30","0.991","0.00668647288389354","0.0012398798563534","0.0112317404502111","0.0131300500846776","0.0012398798563534"
"4","30","0.992","0.00621483256945576","0.000267341295437272","0.00943913751476591","0.0113045536071654","0.000267341295437272"
"4","30","0.993","0.00552302871288617","-0.000714667964150601","0.0073121484270481","0.00919141507503226","-0.000714667964150601"
"4","30","0.994","0.00463556881069727","-0.00167135975481614","0.00492612283588414","0.00696768453813371","-0.00167135975481614"
"4","30","0.995","0.00358389157236076","-0.00256884279292324","0.00236558688737677","0.00500392180383758","-0.00256884279292324"
"4","30","0.996","0.00240525318835085","-0.00337532329441329","-0.000278751155961422","0.00415400438719445","-0.00337532329441329"
"4","30","0.997","0.00114140751102219","-0.00406223128545634","-0.00291321430063074","0.00512750930610151","-0.00406223128545634"
"4","30","0.998","-0.00016287309642472","-0.00460523270801664","-0.00544447537633871","0.00713281207267399","-0.00460523270801664"
"4","30","0.999","-0.00146138384323141","-0.0049850914659906","-0.0077828631975365","0.00935733611735296","-0.0049850914659906"
"4","30","1","-0.00270812433882969","-0.00518835087350132","-0.00984553920987286","0.0114537140070052","-0.00518835087350132"
"4","50","0","-0.00452657260115386","-0.0086449498708987","-0.0163975002177628","0.0190814839877667","-0.0086449498708987"
"4","50","0.001","-0.00758646071941349","-0.00853031753379684","-0.0207973710370197","0.0237244883090462","-0.00853031753379684"
"4","50","0.002","-0.00990373320447697","-0.00758067828226987","-0.0231614502753686","0.0263059573759084","-0.00758067828226987"
"4","50","0.003","-0.0112515592801195","-0.00588898942278298","-0.0232583253854512","0.0264995751360511","-0.00588898942278298"
"4","50","0.004","-0.0114980043392008","-0.00362084524759212","-0.0210785135565242","0.0242820583526987","-0.00362084524759212"
"4","50","0.005","-0.0106189446222542","-0.000998267511654661","-0.0168353899580449","0.0199295980379627","-0.000998267511654661"
"4","50","0.006","-0.00870042861914369","0.00172202760366229","-0.010944301091413","0.0140868933269225","0.00172202760366229"
"4","50","0.007","-0.0059302540433407","0.00427375865906096","-0.00398190778052409","0.00832397234900835","0.00427375865906096"
"4","50","0.008","-0.00257958488326601","0.00640714443988324","0.00337026240750538","0.00768533842709254","0.00640714443988324"
"4","50","0.009","0.00102359201820747","0.00791335428172947","0.0103925278290893","0.0131024253970896","0.00791335428172947"
"4","50","0.01","0.00452657260115385","0.0086449498708987","0.0163975002177628","0.0190814839877667","0.0086449498708987"
"4","50","0.011","0.00758646071941348","0.00853031753379684","0.0207973710370197","0.0237244883090462","0.00853031753379684"
"4","50","0.012","0.00990373320447697","0.00758067828226987","0.0231614502753686","0.0263059573759084","0.00758067828226987"
"4","50","0.013","0.0112515592801195","0.00588898942278298","0.0232583253854512","0.0264995751360511","0.00588898942278298"
"4","50","0.014","0.0114980043392008","0.00362084524759212","0.0210785135565242","0.0242820583526987","0.00362084524759212"
"4","50","0.015","0.0106189446222542","0.000998267511654662","0.0168353899580449","0.0199295980379627","0.000998267511654662"
"4","50","0.016","0.00870042861914369","-0.00172202760366229","0.010944301091413","0.0140868933269225","-0.00172202760366229"
"4","50","0.017","0.00593025404334069","-0.00427375865906097","0.00398190778052407","0.00832397234900834","-0.00427375865906097"
"4","50","0.018","0.002579584883266","-0.00640714443988325","-0.0033702624075054","0.00768533842709255","-0.00640714443988325"
"4","50","0.019","-0.00102359201820747","-0.00791335428172947","-0.0103925278290893","0.0131024253970896","-0.00791335428172947"
"4","50","0.02","-0.00452657260115385","-0.0086449498708987","-0.0163975002177628","0.0190814839877667","-0.0086449498708987"
"4","50","0.021","-0.00758646071941349","-0.00853031753379683","-0.0207973710370197","0.0237244883090462","-0.00853031753379683"
"4","50","0.022","-0.00990373320447697","-0.00758067828226987","-0.0231614502753686","0.0263059573759084","-0.00758067828226987"
"4","50","0.023","-0.0112515592801195","-0.00588898942278299","-0.0232583253854512","0.0264995751360511","-0.00588898942278299"
"4","50","0.024","-0.0114980043392008","-0.00362084524759211","-0.0210785135565242","0.0242820583526987","-0.00362084524759211"
"4","50","0.025","-0.0106189446222542","-0.000998267511654655","-0.0168353899580449","0.0199295980379627","-0.000998267511654655"
"4","50","0.026","-0.00870042861914368","0.00172202760366231","-0.010944301091413","0.0140868933269225","0.00172202760366231"
"4","50","0.027","-0.0059302540433407","0.00427375865906096","-0.0039819077805241","0.00832397234900835","0.00427375865906096"
"4","50","0.028","-0.00257958488326602","0.00640714443988324","0.00337026240750538","0.00768533842709254","0.00640714443988324"
"4","50","0.029","0.00102359201820747","0.00791335428172947","0.0103925278290893","0.0131024253970896","0.00791335428172947"
"4","50","0.03","0.00452657260115385","0.0086449498708987","0.0163975002177628","0.0190814839877667","0.0086449498708987"
"4","50","0.031","0.00758646071941348","0.00853031753379684","0.0207973710370197","0.0237244883090462","0.00853031753379684"
"4","50","0.032","0.00990373320447697","0.00758067828226987","0.0231614502753686","0.0263059573759084","0.00758067828226987"
"4","50","0.033","0.0112515592801195","0.00588898942278298","0.0232583253854512","0.0264995751360511","0.00588898942278298"
"4","50","0.034","0.0114980043392008","0.00362084524759211","0.0210785135565242","0.0242820583526987","0.00362084524759211"
"4","50","0.035","0.0106189446222542","0.000998267511654649","0.0168353899580449","0.0199295980379627","0.000998267511654649"
"4","50","0.036","0.00870042861914368","-0.0017220276036623","0.010944301091413","0.0140868933269225","-0.0017220276036623"
"4","50","0.037","0.0059302540433407","-0.00427375865906096","0.0039819077805241","0.00832397234900835","-0.00427375865906096"
"4","50","0.038","0.00257958488326602","-0.00640714443988324","-0.00337026240750537","0.00768533842709254","-0.00640714443988324"
"4","50","0.039","-0.00102359201820746","-0.00791335428172947","-0.0103925278290893","0.0131024253970896","-0.00791335428172947"
"4","50","0.04","-0.00452657260115385","-0.0086449498708987","-0.0163975002177628","0.0190814839877667","-0.0086449498708987"
"4","50","0.041","-0.0075864607194135","-0.00853031753379683","-0.0207973710370197","0.0237244883090462","-0.00853031753379683"
"4","50","0.042","-0.00990373320447698","-0.00758067828226986","-0.0231614502753686","0.0263059573759084","-0.00758067828226986"
"4","50","0.043","-0.0112515592801195","-0.00588898942278298","-0.0232583253854512","0.0264995751360511","-0.00588898942278298"
"4","50","0.044","-0.0114980043392008","-0.00362084524759212","-0.0210785135565242","0.0242820583526987","-0.00362084524759212"
"4","50","0.045","-0.0106189446222542","-0.000998267511654665","-0.0168353899580449","0.0199295980379627","-0.000998267511654665"
"4","50","0.046","-0.0087004286191437","0.00172202760366229","-0.010944301091413","0.0140868933269225","0.00172202760366229"
"4","50","0.047","-0.0059302540433407","0.00427375865906096","-0.0039819077805241","0.00832397234900835","0.00427375865906096"
"4","50","0.048","-0.002579584883266","0.00640714443988325","0.00337026240750541","0.00768533842709255","0.00640714443988325"
"4","50","0.049","0.00102359201820748","0.00791335428172948","0.0103925278290893","0.0131024253970896","0.00791335428172948"
"4","50","0.05","0.00452657260115387","0.0086449498708987","0.0163975002177628","0.0190814839877668","0.0086449498708987"
"4","50","0.051","0.0075864607194135","0.00853031753379683","0.0207973710370197","0.0237244883090462","0.00853031753379683"
"4","50","0.052","0.00990373320447699","0.00758067828226986","0.0231614502753686","0.0263059573759084","0.00758067828226986"
"4","50","0.053","0.0112515592801195","0.00588898942278298","0.0232583253854512","0.0264995751360511","0.00588898942278298"
"4","50","0.054","0.0114980043392008","0.00362084524759212","0.0210785135565242","0.0242820583526987","0.00362084524759212"
"4","50","0.055","0.0106189446222542","0.000998267511654651","0.0168353899580449","0.0199295980379627","0.000998267511654651"
"4","50","0.056","0.0087004286191437","-0.00172202760366229","0.010944301091413","0.0140868933269225","-0.00172202760366229"
"4","50","0.057","0.00593025404334069","-0.00427375865906097","0.00398190778052406","0.00832397234900833","-0.00427375865906097"
"4","50","0.058","0.00257958488326602","-0.00640714443988324","-0.00337026240750537","0.00768533842709253","-0.00640714443988324"
"4","50","0.059","-0.00102359201820748","-0.00791335428172948","-0.0103925278290893","0.0131024253970896","-0.00791335428172948"
"4","50","0.06","-0.00452657260115385","-0.0086449498708987","-0.0163975002177627","0.0190814839877667","-0.0086449498708987"
"4","50","0.061","-0.00758646071941349","-0.00853031753379684","-0.0207973710370197","0.0237244883090462","-0.00853031753379684"
"4","50","0.062","-0.00990373320447697","-0.00758067828226987","-0.0231614502753686","0.0263059573759084","-0.00758067828226987"
"4","50","0.063","-0.0112515592801195","-0.00588898942278298","-0.0232583253854512","0.0264995751360511","-0.00588898942278298"
"4","50","0.064","-0.0114980043392008","-0.00362084524759212","-0.0210785135565242","0.0242820583526987","-0.00362084524759212"
"4","50","0.065","-0.0106189446222542","-0.000998267511654652","-0.0168353899580449","0.0199295980379627","-0.000998267511654652"
"4","50","0.066","-0.00870042861914367","0.00172202760366232","-0.0109443010914129","0.0140868933269224","0.00172202760366232"
"4","50","0.067","-0.00593025404334069","0.00427375865906097","-0.00398190778052407","0.00832397234900834","0.00427375865906097"
"4","50","0.068","-0.00257958488326598","0.00640714443988326","0.00337026240750545","0.00768533842709257","0.00640714443988326"
"4","50","0.069","0.00102359201820748","0.00791335428172948","0.0103925278290893","0.0131024253970896","0.00791335428172948"
"4","50","0.07","0.00452657260115388","0.0086449498708987","0.0163975002177628","0.0190814839877668","0.0086449498708987"
"4","50","0.071","0.00758646071941349","0.00853031753379684","0.0207973710370197","0.0237244883090462","0.00853031753379684"
"4","50","0.072","0.00990373320447699","0.00758067828226986","0.0231614502753686","0.0263059573759084","0.00758067828226986"
"4","50","0.073","0.0112515592801195","0.005888989422783","0.0232583253854512","0.0264995751360511","0.005888989422783"
"4","50","0.074","0.0114980043392008","0.00362084524759213","0.0210785135565242","0.0242820583526987","0.00362084524759213"
"4","50","0.075","0.0106189446222542","0.000998267511654653","0.0168353899580449","0.0199295980379627","0.000998267511654653"
"4","50","0.076","0.0087004286191437","-0.00172202760366229","0.010944301091413","0.0140868933269225","-0.00172202760366229"
"4","50","0.077","0.00593025404334069","-0.00427375865906097","0.00398190778052407","0.00832397234900834","-0.00427375865906097"
"4","50","0.078","0.00257958488326602","-0.00640714443988324","-0.00337026240750536","0.00768533842709253","-0.00640714443988324"
"4","50","0.079","-0.00102359201820748","-0.00791335428172948","-0.0103925278290893","0.0131024253970896","-0.00791335428172948"
"4","50","0.08","-0.00452657260115384","-0.0086449498708987","-0.0163975002177627","0.0190814839877667","-0.0086449498708987"
"4","50","0.081","-0.00758646071941349","-0.00853031753379683","-0.0207973710370197","0.0237244883090462","-0.00853031753379683"
"4","50","0.082","-0.00990373320447699","-0.00758067828226986","-0.0231614502753686","0.0263059573759084","-0.00758067828226986"
"4","50","0.083","-0.0112515592801195","-0.00588898942278298","-0.0232583253854512","0.0264995751360511","-0.00588898942278298"
"4","50","0.084","-0.0114980043392008","-0.0036208452475921","-0.0210785135565242","0.0242820583526987","-0.0036208452475921"
"4","50","0.085","-0.0106189446222542","-0.000998267511654654","-0.0168353899580449","0.0199295980379627","-0.000998267511654654"
"4","50","0.086","-0.00870042861914368","0.00172202760366231","-0.0109443010914129","0.0140868933269224","0.00172202760366231"
"4","50","0.087","-0.00593025404334066","0.004273758659061","-0.00398190778052399","0.00832397234900829","0.004273758659061"
"4","50","0.088","-0.00257958488326603","0.00640714443988323","0.00337026240750536","0.00768533842709253","0.00640714443988323"
"4","50","0.089","0.00102359201820744","0.00791335428172946","0.0103925278290892","0.0131024253970896","0.00791335428172946"
"4","50","0.09","0.00452657260115384","0.0086449498708987","0.0163975002177627","0.0190814839877667","0.0086449498708987"
"4","50","0.091","0.00758646071941349","0.00853031753379683","0.0207973710370197","0.0237244883090462","0.00853031753379683"
"4","50","0.092","0.00990373320447697","0.00758067828226987","0.0231614502753686","0.0263059573759084","0.00758067828226987"
"4","50","0.093","0.0112515592801195","0.00588898942278298","0.0232583253854512","0.0264995751360511","0.00588898942278298"
"4","50","0.094","0.0114980043392008","0.00362084524759213","0.0210785135565242","0.0242820583526987","0.00362084524759213"
"4","50","0.095","0.0106189446222542","0.000998267511654655","0.0168353899580449","0.0199295980379627","0.000998267511654655"
"4","50","0.096","0.00870042861914368","-0.00172202760366231","0.010944301091413","0.0140868933269224","-0.00172202760366231"
"4","50","0.097","0.00593025404334069","-0.00427375865906097","0.00398190778052408","0.00832397234900834","-0.00427375865906097"
"4","50","0.098","0.00257958488326599","-0.00640714443988326","-0.00337026240750544","0.00768533842709257","-0.00640714443988326"
"4","50","0.099","-0.00102359201820748","-0.00791335428172948","-0.0103925278290893","0.0131024253970896","-0.00791335428172948"
"4","50","0.1","-0.00452657260115388","-0.0086449498708987","-0.0163975002177628","0.0190814839877668","-0.0086449498708987"
"4","50","0.101","-0.00758646071941349","-0.00853031753379683","-0.0207973710370197","0.0237244883090462","-0.00853031753379683"
"4","50","0.102","-0.00990373320447699","-0.00758067828226986","-0.0231614502753686","0.0263059573759084","-0.00758067828226986"
"4","50","0.103","-0.0112515592801195","-0.00588898942278296","-0.0232583253854512","0.0264995751360511","-0.00588898942278296"
"4","50","0.104","-0.0114980043392008","-0.00362084524759207","-0.0210785135565241","0.0242820583526986","-0.00362084524759207"
"4","50","0.105","-0.0106189446222542","-0.000998267511654656","-0.0168353899580449","0.0199295980379627","-0.000998267511654656"
"4","50","0.106","-0.00870042861914368","0.00172202760366231","-0.010944301091413","0.0140868933269224","0.00172202760366231"
"4","50","0.107","-0.00593025404334073","0.00427375865906094","-0.00398190778052416","0.00832397234900839","0.00427375865906094"
"4","50","0.108","-0.00257958488326603","0.00640714443988323","0.00337026240750535","0.00768533842709253","0.00640714443988323"
"4","50","0.109","0.00102359201820747","0.00791335428172948","0.0103925278290893","0.0131024253970896","0.00791335428172948"
"4","50","0.11","0.00452657260115388","0.0086449498708987","0.0163975002177628","0.0190814839877668","0.0086449498708987"
"4","50","0.111","0.00758646071941352","0.00853031753379683","0.0207973710370197","0.0237244883090463","0.00853031753379683"
"4","50","0.112","0.00990373320447696","0.00758067828226987","0.0231614502753686","0.0263059573759084","0.00758067828226987"
"4","50","0.113","0.0112515592801195","0.00588898942278298","0.0232583253854512","0.0264995751360511","0.00588898942278298"
"4","50","0.114","0.0114980043392008","0.0036208452475921","0.0210785135565242","0.0242820583526987","0.0036208452475921"
"4","50","0.115","0.0106189446222542","0.000998267511654626","0.0168353899580448","0.0199295980379626","0.000998267511654626"
"4","50","0.116","0.0087004286191437","-0.00172202760366228","0.010944301091413","0.0140868933269225","-0.00172202760366228"
"4","50","0.117","0.0059302540433407","-0.00427375865906097","0.00398190778052408","0.00832397234900834","-0.00427375865906097"
"4","50","0.118","0.00257958488326599","-0.00640714443988325","-0.00337026240750543","0.00768533842709257","-0.00640714443988325"
"4","50","0.119","-0.00102359201820751","-0.00791335428172949","-0.0103925278290893","0.0131024253970897","-0.00791335428172949"
"4","50","0.12","-0.00452657260115384","-0.0086449498708987","-0.0163975002177627","0.0190814839877667","-0.0086449498708987"
"4","50","0.121","-0.00758646071941349","-0.00853031753379684","-0.0207973710370197","0.0237244883090462","-0.00853031753379684"
"4","50","0.122","-0.00990373320447699","-0.00758067828226986","-0.0231614502753686","0.0263059573759084","-0.00758067828226986"
"4","50","0.123","-0.0112515592801195","-0.00588898942278301","-0.0232583253854512","0.0264995751360511","-0.00588898942278301"
"4","50","0.124","-0.0114980043392008","-0.00362084524759213","-0.0210785135565242","0.0242820583526987","-0.00362084524759213"
"4","50","0.125","-0.0106189446222542","-0.000998267511654658","-0.0168353899580449","0.0199295980379627","-0.000998267511654658"
"4","50","0.126","-0.00870042861914368","0.00172202760366231","-0.010944301091413","0.0140868933269224","0.00172202760366231"
"4","50","0.127","-0.00593025404334066","0.00427375865906099","-0.003981907780524","0.00832397234900829","0.00427375865906099"
"4","50","0.128","-0.00257958488326603","0.00640714443988323","0.00337026240750535","0.00768533842709252","0.00640714443988323"
"4","50","0.129","0.00102359201820747","0.00791335428172947","0.0103925278290893","0.0131024253970896","0.00791335428172947"
"4","50","0.13","0.00452657260115388","0.0086449498708987","0.0163975002177628","0.0190814839877668","0.0086449498708987"
"4","50","0.131","0.00758646071941352","0.00853031753379683","0.0207973710370197","0.0237244883090463","0.00853031753379683"
"4","50","0.132","0.00990373320447701","0.00758067828226985","0.0231614502753686","0.0263059573759084","0.00758067828226985"
"4","50","0.133","0.0112515592801195","0.00588898942278298","0.0232583253854512","0.0264995751360511","0.00588898942278298"
"4","50","0.134","0.0114980043392008","0.0036208452475921","0.0210785135565242","0.0242820583526987","0.0036208452475921"
"4","50","0.135","0.0106189446222542","0.000998267511654628","0.0168353899580448","0.0199295980379626","0.000998267511654628"
"4","50","0.136","0.00870042861914365","-0.00172202760366234","0.0109443010914129","0.0140868933269224","-0.00172202760366234"
"4","50","0.137","0.0059302540433407","-0.00427375865906097","0.00398190778052409","0.00832397234900835","-0.00427375865906097"
"4","50","0.138","0.00257958488326599","-0.00640714443988325","-0.00337026240750543","0.00768533842709256","-0.00640714443988325"
"4","50","0.139","-0.00102359201820751","-0.00791335428172949","-0.0103925278290893","0.0131024253970897","-0.00791335428172949"
"4","50","0.14","-0.00452657260115391","-0.0086449498708987","-0.0163975002177629","0.0190814839877668","-0.0086449498708987"
"4","50","0.141","-0.00758646071941355","-0.00853031753379682","-0.0207973710370198","0.0237244883090463","-0.00853031753379682"
"4","50","0.142","-0.00990373320447698","-0.00758067828226986","-0.0231614502753686","0.0263059573759084","-0.00758067828226986"
"4","50","0.143","-0.0112515592801195","-0.00588898942278296","-0.0232583253854512","0.0264995751360511","-0.00588898942278296"
"4","50","0.144","-0.0114980043392008","-0.00362084524759208","-0.0210785135565241","0.0242820583526986","-0.00362084524759208"
"4","50","0.145","-0.0106189446222542","-0.00099826751165466","-0.0168353899580449","0.0199295980379627","-0.00099826751165466"
"4","50","0.146","-0.00870042861914373","0.00172202760366225","-0.0109443010914131","0.0140868933269226","0.00172202760366225"
"4","50","0.147","-0.00593025404334073","0.00427375865906094","-0.00398190778052417","0.0083239723490084","0.00427375865906094"
"4","50","0.148","-0.00257958488326603","0.00640714443988323","0.00337026240750534","0.00768533842709252","0.00640714443988323"
"4","50","0.149","0.00102359201820747","0.00791335428172947","0.0103925278290893","0.0131024253970896","0.00791335428172947"
"4","50","0.15","0.00452657260115387","0.0086449498708987","0.0163975002177628","0.0190814839877668","0.0086449498708987"
"4","50","0.151","0.00758646071941345","0.00853031753379684","0.0207973710370196","0.0237244883090462","0.00853031753379684"
"4","50","0.152","0.00990373320447696","0.00758067828226988","0.0231614502753686","0.0263059573759084","0.00758067828226988"
"4","50","0.153","0.0112515592801195","0.00588898942278299","0.0232583253854512","0.0264995751360511","0.00588898942278299"
"4","50","0.154","0.0114980043392008","0.00362084524759211","0.0210785135565242","0.0242820583526987","0.00362084524759211"
"4","50","0.155","0.0106189446222542","0.000998267511654631","0.0168353899580448","0.0199295980379626","0.000998267511654631"
"4","50","0.156","0.00870042861914371","-0.00172202760366228","0.010944301091413","0.0140868933269225","-0.00172202760366228"
"4","50","0.157","0.0059302540433407","-0.00427375865906096","0.00398190778052409","0.00832397234900835","-0.00427375865906096"
"4","50","0.158","0.00257958488326599","-0.00640714443988325","-0.00337026240750542","0.00768533842709256","-0.00640714443988325"
"4","50","0.159","-0.00102359201820751","-0.00791335428172949","-0.0103925278290893","0.0131024253970897","-0.00791335428172949"
"4","50","0.16","-0.00452657260115383","-0.0086449498708987","-0.0163975002177627","0.0190814839877667","-0.0086449498708987"
"4","50","0.161","-0.00758646071941348","-0.00853031753379684","-0.0207973710370197","0.0237244883090462","-0.00853031753379684"
"4","50","0.162","-0.00990373320447698","-0.00758067828226986","-0.0231614502753686","0.0263059573759084","-0.00758067828226986"
"4","50","0.163","-0.0112515592801195","-0.00588898942278296","-0.0232583253854512","0.0264995751360511","-0.00588898942278296"
"4","50","0.164","-0.0114980043392008","-0.00362084524759208","-0.0210785135565241","0.0242820583526986","-0.00362084524759208"
"4","50","0.165","-0.0106189446222542","-0.000998267511654662","-0.0168353899580449","0.0199295980379627","-0.000998267511654662"
"4","50","0.166","-0.00870042861914368","0.00172202760366231","-0.010944301091413","0.0140868933269225","0.00172202760366231"
"4","50","0.167","-0.00593025404334067","0.00427375865906099","-0.00398190778052401","0.0083239723490083","0.00427375865906099"
"4","50","0.168","-0.00257958488326596","0.00640714443988327","0.0033702624075055","0.0076853384270926","0.00640714443988327"
"4","50","0.169","0.00102359201820755","0.0079133542817295","0.0103925278290894","0.0131024253970898","0.0079133542817295"
"4","50","0.17","0.00452657260115387","0.0086449498708987","0.0163975002177628","0.0190814839877668","0.0086449498708987"
"4","50","0.171","0.00758646071941351","0.00853031753379683","0.0207973710370197","0.0237244883090463","0.00853031753379683"
"4","50","0.172","0.009903733204477","0.00758067828226985","0.0231614502753686","0.0263059573759084","0.00758067828226985"
"4","50","0.173","0.0112515592801195","0.00588898942278294","0.0232583253854512","0.0264995751360511","0.00588898942278294"
"4","50","0.174","0.0114980043392008","0.00362084524759205","0.0210785135565241","0.0242820583526986","0.00362084524759205"
"4","50","0.175","0.0106189446222542","0.000998267511654633","0.0168353899580448","0.0199295980379626","0.000998267511654633"
"4","50","0.176","0.00870042861914371","-0.00172202760366227","0.010944301091413","0.0140868933269225","-0.00172202760366227"
"4","50","0.177","0.0059302540433407","-0.00427375865906096","0.0039819077805241","0.00832397234900835","-0.00427375865906096"
"4","50","0.178","0.00257958488326608","-0.00640714443988321","-0.00337026240750525","0.00768533842709248","-0.00640714443988321"
"4","50","0.179","-0.00102359201820742","-0.00791335428172946","-0.0103925278290892","0.0131024253970895","-0.00791335428172946"
"4","50","0.18","-0.00452657260115383","-0.0086449498708987","-0.0163975002177627","0.0190814839877667","-0.0086449498708987"
"4","50","0.181","-0.00758646071941348","-0.00853031753379684","-0.0207973710370197","0.0237244883090462","-0.00853031753379684"
"4","50","0.182","-0.00990373320447698","-0.00758067828226986","-0.0231614502753686","0.0263059573759084","-0.00758067828226986"
"4","50","0.183","-0.0112515592801195","-0.00588898942278301","-0.0232583253854512","0.0264995751360511","-0.00588898942278301"
"4","50","0.184","-0.0114980043392008","-0.00362084524759214","-0.0210785135565242","0.0242820583526987","-0.00362084524759214"
"4","50","0.185","-0.0106189446222542","-0.000998267511654665","-0.0168353899580449","0.0199295980379627","-0.000998267511654665"
"4","50","0.186","-0.00870042861914368","0.0017220276036623","-0.010944301091413","0.0140868933269225","0.0017220276036623"
"4","50","0.187","-0.00593025404334067","0.00427375865906099","-0.00398190778052402","0.0083239723490083","0.00427375865906099"
"4","50","0.188","-0.00257958488326604","0.00640714443988323","0.00337026240750533","0.00768533842709252","0.00640714443988323"
"4","50","0.189","0.00102359201820746","0.00791335428172947","0.0103925278290893","0.0131024253970896","0.00791335428172947"
"4","50","0.19","0.00452657260115387","0.0086449498708987","0.0163975002177628","0.0190814839877668","0.0086449498708987"
"4","50","0.191","0.00758646071941351","0.00853031753379683","0.0207973710370197","0.0237244883090463","0.00853031753379683"
"4","50","0.192","0.009903733204477","0.00758067828226985","0.0231614502753686","0.0263059573759084","0.00758067828226985"
"4","50","0.193","0.0112515592801195","0.00588898942278299","0.0232583253854512","0.0264995751360511","0.00588898942278299"
"4","50","0.194","0.0114980043392008","0.00362084524759211","0.0210785135565242","0.0242820583526987","0.00362084524759211"
"4","50","0.195","0.0106189446222542","0.000998267511654635","0.0168353899580449","0.0199295980379626","0.000998267511654635"
"4","50","0.196","0.00870042861914366","-0.00172202760366233","0.0109443010914129","0.0140868933269224","-0.00172202760366233"
"4","50","0.197","0.00593025404334064","-0.00427375865906101","0.00398190778052394","0.00832397234900826","-0.00427375865906101"
"4","50","0.198","0.002579584883266","-0.00640714443988325","-0.00337026240750541","0.00768533842709255","-0.00640714443988325"
"4","50","0.199","-0.0010235920182075","-0.00791335428172948","-0.0103925278290893","0.0131024253970897","-0.00791335428172948"
"4","50","0.2","-0.0045265726011539","-0.0086449498708987","-0.0163975002177628","0.0190814839877668","-0.0086449498708987"
"4","50","0.201","-0.00758646071941354","-0.00853031753379683","-0.0207973710370198","0.0237244883090463","-0.00853031753379683"
"4","50","0.202","-0.00990373320447698","-0.00758067828226987","-0.0231614502753686","0.0263059573759084","-0.00758067828226987"
"4","50","0.203","-0.0112515592801195","-0.00588898942278297","-0.0232583253854512","0.0264995751360511","-0.00588898942278297"
"4","50","0.204","-0.0114980043392008","-0.00362084524759208","-0.0210785135565241","0.0242820583526987","-0.00362084524759208"
"4","50","0.205","-0.0106189446222542","-0.000998267511654605","-0.0168353899580448","0.0199295980379626","-0.000998267511654605"
"4","50","0.206","-0.00870042861914363","0.00172202760366236","-0.0109443010914128","0.0140868933269223","0.00172202760366236"
"4","50","0.207","-0.0059302540433406","0.00427375865906104","-0.00398190778052386","0.00832397234900821","0.00427375865906104"
"4","50","0.208","-0.00257958488326588","0.00640714443988331","0.00337026240750566","0.00768533842709267","0.00640714443988331"
"4","50","0.209","0.00102359201820746","0.00791335428172947","0.0103925278290893","0.0131024253970896","0.00791335428172947"
"4","50","0.21","0.00452657260115387","0.0086449498708987","0.0163975002177628","0.0190814839877667","0.0086449498708987"
"4","50","0.211","0.00758646071941351","0.00853031753379683","0.0207973710370197","0.0237244883090463","0.00853031753379683"
"4","50","0.212","0.009903733204477","0.00758067828226985","0.0231614502753686","0.0263059573759084","0.00758067828226985"
"4","50","0.213","0.0112515592801195","0.00588898942278304","0.0232583253854513","0.0264995751360511","0.00588898942278304"
"4","50","0.214","0.0114980043392008","0.00362084524759217","0.0210785135565243","0.0242820583526988","0.00362084524759217"
"4","50","0.215","0.0106189446222542","0.000998267511654698","0.016835389958045","0.0199295980379628","0.000998267511654698"
"4","50","0.216","0.00870042861914372","-0.00172202760366227","0.0109443010914131","0.0140868933269225","-0.00172202760366227"
"4","50","0.217","0.00593025404334071","-0.00427375865906096","0.00398190778052411","0.00832397234900836","-0.00427375865906096"
"4","50","0.218","0.002579584883266","-0.00640714443988325","-0.00337026240750541","0.00768533842709255","-0.00640714443988325"
"4","50","0.219","-0.0010235920182075","-0.00791335428172948","-0.0103925278290893","0.0131024253970897","-0.00791335428172948"
"4","50","0.22","-0.0045265726011539","-0.0086449498708987","-0.0163975002177628","0.0190814839877668","-0.0086449498708987"
"4","50","0.221","-0.00758646071941354","-0.00853031753379682","-0.0207973710370198","0.0237244883090463","-0.00853031753379682"
"4","50","0.222","-0.00990373320447702","-0.00758067828226984","-0.0231614502753686","0.0263059573759084","-0.00758067828226984"
"4","50","0.223","-0.0112515592801195","-0.00588898942278302","-0.0232583253854512","0.0264995751360511","-0.00588898942278302"
"4","50","0.224","-0.0114980043392008","-0.00362084524759214","-0.0210785135565242","0.0242820583526987","-0.00362084524759214"
"4","50","0.225","-0.0106189446222542","-0.000998267511654669","-0.0168353899580449","0.0199295980379627","-0.000998267511654669"
"4","50","0.226","-0.00870042861914369","0.0017220276036623","-0.010944301091413","0.0140868933269225","0.0017220276036623"
"4","50","0.227","-0.00593025404334067","0.00427375865906098","-0.00398190778052403","0.00832397234900831","0.00427375865906098"
"4","50","0.228","-0.00257958488326596","0.00640714443988327","0.00337026240750549","0.00768533842709259","0.00640714443988327"
"4","50","0.229","0.00102359201820754","0.00791335428172949","0.0103925278290894","0.0131024253970897","0.00791335428172949"
"4","50","0.23","0.00452657260115394","0.00864494987089871","0.0163975002177629","0.0190814839877669","0.00864494987089871"
"4","50","0.231","0.00758646071941357","0.00853031753379682","0.0207973710370198","0.0237244883090463","0.00853031753379682"
"4","50","0.232","0.00990373320447696","0.00758067828226988","0.0231614502753686","0.0263059573759084","0.00758067828226988"
"4","50","0.233","0.0112515592801195","0.00588898942278299","0.0232583253854512","0.0264995751360511","0.00588898942278299"
"4","50","0.234","0.0114980043392008","0.00362084524759211","0.0210785135565242","0.0242820583526987","0.00362084524759211"
"4","50","0.235","0.0106189446222542","0.000998267511654639","0.0168353899580449","0.0199295980379626","0.000998267511654639"
"4","50","0.236","0.00870042861914366","-0.00172202760366233","0.0109443010914129","0.0140868933269224","-0.00172202760366233"
"4","50","0.237","0.00593025404334064","-0.00427375865906101","0.00398190778052395","0.00832397234900826","-0.00427375865906101"
"4","50","0.238","0.00257958488326593","-0.00640714443988329","-0.00337026240750556","0.00768533842709263","-0.00640714443988329"
"4","50","0.239","-0.00102359201820758","-0.00791335428172951","-0.0103925278290895","0.0131024253970898","-0.00791335428172951"
"4","50","0.24","-0.00452657260115382","-0.0086449498708987","-0.0163975002177627","0.0190814839877667","-0.0086449498708987"
"4","50","0.241","-0.00758646071941348","-0.00853031753379684","-0.0207973710370197","0.0237244883090462","-0.00853031753379684"
"4","50","0.242","-0.00990373320447698","-0.00758067828226987","-0.0231614502753686","0.0263059573759084","-0.00758067828226987"
"4","50","0.243","-0.0112515592801195","-0.00588898942278297","-0.0232583253854512","0.0264995751360511","-0.00588898942278297"
"4","50","0.244","-0.0114980043392008","-0.00362084524759209","-0.0210785135565241","0.0242820583526987","-0.00362084524759209"
"4","50","0.245","-0.0106189446222542","-0.000998267511654609","-0.0168353899580448","0.0199295980379626","-0.000998267511654609"
"4","50","0.246","-0.00870042861914374","0.00172202760366224","-0.0109443010914131","0.0140868933269226","0.00172202760366224"
"4","50","0.247","-0.00593025404334075","0.00427375865906093","-0.0039819077805242","0.00832397234900842","0.00427375865906093"
"4","50","0.248","-0.00257958488326605","0.00640714443988322","0.00337026240750531","0.00768533842709251","0.00640714443988322"
"4","50","0.249","0.00102359201820746","0.00791335428172947","0.0103925278290892","0.0131024253970896","0.00791335428172947"
"4","50","0.25","0.00452657260115386","0.0086449498708987","0.0163975002177628","0.0190814839877667","0.0086449498708987"
"4","50","0.251","0.00758646071941351","0.00853031753379683","0.0207973710370197","0.0237244883090462","0.00853031753379683"
"4","50","0.252","0.009903733204477","0.00758067828226985","0.0231614502753686","0.0263059573759084","0.00758067828226985"
"4","50","0.253","0.0112515592801195","0.00588898942278295","0.0232583253854512","0.0264995751360511","0.00588898942278295"
"4","50","0.254","0.0114980043392008","0.00362084524759206","0.0210785135565241","0.0242820583526986","0.00362084524759206"
"4","50","0.255","0.0106189446222542","0.000998267511654702","0.016835389958045","0.0199295980379628","0.000998267511654702"
"4","50","0.256","0.00870042861914372","-0.00172202760366227","0.0109443010914131","0.0140868933269225","-0.00172202760366227"
"4","50","0.257","0.00593025404334071","-0.00427375865906095","0.00398190778052412","0.00832397234900837","-0.00427375865906095"
"4","50","0.258","0.00257958488326601","-0.00640714443988324","-0.00337026240750539","0.00768533842709255","-0.00640714443988324"
"4","50","0.259","-0.00102359201820749","-0.00791335428172948","-0.0103925278290893","0.0131024253970897","-0.00791335428172948"
"4","50","0.26","-0.0045265726011539","-0.0086449498708987","-0.0163975002177628","0.0190814839877668","-0.0086449498708987"
"4","50","0.261","-0.00758646071941354","-0.00853031753379683","-0.0207973710370197","0.0237244883090463","-0.00853031753379683"
"4","50","0.262","-0.00990373320447702","-0.00758067828226984","-0.0231614502753686","0.0263059573759084","-0.00758067828226984"
"4","50","0.263","-0.0112515592801196","-0.00588898942278293","-0.0232583253854512","0.0264995751360511","-0.00588898942278293"
"4","50","0.264","-0.0114980043392008","-0.00362084524759203","-0.0210785135565241","0.0242820583526986","-0.00362084524759203"
"4","50","0.265","-0.0106189446222542","-0.000998267511654673","-0.0168353899580449","0.0199295980379627","-0.000998267511654673"
"4","50","0.266","-0.00870042861914369","0.0017220276036623","-0.010944301091413","0.0140868933269225","0.0017220276036623"
"4","50","0.267","-0.00593025404334068","0.00427375865906098","-0.00398190778052404","0.00832397234900832","0.00427375865906098"
"4","50","0.268","-0.00257958488326597","0.00640714443988326","0.00337026240750547","0.00768533842709259","0.00640714443988326"
"4","50","0.269","0.00102359201820753","0.00791335428172949","0.0103925278290894","0.0131024253970897","0.00791335428172949"
"4","50","0.27","0.00452657260115393","0.00864494987089871","0.0163975002177629","0.0190814839877669","0.00864494987089871"
"4","50","0.271","0.00758646071941356","0.00853031753379682","0.0207973710370198","0.0237244883090463","0.00853031753379682"
"4","50","0.272","0.00990373320447704","0.00758067828226982","0.0231614502753686","0.0263059573759084","0.00758067828226982"
"4","50","0.273","0.0112515592801196","0.00588898942278291","0.0232583253854512","0.0264995751360511","0.00588898942278291"
"4","50","0.274","0.0114980043392008","0.00362084524759212","0.0210785135565242","0.0242820583526987","0.00362084524759212"
"4","50","0.275","0.0106189446222542","0.000998267511654643","0.0168353899580449","0.0199295980379626","0.000998267511654643"
"4","50","0.276","0.00870042861914367","-0.00172202760366232","0.0109443010914129","0.0140868933269224","-0.00172202760366232"
"4","50","0.277","0.00593025404334064","-0.00427375865906101","0.00398190778052396","0.00832397234900827","-0.00427375865906101"
"4","50","0.278","0.00257958488326593","-0.00640714443988328","-0.00337026240750555","0.00768533842709262","-0.00640714443988328"
"4","50","0.279","-0.00102359201820757","-0.00791335428172951","-0.0103925278290895","0.0131024253970898","-0.00791335428172951"
"4","50","0.28","-0.00452657260115397","-0.00864494987089871","-0.0163975002177629","0.0190814839877669","-0.00864494987089871"
"4","50","0.281","-0.00758646071941359","-0.00853031753379681","-0.0207973710370198","0.0237244883090464","-0.00853031753379681"
"4","50","0.282","-0.00990373320447706","-0.00758067828226981","-0.0231614502753686","0.0263059573759084","-0.00758067828226981"
"4","50","0.283","-0.0112515592801196","-0.00588898942278288","-0.0232583253854512","0.0264995751360511","-0.00588898942278288"
"4","50","0.284","-0.0114980043392008","-0.00362084524759209","-0.0210785135565241","0.0242820583526987","-0.00362084524759209"
"4","50","0.285","-0.0106189446222542","-0.000998267511654614","-0.0168353899580448","0.0199295980379626","-0.000998267511654614"
"4","50","0.286","-0.00870042861914364","0.00172202760366235","-0.0109443010914128","0.0140868933269223","0.00172202760366235"
"4","50","0.287","-0.00593025404334061","0.00427375865906103","-0.00398190778052388","0.00832397234900822","0.00427375865906103"
"4","50","0.288","-0.00257958488326589","0.0064071444398833","0.00337026240750563","0.00768533842709266","0.0064071444398833"
"4","50","0.289","0.00102359201820745","0.00791335428172947","0.0103925278290892","0.0131024253970896","0.00791335428172947"
"4","50","0.29","0.00452657260115386","0.0086449498708987","0.0163975002177628","0.0190814839877667","0.0086449498708987"
"4","50","0.291","0.00758646071941338","0.00853031753379686","0.0207973710370195","0.0237244883090461","0.00853031753379686"
"4","50","0.292","0.00990373320447691","0.00758067828226992","0.0231614502753685","0.0263059573759083","0.00758067828226992"
"4","50","0.293","0.0112515592801195","0.00588898942278304","0.0232583253854513","0.0264995751360512","0.00588898942278304"
"4","50","0.294","0.0114980043392008","0.00362084524759218","0.0210785135565243","0.0242820583526988","0.00362084524759218"
"4","50","0.295","0.0106189446222542","0.000998267511654707","0.016835389958045","0.0199295980379628","0.000998267511654707"
"4","50","0.296","0.00870042861914372","-0.00172202760366226","0.0109443010914131","0.0140868933269226","-0.00172202760366226"
"4","50","0.297","0.00593025404334072","-0.00427375865906095","0.00398190778052413","0.00832397234900837","-0.00427375865906095"
"4","50","0.298","0.00257958488326601","-0.00640714443988324","-0.00337026240750538","0.00768533842709254","-0.00640714443988324"
"4","50","0.299","-0.00102359201820749","-0.00791335428172948","-0.0103925278290893","0.0131024253970897","-0.00791335428172948"
"4","50","0.3","-0.00452657260115389","-0.0086449498708987","-0.0163975002177628","0.0190814839877668","-0.0086449498708987"
"4","50","0.301","-0.00758646071941341","-0.00853031753379685","-0.0207973710370196","0.0237244883090461","-0.00853031753379685"
"4","50","0.302","-0.00990373320447693","-0.0075806782822699","-0.0231614502753685","0.0263059573759083","-0.0075806782822699"
"4","50","0.303","-0.0112515592801195","-0.00588898942278302","-0.0232583253854512","0.0264995751360511","-0.00588898942278302"
"4","50","0.304","-0.0114980043392008","-0.00362084524759215","-0.0210785135565242","0.0242820583526987","-0.00362084524759215"
"4","50","0.305","-0.0106189446222542","-0.000998267511654677","-0.0168353899580449","0.0199295980379627","-0.000998267511654677"
"4","50","0.306","-0.00870042861914369","0.00172202760366229","-0.010944301091413","0.0140868933269225","0.00172202760366229"
"4","50","0.307","-0.00593025404334068","0.00427375865906098","-0.00398190778052405","0.00832397234900832","0.00427375865906098"
"4","50","0.308","-0.00257958488326598","0.00640714443988326","0.00337026240750546","0.00768533842709258","0.00640714443988326"
"4","50","0.309","0.00102359201820753","0.00791335428172949","0.0103925278290894","0.0131024253970897","0.00791335428172949"
"4","50","0.31","0.00452657260115393","0.00864494987089871","0.0163975002177629","0.0190814839877668","0.00864494987089871"
"4","50","0.311","0.00758646071941344","0.00853031753379685","0.0207973710370196","0.0237244883090462","0.00853031753379685"
"4","50","0.312","0.00990373320447695","0.00758067828226989","0.0231614502753685","0.0263059573759084","0.00758067828226989"
"4","50","0.313","0.0112515592801195","0.005888989422783","0.0232583253854512","0.0264995751360511","0.005888989422783"
"4","50","0.314","0.0114980043392008","0.00362084524759212","0.0210785135565242","0.0242820583526987","0.00362084524759212"
"4","50","0.315","0.0106189446222542","0.000998267511654647","0.0168353899580449","0.0199295980379627","0.000998267511654647"
"4","50","0.316","0.00870042861914367","-0.00172202760366232","0.0109443010914129","0.0140868933269224","-0.00172202760366232"
"4","50","0.317","0.00593025404334065","-0.004273758659061","0.00398190778052397","0.00832397234900828","-0.004273758659061"
"4","50","0.318","0.00257958488326594","-0.00640714443988328","-0.00337026240750554","0.00768533842709262","-0.00640714443988328"
"4","50","0.319","-0.00102359201820757","-0.00791335428172951","-0.0103925278290894","0.0131024253970898","-0.00791335428172951"
"4","50","0.32","-0.00452657260115381","-0.0086449498708987","-0.0163975002177627","0.0190814839877667","-0.0086449498708987"
"4","50","0.321","-0.00758646071941347","-0.00853031753379684","-0.0207973710370197","0.0237244883090462","-0.00853031753379684"
"4","50","0.322","-0.00990373320447697","-0.00758067828226987","-0.0231614502753686","0.0263059573759084","-0.00758067828226987"
"4","50","0.323","-0.0112515592801195","-0.00588898942278298","-0.0232583253854512","0.0264995751360511","-0.00588898942278298"
"4","50","0.324","-0.0114980043392008","-0.00362084524759209","-0.0210785135565242","0.0242820583526987","-0.00362084524759209"
"4","50","0.325","-0.0106189446222542","-0.000998267511654618","-0.0168353899580448","0.0199295980379626","-0.000998267511654618"
"4","50","0.326","-0.00870042861914364","0.00172202760366235","-0.0109443010914129","0.0140868933269224","0.00172202760366235"
"4","50","0.327","-0.00593025404334061","0.00427375865906103","-0.00398190778052389","0.00832397234900823","0.00427375865906103"
"4","50","0.328","-0.0025795848832659","0.0064071444398833","0.00337026240750562","0.00768533842709266","0.0064071444398833"
"4","50","0.329","0.00102359201820761","0.00791335428172952","0.0103925278290895","0.0131024253970899","0.00791335428172952"
"4","50","0.33","0.00452657260115385","0.0086449498708987","0.0163975002177628","0.0190814839877667","0.0086449498708987"
"4","50","0.331","0.0075864607194135","0.00853031753379683","0.0207973710370197","0.0237244883090462","0.00853031753379683"
"4","50","0.332","0.00990373320447699","0.00758067828226986","0.0231614502753686","0.0263059573759084","0.00758067828226986"
"4","50","0.333","0.0112515592801195","0.00588898942278296","0.0232583253854512","0.0264995751360511","0.00588898942278296"
"4","50","0.334","0.0114980043392008","0.00362084524759207","0.0210785135565241","0.0242820583526986","0.00362084524759207"
"4","50","0.335","0.0106189446222542","0.000998267511654588","0.0168353899580448","0.0199295980379625","0.000998267511654588"
"4","50","0.336","0.00870042861914362","-0.00172202760366238","0.0109443010914128","0.0140868933269223","-0.00172202760366238"
"4","50","0.337","0.00593025404334058","-0.00427375865906105","0.00398190778052382","0.00832397234900818","-0.00427375865906105"
"4","50","0.338","0.00257958488326586","-0.00640714443988332","-0.0033702624075057","0.0076853384270927","-0.00640714443988332"
"4","50","0.339","-0.00102359201820748","-0.00791335428172948","-0.0103925278290893","0.0131024253970896","-0.00791335428172948"
"4","50","0.34","-0.00452657260115389","-0.0086449498708987","-0.0163975002177628","0.0190814839877668","-0.0086449498708987"
"4","50","0.341","-0.00758646071941353","-0.00853031753379683","-0.0207973710370197","0.0237244883090463","-0.00853031753379683"
"4","50","0.342","-0.00990373320447701","-0.00758067828226984","-0.0231614502753686","0.0263059573759084","-0.00758067828226984"
"4","50","0.343","-0.0112515592801196","-0.00588898942278293","-0.0232583253854512","0.0264995751360511","-0.00588898942278293"
"4","50","0.344","-0.0114980043392008","-0.00362084524759204","-0.0210785135565241","0.0242820583526986","-0.00362084524759204"
"4","50","0.345","-0.0106189446222542","-0.000998267511654559","-0.0168353899580447","0.0199295980379625","-0.000998267511654559"
"4","50","0.346","-0.00870042861914359","0.00172202760366241","-0.0109443010914127","0.0140868933269222","0.00172202760366241"
"4","50","0.347","-0.00593025404334055","0.00427375865906108","-0.00398190778052374","0.00832397234900813","0.00427375865906108"
"4","50","0.348","-0.00257958488326582","0.00640714443988334","0.00337026240750578","0.00768533842709274","0.00640714443988334"
"4","50","0.349","0.00102359201820752","0.00791335428172949","0.0103925278290894","0.0131024253970897","0.00791335428172949"
"4","50","0.35","0.00452657260115392","0.00864494987089871","0.0163975002177629","0.0190814839877668","0.00864494987089871"
"4","50","0.351","0.00758646071941356","0.00853031753379682","0.0207973710370198","0.0237244883090463","0.00853031753379682"
"4","50","0.352","0.00990373320447695","0.00758067828226989","0.0231614502753685","0.0263059573759084","0.00758067828226989"
"4","50","0.353","0.0112515592801195","0.005888989422783","0.0232583253854512","0.0264995751360511","0.005888989422783"
"4","50","0.354","0.0114980043392008","0.00362084524759212","0.0210785135565242","0.0242820583526987","0.00362084524759212"
"4","50","0.355","0.0106189446222542","0.000998267511654652","0.0168353899580449","0.0199295980379627","0.000998267511654652"
"4","50","0.356","0.00870042861914378","-0.00172202760366219","0.0109443010914132","0.0140868933269227","-0.00172202760366219"
"4","50","0.357","0.0059302540433408","-0.00427375865906089","0.00398190778052432","0.00832397234900849","-0.00427375865906089"
"4","50","0.358","0.0025795848832661","-0.0064071444398832","-0.0033702624075052","0.00768533842709245","-0.0064071444398832"
"4","50","0.359","-0.0010235920182074","-0.00791335428172945","-0.0103925278290891","0.0131024253970895","-0.00791335428172945"
"4","50","0.36","-0.00452657260115381","-0.00864494987089869","-0.0163975002177627","0.0190814839877667","-0.00864494987089869"
"4","50","0.361","-0.00758646071941346","-0.00853031753379684","-0.0207973710370197","0.0237244883090462","-0.00853031753379684"
"4","50","0.362","-0.00990373320447697","-0.00758067828226987","-0.0231614502753686","0.0263059573759084","-0.00758067828226987"
"4","50","0.363","-0.0112515592801195","-0.00588898942278298","-0.0232583253854512","0.0264995751360511","-0.00588898942278298"
"4","50","0.364","-0.0114980043392008","-0.0036208452475921","-0.0210785135565242","0.0242820583526987","-0.0036208452475921"
"4","50","0.365","-0.0106189446222542","-0.000998267511654622","-0.0168353899580448","0.0199295980379626","-0.000998267511654622"
"4","50","0.366","-0.00870042861914375","0.00172202760366222","-0.0109443010914132","0.0140868933269226","0.00172202760366222"
"4","50","0.367","-0.00593025404334076","0.00427375865906092","-0.00398190778052423","0.00832397234900844","0.00427375865906092"
"4","50","0.368","-0.00257958488326606","0.00640714443988321","0.00337026240750528","0.00768533842709249","0.00640714443988321"
"4","50","0.369","0.00102359201820744","0.00791335428172946","0.0103925278290892","0.0131024253970896","0.00791335428172946"
"4","50","0.37","0.00452657260115384","0.0086449498708987","0.0163975002177627","0.0190814839877667","0.0086449498708987"
"4","50","0.371","0.00758646071941349","0.00853031753379683","0.0207973710370197","0.0237244883090462","0.00853031753379683"
"4","50","0.372","0.00990373320447699","0.00758067828226986","0.0231614502753686","0.0263059573759084","0.00758067828226986"
"4","50","0.373","0.0112515592801195","0.00588898942278296","0.0232583253854512","0.0264995751360511","0.00588898942278296"
"4","50","0.374","0.0114980043392008","0.00362084524759207","0.0210785135565241","0.0242820583526986","0.00362084524759207"
"4","50","0.375","0.0106189446222542","0.000998267511654715","0.016835389958045","0.0199295980379628","0.000998267511654715"
"4","50","0.376","0.00870042861914373","-0.00172202760366225","0.0109443010914131","0.0140868933269226","-0.00172202760366225"
"4","50","0.377","0.00593025404334073","-0.00427375865906094","0.00398190778052416","0.00832397234900839","-0.00427375865906094"
"4","50","0.378","0.00257958488326603","-0.00640714443988323","-0.00337026240750536","0.00768533842709253","-0.00640714443988323"
"4","50","0.379","-0.00102359201820748","-0.00791335428172948","-0.0103925278290893","0.0131024253970896","-0.00791335428172948"
"4","50","0.38","-0.00452657260115388","-0.0086449498708987","-0.0163975002177628","0.0190814839877668","-0.0086449498708987"
"4","50","0.381","-0.00758646071941352","-0.00853031753379683","-0.0207973710370197","0.0237244883090463","-0.00853031753379683"
"4","50","0.382","-0.00990373320447701","-0.00758067828226984","-0.0231614502753686","0.0263059573759084","-0.00758067828226984"
"4","50","0.383","-0.0112515592801195","-0.00588898942278294","-0.0232583253854512","0.0264995751360511","-0.00588898942278294"
"4","50","0.384","-0.0114980043392008","-0.00362084524759204","-0.0210785135565241","0.0242820583526986","-0.00362084524759204"
"4","50","0.385","-0.0106189446222542","-0.000998267511654686","-0.0168353899580449","0.0199295980379627","-0.000998267511654686"
"4","50","0.386","-0.0087004286191437","0.00172202760366228","-0.010944301091413","0.0140868933269225","0.00172202760366228"
"4","50","0.387","-0.00593025404334069","0.00427375865906097","-0.00398190778052408","0.00832397234900834","0.00427375865906097"
"4","50","0.388","-0.00257958488326599","0.00640714443988326","0.00337026240750544","0.00768533842709257","0.00640714443988326"
"4","50","0.389","0.00102359201820752","0.00791335428172949","0.0103925278290894","0.0131024253970897","0.00791335428172949"
"4","50","0.39","0.00452657260115392","0.0086449498708987","0.0163975002177629","0.0190814839877668","0.0086449498708987"
"4","50","0.391","0.00758646071941355","0.00853031753379682","0.0207973710370198","0.0237244883090463","0.00853031753379682"
"4","50","0.392","0.00990373320447703","0.00758067828226983","0.0231614502753686","0.0263059573759084","0.00758067828226983"
"4","50","0.393","0.0112515592801196","0.00588898942278291","0.0232583253854512","0.0264995751360511","0.00588898942278291"
"4","50","0.394","0.0114980043392008","0.00362084524759202","0.0210785135565241","0.0242820583526986","0.00362084524759202"
"4","50","0.395","0.0106189446222542","0.000998267511654656","0.0168353899580449","0.0199295980379627","0.000998267511654656"
"4","50","0.396","0.00870042861914368","-0.00172202760366231","0.010944301091413","0.0140868933269224","-0.00172202760366231"
"4","50","0.397","0.00593025404334066","-0.00427375865906099","0.003981907780524","0.00832397234900829","-0.00427375865906099"
"4","50","0.398","0.00257958488326595","-0.00640714443988328","-0.00337026240750552","0.00768533842709261","-0.00640714443988328"
"4","50","0.399","-0.00102359201820756","-0.0079133542817295","-0.0103925278290894","0.0131024253970898","-0.0079133542817295"
"4","50","0.4","-0.00452657260115395","-0.00864494987089871","-0.0163975002177629","0.0190814839877669","-0.00864494987089871"
"4","50","0.401","-0.00758646071941358","-0.00853031753379682","-0.0207973710370198","0.0237244883090463","-0.00853031753379682"
"4","50","0.402","-0.00990373320447705","-0.00758067828226981","-0.0231614502753686","0.0263059573759084","-0.00758067828226981"
"4","50","0.403","-0.0112515592801196","-0.00588898942278289","-0.0232583253854512","0.0264995751360511","-0.00588898942278289"
"4","50","0.404","-0.0114980043392008","-0.0036208452475921","-0.0210785135565242","0.0242820583526987","-0.0036208452475921"
"4","50","0.405","-0.0106189446222542","-0.000998267511654626","-0.0168353899580448","0.0199295980379626","-0.000998267511654626"
"4","50","0.406","-0.00870042861914365","0.00172202760366234","-0.0109443010914129","0.0140868933269224","0.00172202760366234"
"4","50","0.407","-0.00593025404334062","0.00427375865906102","-0.00398190778052392","0.00832397234900824","0.00427375865906102"
"4","50","0.408","-0.00257958488326591","0.0064071444398833","0.0033702624075056","0.00768533842709265","0.0064071444398833"
"4","50","0.409","0.00102359201820743","0.00791335428172946","0.0103925278290892","0.0131024253970896","0.00791335428172946"
"4","50","0.41","0.00452657260115399","0.00864494987089871","0.016397500217763","0.019081483987767","0.00864494987089871"
"4","50","0.411","0.00758646071941349","0.00853031753379684","0.0207973710370197","0.0237244883090462","0.00853031753379684"
"4","50","0.412","0.00990373320447707","0.0075806782822698","0.0231614502753686","0.0263059573759085","0.0075806782822698"
"4","50","0.413","0.0112515592801195","0.00588898942278296","0.0232583253854512","0.0264995751360511","0.00588898942278296"
"4","50","0.414","0.0114980043392008","0.00362084524759196","0.021078513556524","0.0242820583526985","0.00362084524759196"
"4","50","0.415","0.0106189446222542","0.000998267511654597","0.0168353899580448","0.0199295980379626","0.000998267511654597"
"4","50","0.416","0.00870042861914352","-0.00172202760366249","0.0109443010914125","0.014086893326922","-0.00172202760366249"
"4","50","0.417","0.00593025404334087","-0.00427375865906083","0.0039819077805245","0.0083239723490086","-0.00427375865906083"
"4","50","0.418","0.00257958488326603","-0.00640714443988323","-0.00337026240750535","0.00768533842709252","-0.00640714443988323"
"4","50","0.419","-0.00102359201820731","-0.00791335428172942","-0.010392527829089","0.0131024253970893","-0.00791335428172942"
"4","50","0.42","-0.00452657260115388","-0.0086449498708987","-0.0163975002177628","0.0190814839877668","-0.0086449498708987"
"4","50","0.421","-0.00758646071941339","-0.00853031753379685","-0.0207973710370196","0.0237244883090461","-0.00853031753379685"
"4","50","0.422","-0.00990373320447701","-0.00758067828226985","-0.0231614502753686","0.0263059573759084","-0.00758067828226985"
"4","50","0.423","-0.0112515592801195","-0.00588898942278303","-0.0232583253854513","0.0264995751360511","-0.00588898942278303"
"4","50","0.424","-0.0114980043392008","-0.00362084524759205","-0.0210785135565241","0.0242820583526986","-0.00362084524759205"
"4","50","0.425","-0.0106189446222542","-0.00099826751165469","-0.016835389958045","0.0199295980379627","-0.00099826751165469"
"4","50","0.426","-0.00870042861914381","0.00172202760366216","-0.0109443010914133","0.0140868933269228","0.00172202760366216"
"4","50","0.427","-0.0059302540433407","0.00427375865906097","-0.00398190778052409","0.00832397234900835","0.00427375865906097"
"4","50","0.428","-0.00257958488326615","0.00640714443988317","0.0033702624075051","0.0076853384270924","0.00640714443988317"
"4","50","0.429","0.00102359201820751","0.00791335428172949","0.0103925278290893","0.0131024253970897","0.00791335428172949"
"4","50","0.43","0.00452657260115376","0.00864494987089869","0.0163975002177626","0.0190814839877666","0.00864494987089869"
"4","50","0.431","0.00758646071941355","0.00853031753379682","0.0207973710370198","0.0237244883090463","0.00853031753379682"
"4","50","0.432","0.00990373320447694","0.00758067828226989","0.0231614502753685","0.0263059573759084","0.00758067828226989"
"4","50","0.433","0.0112515592801196","0.00588898942278292","0.0232583253854512","0.0264995751360511","0.00588898942278292"
"4","50","0.434","0.0114980043392008","0.00362084524759213","0.0210785135565242","0.0242820583526987","0.00362084524759213"
"4","50","0.435","0.0106189446222541","0.000998267511654537","0.0168353899580447","0.0199295980379624","0.000998267511654537"
"4","50","0.436","0.00870042861914368","-0.00172202760366231","0.010944301091413","0.0140868933269225","-0.00172202760366231"
"4","50","0.437","0.0059302540433408","-0.00427375865906088","0.00398190778052434","0.0083239723490085","-0.00427375865906088"
"4","50","0.438","0.00257958488326595","-0.00640714443988327","-0.00337026240750551","0.0076853384270926","-0.00640714443988327"
"4","50","0.439","-0.00102359201820739","-0.00791335428172945","-0.0103925278290891","0.0131024253970895","-0.00791335428172945"
"4","50","0.44","-0.00452657260115395","-0.00864494987089871","-0.0163975002177629","0.0190814839877669","-0.00864494987089871"
"4","50","0.441","-0.00758646071941345","-0.00853031753379684","-0.0207973710370196","0.0237244883090462","-0.00853031753379684"
"4","50","0.442","-0.00990373320447705","-0.00758067828226982","-0.0231614502753686","0.0263059573759084","-0.00758067828226982"
"4","50","0.443","-0.0112515592801195","-0.00588898942278299","-0.0232583253854512","0.0264995751360511","-0.00588898942278299"
"4","50","0.444","-0.0114980043392008","-0.00362084524759199","-0.021078513556524","0.0242820583526985","-0.00362084524759199"
"4","50","0.445","-0.0106189446222542","-0.000998267511654631","-0.0168353899580448","0.0199295980379626","-0.000998267511654631"
"4","50","0.446","-0.00870042861914376","0.00172202760366222","-0.0109443010914132","0.0140868933269227","0.00172202760366222"
"4","50","0.447","-0.00593025404334063","0.00427375865906102","-0.00398190778052393","0.00832397234900825","0.00427375865906102"
"4","50","0.448","-0.00257958488326607","0.00640714443988321","0.00337026240750526","0.00768533842709248","0.00640714443988321"
"4","50","0.449","0.00102359201820759","0.00791335428172951","0.0103925278290895","0.0131024253970898","0.00791335428172951"
"4","50","0.45","0.00452657260115383","0.0086449498708987","0.0163975002177627","0.0190814839877667","0.0086449498708987"
"4","50","0.451","0.00758646071941361","0.00853031753379681","0.0207973710370198","0.0237244883090464","0.00853031753379681"
"4","50","0.452","0.00990373320447698","0.00758067828226986","0.0231614502753686","0.0263059573759084","0.00758067828226986"
"4","50","0.453","0.0112515592801196","0.00588898942278287","0.0232583253854512","0.0264995751360511","0.00588898942278287"
"4","50","0.454","0.0114980043392008","0.00362084524759208","0.0210785135565241","0.0242820583526986","0.00362084524759208"
"4","50","0.455","0.0106189446222542","0.000998267511654724","0.016835389958045","0.0199295980379628","0.000998267511654724"
"4","50","0.456","0.00870042861914363","-0.00172202760366237","0.0109443010914128","0.0140868933269223","-0.00172202760366237"
"4","50","0.457","0.00593025404334074","-0.00427375865906094","0.00398190778052418","0.0083239723490084","-0.00427375865906094"
"4","50","0.458","0.00257958488326588","-0.00640714443988331","-0.00337026240750567","0.00768533842709268","-0.00640714443988331"
"4","50","0.459","-0.00102359201820747","-0.00791335428172947","-0.0103925278290893","0.0131024253970896","-0.00791335428172947"
"4","50","0.46","-0.00452657260115402","-0.00864494987089871","-0.016397500217763","0.019081483987767","-0.00864494987089871"
"4","50","0.461","-0.00758646071941351","-0.00853031753379683","-0.0207973710370197","0.0237244883090463","-0.00853031753379683"
"4","50","0.462","-0.00990373320447709","-0.00758067828226979","-0.0231614502753686","0.0263059573759085","-0.00758067828226979"
"4","50","0.463","-0.0112515592801195","-0.00588898942278294","-0.0232583253854512","0.0264995751360511","-0.00588898942278294"
"4","50","0.464","-0.0114980043392008","-0.00362084524759216","-0.0210785135565243","0.0242820583526988","-0.00362084524759216"
"4","50","0.465","-0.0106189446222542","-0.000998267511654571","-0.0168353899580447","0.0199295980379625","-0.000998267511654571"
"4","50","0.466","-0.00870042861914371","0.00172202760366227","-0.010944301091413","0.0140868933269225","0.00172202760366227"
"4","50","0.467","-0.00593025404334056","0.00427375865906107","-0.00398190778052377","0.00832397234900815","0.00427375865906107"
"4","50","0.468","-0.002579584883266","0.00640714443988325","0.00337026240750542","0.00768533842709256","0.00640714443988325"
"4","50","0.469","0.00102359201820767","0.00791335428172954","0.0103925278290896","0.01310242539709","0.00791335428172954"
"4","50","0.47","0.00452657260115391","0.0086449498708987","0.0163975002177628","0.0190814839877668","0.0086449498708987"
"4","50","0.471","0.00758646071941367","0.0085303175337968","0.0207973710370199","0.0237244883090465","0.0085303175337968"
"4","50","0.472","0.00990373320447702","0.00758067828226983","0.0231614502753686","0.0263059573759084","0.00758067828226983"
"4","50","0.473","0.0112515592801196","0.00588898942278283","0.0232583253854511","0.026499575136051","0.00588898942278283"
"4","50","0.474","0.0114980043392008","0.00362084524759202","0.0210785135565241","0.0242820583526986","0.00362084524759202"
"4","50","0.475","0.0106189446222542","0.000998267511654664","0.0168353899580449","0.0199295980379627","0.000998267511654664"
"4","50","0.476","0.00870042861914358","-0.00172202760366243","0.0109443010914127","0.0140868933269222","-0.00172202760366243"
"4","50","0.477","0.00593025404334067","-0.00427375865906099","0.00398190778052402","0.0083239723490083","-0.00427375865906099"
"4","50","0.478","0.0025795848832658","-0.00640714443988335","-0.00337026240750583","0.00768533842709276","-0.00640714443988335"
"4","50","0.479","-0.00102359201820755","-0.0079133542817295","-0.0103925278290894","0.0131024253970898","-0.0079133542817295"
"4","50","0.48","-0.00452657260115379","-0.00864494987089869","-0.0163975002177627","0.0190814839877666","-0.00864494987089869"
"4","50","0.481","-0.00758646071941333","-0.00853031753379687","-0.0207973710370195","0.023724488309046","-0.00853031753379687"
"4","50","0.482","-0.00990373320447696","-0.00758067828226988","-0.0231614502753686","0.0263059573759084","-0.00758067828226988"
"4","50","0.483","-0.0112515592801195","-0.00588898942278308","-0.0232583253854513","0.0264995751360512","-0.00588898942278308"
"4","50","0.484","-0.0114980043392008","-0.00362084524759211","-0.0210785135565242","0.0242820583526987","-0.00362084524759211"
"4","50","0.485","-0.0106189446222543","-0.000998267511654758","-0.0168353899580451","0.0199295980379629","-0.000998267511654758"
"4","50","0.486","-0.00870042861914366","0.00172202760366233","-0.0109443010914129","0.0140868933269224","0.00172202760366233"
"4","50","0.487","-0.00593025404334077","0.00427375865906091","-0.00398190778052427","0.00832397234900846","0.00427375865906091"
"4","50","0.488","-0.00257958488326592","0.00640714443988329","0.00337026240750558","0.00768533842709263","0.00640714443988329"
"4","50","0.489","0.00102359201820742","0.00791335428172946","0.0103925278290892","0.0131024253970895","0.00791335428172946"
"4","50","0.49","0.00452657260115398","0.00864494987089871","0.016397500217763","0.0190814839877669","0.00864494987089871"
"4","50","0.491","0.00758646071941348","0.00853031753379684","0.0207973710370197","0.0237244883090462","0.00853031753379684"
"4","50","0.492","0.0099037332044769","0.00758067828226992","0.0231614502753685","0.0263059573759083","0.00758067828226992"
"4","50","0.493","0.0112515592801195","0.00588898942278297","0.0232583253854512","0.0264995751360511","0.00588898942278297"
"4","50","0.494","0.0114980043392008","0.00362084524759219","0.0210785135565243","0.0242820583526988","0.00362084524759219"
"4","50","0.495","0.0106189446222542","0.000998267511654605","0.0168353899580448","0.0199295980379626","0.000998267511654605"
"4","50","0.496","0.00870042861914374","-0.00172202760366224","0.0109443010914131","0.0140868933269226","-0.00172202760366224"
"4","50","0.497","0.0059302540433406","-0.00427375865906104","0.00398190778052386","0.00832397234900821","-0.00427375865906104"
"4","50","0.498","0.00257958488326604","-0.00640714443988323","-0.00337026240750533","0.00768533842709251","-0.00640714443988323"
"4","50","0.499","-0.00102359201820762","-0.00791335428172952","-0.0103925278290896","0.0131024253970899","-0.00791335428172952"
"4","50","0.5","-0.00452657260115387","-0.0086449498708987","-0.0163975002177628","0.0190814839877667","-0.0086449498708987"
"4","50","0.501","-0.00758646071941339","-0.00853031753379685","-0.0207973710370196","0.0237244883090461","-0.00853031753379685"
"4","50","0.502","-0.009903733204477","-0.00758067828226985","-0.0231614502753686","0.0263059573759084","-0.00758067828226985"
"4","50","0.503","-0.0112515592801195","-0.00588898942278304","-0.0232583253854513","0.0264995751360511","-0.00588898942278304"
"4","50","0.504","-0.0114980043392008","-0.00362084524759206","-0.0210785135565241","0.0242820583526986","-0.00362084524759206"
"4","50","0.505","-0.0106189446222542","-0.000998267511654698","-0.016835389958045","0.0199295980379628","-0.000998267511654698"
"4","50","0.506","-0.00870042861914361","0.00172202760366239","-0.0109443010914128","0.0140868933269223","0.00172202760366239"
"4","50","0.507","-0.00593025404334071","0.00427375865906096","-0.00398190778052411","0.00832397234900836","0.00427375865906096"
"4","50","0.508","-0.00257958488326584","0.00640714443988333","0.00337026240750574","0.00768533842709271","0.00640714443988333"
"4","50","0.509","0.0010235920182075","0.00791335428172948","0.0103925278290893","0.0131024253970897","0.00791335428172948"
"4","50","0.51","0.00452657260115375","0.00864494987089869","0.0163975002177626","0.0190814839877666","0.00864494987089869"
"4","50","0.511","0.00758646071941354","0.00853031753379682","0.0207973710370198","0.0237244883090463","0.00853031753379682"
"4","50","0.512","0.00990373320447694","0.0075806782822699","0.0231614502753685","0.0263059573759084","0.0075806782822699"
"4","50","0.513","0.0112515592801196","0.00588898942278292","0.0232583253854512","0.0264995751360511","0.00588898942278292"
"4","50","0.514","0.0114980043392008","0.00362084524759214","0.0210785135565242","0.0242820583526987","0.00362084524759214"
"4","50","0.515","0.0106189446222542","0.000998267511654546","0.0168353899580447","0.0199295980379625","0.000998267511654546"
"4","50","0.516","0.00870042861914369","-0.0017220276036623","0.010944301091413","0.0140868933269225","-0.0017220276036623"
"4","50","0.517","0.00593025404334053","-0.00427375865906109","0.0039819077805237","0.00832397234900811","-0.00427375865906109"
"4","50","0.518","0.00257958488326596","-0.00640714443988327","-0.00337026240750549","0.00768533842709259","-0.00640714443988327"
"4","50","0.519","-0.0010235920182077","-0.00791335428172955","-0.0103925278290897","0.01310242539709","-0.00791335428172955"
"4","50","0.52","-0.00452657260115394","-0.00864494987089871","-0.0163975002177629","0.0190814839877669","-0.00864494987089871"
"4","50","0.521","-0.00758646071941345","-0.00853031753379684","-0.0207973710370196","0.0237244883090462","-0.00853031753379684"
"4","50","0.522","-0.00990373320447704","-0.00758067828226982","-0.0231614502753686","0.0263059573759084","-0.00758067828226982"
"4","50","0.523","-0.0112515592801195","-0.00588898942278299","-0.0232583253854512","0.0264995751360511","-0.00588898942278299"
"4","50","0.524","-0.0114980043392008","-0.003620845247592","-0.021078513556524","0.0242820583526985","-0.003620845247592"
"4","50","0.525","-0.0106189446222542","-0.000998267511654639","-0.0168353899580449","0.0199295980379626","-0.000998267511654639"
"4","50","0.526","-0.00870042861914355","0.00172202760366245","-0.0109443010914126","0.0140868933269221","0.00172202760366245"
"4","50","0.527","-0.00593025404334064","0.00427375865906101","-0.00398190778052395","0.00832397234900826","0.00427375865906101"
"4","50","0.528","-0.00257958488326577","0.00640714443988337","0.0033702624075059","0.00768533842709279","0.00640714443988337"
"4","50","0.529","0.00102359201820758","0.00791335428172951","0.0103925278290895","0.0131024253970898","0.00791335428172951"
"4","50","0.53","0.00452657260115382","0.0086449498708987","0.0163975002177627","0.0190814839877667","0.0086449498708987"
"4","50","0.531","0.0075864607194136","0.00853031753379681","0.0207973710370198","0.0237244883090464","0.00853031753379681"
"4","50","0.532","0.00990373320447698","0.00758067828226987","0.0231614502753686","0.0263059573759084","0.00758067828226987"
"4","50","0.533","0.0112515592801196","0.00588898942278288","0.0232583253854512","0.0264995751360511","0.00588898942278288"
"4","50","0.534","0.0114980043392008","0.00362084524759209","0.0210785135565241","0.0242820583526987","0.00362084524759209"
"4","50","0.535","0.0106189446222541","0.000998267511654487","0.0168353899580446","0.0199295980379623","0.000998267511654487"
"4","50","0.536","0.00870042861914364","-0.00172202760366236","0.0109443010914128","0.0140868933269223","-0.00172202760366236"
"4","50","0.537","0.00593025404334046","-0.00427375865906114","0.00398190778052354","0.00832397234900801","-0.00427375865906114"
"4","50","0.538","0.00257958488326589","-0.00640714443988331","-0.00337026240750565","0.00768533842709267","-0.00640714443988331"
"4","50","0.539","-0.00102359201820746","-0.00791335428172947","-0.0103925278290892","0.0131024253970896","-0.00791335428172947"
"4","50","0.54","-0.00452657260115401","-0.00864494987089871","-0.016397500217763","0.019081483987767","-0.00864494987089871"
"4","50","0.541","-0.00758646071941351","-0.00853031753379683","-0.0207973710370197","0.0237244883090462","-0.00853031753379683"
"4","50","0.542","-0.00990373320447708","-0.00758067828226979","-0.0231614502753686","0.0263059573759085","-0.00758067828226979"
"4","50","0.543","-0.0112515592801195","-0.00588898942278295","-0.0232583253854512","0.0264995751360511","-0.00588898942278295"
"4","50","0.544","-0.0114980043392008","-0.00362084524759195","-0.021078513556524","0.0242820583526985","-0.00362084524759195"
"4","50","0.545","-0.0106189446222542","-0.00099826751165458","-0.0168353899580447","0.0199295980379625","-0.00099826751165458"
"4","50","0.546","-0.0087004286191435","0.00172202760366251","-0.0109443010914125","0.014086893326922","0.00172202760366251"
"4","50","0.547","-0.00593025404334057","0.00427375865906106","-0.00398190778052379","0.00832397234900817","0.00427375865906106"
"4","50","0.548","-0.00257958488326601","0.00640714443988324","0.00337026240750539","0.00768533842709255","0.00640714443988324"
"4","50","0.549","0.00102359201820766","0.00791335428172953","0.0103925278290896","0.0131024253970899","0.00791335428172953"
"4","50","0.55","0.0045265726011539","0.0086449498708987","0.0163975002177628","0.0190814839877668","0.0086449498708987"
"4","50","0.551","0.00758646071941366","0.0085303175337968","0.0207973710370199","0.0237244883090465","0.0085303175337968"
"4","50","0.552","0.00990373320447702","0.00758067828226984","0.0231614502753686","0.0263059573759084","0.00758067828226984"
"4","50","0.553","0.0112515592801196","0.00588898942278284","0.0232583253854511","0.026499575136051","0.00588898942278284"
"4","50","0.554","0.0114980043392008","0.00362084524759203","0.0210785135565241","0.0242820583526986","0.00362084524759203"
"4","50","0.555","0.0106189446222541","0.000998267511654427","0.0168353899580445","0.0199295980379622","0.000998267511654427"
"4","50","0.556","0.00870042861914358","-0.00172202760366242","0.0109443010914127","0.0140868933269222","-0.00172202760366242"
"4","50","0.557","0.0059302540433404","-0.0042737586590612","0.00398190778052338","0.00832397234900791","-0.0042737586590612"
"4","50","0.558","0.00257958488326581","-0.00640714443988335","-0.0033702624075058","0.00768533842709275","-0.00640714443988335"
"4","50","0.559","-0.00102359201820753","-0.00791335428172949","-0.0103925278290894","0.0131024253970897","-0.00791335428172949"
"4","50","0.56","-0.00452657260115408","-0.00864494987089872","-0.0163975002177631","0.0190814839877671","-0.00864494987089872"
"4","50","0.561","-0.00758646071941356","-0.00853031753379682","-0.0207973710370198","0.0237244883090463","-0.00853031753379682"
"4","50","0.562","-0.00990373320447712","-0.00758067828226976","-0.0231614502753687","0.0263059573759085","-0.00758067828226976"
"4","50","0.563","-0.0112515592801196","-0.00588898942278291","-0.0232583253854512","0.0264995751360511","-0.00588898942278291"
"4","50","0.564","-0.0114980043392008","-0.00362084524759189","-0.0210785135565239","0.0242820583526984","-0.00362084524759189"
"4","50","0.565","-0.0106189446222541","-0.00099826751165452","-0.0168353899580446","0.0199295980379624","-0.00099826751165452"
"4","50","0.566","-0.00870042861914345","0.00172202760366257","-0.0109443010914123","0.0140868933269219","0.00172202760366257"
"4","50","0.567","-0.0059302540433405","0.00427375865906111","-0.00398190778052363","0.00832397234900807","0.00427375865906111"
"4","50","0.568","-0.00257958488326593","0.00640714443988328","0.00337026240750555","0.00768533842709262","0.00640714443988328"
"4","50","0.569","0.00102359201820774","0.00791335428172956","0.0103925278290898","0.0131024253970901","0.00791335428172956"
"4","50","0.57","0.00452657260115397","0.00864494987089871","0.0163975002177629","0.0190814839877669","0.00864494987089871"
"4","50","0.571","0.00758646071941372","0.00853031753379679","0.02079737103702","0.0237244883090465","0.00853031753379679"
"4","50","0.572","0.00990373320447706","0.00758067828226981","0.0231614502753686","0.0263059573759084","0.00758067828226981"
"4","50","0.573","0.0112515592801196","0.00588898942278279","0.0232583253854511","0.026499575136051","0.00588898942278279"
"4","50","0.574","0.0114980043392008","0.00362084524759198","0.021078513556524","0.0242820583526985","0.00362084524759198"
"4","50","0.575","0.0106189446222541","0.000998267511654368","0.0168353899580443","0.0199295980379621","0.000998267511654368"
"4","50","0.576","0.00870042861914353","-0.00172202760366248","0.0109443010914126","0.0140868933269221","-0.00172202760366248"
"4","50","0.577","0.00593025404334089","-0.00427375865906082","0.00398190778052454","0.00832397234900862","-0.00427375865906082"
"4","50","0.578","0.00257958488326605","-0.00640714443988322","-0.0033702624075053","0.0076853384270925","-0.00640714443988322"
"4","50","0.579","-0.00102359201820729","-0.00791335428172942","-0.0103925278290889","0.0131024253970893","-0.00791335428172942"
"4","50","0.58","-0.00452657260115386","-0.0086449498708987","-0.0163975002177628","0.0190814839877667","-0.0086449498708987"
"4","50","0.581","-0.00758646071941338","-0.00853031753379686","-0.0207973710370195","0.0237244883090461","-0.00853031753379686"
"4","50","0.582","-0.00990373320447683","-0.00758067828226998","-0.0231614502753685","0.0263059573759083","-0.00758067828226998"
"4","50","0.583","-0.0112515592801195","-0.00588898942278304","-0.0232583253854513","0.0264995751360512","-0.00588898942278304"
"4","50","0.584","-0.0114980043392008","-0.00362084524759229","-0.0210785135565244","0.0242820583526989","-0.00362084524759229"
"4","50","0.585","-0.0106189446222542","-0.000998267511654707","-0.016835389958045","0.0199295980379628","-0.000998267511654707"
"4","50","0.586","-0.00870042861914383","0.00172202760366214","-0.0109443010914134","0.0140868933269228","0.00172202760366214"
"4","50","0.587","-0.00593025404334072","0.00427375865906095","-0.00398190778052413","0.00832397234900837","0.00427375865906095"
"4","50","0.588","-0.00257958488326617","0.00640714443988316","0.00337026240750505","0.00768533842709238","0.00640714443988316"
"4","50","0.589","0.00102359201820749","0.00791335428172948","0.0103925278290893","0.0131024253970897","0.00791335428172948"
"4","50","0.59","0.00452657260115374","0.00864494987089869","0.0163975002177626","0.0190814839877665","0.00864494987089869"
"4","50","0.591","0.00758646071941353","0.00853031753379683","0.0207973710370197","0.0237244883090463","0.00853031753379683"
"4","50","0.592","0.00990373320447693","0.0075806782822699","0.0231614502753685","0.0263059573759083","0.0075806782822699"
"4","50","0.593","0.0112515592801195","0.00588898942278311","0.0232583253854513","0.0264995751360512","0.00588898942278311"
"4","50","0.594","0.0114980043392008","0.00362084524759215","0.0210785135565242","0.0242820583526987","0.00362084524759215"
"4","50","0.595","0.0106189446222543","0.0009982675116548","0.0168353899580452","0.0199295980379629","0.0009982675116548"
"4","50","0.596","0.00870042861914369","-0.00172202760366229","0.010944301091413","0.0140868933269225","-0.00172202760366229"
"4","50","0.597","0.00593025404334083","-0.00427375865906087","0.00398190778052438","0.00832397234900853","-0.00427375865906087"
"4","50","0.598","0.00257958488326598","-0.00640714443988326","-0.00337026240750546","0.00768533842709258","-0.00640714443988326"
"4","50","0.599","-0.00102359201820736","-0.00791335428172944","-0.0103925278290891","0.0131024253970894","-0.00791335428172944"
"4","50","0.6","-0.00452657260115393","-0.00864494987089871","-0.0163975002177629","0.0190814839877668","-0.00864494987089871"
"4","50","0.601","-0.00758646071941344","-0.00853031753379685","-0.0207973710370196","0.0237244883090462","-0.00853031753379685"
"4","50","0.602","-0.00990373320447687","-0.00758067828226995","-0.0231614502753685","0.0263059573759083","-0.00758067828226995"
"4","50","0.603","-0.0112515592801195","-0.005888989422783","-0.0232583253854512","0.0264995751360511","-0.005888989422783"
"4","50","0.604","-0.0114980043392008","-0.00362084524759223","-0.0210785135565243","0.0242820583526989","-0.00362084524759223"
"4","50","0.605","-0.0106189446222542","-0.000998267511654647","-0.0168353899580449","0.0199295980379627","-0.000998267511654647"
"4","50","0.606","-0.00870042861914378","0.0017220276036622","-0.0109443010914132","0.0140868933269227","0.0017220276036622"
"4","50","0.607","-0.00593025404334065","0.004273758659061","-0.00398190778052397","0.00832397234900828","0.004273758659061"
"4","50","0.608","-0.0025795848832661","0.0064071444398832","0.00337026240750521","0.00768533842709246","0.0064071444398832"
"4","50","0.609","0.00102359201820757","0.00791335428172951","0.0103925278290894","0.0131024253970898","0.00791335428172951"
"4","50","0.61","0.00452657260115381","0.0086449498708987","0.0163975002177627","0.0190814839877667","0.0086449498708987"
"4","50","0.611","0.00758646071941334","0.00853031753379686","0.0207973710370195","0.023724488309046","0.00853031753379686"
"4","50","0.612","0.00990373320447697","0.00758067828226987","0.0231614502753686","0.0263059573759084","0.00758067828226987"
"4","50","0.613","0.0112515592801195","0.00588898942278307","0.0232583253854513","0.0264995751360512","0.00588898942278307"
"4","50","0.614","0.0114980043392008","0.00362084524759209","0.0210785135565242","0.0242820583526987","0.00362084524759209"
"4","50","0.615","0.0106189446222543","0.000998267511654741","0.0168353899580451","0.0199295980379628","0.000998267511654741"
"4","50","0.616","0.00870042861914364","-0.00172202760366235","0.0109443010914129","0.0140868933269224","-0.00172202760366235"
"4","50","0.617","0.00593025404334075","-0.00427375865906092","0.00398190778052422","0.00832397234900843","-0.00427375865906092"
"4","50","0.618","0.0025795848832659","-0.0064071444398833","-0.00337026240750562","0.00768533842709266","-0.0064071444398833"
"4","50","0.619","-0.00102359201820744","-0.00791335428172947","-0.0103925278290892","0.0131024253970896","-0.00791335428172947"
"4","50","0.62","-0.004526572601154","-0.00864494987089871","-0.016397500217763","0.019081483987767","-0.00864494987089871"
"4","50","0.621","-0.0075864607194135","-0.00853031753379683","-0.0207973710370197","0.0237244883090462","-0.00853031753379683"
"4","50","0.622","-0.00990373320447691","-0.00758067828226992","-0.0231614502753685","0.0263059573759083","-0.00758067828226992"
"4","50","0.623","-0.0112515592801195","-0.00588898942278296","-0.0232583253854512","0.0264995751360511","-0.00588898942278296"
"4","50","0.624","-0.0114980043392008","-0.00362084524759218","-0.0210785135565243","0.0242820583526988","-0.00362084524759218"
"4","50","0.625","-0.0106189446222542","-0.000998267511654588","-0.0168353899580448","0.0199295980379625","-0.000998267511654588"
"4","50","0.626","-0.00870042861914373","0.00172202760366226","-0.0109443010914131","0.0140868933269226","0.00172202760366226"
"4","50","0.627","-0.00593025404334058","0.00427375865906105","-0.00398190778052382","0.00832397234900818","0.00427375865906105"
"4","50","0.628","-0.00257958488326602","0.00640714443988324","0.00337026240750537","0.00768533842709254","0.00640714443988324"
"4","50","0.629","0.00102359201820765","0.00791335428172953","0.0103925278290896","0.0131024253970899","0.00791335428172953"
"4","50","0.63","0.00452657260115389","0.0086449498708987","0.0163975002177628","0.0190814839877668","0.0086449498708987"
"4","50","0.631","0.0075864607194134","0.00853031753379685","0.0207973710370196","0.0237244883090461","0.00853031753379685"
"4","50","0.632","0.00990373320447701","0.00758067828226984","0.0231614502753686","0.0263059573759084","0.00758067828226984"
"4","50","0.633","0.0112515592801195","0.00588898942278302","0.0232583253854512","0.0264995751360511","0.00588898942278302"
"4","50","0.634","0.0114980043392008","0.00362084524759204","0.0210785135565241","0.0242820583526986","0.00362084524759204"
"4","50","0.635","0.0106189446222542","0.000998267511654681","0.0168353899580449","0.0199295980379627","0.000998267511654681"
"4","50","0.636","0.00870042861914359","-0.00172202760366241","0.0109443010914127","0.0140868933269222","-0.00172202760366241"
"4","50","0.637","0.00593025404334069","-0.00427375865906097","0.00398190778052406","0.00832397234900833","-0.00427375865906097"
"4","50","0.638","0.00257958488326582","-0.00640714443988334","-0.00337026240750578","0.00768533842709274","-0.00640714443988334"
"4","50","0.639","-0.00102359201820752","-0.00791335428172949","-0.0103925278290894","0.0131024253970897","-0.00791335428172949"
"4","50","0.64","-0.00452657260115377","-0.00864494987089869","-0.0163975002177626","0.0190814839877666","-0.00864494987089869"
"4","50","0.641","-0.00758646071941356","-0.00853031753379682","-0.0207973710370198","0.0237244883090463","-0.00853031753379682"
"4","50","0.642","-0.00990373320447695","-0.00758067828226989","-0.0231614502753685","0.0263059573759084","-0.00758067828226989"
"4","50","0.643","-0.0112515592801196","-0.00588898942278291","-0.0232583253854512","0.0264995751360511","-0.00588898942278291"
"4","50","0.644","-0.0114980043392008","-0.00362084524759212","-0.0210785135565242","0.0242820583526987","-0.00362084524759212"
"4","50","0.645","-0.0106189446222541","-0.000998267511654529","-0.0168353899580446","0.0199295980379624","-0.000998267511654529"
"4","50","0.646","-0.00870042861914367","0.00172202760366232","-0.0109443010914129","0.0140868933269224","0.00172202760366232"
"4","50","0.647","-0.00593025404334051","0.00427375865906111","-0.00398190778052366","0.00832397234900808","0.00427375865906111"
"4","50","0.648","-0.00257958488326594","0.00640714443988328","0.00337026240750553","0.00768533842709261","0.00640714443988328"
"4","50","0.649","0.0010235920182074","0.00791335428172945","0.0103925278290891","0.0131024253970895","0.00791335428172945"
"4","50","0.65","0.00452657260115396","0.00864494987089871","0.0163975002177629","0.0190814839877669","0.00864494987089871"
"4","50","0.651","0.00758646071941346","0.00853031753379684","0.0207973710370197","0.0237244883090462","0.00853031753379684"
"4","50","0.652","0.00990373320447705","0.00758067828226981","0.0231614502753686","0.0263059573759084","0.00758067828226981"
"4","50","0.653","0.0112515592801195","0.00588898942278298","0.0232583253854512","0.0264995751360511","0.00588898942278298"
"4","50","0.654","0.0114980043392008","0.00362084524759199","0.021078513556524","0.0242820583526985","0.00362084524759199"
"4","50","0.655","0.0106189446222542","0.000998267511654622","0.0168353899580448","0.0199295980379626","0.000998267511654622"
"4","50","0.656","0.00870042861914354","-0.00172202760366247","0.0109443010914126","0.0140868933269221","-0.00172202760366247"
"4","50","0.657","0.00593025404334062","-0.00427375865906102","0.0039819077805239","0.00832397234900823","-0.00427375865906102"
"4","50","0.658","0.00257958488326574","-0.00640714443988338","-0.00337026240750594","0.00768533842709281","-0.00640714443988338"
"4","50","0.659","-0.0010235920182076","-0.00791335428172951","-0.0103925278290895","0.0131024253970898","-0.00791335428172951"
"4","50","0.66","-0.00452657260115384","-0.0086449498708987","-0.0163975002177627","0.0190814839877667","-0.0086449498708987"
"4","50","0.661","-0.00758646071941362","-0.00853031753379681","-0.0207973710370198","0.0237244883090464","-0.00853031753379681"
"4","50","0.662","-0.00990373320447699","-0.00758067828226986","-0.0231614502753686","0.0263059573759084","-0.00758067828226986"
"4","50","0.663","-0.0112515592801196","-0.00588898942278287","-0.0232583253854512","0.0264995751360511","-0.00588898942278287"
"4","50","0.664","-0.0114980043392008","-0.00362084524759207","-0.0210785135565241","0.0242820583526986","-0.00362084524759207"
"4","50","0.665","-0.0106189446222541","-0.00099826751165447","-0.0168353899580445","0.0199295980379623","-0.00099826751165447"
"4","50","0.666","-0.00870042861914362","0.00172202760366237","-0.0109443010914128","0.0140868933269223","0.00172202760366237"
"4","50","0.667","-0.00593025404334045","0.00427375865906116","-0.0039819077805235","0.00832397234900798","0.00427375865906116"
"4","50","0.668","-0.00257958488326587","0.00640714443988332","0.00337026240750569","0.00768533842709269","0.00640714443988332"
"4","50","0.669","0.00102359201820748","0.00791335428172948","0.0103925278290893","0.0131024253970896","0.00791335428172948"
"4","50","0.67","0.00452657260115403","0.00864494987089872","0.016397500217763","0.019081483987767","0.00864494987089872"
"4","50","0.671","0.00758646071941352","0.00853031753379683","0.0207973710370197","0.0237244883090463","0.00853031753379683"
"4","50","0.672","0.00990373320447709","0.00758067828226978","0.0231614502753686","0.0263059573759085","0.00758067828226978"
"4","50","0.673","0.0112515592801195","0.00588898942278294","0.0232583253854512","0.0264995751360511","0.00588898942278294"
"4","50","0.674","0.0114980043392008","0.00362084524759193","0.0210785135565239","0.0242820583526984","0.00362084524759193"
"4","50","0.675","0.0106189446222542","0.000998267511654563","0.0168353899580447","0.0199295980379625","0.000998267511654563"
"4","50","0.676","0.00870042861914349","-0.00172202760366253","0.0109443010914124","0.014086893326922","-0.00172202760366253"
"4","50","0.677","0.00593025404334055","-0.00427375865906108","0.00398190778052375","0.00832397234900814","-0.00427375865906108"
"4","50","0.678","0.00257958488326599","-0.00640714443988326","-0.00337026240750544","0.00768533842709257","-0.00640714443988326"
"4","50","0.679","-0.00102359201820768","-0.00791335428172954","-0.0103925278290897","0.01310242539709","-0.00791335428172954"
"4","50","0.68","-0.00452657260115392","-0.0086449498708987","-0.0163975002177629","0.0190814839877668","-0.0086449498708987"
"4","50","0.681","-0.00758646071941368","-0.0085303175337968","-0.0207973710370199","0.0237244883090465","-0.0085303175337968"
"4","50","0.682","-0.00990373320447703","-0.00758067828226983","-0.0231614502753686","0.0263059573759084","-0.00758067828226983"
"4","50","0.683","-0.0112515592801196","-0.00588898942278282","-0.0232583253854511","0.026499575136051","-0.00588898942278282"
"4","50","0.684","-0.0114980043392008","-0.00362084524759202","-0.0210785135565241","0.0242820583526986","-0.00362084524759202"
"4","50","0.685","-0.0106189446222541","-0.00099826751165441","-0.0168353899580444","0.0199295980379622","-0.00099826751165441"
"4","50","0.686","-0.00870042861914357","0.00172202760366243","-0.0109443010914127","0.0140868933269222","0.00172202760366243"
"4","50","0.687","-0.00593025404334038","0.00427375865906121","-0.00398190778052334","0.00832397234900789","0.00427375865906121"
"4","50","0.688","-0.00257958488326579","0.00640714443988336","0.00337026240750585","0.00768533842709277","0.00640714443988336"
"4","50","0.689","0.00102359201820756","0.0079133542817295","0.0103925278290894","0.0131024253970898","0.0079133542817295"
"4","50","0.69","0.00452657260115411","0.00864494987089872","0.0163975002177632","0.0190814839877671","0.00864494987089872"
"4","50","0.691","0.00758646071941358","0.00853031753379682","0.0207973710370198","0.0237244883090463","0.00853031753379682"
"4","50","0.692","0.00990373320447713","0.00758067828226975","0.0231614502753687","0.0263059573759085","0.00758067828226975"
"4","50","0.693","0.0112515592801196","0.00588898942278289","0.0232583253854512","0.0264995751360511","0.00588898942278289"
"4","50","0.694","0.0114980043392008","0.00362084524759188","0.0210785135565239","0.0242820583526984","0.00362084524759188"
"4","50","0.695","0.0106189446222541","0.000998267511654503","0.0168353899580446","0.0199295980379624","0.000998267511654503"
"4","50","0.696","0.00870042861914343","-0.00172202760366258","0.0109443010914123","0.0140868933269218","-0.00172202760366258"
"4","50","0.697","0.00593025404334048","-0.00427375865906113","0.00398190778052359","0.00832397234900804","-0.00427375865906113"
"4","50","0.698","0.00257958488326591","-0.0064071444398833","-0.0033702624075056","0.00768533842709265","-0.0064071444398833"
"4","50","0.699","-0.00102359201820776","-0.00791335428172956","-0.0103925278290898","0.0131024253970901","-0.00791335428172956"
"4","50","0.7","-0.00452657260115399","-0.00864494987089871","-0.016397500217763","0.019081483987767","-0.00864494987089871"
"4","50","0.701","-0.00758646071941373","-0.00853031753379679","-0.02079737103702","0.0237244883090466","-0.00853031753379679"
"4","50","0.702","-0.00990373320447707","-0.0075806782822698","-0.0231614502753686","0.0263059573759085","-0.0075806782822698"
"4","50","0.703","-0.0112515592801196","-0.00588898942278278","-0.0232583253854511","0.026499575136051","-0.00588898942278278"
"4","50","0.704","-0.0114980043392008","-0.00362084524759219","-0.0210785135565243","0.0242820583526988","-0.00362084524759219"
"4","50","0.705","-0.0106189446222543","-0.000998267511654842","-0.0168353899580452","0.019929598037963","-0.000998267511654842"
"4","50","0.706","-0.00870042861914373","0.00172202760366225","-0.0109443010914131","0.0140868933269226","0.00172202760366225"
"4","50","0.707","-0.00593025404334087","0.00427375865906083","-0.0039819077805245","0.0083239723490086","0.00427375865906083"
"4","50","0.708","-0.00257958488326603","0.00640714443988323","0.00337026240750535","0.00768533842709252","0.00640714443988323"
"4","50","0.709","0.00102359201820731","0.00791335428172942","0.010392527829089","0.0131024253970893","0.00791335428172942"
"4","50","0.71","0.00452657260115388","0.0086449498708987","0.0163975002177628","0.0190814839877668","0.0086449498708987"
"4","50","0.711","0.00758646071941339","0.00853031753379685","0.0207973710370196","0.0237244883090461","0.00853031753379685"
"4","50","0.712","0.00990373320447684","0.00758067828226997","0.0231614502753685","0.0263059573759083","0.00758067828226997"
"4","50","0.713","0.0112515592801195","0.00588898942278303","0.0232583253854513","0.0264995751360511","0.00588898942278303"
"4","50","0.714","0.0114980043392008","0.00362084524759227","0.0210785135565244","0.0242820583526989","0.00362084524759227"
"4","50","0.715","0.0106189446222542","0.00099826751165469","0.016835389958045","0.0199295980379627","0.00099826751165469"
"4","50","0.716","0.00870042861914381","-0.00172202760366216","0.0109443010914133","0.0140868933269228","-0.00172202760366216"
"4","50","0.717","0.0059302540433407","-0.00427375865906097","0.00398190778052409","0.00832397234900835","-0.00427375865906097"
"4","50","0.718","0.00257958488326615","-0.00640714443988317","-0.0033702624075051","0.0076853384270924","-0.00640714443988317"
"4","50","0.719","-0.00102359201820751","-0.00791335428172949","-0.0103925278290893","0.0131024253970897","-0.00791335428172949"
"4","50","0.72","-0.00452657260115376","-0.00864494987089869","-0.0163975002177626","0.0190814839877666","-0.00864494987089869"
"4","50","0.721","-0.00758646071941355","-0.00853031753379682","-0.0207973710370198","0.0237244883090463","-0.00853031753379682"
"4","50","0.722","-0.00990373320447694","-0.00758067828226989","-0.0231614502753685","0.0263059573759084","-0.00758067828226989"
"4","50","0.723","-0.0112515592801195","-0.0058889894227831","-0.0232583253854513","0.0264995751360512","-0.0058889894227831"
"4","50","0.724","-0.0114980043392008","-0.00362084524759213","-0.0210785135565242","0.0242820583526987","-0.00362084524759213"
"4","50","0.725","-0.0106189446222543","-0.000998267511654783","-0.0168353899580451","0.0199295980379629","-0.000998267511654783"
"4","50","0.726","-0.00870042861914368","0.00172202760366231","-0.010944301091413","0.0140868933269225","0.00172202760366231"
"4","50","0.727","-0.0059302540433408","0.00427375865906088","-0.00398190778052434","0.0083239723490085","0.00427375865906088"
"4","50","0.728","-0.00257958488326595","0.00640714443988327","0.00337026240750551","0.0076853384270926","0.00640714443988327"
"4","50","0.729","0.00102359201820739","0.00791335428172945","0.0103925278290891","0.0131024253970895","0.00791335428172945"
"4","50","0.73","0.00452657260115395","0.00864494987089871","0.0163975002177629","0.0190814839877669","0.00864494987089871"
"4","50","0.731","0.00758646071941345","0.00853031753379684","0.0207973710370196","0.0237244883090462","0.00853031753379684"
"4","50","0.732","0.00990373320447688","0.00758067828226994","0.0231614502753685","0.0263059573759083","0.00758067828226994"
"4","50","0.733","0.0112515592801195","0.00588898942278299","0.0232583253854512","0.0264995751360511","0.00588898942278299"
"4","50","0.734","0.0114980043392008","0.00362084524759222","0.0210785135565243","0.0242820583526988","0.00362084524759222"
"4","50","0.735","0.0106189446222542","0.000998267511654631","0.0168353899580448","0.0199295980379626","0.000998267511654631"
"4","50","0.736","0.00870042861914376","-0.00172202760366222","0.0109443010914132","0.0140868933269227","-0.00172202760366222"
"4","50","0.737","0.00593025404334063","-0.00427375865906102","0.00398190778052393","0.00832397234900825","-0.00427375865906102"
"4","50","0.738","0.00257958488326607","-0.00640714443988321","-0.00337026240750526","0.00768533842709248","-0.00640714443988321"
"4","50","0.739","-0.00102359201820759","-0.00791335428172951","-0.0103925278290895","0.0131024253970898","-0.00791335428172951"
"4","50","0.74","-0.00452657260115383","-0.0086449498708987","-0.0163975002177627","0.0190814839877667","-0.0086449498708987"
"4","50","0.741","-0.00758646071941336","-0.00853031753379686","-0.0207973710370195","0.023724488309046","-0.00853031753379686"
"4","50","0.742","-0.00990373320447698","-0.00758067828226986","-0.0231614502753686","0.0263059573759084","-0.00758067828226986"
"4","50","0.743","-0.0112515592801195","-0.00588898942278306","-0.0232583253854513","0.0264995751360512","-0.00588898942278306"
"4","50","0.744","-0.0114980043392008","-0.00362084524759208","-0.0210785135565241","0.0242820583526986","-0.00362084524759208"
"4","50","0.745","-0.0106189446222542","-0.000998267511654724","-0.016835389958045","0.0199295980379628","-0.000998267511654724"
"4","50","0.746","-0.00870042861914363","0.00172202760366237","-0.0109443010914128","0.0140868933269223","0.00172202760366237"
"4","50","0.747","-0.00593025404334074","0.00427375865906094","-0.00398190778052418","0.0083239723490084","0.00427375865906094"
"4","50","0.748","-0.00257958488326588","0.00640714443988331","0.00337026240750567","0.00768533842709268","0.00640714443988331"
"4","50","0.749","0.00102359201820747","0.00791335428172947","0.0103925278290893","0.0131024253970896","0.00791335428172947"
"4","50","0.75","0.00452657260115372","0.00864494987089869","0.0163975002177625","0.0190814839877665","0.00864494987089869"
"4","50","0.751","0.00758646071941351","0.00853031753379683","0.0207973710370197","0.0237244883090463","0.00853031753379683"
"4","50","0.752","0.00990373320447692","0.00758067828226991","0.0231614502753685","0.0263059573759083","0.00758067828226991"
"4","50","0.753","0.0112515592801195","0.00588898942278294","0.0232583253854512","0.0264995751360511","0.00588898942278294"
"4","50","0.754","0.0114980043392008","0.00362084524759216","0.0210785135565243","0.0242820583526988","0.00362084524759216"
"4","50","0.755","0.0106189446222542","0.000998267511654571","0.0168353899580447","0.0199295980379625","0.000998267511654571"
"4","50","0.756","0.00870042861914371","-0.00172202760366227","0.010944301091413","0.0140868933269225","-0.00172202760366227"
"4","50","0.757","0.00593025404334056","-0.00427375865906107","0.00398190778052377","0.00832397234900815","-0.00427375865906107"
"4","50","0.758","0.002579584883266","-0.00640714443988325","-0.00337026240750542","0.00768533842709256","-0.00640714443988325"
"4","50","0.759","-0.00102359201820767","-0.00791335428172954","-0.0103925278290896","0.01310242539709","-0.00791335428172954"
"4","50","0.76","-0.00452657260115391","-0.0086449498708987","-0.0163975002177628","0.0190814839877668","-0.0086449498708987"
"4","50","0.761","-0.00758646071941342","-0.00853031753379685","-0.0207973710370196","0.0237244883090461","-0.00853031753379685"
"4","50","0.762","-0.00990373320447702","-0.00758067828226983","-0.0231614502753686","0.0263059573759084","-0.00758067828226983"
"4","50","0.763","-0.0112515592801195","-0.00588898942278301","-0.0232583253854512","0.0264995751360511","-0.00588898942278301"
"4","50","0.764","-0.0114980043392008","-0.00362084524759202","-0.0210785135565241","0.0242820583526986","-0.00362084524759202"
"4","50","0.765","-0.0106189446222542","-0.000998267511654664","-0.0168353899580449","0.0199295980379627","-0.000998267511654664"
"4","50","0.766","-0.00870042861914358","0.00172202760366243","-0.0109443010914127","0.0140868933269222","0.00172202760366243"
"4","50","0.767","-0.00593025404334067","0.00427375865906099","-0.00398190778052402","0.0083239723490083","0.00427375865906099"
"4","50","0.768","-0.0025795848832658","0.00640714443988335","0.00337026240750583","0.00768533842709276","0.00640714443988335"
"4","50","0.769","0.00102359201820755","0.0079133542817295","0.0103925278290894","0.0131024253970898","0.0079133542817295"
"4","50","0.77","0.00452657260115379","0.00864494987089869","0.0163975002177627","0.0190814839877666","0.00864494987089869"
"4","50","0.771","0.00758646071941357","0.00853031753379682","0.0207973710370198","0.0237244883090463","0.00853031753379682"
"4","50","0.772","0.00990373320447696","0.00758067828226988","0.0231614502753686","0.0263059573759084","0.00758067828226988"
"4","50","0.773","0.0112515592801196","0.0058889894227829","0.0232583253854512","0.0264995751360511","0.0058889894227829"
"4","50","0.774","0.0114980043392008","0.00362084524759211","0.0210785135565242","0.0242820583526987","0.00362084524759211"
"4","50","0.775","0.0106189446222541","0.000998267511654512","0.0168353899580446","0.0199295980379624","0.000998267511654512"
"4","50","0.776","0.00870042861914366","-0.00172202760366233","0.0109443010914129","0.0140868933269224","-0.00172202760366233"
"4","50","0.777","0.00593025404334049","-0.00427375865906112","0.00398190778052361","0.00832397234900805","-0.00427375865906112"
"4","50","0.778","0.00257958488326592","-0.00640714443988329","-0.00337026240750558","0.00768533842709263","-0.00640714443988329"
"4","50","0.779","-0.00102359201820742","-0.00791335428172946","-0.0103925278290892","0.0131024253970895","-0.00791335428172946"
"4","50","0.78","-0.00452657260115398","-0.00864494987089871","-0.016397500217763","0.0190814839877669","-0.00864494987089871"
"4","50","0.781","-0.00758646071941348","-0.00853031753379684","-0.0207973710370197","0.0237244883090462","-0.00853031753379684"
"4","50","0.782","-0.00990373320447706","-0.0075806782822698","-0.0231614502753686","0.0263059573759084","-0.0075806782822698"
"4","50","0.783","-0.0112515592801195","-0.00588898942278297","-0.0232583253854512","0.0264995751360511","-0.00588898942278297"
"4","50","0.784","-0.0114980043392008","-0.00362084524759197","-0.021078513556524","0.0242820583526985","-0.00362084524759197"
"4","50","0.785","-0.0106189446222542","-0.000998267511654605","-0.0168353899580448","0.0199295980379626","-0.000998267511654605"
"4","50","0.786","-0.00870042861914352","0.00172202760366248","-0.0109443010914125","0.014086893326922","0.00172202760366248"
"4","50","0.787","-0.0059302540433406","0.00427375865906104","-0.00398190778052386","0.00832397234900821","0.00427375865906104"
"4","50","0.788","-0.00257958488326572","0.00640714443988339","0.00337026240750599","0.00768533842709283","0.00640714443988339"
"4","50","0.789","0.00102359201820762","0.00791335428172952","0.0103925278290896","0.0131024253970899","0.00791335428172952"
"4","50","0.79","0.00452657260115387","0.0086449498708987","0.0163975002177628","0.0190814839877667","0.0086449498708987"
"4","50","0.791","0.00758646071941363","0.00853031753379681","0.0207973710370199","0.0237244883090464","0.00853031753379681"
"4","50","0.792","0.009903733204477","0.00758067828226985","0.0231614502753686","0.0263059573759084","0.00758067828226985"
"4","50","0.793","0.0112515592801196","0.00588898942278286","0.0232583253854512","0.026499575136051","0.00588898942278286"
"4","50","0.794","0.0114980043392008","0.00362084524759206","0.0210785135565241","0.0242820583526986","0.00362084524759206"
"4","50","0.795","0.0106189446222541","0.000998267511654453","0.0168353899580445","0.0199295980379623","0.000998267511654453"
"4","50","0.796","0.00870042861914361","-0.00172202760366239","0.0109443010914128","0.0140868933269223","-0.00172202760366239"
"4","50","0.797","0.00593025404334043","-0.00427375865906117","0.00398190778052345","0.00832397234900796","-0.00427375865906117"
"4","50","0.798","0.00257958488326584","-0.00640714443988333","-0.00337026240750574","0.00768533842709271","-0.00640714443988333"
"4","50","0.799","-0.0010235920182075","-0.00791335428172948","-0.0103925278290893","0.0131024253970897","-0.00791335428172948"
"4","50","0.8","-0.00452657260115405","-0.00864494987089872","-0.0163975002177631","0.0190814839877671","-0.00864494987089872"
"4","50","0.801","-0.00758646071941354","-0.00853031753379682","-0.0207973710370198","0.0237244883090463","-0.00853031753379682"
"4","50","0.802","-0.0099037332044771","-0.00758067828226977","-0.0231614502753687","0.0263059573759085","-0.00758067828226977"
"4","50","0.803","-0.0112515592801196","-0.00588898942278292","-0.0232583253854512","0.0264995751360511","-0.00588898942278292"
"4","50","0.804","-0.0114980043392008","-0.00362084524759192","-0.0210785135565239","0.0242820583526984","-0.00362084524759192"
"4","50","0.805","-0.0106189446222542","-0.000998267511654546","-0.0168353899580447","0.0199295980379625","-0.000998267511654546"
"4","50","0.806","-0.00870042861914347","0.00172202760366254","-0.0109443010914124","0.0140868933269219","0.00172202760366254"
"4","50","0.807","-0.00593025404334053","0.00427375865906109","-0.0039819077805237","0.00832397234900811","0.00427375865906109"
"4","50","0.808","-0.00257958488326596","0.00640714443988327","0.00337026240750549","0.00768533842709259","0.00640714443988327"
"4","50","0.809","0.0010235920182077","0.00791335428172955","0.0103925278290897","0.01310242539709","0.00791335428172955"
"4","50","0.81","0.00452657260115394","0.00864494987089871","0.0163975002177629","0.0190814839877669","0.00864494987089871"
"4","50","0.811","0.00758646071941369","0.00853031753379679","0.0207973710370199","0.0237244883090465","0.00853031753379679"
"4","50","0.812","0.00990373320447704","0.00758067828226982","0.0231614502753686","0.0263059573759084","0.00758067828226982"
"4","50","0.813","0.0112515592801196","0.00588898942278281","0.0232583253854511","0.026499575136051","0.00588898942278281"
"4","50","0.814","0.0114980043392008","0.003620845247592","0.021078513556524","0.0242820583526985","0.003620845247592"
"4","50","0.815","0.0106189446222541","0.000998267511654393","0.0168353899580444","0.0199295980379622","0.000998267511654393"
"4","50","0.816","0.00870042861914355","-0.00172202760366245","0.0109443010914126","0.0140868933269221","-0.00172202760366245"
"4","50","0.817","0.00593025404334064","-0.00427375865906101","0.00398190778052395","0.00832397234900826","-0.00427375865906101"
"4","50","0.818","0.00257958488326609","-0.0064071444398832","-0.00337026240750524","0.00768533842709247","-0.0064071444398832"
"4","50","0.819","-0.00102359201820791","-0.00791335428172961","-0.0103925278290901","0.0131024253970904","-0.00791335428172961"
"4","50","0.82","-0.00452657260115413","-0.00864494987089873","-0.0163975002177632","0.0190814839877672","-0.00864494987089873"
"4","50","0.821","-0.0075864607194136","-0.00853031753379681","-0.0207973710370198","0.0237244883090464","-0.00853031753379681"
"4","50","0.822","-0.00990373320447698","-0.00758067828226987","-0.0231614502753686","0.0263059573759084","-0.00758067828226987"
"4","50","0.823","-0.0112515592801196","-0.0058889894227827","-0.0232583253854511","0.026499575136051","-0.0058889894227827"
"4","50","0.824","-0.0114980043392008","-0.00362084524759186","-0.0210785135565239","0.0242820583526984","-0.00362084524759186"
"4","50","0.825","-0.0106189446222541","-0.000998267511654487","-0.0168353899580446","0.0199295980379623","-0.000998267511654487"
"4","50","0.826","-0.00870042861914364","0.00172202760366236","-0.0109443010914128","0.0140868933269223","0.00172202760366236"
"4","50","0.827","-0.00593025404334075","0.00427375865906093","-0.0039819077805242","0.00832397234900842","0.00427375865906093"
"4","50","0.828","-0.00257958488326557","0.00640714443988347","0.00337026240750631","0.00768533842709299","0.00640714443988347"
"4","50","0.829","0.00102359201820778","0.00791335428172957","0.0103925278290898","0.0131024253970902","0.00791335428172957"
"4","50","0.83","0.00452657260115401","0.00864494987089871","0.016397500217763","0.019081483987767","0.00864494987089871"
"4","50","0.831","0.00758646071941351","0.00853031753379683","0.0207973710370197","0.0237244883090462","0.00853031753379683"
"4","50","0.832","0.00990373320447725","0.00758067828226967","0.0231614502753688","0.0263059573759086","0.00758067828226967"
"4","50","0.833","0.0112515592801195","0.00588898942278313","0.0232583253854513","0.0264995751360512","0.00588898942278313"
"4","50","0.834","0.0114980043392008","0.0036208452475924","0.0210785135565246","0.0242820583526991","0.0036208452475924"
"4","50","0.835","0.0106189446222542","0.00099826751165458","0.0168353899580447","0.0199295980379625","0.00099826751165458"
"4","50","0.836","0.00870042861914372","-0.00172202760366227","0.0109443010914131","0.0140868933269225","-0.00172202760366227"
"4","50","0.837","0.00593025404334085","-0.00427375865906084","0.00398190778052445","0.00832397234900857","-0.00427375865906084"
"4","50","0.838","0.00257958488326633","-0.00640714443988308","-0.00337026240750473","0.00768533842709222","-0.00640714443988308"
"4","50","0.839","-0.00102359201820766","-0.00791335428172953","-0.0103925278290896","0.0131024253970899","-0.00791335428172953"
"4","50","0.84","-0.0045265726011539","-0.0086449498708987","-0.0163975002177628","0.0190814839877668","-0.0086449498708987"
"4","50","0.841","-0.00758646071941341","-0.00853031753379685","-0.0207973710370196","0.0237244883090461","-0.00853031753379685"
"4","50","0.842","-0.00990373320447685","-0.00758067828226996","-0.0231614502753685","0.0263059573759083","-0.00758067828226996"
"4","50","0.843","-0.0112515592801194","-0.0058889894227832","-0.0232583253854513","0.0264995751360512","-0.0058889894227832"
"4","50","0.844","-0.0114980043392008","-0.00362084524759203","-0.0210785135565241","0.0242820583526986","-0.00362084524759203"
"4","50","0.845","-0.0106189446222542","-0.000998267511654673","-0.0168353899580449","0.0199295980379627","-0.000998267511654673"
"4","50","0.846","-0.0087004286191438","0.00172202760366217","-0.0109443010914133","0.0140868933269228","0.00172202760366217"
"4","50","0.847","-0.00593025404334096","0.00427375865906076","-0.0039819077805247","0.00832397234900872","0.00427375865906076"
"4","50","0.848","-0.00257958488326581","0.00640714443988335","0.00337026240750581","0.00768533842709275","0.00640714443988335"
"4","50","0.849","0.00102359201820753","0.00791335428172949","0.0103925278290894","0.0131024253970897","0.00791335428172949"
"4","50","0.85","0.00452657260115378","0.00864494987089869","0.0163975002177626","0.0190814839877666","0.00864494987089869"
"4","50","0.851","0.00758646071941332","0.00853031753379687","0.0207973710370195","0.023724488309046","0.00853031753379687"
"4","50","0.852","0.00990373320447678","0.00758067828227001","0.0231614502753684","0.0263059573759082","0.00758067828227001"
"4","50","0.853","0.0112515592801196","0.00588898942278291","0.0232583253854512","0.0264995751360511","0.00588898942278291"
"4","50","0.854","0.0114980043392008","0.00362084524759212","0.0210785135565242","0.0242820583526987","0.00362084524759212"
"4","50","0.855","0.0106189446222543","0.000998267511654766","0.0168353899580451","0.0199295980379629","0.000998267511654766"
"4","50","0.856","0.00870042861914388","-0.00172202760366208","0.0109443010914135","0.014086893326923","-0.00172202760366208"
"4","50","0.857","0.0059302540433405","-0.00427375865906111","0.00398190778052363","0.00832397234900807","-0.00427375865906111"
"4","50","0.858","0.00257958488326593","-0.00640714443988328","-0.00337026240750555","0.00768533842709262","-0.00640714443988328"
"4","50","0.859","-0.00102359201820741","-0.00791335428172945","-0.0103925278290892","0.0131024253970895","-0.00791335428172945"
"4","50","0.86","-0.00452657260115367","-0.00864494987089868","-0.0163975002177625","0.0190814839877664","-0.00864494987089868"
"4","50","0.861","-0.00758646071941322","-0.00853031753379689","-0.0207973710370194","0.0237244883090459","-0.00853031753379689"
"4","50","0.862","-0.00990373320447706","-0.00758067828226981","-0.0231614502753686","0.0263059573759084","-0.00758067828226981"
"4","50","0.863","-0.0112515592801195","-0.00588898942278297","-0.0232583253854512","0.0264995751360511","-0.00588898942278297"
"4","50","0.864","-0.0114980043392008","-0.0036208452475922","-0.0210785135565243","0.0242820583526988","-0.0036208452475922"
"4","50","0.865","-0.0106189446222543","-0.000998267511654859","-0.0168353899580453","0.0199295980379631","-0.000998267511654859"
"4","50","0.866","-0.00870042861914353","0.00172202760366248","-0.0109443010914126","0.0140868933269221","0.00172202760366248"
"4","50","0.867","-0.00593025404334061","0.00427375865906103","-0.00398190778052388","0.00832397234900822","0.00427375865906103"
"4","50","0.868","-0.00257958488326605","0.00640714443988322","0.0033702624075053","0.0076853384270925","0.00640714443988322"
"4","50","0.869","0.00102359201820729","0.00791335428172942","0.0103925278290889","0.0131024253970893","0.00791335428172942"
"4","50","0.87","0.00452657260115416","0.00864494987089873","0.0163975002177632","0.0190814839877672","0.00864494987089873"
"4","50","0.871","0.00758646071941362","0.00853031753379681","0.0207973710370199","0.0237244883090464","0.00853031753379681"
"4","50","0.872","0.00990373320447699","0.00758067828226985","0.0231614502753686","0.0263059573759084","0.00758067828226985"
"4","50","0.873","0.0112515592801195","0.00588898942278304","0.0232583253854513","0.0264995751360512","0.00588898942278304"
"4","50","0.874","0.0114980043392008","0.00362084524759229","0.0210785135565244","0.0242820583526989","0.00362084524759229"
"4","50","0.875","0.0106189446222541","0.000998267511654461","0.0168353899580445","0.0199295980379623","0.000998267511654461"
"4","50","0.876","0.00870042861914361","-0.00172202760366238","0.0109443010914128","0.0140868933269223","-0.00172202760366238"
"4","50","0.877","0.00593025404334072","-0.00427375865906095","0.00398190778052413","0.00832397234900837","-0.00427375865906095"
"4","50","0.878","0.00257958488326617","-0.00640714443988316","-0.00337026240750505","0.00768533842709238","-0.00640714443988316"
"4","50","0.879","-0.00102359201820782","-0.00791335428172958","-0.0103925278290899","0.0131024253970902","-0.00791335428172958"
"4","50","0.88","-0.00452657260115404","-0.00864494987089872","-0.0163975002177631","0.019081483987767","-0.00864494987089872"
"4","50","0.881","-0.00758646071941353","-0.00853031753379683","-0.0207973710370197","0.0237244883090463","-0.00853031753379683"
"4","50","0.882","-0.00990373320447693","-0.0075806782822699","-0.0231614502753685","0.0263059573759083","-0.0075806782822699"
"4","50","0.883","-0.0112515592801195","-0.00588898942278311","-0.0232583253854513","0.0264995751360512","-0.00588898942278311"
"4","50","0.884","-0.0114980043392008","-0.00362084524759192","-0.0210785135565239","0.0242820583526984","-0.00362084524759192"
"4","50","0.885","-0.0106189446222542","-0.000998267511654554","-0.0168353899580447","0.0199295980379625","-0.000998267511654554"
"4","50","0.886","-0.00870042861914369","0.00172202760366229","-0.010944301091413","0.0140868933269225","0.00172202760366229"
"4","50","0.887","-0.00593025404334083","0.00427375865906087","-0.00398190778052438","0.00832397234900853","0.00427375865906087"
"4","50","0.888","-0.00257958488326566","0.00640714443988343","0.00337026240750612","0.0076853384270929","0.00640714443988343"
"4","50","0.889","0.00102359201820769","0.00791335428172955","0.0103925278290897","0.01310242539709","0.00791335428172955"
"4","50","0.89","0.00452657260115393","0.00864494987089871","0.0163975002177629","0.0190814839877668","0.00864494987089871"
"4","50","0.891","0.00758646071941344","0.00853031753379685","0.0207973710370196","0.0237244883090462","0.00853031753379685"
"4","50","0.892","0.00990373320447687","0.00758067828226995","0.0231614502753685","0.0263059573759083","0.00758067828226995"
"4","50","0.893","0.0112515592801196","0.00588898942278282","0.0232583253854511","0.026499575136051","0.00588898942278282"
"4","50","0.894","0.0114980043392008","0.00362084524759201","0.021078513556524","0.0242820583526986","0.00362084524759201"
"4","50","0.895","0.0106189446222542","0.000998267511654647","0.0168353899580449","0.0199295980379627","0.000998267511654647"
"4","50","0.896","0.00870042861914378","-0.0017220276036622","0.0109443010914132","0.0140868933269227","-0.0017220276036622"
"4","50","0.897","0.00593025404334037","-0.00427375865906122","0.00398190778052332","0.00832397234900787","-0.00427375865906122"
"4","50","0.898","0.00257958488326578","-0.00640714443988337","-0.00337026240750588","0.00768533842709278","-0.00640714443988337"
"4","50","0.899","-0.00102359201820757","-0.00791335428172951","-0.0103925278290894","0.0131024253970898","-0.00791335428172951"
"4","50","0.9","-0.00452657260115381","-0.0086449498708987","-0.0163975002177627","0.0190814839877667","-0.0086449498708987"
"4","50","0.901","-0.00758646071941334","-0.00853031753379686","-0.0207973710370195","0.023724488309046","-0.00853031753379686"
"4","50","0.902","-0.00990373320447714","-0.00758067828226975","-0.0231614502753687","0.0263059573759085","-0.00758067828226975"
"4","50","0.903","-0.0112515592801196","-0.00588898942278289","-0.0232583253854512","0.0264995751360511","-0.00588898942278289"
"4","50","0.904","-0.0114980043392008","-0.00362084524759209","-0.0210785135565242","0.0242820583526987","-0.00362084524759209"
"4","50","0.905","-0.0106189446222543","-0.000998267511654741","-0.0168353899580451","0.0199295980379628","-0.000998267511654741"
"4","50","0.906","-0.00870042861914343","0.00172202760366259","-0.0109443010914123","0.0140868933269218","0.00172202760366259"
"4","50","0.907","-0.00593025404334047","0.00427375865906114","-0.00398190778052356","0.00832397234900802","0.00427375865906114"
"4","50","0.908","-0.0025795848832659","0.0064071444398833","0.00337026240750562","0.00768533842709266","0.0064071444398833"
"4","50","0.909","0.00102359201820744","0.00791335428172947","0.0103925278290892","0.0131024253970896","0.00791335428172947"
"4","50","0.91","0.0045265726011537","0.00864494987089869","0.0163975002177625","0.0190814839877665","0.00864494987089869"
"4","50","0.911","0.00758646071941374","0.00853031753379678","0.02079737103702","0.0237244883090466","0.00853031753379678"
"4","50","0.912","0.00990373320447707","0.0075806782822698","0.0231614502753686","0.0263059573759085","0.0075806782822698"
"4","50","0.913","0.0112515592801195","0.00588898942278296","0.0232583253854512","0.0264995751360511","0.00588898942278296"
"4","50","0.914","0.0114980043392008","0.00362084524759218","0.0210785135565243","0.0242820583526988","0.00362084524759218"
"4","50","0.915","0.010618944622254","0.000998267511654343","0.0168353899580443","0.0199295980379621","0.000998267511654343"
"4","50","0.916","0.00870042861914351","-0.0017220276036625","0.0109443010914125","0.014086893326922","-0.0017220276036625"
"4","50","0.917","0.00593025404334058","-0.00427375865906105","0.00398190778052382","0.00832397234900818","-0.00427375865906105"
"4","50","0.918","0.00257958488326602","-0.00640714443988324","-0.00337026240750537","0.00768533842709254","-0.00640714443988324"
"4","50","0.919","-0.00102359201820732","-0.00791335428172943","-0.010392527829089","0.0131024253970894","-0.00791335428172943"
"4","50","0.92","-0.00452657260115419","-0.00864494987089873","-0.0163975002177633","0.0190814839877673","-0.00864494987089873"
"4","50","0.921","-0.00758646071941365","-0.0085303175337968","-0.0207973710370199","0.0237244883090464","-0.0085303175337968"
"4","50","0.922","-0.00990373320447701","-0.00758067828226984","-0.0231614502753686","0.0263059573759084","-0.00758067828226984"
"4","50","0.923","-0.0112515592801195","-0.00588898942278302","-0.0232583253854512","0.0264995751360511","-0.00588898942278302"
"4","50","0.924","-0.0114980043392008","-0.00362084524759181","-0.0210785135565238","0.0242820583526983","-0.00362084524759181"
"4","50","0.925","-0.0106189446222541","-0.000998267511654436","-0.0168353899580445","0.0199295980379622","-0.000998267511654436"
"4","50","0.926","-0.00870042861914359","0.00172202760366241","-0.0109443010914127","0.0140868933269222","0.00172202760366241"
"4","50","0.927","-0.00593025404334069","0.00427375865906097","-0.00398190778052406","0.00832397234900833","0.00427375865906097"
"4","50","0.928","-0.00257958488326614","0.00640714443988318","0.00337026240750512","0.00768533842709241","0.00640714443988318"
"4","50","0.929","0.00102359201820785","0.00791335428172959","0.01039252782909","0.0131024253970903","0.00791335428172959"
"4","50","0.93","0.00452657260115407","0.00864494987089872","0.0163975002177631","0.0190814839877671","0.00864494987089872"
"4","50","0.931","0.00758646071941356","0.00853031753379682","0.0207973710370198","0.0237244883090463","0.00853031753379682"
"4","50","0.932","0.00990373320447695","0.00758067828226989","0.0231614502753685","0.0263059573759084","0.00758067828226989"
"4","50","0.933","0.0112515592801196","0.00588898942278273","0.0232583253854511","0.026499575136051","0.00588898942278273"
"4","50","0.934","0.0114980043392008","0.0036208452475919","0.0210785135565239","0.0242820583526984","0.0036208452475919"
"4","50","0.935","0.0106189446222541","0.000998267511654529","0.0168353899580446","0.0199295980379624","0.000998267511654529"
"4","50","0.936","0.00870042861914367","-0.00172202760366232","0.0109443010914129","0.0140868933269224","-0.00172202760366232"
"4","50","0.937","0.00593025404334023","-0.00427375865906132","0.003981907780523","0.00832397234900768","-0.00427375865906132"
"4","50","0.938","0.00257958488326562","-0.00640714443988345","-0.00337026240750619","0.00768533842709293","-0.00640714443988345"
"4","50","0.939","-0.00102359201820773","-0.00791335428172955","-0.0103925278290897","0.0131024253970901","-0.00791335428172955"
"4","50","0.94","-0.00452657260115396","-0.00864494987089871","-0.0163975002177629","0.0190814839877669","-0.00864494987089871"
"4","50","0.941","-0.00758646071941346","-0.00853031753379684","-0.0207973710370197","0.0237244883090462","-0.00853031753379684"
"4","50","0.942","-0.00990373320447722","-0.00758067828226969","-0.0231614502753687","0.0263059573759086","-0.00758067828226969"
"4","50","0.943","-0.0112515592801196","-0.0058889894227828","-0.0232583253854511","0.026499575136051","-0.0058889894227828"
"4","50","0.944","-0.0114980043392008","-0.00362084524759199","-0.021078513556524","0.0242820583526985","-0.00362084524759199"
"4","50","0.945","-0.0106189446222542","-0.000998267511654622","-0.0168353899580448","0.0199295980379626","-0.000998267511654622"
"4","50","0.946","-0.00870042861914332","0.00172202760366271","-0.010944301091412","0.0140868933269215","0.00172202760366271"
"4","50","0.947","-0.00593025404334034","0.00427375865906124","-0.00398190778052325","0.00832397234900783","0.00427375865906124"
"4","50","0.948","-0.00257958488326574","0.00640714443988338","0.00337026240750594","0.00768533842709281","0.00640714443988338"
"4","50","0.949","0.0010235920182076","0.00791335428172951","0.0103925278290895","0.0131024253970898","0.00791335428172951"
"4","50","0.95","0.00452657260115384","0.0086449498708987","0.0163975002177627","0.0190814839877667","0.0086449498708987"
"4","50","0.951","0.00758646071941386","0.00853031753379676","0.0207973710370202","0.0237244883090467","0.00853031753379676"
"4","50","0.952","0.00990373320447716","0.00758067828226974","0.0231614502753687","0.0263059573759085","0.00758067828226974"
"4","50","0.953","0.0112515592801196","0.00588898942278287","0.0232583253854512","0.0264995751360511","0.00588898942278287"
"4","50","0.954","0.0114980043392008","0.00362084524759207","0.0210785135565241","0.0242820583526986","0.00362084524759207"
"4","50","0.955","0.010618944622254","0.000998267511654224","0.0168353899580441","0.0199295980379618","0.000998267511654224"
"4","50","0.956","0.00870042861914341","-0.00172202760366262","0.0109443010914122","0.0140868933269217","-0.00172202760366262"
"4","50","0.957","0.00593025404334045","-0.00427375865906116","0.0039819077805235","0.00832397234900798","-0.00427375865906116"
"4","50","0.958","0.00257958488326587","-0.00640714443988332","-0.00337026240750569","0.00768533842709269","-0.00640714443988332"
"4","50","0.959","-0.00102359201820748","-0.00791335428172948","-0.0103925278290893","0.0131024253970896","-0.00791335428172948"
"4","50","0.96","-0.00452657260115373","-0.00864494987089869","-0.0163975002177626","0.0190814839877665","-0.00864494987089869"
"4","50","0.961","-0.00758646071941328","-0.00853031753379688","-0.0207973710370194","0.0237244883090459","-0.00853031753379688"
"4","50","0.962","-0.00990373320447675","-0.00758067828227003","-0.0231614502753684","0.0263059573759082","-0.00758067828227003"
"4","50","0.963","-0.0112515592801195","-0.00588898942278294","-0.0232583253854512","0.0264995751360511","-0.00588898942278294"
"4","50","0.964","-0.0114980043392008","-0.00362084524759216","-0.0210785135565242","0.0242820583526988","-0.00362084524759216"
"4","50","0.965","-0.0106189446222543","-0.000998267511654809","-0.0168353899580452","0.019929598037963","-0.000998267511654809"
"4","50","0.966","-0.00870042861914392","0.00172202760366204","-0.0109443010914136","0.0140868933269231","0.00172202760366204"
"4","50","0.967","-0.00593025404334055","0.00427375865906108","-0.00398190778052375","0.00832397234900814","0.00427375865906108"
"4","50","0.968","-0.00257958488326599","0.00640714443988326","0.00337026240750544","0.00768533842709257","0.00640714443988326"
"4","50","0.969","0.00102359201820735","0.00791335428172944","0.0103925278290891","0.0131024253970894","0.00791335428172944"
"4","50","0.97","0.00452657260115362","0.00864494987089868","0.0163975002177624","0.0190814839877663","0.00864494987089868"
"4","50","0.971","0.00758646071941368","0.0085303175337968","0.0207973710370199","0.0237244883090465","0.0085303175337968"
"4","50","0.972","0.00990373320447703","0.00758067828226983","0.0231614502753686","0.0263059573759084","0.00758067828226983"
"4","50","0.973","0.0112515592801195","0.00588898942278301","0.0232583253854512","0.0264995751360511","0.00588898942278301"
"4","50","0.974","0.0114980043392008","0.00362084524759224","0.0210785135565243","0.0242820583526989","0.00362084524759224"
"4","50","0.975","0.0106189446222543","0.000998267511654902","0.0168353899580454","0.0199295980379631","0.000998267511654902"
"4","50","0.976","0.00870042861914357","-0.00172202760366243","0.0109443010914127","0.0140868933269222","-0.00172202760366243"
"4","50","0.977","0.00593025404334066","-0.00427375865906099","0.003981907780524","0.00832397234900829","-0.00427375865906099"
"4","50","0.978","0.00257958488326611","-0.00640714443988319","-0.00337026240750519","0.00768533842709245","-0.00640714443988319"
"4","50","0.979","-0.00102359201820723","-0.0079133542817294","-0.0103925278290888","0.0131024253970892","-0.0079133542817294"
"4","50","0.98","-0.00452657260115411","-0.00864494987089872","-0.0163975002177632","0.0190814839877671","-0.00864494987089872"
"4","50","0.981","-0.00758646071941358","-0.00853031753379682","-0.0207973710370198","0.0237244883090463","-0.00853031753379682"
"4","50","0.982","-0.00990373320447696","-0.00758067828226987","-0.0231614502753686","0.0263059573759084","-0.00758067828226987"
"4","50","0.983","-0.0112515592801195","-0.00588898942278307","-0.0232583253854513","0.0264995751360512","-0.00588898942278307"
"4","50","0.984","-0.0114980043392008","-0.00362084524759233","-0.0210785135565245","0.024282058352699","-0.00362084524759233"
"4","50","0.985","-0.0106189446222541","-0.000998267511654503","-0.0168353899580446","0.0199295980379624","-0.000998267511654503"
"4","50","0.986","-0.00870042861914365","0.00172202760366234","-0.0109443010914129","0.0140868933269224","0.00172202760366234"
"4","50","0.987","-0.00593025404334076","0.00427375865906091","-0.00398190778052425","0.00832397234900844","0.00427375865906091"
"4","50","0.988","-0.00257958488326623","0.00640714443988313","0.00337026240750494","0.00768533842709232","0.00640714443988313"
"4","50","0.989","0.00102359201820776","0.00791335428172956","0.0103925278290898","0.0131024253970901","0.00791335428172956"
"4","50","0.99","0.00452657260115399","0.00864494987089871","0.016397500217763","0.019081483987767","0.00864494987089871"
"4","50","0.991","0.00758646071941349","0.00853031753379684","0.0207973710370197","0.0237244883090462","0.00853031753379684"
"4","50","0.992","0.0099037332044769","0.00758067828226992","0.0231614502753685","0.0263059573759083","0.00758067828226992"
"4","50","0.993","0.0112515592801195","0.00588898942278314","0.0232583253854513","0.0264995751360512","0.00588898942278314"
"4","50","0.994","0.0114980043392008","0.00362084524759196","0.021078513556524","0.0242820583526985","0.00362084524759196"
"4","50","0.995","0.0106189446222542","0.000998267511654597","0.0168353899580448","0.0199295980379626","0.000998267511654597"
"4","50","0.996","0.00870042861914373","-0.00172202760366225","0.0109443010914131","0.0140868933269226","-0.00172202760366225"
"4","50","0.997","0.00593025404334087","-0.00427375865906083","0.0039819077805245","0.0083239723490086","-0.00427375865906083"
"4","50","0.998","0.00257958488326571","-0.0064071444398834","-0.00337026240750601","0.00768533842709285","-0.0064071444398834"
"4","50","0.999","-0.00102359201820763","-0.00791335428172953","-0.0103925278290896","0.0131024253970899","-0.00791335428172953"
"4","50","1","-0.00452657260115388","-0.0086449498708987","-0.0163975002177628","0.0190814839877668","-0.0086449498708987"
